-- MariaDB dump 10.19  Distrib 10.4.32-MariaDB, for Win64 (AMD64)
--
-- Host: localhost    Database: bombayengg
-- ------------------------------------------------------
-- Server version	10.4.32-MariaDB

/*!40101 SET @OLD_CHARACTER_SET_CLIENT=@@CHARACTER_SET_CLIENT */;
/*!40101 SET @OLD_CHARACTER_SET_RESULTS=@@CHARACTER_SET_RESULTS */;
/*!40101 SET @OLD_COLLATION_CONNECTION=@@COLLATION_CONNECTION */;
/*!40101 SET NAMES utf8mb4 */;
/*!40103 SET @OLD_TIME_ZONE=@@TIME_ZONE */;
/*!40103 SET TIME_ZONE='+00:00' */;
/*!40014 SET @OLD_UNIQUE_CHECKS=@@UNIQUE_CHECKS, UNIQUE_CHECKS=0 */;
/*!40014 SET @OLD_FOREIGN_KEY_CHECKS=@@FOREIGN_KEY_CHECKS, FOREIGN_KEY_CHECKS=0 */;
/*!40101 SET @OLD_SQL_MODE=@@SQL_MODE, SQL_MODE='NO_AUTO_VALUE_ON_ZERO' */;
/*!40111 SET @OLD_SQL_NOTES=@@SQL_NOTES, SQL_NOTES=0 */;

--
-- Table structure for table `bombay_application_types`
--

DROP TABLE IF EXISTS `bombay_application_types`;
/*!40101 SET @saved_cs_client     = @@character_set_client */;
/*!40101 SET character_set_client = utf8 */;
CREATE TABLE `bombay_application_types` (
  `applicationTypeID` int(11) NOT NULL AUTO_INCREMENT,
  `applicationName` varchar(50) NOT NULL,
  `description` text DEFAULT NULL,
  `status` int(11) DEFAULT 1,
  `createdDate` timestamp NOT NULL DEFAULT current_timestamp(),
  PRIMARY KEY (`applicationTypeID`),
  UNIQUE KEY `applicationName` (`applicationName`)
) ENGINE=InnoDB AUTO_INCREMENT=9 DEFAULT CHARSET=utf8mb4 COLLATE=utf8mb4_unicode_ci;
/*!40101 SET character_set_client = @saved_cs_client */;

--
-- Dumping data for table `bombay_application_types`
--

LOCK TABLES `bombay_application_types` WRITE;
/*!40000 ALTER TABLE `bombay_application_types` DISABLE KEYS */;
INSERT INTO `bombay_application_types` VALUES (1,'Domestic','Domestic/residential use',1,'2025-11-05 08:46:23'),(2,'Industrial','Industrial applications',1,'2025-11-05 08:46:23'),(3,'Agricultural','Agricultural/farming use',1,'2025-11-05 08:46:23'),(4,'Commercial','Commercial properties',1,'2025-11-05 08:46:23'),(5,'Sewage','Sewage/wastewater handling',1,'2025-11-05 08:46:23'),(6,'HVAC','HVAC systems',1,'2025-11-05 08:46:23'),(7,'Firefighting','Firefighting systems',1,'2025-11-05 08:46:23'),(8,'Other','Other applications',1,'2025-11-05 08:46:23');
/*!40000 ALTER TABLE `bombay_application_types` ENABLE KEYS */;
UNLOCK TABLES;

--
-- Table structure for table `bombay_brands`
--

DROP TABLE IF EXISTS `bombay_brands`;
/*!40101 SET @saved_cs_client     = @@character_set_client */;
/*!40101 SET character_set_client = utf8 */;
CREATE TABLE `bombay_brands` (
  `brandID` int(11) NOT NULL AUTO_INCREMENT,
  `brandName` varchar(100) NOT NULL,
  `description` text DEFAULT NULL,
  `status` int(11) DEFAULT 1,
  `createdDate` timestamp NOT NULL DEFAULT current_timestamp(),
  PRIMARY KEY (`brandID`),
  UNIQUE KEY `brandName` (`brandName`)
) ENGINE=InnoDB AUTO_INCREMENT=5 DEFAULT CHARSET=utf8mb4 COLLATE=utf8mb4_unicode_ci;
/*!40101 SET character_set_client = @saved_cs_client */;

--
-- Dumping data for table `bombay_brands`
--

LOCK TABLES `bombay_brands` WRITE;
/*!40000 ALTER TABLE `bombay_brands` DISABLE KEYS */;
INSERT INTO `bombay_brands` VALUES (1,'Crompton','Crompton Greaves Electric Limited',1,'2025-11-05 08:46:23'),(2,'CG Power','CG Power and Industrial Solutions',1,'2025-11-05 08:46:23'),(3,'Kirloskar','Kirloskar Electric Company',1,'2025-11-05 08:46:23'),(4,'Open to suggestion','Customer open to suggestions',1,'2025-11-05 08:46:23');
/*!40000 ALTER TABLE `bombay_brands` ENABLE KEYS */;
UNLOCK TABLES;

--
-- Table structure for table `bombay_inquiry_pump_types`
--

DROP TABLE IF EXISTS `bombay_inquiry_pump_types`;
/*!40101 SET @saved_cs_client     = @@character_set_client */;
/*!40101 SET character_set_client = utf8 */;
CREATE TABLE `bombay_inquiry_pump_types` (
  `id` int(11) NOT NULL AUTO_INCREMENT,
  `inquiryID` int(11) NOT NULL,
  `pumpTypeID` int(11) NOT NULL,
  `createdDate` timestamp NOT NULL DEFAULT current_timestamp(),
  PRIMARY KEY (`id`),
  UNIQUE KEY `unique_inquiry_type` (`inquiryID`,`pumpTypeID`),
  KEY `pumpTypeID` (`pumpTypeID`),
  CONSTRAINT `bombay_inquiry_pump_types_ibfk_1` FOREIGN KEY (`inquiryID`) REFERENCES `bombay_pump_inquiry` (`pumpInquiryID`) ON DELETE CASCADE,
  CONSTRAINT `bombay_inquiry_pump_types_ibfk_2` FOREIGN KEY (`pumpTypeID`) REFERENCES `bombay_pump_types` (`pumpTypeID`) ON DELETE CASCADE
) ENGINE=InnoDB DEFAULT CHARSET=utf8mb4 COLLATE=utf8mb4_unicode_ci;
/*!40101 SET character_set_client = @saved_cs_client */;

--
-- Dumping data for table `bombay_inquiry_pump_types`
--

LOCK TABLES `bombay_inquiry_pump_types` WRITE;
/*!40000 ALTER TABLE `bombay_inquiry_pump_types` DISABLE KEYS */;
/*!40000 ALTER TABLE `bombay_inquiry_pump_types` ENABLE KEYS */;
UNLOCK TABLES;

--
-- Table structure for table `bombay_installation_types`
--

DROP TABLE IF EXISTS `bombay_installation_types`;
/*!40101 SET @saved_cs_client     = @@character_set_client */;
/*!40101 SET character_set_client = utf8 */;
CREATE TABLE `bombay_installation_types` (
  `installationTypeID` int(11) NOT NULL AUTO_INCREMENT,
  `installationName` varchar(50) NOT NULL,
  `description` text DEFAULT NULL,
  `status` int(11) DEFAULT 1,
  `createdDate` timestamp NOT NULL DEFAULT current_timestamp(),
  PRIMARY KEY (`installationTypeID`),
  UNIQUE KEY `installationName` (`installationName`)
) ENGINE=InnoDB AUTO_INCREMENT=7 DEFAULT CHARSET=utf8mb4 COLLATE=utf8mb4_unicode_ci;
/*!40101 SET character_set_client = @saved_cs_client */;

--
-- Dumping data for table `bombay_installation_types`
--

LOCK TABLES `bombay_installation_types` WRITE;
/*!40000 ALTER TABLE `bombay_installation_types` DISABLE KEYS */;
INSERT INTO `bombay_installation_types` VALUES (1,'Surface','Surface installation',1,'2025-11-05 08:46:23'),(2,'Submersible','Submersible installation',1,'2025-11-05 08:46:23'),(3,'Booster','Booster pump installation',1,'2025-11-05 08:46:23'),(4,'Dewatering','Dewatering installation',1,'2025-11-05 08:46:23'),(5,'Openwell','Open well installation',1,'2025-11-05 08:46:23'),(6,'Borewell','Borewell installation',1,'2025-11-05 08:46:23');
/*!40000 ALTER TABLE `bombay_installation_types` ENABLE KEYS */;
UNLOCK TABLES;

--
-- Table structure for table `bombay_materials`
--

DROP TABLE IF EXISTS `bombay_materials`;
/*!40101 SET @saved_cs_client     = @@character_set_client */;
/*!40101 SET character_set_client = utf8 */;
CREATE TABLE `bombay_materials` (
  `materialID` int(11) NOT NULL AUTO_INCREMENT,
  `materialName` varchar(50) NOT NULL,
  `description` text DEFAULT NULL,
  `status` int(11) DEFAULT 1,
  `createdDate` timestamp NOT NULL DEFAULT current_timestamp(),
  PRIMARY KEY (`materialID`),
  UNIQUE KEY `materialName` (`materialName`)
) ENGINE=InnoDB AUTO_INCREMENT=6 DEFAULT CHARSET=utf8mb4 COLLATE=utf8mb4_unicode_ci;
/*!40101 SET character_set_client = @saved_cs_client */;

--
-- Dumping data for table `bombay_materials`
--

LOCK TABLES `bombay_materials` WRITE;
/*!40000 ALTER TABLE `bombay_materials` DISABLE KEYS */;
INSERT INTO `bombay_materials` VALUES (1,'Cast Iron','Cast iron construction',1,'2025-11-05 08:46:23'),(2,'Stainless Steel','Stainless steel construction',1,'2025-11-05 08:46:23'),(3,'Bronze','Bronze construction',1,'2025-11-05 08:46:23'),(4,'Plastic','Plastic/composite materials',1,'2025-11-05 08:46:23'),(5,'Open to suggestion','Open to suggestion',1,'2025-11-05 08:46:23');
/*!40000 ALTER TABLE `bombay_materials` ENABLE KEYS */;
UNLOCK TABLES;

--
-- Table structure for table `bombay_operating_mediums`
--

DROP TABLE IF EXISTS `bombay_operating_mediums`;
/*!40101 SET @saved_cs_client     = @@character_set_client */;
/*!40101 SET character_set_client = utf8 */;
CREATE TABLE `bombay_operating_mediums` (
  `operatingMediumID` int(11) NOT NULL AUTO_INCREMENT,
  `mediumName` varchar(50) NOT NULL,
  `description` text DEFAULT NULL,
  `status` int(11) DEFAULT 1,
  `createdDate` timestamp NOT NULL DEFAULT current_timestamp(),
  PRIMARY KEY (`operatingMediumID`),
  UNIQUE KEY `mediumName` (`mediumName`)
) ENGINE=InnoDB AUTO_INCREMENT=7 DEFAULT CHARSET=utf8mb4 COLLATE=utf8mb4_unicode_ci;
/*!40101 SET character_set_client = @saved_cs_client */;

--
-- Dumping data for table `bombay_operating_mediums`
--

LOCK TABLES `bombay_operating_mediums` WRITE;
/*!40000 ALTER TABLE `bombay_operating_mediums` DISABLE KEYS */;
INSERT INTO `bombay_operating_mediums` VALUES (1,'Clean water','Clean water',1,'2025-11-05 08:46:23'),(2,'Muddy water','Water with suspended particles',1,'2025-11-05 08:46:23'),(3,'Sewage','Sewage/wastewater',1,'2025-11-05 08:46:23'),(4,'Chemical','Chemical fluids',1,'2025-11-05 08:46:23'),(5,'Hot water','Hot water applications',1,'2025-11-05 08:46:23'),(6,'Other','Other mediums',1,'2025-11-05 08:46:23');
/*!40000 ALTER TABLE `bombay_operating_mediums` ENABLE KEYS */;
UNLOCK TABLES;

--
-- Table structure for table `bombay_pump_inquiry`
--

DROP TABLE IF EXISTS `bombay_pump_inquiry`;
/*!40101 SET @saved_cs_client     = @@character_set_client */;
/*!40101 SET character_set_client = utf8 */;
CREATE TABLE `bombay_pump_inquiry` (
  `pumpInquiryID` int(11) NOT NULL AUTO_INCREMENT COMMENT 'Unique inquiry ID',
  `fullName` varchar(100) NOT NULL COMMENT 'Full name of customer',
  `companyName` varchar(150) DEFAULT NULL COMMENT 'Company/Organization name',
  `userEmail` varchar(100) NOT NULL COMMENT 'Customer email address',
  `userMobile` varchar(20) NOT NULL COMMENT 'Customer mobile number (Indian format)',
  `address` text DEFAULT NULL COMMENT 'Installation address/location',
  `city` varchar(50) DEFAULT NULL COMMENT 'City dropdown: Mumbai, Pune, Ahmedabad, Other',
  `pinCode` varchar(6) DEFAULT NULL COMMENT '6-digit pin code',
  `preferredContactTime` varchar(20) DEFAULT NULL COMMENT 'Preferred contact time: Morning, Afternoon, Evening',
  `applicationTypeID` varchar(50) DEFAULT NULL COMMENT 'Type of application: Domestic, Industrial, Agricultural, Commercial, Sewage, HVAC, Firefighting, Other',
  `purposeOfPump` text DEFAULT NULL COMMENT 'Purpose/use of pump',
  `installationTypeID` varchar(50) DEFAULT NULL COMMENT 'Installation type: Surface, Submersible, Booster, Dewatering, Openwell, Borewell',
  `operatingMediumID` varchar(50) DEFAULT NULL COMMENT 'Operating medium: Clean water, Muddy water, Sewage, Chemical, Hot water, Other',
  `waterSourceID` varchar(50) DEFAULT NULL COMMENT 'Water source: Overhead tank, Underground tank, Borewell, River, Sump, Other',
  `requiredHead` decimal(8,2) DEFAULT NULL COMMENT 'Required head in meters',
  `requiredDischarge` varchar(50) DEFAULT NULL COMMENT 'Required discharge (LPM or m┬│/hr)',
  `pumpingDistance` decimal(8,2) DEFAULT NULL COMMENT 'Total pumping distance in meters',
  `heightDifference` decimal(8,2) DEFAULT NULL COMMENT 'Height difference in meters',
  `pipeSize` varchar(20) DEFAULT NULL COMMENT 'Pipe size in inches',
  `powerSupplyID` varchar(20) DEFAULT NULL COMMENT 'Power supply: Single Phase, Three Phase',
  `operatingHours` decimal(5,2) DEFAULT NULL COMMENT 'Operating hours per day',
  `automationNeeded` varchar(10) DEFAULT NULL COMMENT 'Automation needed: Yes, No',
  `existingPumpModel` varchar(100) DEFAULT NULL COMMENT 'Existing pump model (if any)',
  `uploadedFile` varchar(255) DEFAULT NULL COMMENT 'Path to uploaded file (jpg, png, pdf)',
  `preferredBrand` varchar(100) DEFAULT NULL COMMENT 'Preferred brand: Crompton, CG Power, Kirloskar, Open to suggestion',
  `pumpTypesInterested` varchar(255) DEFAULT NULL COMMENT 'Pump types (comma-separated): Centrifugal, Jet, Submersible, Monoblock, Borewell, Booster, Self-Priming, Others',
  `materialPreference` varchar(100) DEFAULT NULL COMMENT 'Material preference: Cast Iron, Stainless Steel, Bronze, Plastic, Open to suggestion',
  `motorRating` varchar(50) DEFAULT NULL COMMENT 'Motor HP/kW rating',
  `quantityRequired` int(11) DEFAULT NULL COMMENT 'Quantity of pumps required',
  `consentGiven` tinyint(1) DEFAULT 0 COMMENT 'Consent checkbox status',
  `gRecaptchaScore` decimal(3,2) DEFAULT NULL COMMENT 'Google reCAPTCHA v3 score',
  `status` int(11) DEFAULT 1 COMMENT 'Status: 1=Active, 0=Inactive',
  `createdDate` timestamp NOT NULL DEFAULT current_timestamp() COMMENT 'Record creation timestamp',
  `updatedDate` timestamp NOT NULL DEFAULT current_timestamp() ON UPDATE current_timestamp() COMMENT 'Last update timestamp',
  PRIMARY KEY (`pumpInquiryID`),
  KEY `idx_email` (`userEmail`),
  KEY `idx_mobile` (`userMobile`),
  KEY `idx_city` (`city`),
  KEY `idx_applicationType` (`applicationTypeID`),
  KEY `idx_installationType` (`installationTypeID`),
  KEY `idx_status_date` (`status`,`createdDate`),
  KEY `idx_created_date` (`createdDate`),
  KEY `idx_full_name` (`fullName`)
) ENGINE=InnoDB AUTO_INCREMENT=6 DEFAULT CHARSET=utf8mb4 COLLATE=utf8mb4_unicode_ci COMMENT='Extended pump inquiry form submissions';
/*!40101 SET character_set_client = @saved_cs_client */;

--
-- Dumping data for table `bombay_pump_inquiry`
--

LOCK TABLES `bombay_pump_inquiry` WRITE;
/*!40000 ALTER TABLE `bombay_pump_inquiry` DISABLE KEYS */;
INSERT INTO `bombay_pump_inquiry` VALUES (1,'T D FRAMJEE AND CO','R DESAI AND COMPANY','paritosh.ajmera@gmail.com','9867212135','9 Modern House, 17 Dr VB Gandhi Marg, Fort, Mumbai - 400 023','Mumbai','400023','Morning','Industrial',NULL,'Surface','Clean water','Underground tank',10.00,'1000',10.00,10.00,'1','Single Phase',4.00,'Yes',NULL,NULL,'Crompton','Centrifugal','Stainless Steel','1',5,1,NULL,0,'2025-11-05 09:17:12','2025-11-06 21:37:41'),(2,'T D FRAMJEE AND CO','R DESAI AND COMPANY','paritosh.ajmera@gmail.com','9867212135','9 Modern House, 17 Dr VB Gandhi Marg, Fort, Mumbai - 400 023','1','400023','2','2',NULL,'1','1','2',10.00,'1000',10.00,10.00,'1','2',4.00,'1',NULL,NULL,'2','1','3','1',5,1,NULL,0,'2025-11-06 21:32:09','2025-11-06 21:37:41'),(3,'Akash','R DESAI AND COMPANY','paritosh.ajmera@gmail.com','9137207233','9 Modern House, 17 Dr VB Gandhi Marg, Fort, Mumbai - 400 023','Pune','400023','Morning (6 AM - 12 P','Domestic',NULL,'Submersible','Clean water','Underground tank',10.00,'1000',10.00,10.00,'1','Three Phase',4.00,'No',NULL,NULL,'Kirloskar','1','1','1',5,1,NULL,0,'2025-11-06 21:34:54','2025-11-06 21:37:41'),(4,'T D FRAMJEE AND CO','R DESAI AND COMPANY','paritosh.ajmera@gmail.com','9867212135','9 Modern House, 17 Dr VB Gandhi Marg, Fort, Mumbai - 400 023','Mumbai','400023','Evening (5 PM - 10 P','Commercial',NULL,'Dewatering','Sewage','Borewell',10.00,'1000',10.00,10.00,'1','Single Phase',4.00,'No',NULL,NULL,'Crompton','Booster','Stainless Steel','1',5,1,NULL,0,'2025-11-06 21:37:03','2025-11-06 21:37:41'),(5,'T D FRAMJEE AND CO','R DESAI AND COMPANY','paritosh.ajmera@gmail.com','9867212135','9 Modern House, 17 Dr VB Gandhi Marg, Fort, Mumbai - 400 023','Mumbai','400023','Morning (6 AM - 12 P','Industrial',NULL,'Surface','Muddy water','Overhead tank',NULL,'12',12.00,12.00,'12','Single Phase',12.00,'Yes',NULL,NULL,'Crompton','Centrifugal','Stainless Steel','11',12,1,NULL,0,'2025-11-09 18:12:19','2025-11-09 18:12:36');
/*!40000 ALTER TABLE `bombay_pump_inquiry` ENABLE KEYS */;
UNLOCK TABLES;

--
-- Table structure for table `bombay_pump_types`
--

DROP TABLE IF EXISTS `bombay_pump_types`;
/*!40101 SET @saved_cs_client     = @@character_set_client */;
/*!40101 SET character_set_client = utf8 */;
CREATE TABLE `bombay_pump_types` (
  `pumpTypeID` int(11) NOT NULL AUTO_INCREMENT,
  `pumpTypeName` varchar(50) NOT NULL COMMENT 'Type name: Centrifugal, Jet, Submersible, etc',
  `description` text DEFAULT NULL,
  `status` int(11) DEFAULT 1,
  `createdDate` timestamp NOT NULL DEFAULT current_timestamp(),
  PRIMARY KEY (`pumpTypeID`),
  UNIQUE KEY `pumpTypeName` (`pumpTypeName`)
) ENGINE=InnoDB AUTO_INCREMENT=9 DEFAULT CHARSET=utf8mb4 COLLATE=utf8mb4_unicode_ci;
/*!40101 SET character_set_client = @saved_cs_client */;

--
-- Dumping data for table `bombay_pump_types`
--

LOCK TABLES `bombay_pump_types` WRITE;
/*!40000 ALTER TABLE `bombay_pump_types` DISABLE KEYS */;
INSERT INTO `bombay_pump_types` VALUES (1,'Centrifugal','Centrifugal pump for general purpose applications',1,'2025-11-05 08:46:23'),(2,'Jet','Jet pump for shallow well applications',1,'2025-11-05 08:46:23'),(3,'Submersible','Submersible pump for deep well/borewell installations',1,'2025-11-05 08:46:23'),(4,'Monoblock','Monoblock pump with integrated motor',1,'2025-11-05 08:46:23'),(5,'Borewell','Dedicated borewell submersible pump',1,'2025-11-05 08:46:23'),(6,'Booster','Booster pump for pressure enhancement',1,'2025-11-05 08:46:23'),(7,'Self-Priming','Self-priming pump for high suction lift applications',1,'2025-11-05 08:46:23'),(8,'Others','Other pump types',1,'2025-11-05 08:46:23');
/*!40000 ALTER TABLE `bombay_pump_types` ENABLE KEYS */;
UNLOCK TABLES;

--
-- Table structure for table `bombay_water_sources`
--

DROP TABLE IF EXISTS `bombay_water_sources`;
/*!40101 SET @saved_cs_client     = @@character_set_client */;
/*!40101 SET character_set_client = utf8 */;
CREATE TABLE `bombay_water_sources` (
  `waterSourceID` int(11) NOT NULL AUTO_INCREMENT,
  `sourceName` varchar(50) NOT NULL,
  `description` text DEFAULT NULL,
  `status` int(11) DEFAULT 1,
  `createdDate` timestamp NOT NULL DEFAULT current_timestamp(),
  PRIMARY KEY (`waterSourceID`),
  UNIQUE KEY `sourceName` (`sourceName`)
) ENGINE=InnoDB AUTO_INCREMENT=7 DEFAULT CHARSET=utf8mb4 COLLATE=utf8mb4_unicode_ci;
/*!40101 SET character_set_client = @saved_cs_client */;

--
-- Dumping data for table `bombay_water_sources`
--

LOCK TABLES `bombay_water_sources` WRITE;
/*!40000 ALTER TABLE `bombay_water_sources` DISABLE KEYS */;
INSERT INTO `bombay_water_sources` VALUES (1,'Overhead tank','Overhead water tank',1,'2025-11-05 08:46:23'),(2,'Underground tank','Underground/sump tank',1,'2025-11-05 08:46:23'),(3,'Borewell','Borewell/tube well',1,'2025-11-05 08:46:23'),(4,'River','River/natural water source',1,'2025-11-05 08:46:23'),(5,'Sump','Sump/collection pit',1,'2025-11-05 08:46:23'),(6,'Other','Other water sources',1,'2025-11-05 08:46:23');
/*!40000 ALTER TABLE `bombay_water_sources` ENABLE KEYS */;
UNLOCK TABLES;

--
-- Table structure for table `mx_attendance_holidays`
--

DROP TABLE IF EXISTS `mx_attendance_holidays`;
/*!40101 SET @saved_cs_client     = @@character_set_client */;
/*!40101 SET character_set_client = utf8 */;
CREATE TABLE `mx_attendance_holidays` (
  `ahID` int(11) NOT NULL AUTO_INCREMENT,
  `ahDate` date DEFAULT NULL,
  `ahReason` text DEFAULT NULL,
  `status` tinyint(1) NOT NULL DEFAULT 1,
  `holidayType` tinyint(1) NOT NULL DEFAULT 1,
  PRIMARY KEY (`ahID`)
) ENGINE=InnoDB AUTO_INCREMENT=1229 DEFAULT CHARSET=utf8 COLLATE=utf8_unicode_ci;
/*!40101 SET character_set_client = @saved_cs_client */;

--
-- Dumping data for table `mx_attendance_holidays`
--

LOCK TABLES `mx_attendance_holidays` WRITE;
/*!40000 ALTER TABLE `mx_attendance_holidays` DISABLE KEYS */;
INSERT INTO `mx_attendance_holidays` VALUES (1,'2014-06-14','Official Holiday',1,1),(2,'2014-06-21','Official Holiday',1,1),(3,'2014-06-28','Official Holiday',1,1),(4,'2014-07-05','Official Holiday',1,1),(5,'2014-07-12','Official Holiday',1,1),(6,'2014-07-19','Official Holiday',1,1),(7,'2014-07-26','Official Holiday',1,1),(8,'2014-07-13','Official Holiday',1,1),(9,'2014-07-27','Official Holiday',1,1),(10,'2014-08-02','Official Holiday',1,1),(11,'2014-08-09','Official Holiday',1,1),(12,'2014-08-10','2nd Sun - Official Holiday',1,1),(13,'2014-08-15','15th Aug - Official Holiday',1,1),(14,'2014-08-16','Official Holiday',1,1),(15,'2014-08-23','Official Holiday',1,1),(16,'2014-08-29','Ganesh Chaturthi - Official Holiday',1,1),(17,'2014-08-30','Official Holiday',1,1),(18,'2014-09-06','Official Holiday',1,1),(19,'2014-09-08','Anant Chaturdashi',1,1),(20,'2014-09-13','Official Holiday',1,1),(21,'2014-09-14','Official Holiday',1,1),(22,'2014-09-20','Official Holiday',1,1),(23,'2014-09-27','Official Holiday',1,1),(24,'2014-09-28','Official Holiday',1,1),(25,'2014-10-04','Official Holiday',1,1),(26,'2014-10-11','Official Holiday',1,1),(28,'2014-10-25','Official Holiday',1,1),(29,'2014-10-23','Diwali',1,1),(30,'2014-10-24','Diwali',1,1),(31,'2014-10-12','Official Holiday',1,1),(32,'2014-10-26','Official Holiday',1,1),(33,'2014-10-03','Dusherra',1,1),(34,'2014-10-15','General Assembly Elections in Maharashtra',1,1),(35,'2014-11-01','Official Holiday',1,1),(36,'2014-11-08','Official Holiday',1,1),(37,'2014-11-09','Official Holiday',1,1),(38,'2014-11-15','Official Holiday',1,1),(39,'2014-11-22','Official Holiday',1,1),(40,'2014-11-23','Official Holiday',1,1),(41,'2014-11-29','Official Holiday',1,1),(42,'2014-12-06','Official Holiday',1,1),(43,'2014-12-13','Official Holiday',1,1),(44,'2014-12-20','Official Holiday',1,1),(45,'2014-12-27','Official Holiday',1,1),(46,'2014-12-14','Official Holiday',1,1),(47,'2014-12-28','Official Holiday',1,1),(48,'2015-01-03','Official Holiday',1,1),(49,'2015-01-10','Official Holiday',1,1),(50,'2015-01-17','Official Holiday',1,1),(51,'2015-01-24','Official Holiday',1,1),(52,'2015-01-31','Official Holiday',1,1),(53,'2015-01-11','Official Holiday',1,1),(54,'2015-01-25','Official Holiday',1,1),(56,'2015-01-26','Republic Day',1,1),(57,'2015-01-01','New Year',1,1),(59,'2015-02-14','Official Holiday',1,1),(60,'2015-02-21','Official Holiday',1,1),(61,'2015-02-28','Official Holiday',1,1),(64,'2015-01-03','Official Holiday',1,1),(65,'2015-01-10','Official Holiday',1,1),(66,'2015-01-17','Official Holiday',1,1),(67,'2015-01-24','Official Holiday',1,1),(68,'2015-01-31','Official Holiday',1,1),(69,'2015-02-07','Official Holiday',1,1),(70,'2015-02-14','Official Holiday',1,1),(71,'2015-02-21','Official Holiday',1,1),(72,'2015-02-28','Official Holiday',1,1),(73,'2015-01-11','Official Holiday',1,1),(74,'2015-01-25','Official Holiday',1,1),(75,'2015-02-15','Official Holiday',1,1),(76,'2015-03-01','Official Holiday',1,1),(77,'2015-03-07','Official Holiday',1,1),(78,'2015-03-14','Official Holiday',1,1),(79,'2015-03-21','Official Holiday',1,1),(80,'2015-03-28','Official Holiday',1,1),(83,'2015-03-07','Official Holiday',1,1),(84,'2015-03-14','Official Holiday',1,1),(85,'2015-03-21','Official Holiday',1,1),(86,'2015-03-28','Official Holiday',1,1),(87,'2015-03-15','Official Holiday',1,1),(88,'2015-03-29','Official Holiday',1,1),(89,'2015-02-08','Official Holiday',1,1),(90,'2015-02-09','Official Holiday',1,1),(91,'2015-02-22','Official Holiday',1,1),(96,'2015-03-11','Rangpanchami',1,1),(97,'2015-03-08','Official Holiday',1,1),(98,'2015-03-22','Official Holiday',1,1),(99,'2015-04-04','Official Holiday',1,1),(100,'2015-04-11','Official Holiday',1,1),(101,'2015-04-18','Official Holiday',1,1),(102,'2015-04-25','Official Holiday',1,1),(103,NULL,'Official Holiday',1,1),(104,NULL,'Official Holiday',1,1),(105,NULL,'Official Holiday',1,1),(106,NULL,'Official Holiday',1,1),(107,'2015-04-04','Official Holiday',1,1),(108,'2015-04-11','Official Holiday',1,1),(109,'2015-04-18','Official Holiday',1,1),(110,'2015-04-25','Official Holiday',1,1),(111,NULL,'Official Holiday',1,1),(112,NULL,'Official Holiday',1,1),(113,NULL,'Official Holiday',1,1),(114,NULL,'Official Holiday',1,1),(115,'2015-05-02','Official Holiday',1,1),(116,'2015-05-09','Official Holiday',1,1),(117,'2015-05-16','Official Holiday',1,1),(118,'2015-05-23','Official Holiday',1,1),(119,'2015-05-30','Official Holiday',1,1),(120,NULL,'Official Holiday',1,1),(121,NULL,'Official Holiday',1,1),(122,NULL,'Official Holiday',1,1),(123,NULL,'Official Holiday',1,1),(124,'2015-05-02','Official Holiday',1,1),(125,'2015-05-09','Official Holiday',1,1),(126,'2015-05-16','Official Holiday',1,1),(127,'2015-05-23','Official Holiday',1,1),(128,'2015-05-30','Official Holiday',1,1),(129,NULL,'Official Holiday',1,1),(130,NULL,'Official Holiday',1,1),(131,NULL,'Official Holiday',1,1),(132,NULL,'Official Holiday',1,1),(133,'2015-04-12','Official Holiday',1,1),(134,'2015-04-26','Official Holiday',1,1),(135,'2015-05-10','Official Holiday',1,1),(136,'2015-05-24','Official Holiday',1,1),(137,'2015-05-01','Labour Day',1,1),(138,'2015-06-06','Official Holiday',1,1),(139,'2015-06-13','Official Holiday',1,1),(140,'2015-06-20','Official Holiday',1,1),(141,'2015-06-27','Official Holiday',1,1),(142,NULL,'Official Holiday',1,1),(143,NULL,'Official Holiday',1,1),(144,NULL,'Official Holiday',1,1),(145,NULL,'Official Holiday',1,1),(146,'2015-06-06','Official Holiday',1,1),(147,'2015-06-13','Official Holiday',1,1),(148,'2015-06-20','Official Holiday',1,1),(149,'2015-06-27','Official Holiday',1,1),(150,NULL,'Official Holiday',1,1),(151,NULL,'Official Holiday',1,1),(152,NULL,'Official Holiday',1,1),(153,NULL,'Official Holiday',1,1),(154,'2015-06-14','Official Holiday',1,1),(155,'2015-06-28','Official Holiday',1,1),(156,'2015-07-04','Official Holiday',1,1),(157,'2015-07-11','Official Holiday',1,1),(158,'2015-07-18','Official Holiday',1,1),(159,'2015-07-25','Official Holiday',1,1),(160,'2015-08-01','Official Holiday',1,1),(161,NULL,'Official Holiday',1,1),(162,NULL,'Official Holiday',1,1),(163,NULL,'Official Holiday',1,1),(164,NULL,'Official Holiday',1,1),(165,'2015-07-04','Official Holiday',1,1),(166,'2015-07-11','Official Holiday',1,1),(167,'2015-07-18','Official Holiday',1,1),(168,'2015-07-25','Official Holiday',1,1),(169,'2015-08-01','Official Holiday',1,1),(170,NULL,'Official Holiday',1,1),(171,NULL,'Official Holiday',1,1),(172,NULL,'Official Holiday',1,1),(173,NULL,'Official Holiday',1,1),(174,'2015-08-08','Official Holiday',1,1),(175,'2015-08-15','Official Holiday',1,1),(176,'2015-08-22','Official Holiday',1,1),(177,'2015-08-29','Official Holiday',1,1),(178,NULL,'Official Holiday',1,1),(179,NULL,'Official Holiday',1,1),(180,NULL,'Official Holiday',1,1),(181,NULL,'Official Holiday',1,1),(182,'2015-08-08','Official Holiday',1,1),(183,'2015-08-15','Official Holiday',1,1),(184,'2015-08-22','Official Holiday',1,1),(185,'2015-08-29','Official Holiday',1,1),(186,NULL,'Official Holiday',1,1),(187,NULL,'Official Holiday',1,1),(188,NULL,'Official Holiday',1,1),(189,NULL,'Official Holiday',1,1),(190,'2015-07-12','Official Holiday',1,1),(191,'2015-07-26','Official Holiday',1,1),(192,'2015-09-05','Official Holiday',1,1),(193,'2015-09-12','Official Holiday',1,1),(195,'2015-09-26','Official Holiday',1,1),(196,NULL,'Official Holiday',1,1),(197,NULL,'Official Holiday',1,1),(198,NULL,'Official Holiday',1,1),(199,NULL,'Official Holiday',1,1),(200,'2015-09-05','Official Holiday',1,1),(201,'2015-09-12','Official Holiday',1,1),(202,'2015-09-19','Official Holiday',1,1),(203,'2015-09-26','Official Holiday',1,1),(204,NULL,'Official Holiday',1,1),(205,NULL,'Official Holiday',1,1),(206,NULL,'Official Holiday',1,1),(207,NULL,'Official Holiday',1,1),(208,'2015-08-09','Official Holiday',1,1),(210,'2015-08-30','Official Holiday',1,1),(211,'2015-10-03','Official Holiday',1,1),(212,'2015-10-10','Official Holiday',1,1),(213,'2015-10-17','Official Holiday',1,1),(215,'2015-10-31','Official Holiday',1,1),(216,NULL,'Official Holiday',1,1),(217,NULL,'Official Holiday',1,1),(218,NULL,'Official Holiday',1,1),(219,NULL,'Official Holiday',1,1),(220,'2015-10-03','Official Holiday',1,1),(221,'2015-10-10','Official Holiday',1,1),(222,'2015-10-17','Official Holiday',1,1),(223,'2015-10-24','Official Holiday',1,1),(224,'2015-10-31','Official Holiday',1,1),(225,NULL,'Official Holiday',1,1),(226,NULL,'Official Holiday',1,1),(227,NULL,'Official Holiday',1,1),(228,NULL,'Official Holiday',1,1),(229,NULL,'Official Holiday',1,1),(230,NULL,'Official Holiday',1,1),(231,NULL,'Official Holiday',1,1),(232,NULL,'Official Holiday',1,1),(233,NULL,'Official Holiday',1,1),(234,NULL,'Official Holiday',1,1),(235,NULL,'Official Holiday',1,1),(236,NULL,'Official Holiday',1,1),(237,'2015-09-13','Official Holiday',1,1),(238,'2015-09-27','Official Holiday',1,1),(239,'2015-09-18','Official Holiday',1,1),(240,'2015-09-17','Ganesh Chaturthi',1,1),(241,'2015-11-07','Official Holiday',1,1),(242,'2015-11-14','Official Holiday',1,1),(243,'2015-11-21','Official Holiday',1,1),(244,'2015-11-28','Official Holiday',1,1),(245,NULL,'Official Holiday',1,1),(246,NULL,'Official Holiday',1,1),(247,NULL,'Official Holiday',1,1),(248,NULL,'Official Holiday',1,1),(249,'2015-11-07','Official Holiday',1,1),(250,'2015-11-14','Official Holiday',1,1),(251,'2015-11-21','Official Holiday',1,1),(252,'2015-11-28','Official Holiday',1,1),(253,NULL,'Official Holiday',1,1),(254,NULL,'Official Holiday',1,1),(255,NULL,'Official Holiday',1,1),(256,NULL,'Official Holiday',1,1),(257,'2015-10-11','Official Holiday',1,1),(261,'2015-10-22','Dussehra',1,1),(262,'2015-11-11','Diwali - Lakshmi Puja',1,1),(263,'2015-11-12','Diwali - Govardhan Puja',1,1),(264,'2015-11-13','Diwali - Bhau Beej',1,1),(265,'2015-11-01','Official Holiday',1,1),(266,'2015-12-13','Official Holiday',1,1),(267,'2015-12-27','Official Holiday',1,1),(268,'2015-12-05','Official Holiday',1,1),(269,'2015-12-12','Official Holiday',1,1),(270,'2015-12-19','Official Holiday',1,1),(271,'2015-12-26','Official Holiday',1,1),(272,'2015-10-23','Official Holiday',1,1),(273,NULL,'Official Holiday',1,1),(274,NULL,'Official Holiday',1,1),(275,NULL,'Official Holiday',1,1),(276,NULL,'Official Holiday',1,1),(277,'2015-12-05','Official Holiday',1,1),(278,'2015-12-12','Official Holiday',1,1),(279,'2015-12-19','Official Holiday',1,1),(280,'2015-12-26','Official Holiday',1,1),(281,NULL,'Official Holiday',1,1),(282,NULL,'Official Holiday',1,1),(283,NULL,'Official Holiday',1,1),(284,NULL,'Official Holiday',1,1),(285,'2016-01-02','Official Holiday',1,1),(286,'2016-01-09','Official Holiday',1,1),(287,'2016-01-16','Official Holiday',1,1),(288,'2016-01-23','Official Holiday',1,1),(289,'2016-01-30','Official Holiday',1,1),(290,NULL,'Official Holiday',1,1),(291,NULL,'Official Holiday',1,1),(292,NULL,'Official Holiday',1,1),(293,NULL,'Official Holiday',1,1),(294,'2016-01-02','Official Holiday',1,1),(295,'2016-01-09','Official Holiday',1,1),(296,'2016-01-16','Official Holiday',1,1),(297,'2016-01-23','Official Holiday',1,1),(298,'2016-01-30','Official Holiday',1,1),(299,NULL,'Official Holiday',1,1),(300,NULL,'Official Holiday',1,1),(301,NULL,'Official Holiday',1,1),(302,NULL,'Official Holiday',1,1),(303,'2016-01-01','Official Holiday',1,1),(304,'2016-01-26','Republic Day',1,1),(305,'2016-02-06','Official Holiday',1,1),(306,'2016-02-13','Official Holiday',1,1),(307,'2016-02-20','Official Holiday',1,1),(308,'2016-02-27','Official Holiday',1,1),(309,NULL,'Official Holiday',1,1),(310,NULL,'Official Holiday',1,1),(311,NULL,'Official Holiday',1,1),(312,NULL,'Official Holiday',1,1),(313,'2016-02-06','Official Holiday',1,1),(314,'2016-02-13','Official Holiday',1,1),(315,'2016-02-20','Official Holiday',1,1),(316,'2016-02-27','Official Holiday',1,1),(317,NULL,'Official Holiday',1,1),(318,NULL,'Official Holiday',1,1),(319,NULL,'Official Holiday',1,1),(320,NULL,'Official Holiday',1,1),(321,'2016-01-10','Official Holiday',1,1),(323,'2016-02-14','Official Holiday',1,1),(324,'2016-02-28','Official Holiday',1,1),(325,'2016-03-05','Official Holiday',1,1),(326,'2016-03-12','Official Holiday',1,1),(327,'2016-03-19','Official Holiday',1,1),(328,'2016-03-26','Official Holiday',1,1),(329,'2016-03-13','Official Holiday',1,1),(330,'2016-03-27','Official Holiday',1,1),(331,'2016-04-08','Gudi Padwa',1,1),(332,'2016-05-01','Labour Day',1,1),(333,'2016-08-15','Independence Day',1,1),(334,'2016-09-05','Ganesh Chaturthi',1,1),(335,'2016-09-15','Anant Chaturthi',1,1),(336,'2016-10-30','Diwali - Lakshmi Puja',1,1),(337,'2016-10-31','Diwali - Govardhan Puja',1,1),(338,'2016-11-01','Diwali - Bhau Beej',1,1),(339,'2016-04-02','Official Holiday',1,1),(340,'2016-04-09','Official Holiday',1,1),(341,'2016-04-10','Official Holiday',1,1),(342,'2016-04-16','Official Holiday',1,1),(343,'2016-04-23','Official Holiday',1,1),(344,'2016-04-24','Official Holiday',1,1),(345,'2016-04-30','Official Holiday',1,1),(346,'2016-05-07','Official Holiday',1,1),(347,'2016-05-08','Official Holiday',1,1),(348,'2016-05-14','Official Holiday',1,1),(349,'2016-05-21','Official Holiday',1,1),(350,'2016-05-22','Official Holiday',1,1),(351,'2016-05-28','Official Holiday',1,1),(352,'2016-06-04','Official Holiday',1,1),(353,'2016-06-05','Official Holiday',1,1),(354,'2016-06-11','Official Holiday',1,1),(355,'2016-06-18','Official Holiday',1,1),(356,'2016-06-19','Official Holiday',1,1),(357,'2016-06-25','Official Holiday',1,1),(358,'2016-07-02','Official Holiday',1,1),(359,'2016-07-03','Official Holiday',1,1),(360,'2016-07-09','Official Holiday',1,1),(362,'2016-07-16','Official Holiday',1,1),(363,'2016-07-17','Official Holiday',1,1),(364,'2016-07-23','Official Holiday',1,1),(365,'2016-07-30','Official Holiday',1,1),(366,'2016-07-31','Official Holiday',1,1),(367,'2016-08-06','Official Holiday',1,1),(369,'2016-08-14','Official Holiday',1,1),(372,'2016-08-28','Official Holiday',1,1),(373,'2016-08-27','official Holiday',1,1),(374,'2016-08-09','Official Holiday Gettogether',1,1),(375,'2016-08-21','Official Holiday',1,1),(376,'2016-09-04','Official Holiday',1,1),(377,'2016-09-11','Official Holiday',1,1),(378,'2016-09-18','Official Holiday',1,1),(379,'2016-09-25','Official Holiday',1,1),(380,'2016-09-10','Official Holiday',1,1),(381,'2016-09-24','Official Holiday',1,1),(383,'2016-10-08','Official Holiday',1,1),(387,'2016-10-02','Official Holiday',1,1),(388,'2016-10-09','Official Holiday',1,1),(389,'2016-10-16','Official Holiday',1,1),(390,'2016-10-23','Official Holiday',1,1),(391,'2016-10-11','Dashera Holiday',1,1),(392,'2016-10-29','Diwali-Narakchaturdashi',1,1),(393,'2016-11-19','official Holiday',1,1),(394,'2016-11-20','Official Holiday',1,1),(395,'2016-11-06','Official Holiday',1,1),(396,'2016-11-13','Official Holiday',1,1),(397,'2016-11-27','Official Holiday',1,1),(398,'2016-12-03','Official Holiday',1,1),(399,'2016-12-04','Official Holiday',1,1),(400,'2016-12-11','Ofiicial Holiday',1,1),(401,'2016-12-17','Official Holiday',1,1),(402,'2016-12-18','Official Holiday',1,1),(403,'2016-12-25','Official Holiday',1,1),(404,'2016-12-31','Official Holiday',1,1),(405,'2017-01-01','Official Holiday',1,1),(406,'2017-01-08','Official Holiday',1,1),(407,'2017-01-14','Official Holiday',1,1),(408,'2017-01-15','Official Holiday',1,1),(409,'2017-01-22','Official Holiday',1,1),(410,'2017-01-28','Official Holiday',1,1),(411,'2017-01-29','Official Holiday',1,1),(412,'2017-01-26','Republic Day',1,1),(413,'2016-01-03','Official Holiday',1,1),(414,'2016-01-17','Official Holiday',1,1),(415,'2016-01-24','Official Holiday',1,1),(416,'2016-01-31','Official Holiday',1,1),(417,'2016-02-07','Official Holiday',1,1),(418,'2016-02-21','Official Holiday',1,1),(419,'2016-03-06','Official Holiday',1,1),(420,'2016-03-20','Official Holiday',1,1),(421,'2017-02-05','Official Holiday',1,1),(422,'2017-02-12','Official Holiday',1,1),(423,'2017-02-19','Official Holiday',1,1),(424,'2017-02-21','Election Holiday',1,4),(425,'2017-02-26','Official Holiday',1,1),(426,'2017-03-05','',1,1),(427,'2017-03-12','',1,1),(428,'2017-03-28','Gudhi Padwa',1,3),(429,'2017-05-01','Maharashtra Din and Kamgar Din',1,2),(430,'2017-08-15','Independence Day',1,2),(432,'2017-09-05','Anant Chaturthi',1,3),(433,'2017-04-30','',1,1),(434,'2017-04-23','',1,1),(435,'2017-04-02','',1,1),(436,'2017-04-09','',1,1),(437,'2017-04-16','',1,1),(438,'2017-05-07','',1,1),(439,'2017-05-14','',1,1),(440,'2017-05-21','',1,1),(441,'2017-05-28','',1,1),(442,'2017-06-04','',1,1),(443,'2017-06-11','',1,1),(444,'2017-06-18','',1,1),(445,'2017-06-25','',1,1),(446,'2017-07-02','',1,1),(447,'2017-07-09','',1,1),(448,'2017-07-16','',1,1),(449,'2017-07-23','',1,1),(450,'2017-07-30','',1,1),(451,'2017-08-06','',1,1),(452,'2017-08-13','',1,1),(453,'2017-08-20','',1,1),(454,'2017-08-27','',1,1),(455,'2017-06-26','EID',1,3),(457,'2017-07-15','Alternate Saturday ',1,1),(458,'2017-07-29','Alternate Saturday ',1,1),(459,'2017-08-12','Alternate Saturday ',1,1),(460,'2017-08-26','Alternate Saturday ',1,1),(461,'2017-09-30','Dasara',1,3),(462,'2017-09-09','Alternate Saturday ',1,1),(463,'2017-09-23','Alternate Saturday ',1,1),(464,'2017-10-07','Alternate Saturday ',1,1),(465,'2017-10-21','Alternate Saturday',1,1),(466,'2017-11-04','Alternate Saturday ',1,1),(467,'2017-11-18','Alternate Saturday ',1,1),(468,'2017-12-02','Alternate Saturday ',1,1),(469,'2017-12-16','Alternate Saturday ',1,1),(470,'2017-12-30','Alternate Saturday ',1,1),(471,'2017-08-07','Raksha Bandhan',1,3),(472,'2017-09-24','Sunday',1,1),(473,'2017-10-18','Diwali-Narakchaturdashi',1,3),(474,'2017-10-19','Diwali - Lakshmi Puja',1,3),(475,'2017-10-20','Diwali',1,3),(476,'2017-10-01','',1,1),(477,'2017-10-08','',1,1),(478,'2017-10-15','',1,1),(479,'2017-10-22','',1,1),(480,'2017-10-29','',1,1),(481,'2017-11-05','',1,1),(482,'2017-11-12','',1,1),(483,'2017-11-19','',1,1),(484,'2017-11-26','',1,1),(485,'2017-09-03','',1,1),(486,'2017-09-10','',1,1),(487,'2017-09-17','',1,1),(488,'2017-12-03','',1,1),(489,'2017-12-10','',1,1),(490,'2017-12-17','',1,1),(491,'2017-12-24','',1,1),(492,'2017-12-31','',1,1),(493,'2018-01-01','New Year',1,1),(494,'2018-01-13','Alternate Saturday ',1,1),(495,'2018-01-27','Alternate Saturday ',1,1),(496,'2018-02-10','Alternate Saturday ',1,1),(497,'2018-02-24','Alternate Saturday ',1,1),(498,'2018-03-10','Alternate Saturday ',1,1),(499,'2018-03-24','Alternate Saturday ',1,1),(500,'2018-04-07','Alternate Saturday ',1,1),(501,'2018-04-21','Alternate Saturday ',1,1),(502,'2018-01-07','',1,1),(503,'2018-01-14','',1,1),(504,'2018-01-21','',1,1),(505,'2018-01-28','',1,1),(506,'2018-02-04','',1,1),(507,'2018-02-11','',1,1),(508,'2018-02-18','',1,1),(509,'2018-02-25','',1,1),(510,'2018-03-04','',1,1),(511,'2018-03-11','',1,1),(512,'2018-03-18','',1,1),(513,'2018-03-25','',1,1),(514,'2018-04-01','',1,1),(515,'2018-04-08','',1,1),(516,'2018-04-15','',1,1),(517,'2018-04-22','',1,1),(518,'2018-04-29','',1,1),(519,'2018-05-01','Workers Day',1,2),(520,'2018-01-26','Republic Day',1,2),(521,'2017-02-11','',1,1),(522,'2017-02-25','',1,1),(523,'2017-03-11','',1,1),(524,'2017-03-19','',1,1),(525,'2017-03-26','',1,1),(526,'2017-03-25','',1,1),(527,'2017-04-08','',1,1),(528,'2017-04-22','',1,1),(529,'2017-05-06','',1,1),(530,'2017-05-20','',1,1),(531,'2017-06-03','',1,1),(532,'2017-06-17','',1,1),(533,'2017-07-01','',1,1),(534,'2017-06-10','',1,1),(538,'2018-05-05','',1,1),(539,'2018-05-06','',1,1),(540,'2018-05-13','',1,1),(541,'2018-05-19','',1,1),(542,'2018-05-20','',1,1),(543,'2018-05-27','',1,1),(544,'2018-06-02','',1,1),(545,'2018-06-03','',1,1),(546,'2018-06-10','',1,1),(547,'2018-06-17','',1,1),(548,'2018-06-16','',1,1),(549,'2018-06-24','',1,1),(550,'2018-06-30','',1,1),(551,'2018-07-01','',1,1),(552,'2018-07-08','',1,1),(553,'2018-07-14','',1,1),(554,'2018-07-15','',1,1),(555,'2018-07-22','',1,1),(556,'2018-07-28','',1,1),(557,'2018-07-29','',1,1),(558,'2018-08-05','',1,1),(559,'2018-08-12','',1,1),(560,'2018-08-11','',1,1),(561,'2018-08-19','',1,1),(562,'2018-08-26','',1,1),(563,'2018-08-25','',1,1),(564,'2018-08-15','',1,2),(565,'2018-09-02','',1,1),(566,'2018-06-09','',1,1),(567,'2018-06-23','',1,1),(568,'2018-07-07','',1,1),(569,'2018-07-21','',1,1),(570,'2018-08-04','',1,1),(571,'2018-08-18','',1,1),(572,'2018-09-01','Week Offf',1,1),(573,'2018-09-09','',1,1),(574,'2018-09-08','',1,1),(575,'2018-09-15','',1,1),(576,'2018-09-16','',1,1),(577,'2018-09-22','',1,1),(578,'2018-09-23','',1,1),(579,'2018-09-29','',1,1),(580,'2018-09-30','',1,1),(581,'2018-09-13','Ganesh Chaturthi',1,3),(582,'2018-10-07','',1,1),(583,'2018-10-06','',1,1),(584,'2018-10-13','',1,1),(585,'2018-10-14','',1,1),(586,'2018-10-20','',1,1),(587,'2018-10-21','',1,1),(588,'2018-10-27','',1,1),(589,'2018-10-28','',1,1),(591,'2018-11-03','',1,1),(592,'2018-11-04','',1,1),(593,'2018-11-10','',1,1),(594,'2018-11-11','',1,1),(595,'2018-11-17','',1,1),(596,'2018-11-18','',1,1),(597,'2018-11-24','',1,1),(598,'2018-11-25','',1,1),(599,'2018-12-01','',1,1),(600,'2018-12-02','',1,1),(601,'2018-12-08','',1,1),(602,'2018-12-09','',1,1),(603,'2018-12-15','',1,1),(604,'2018-12-16','',1,1),(605,'2018-12-22','',1,1),(606,'2018-12-23','',1,1),(607,'2018-12-29','',1,1),(608,'2018-12-30','',1,1),(609,'2018-10-18','Dassera',1,3),(616,'2018-11-07','',1,3),(617,'2018-11-08','Diwali',1,3),(618,'2018-11-09','Diwali',1,3),(620,'2019-01-01','New year ',1,1),(621,'2019-01-05','',1,1),(622,'2019-01-06','',1,1),(623,'2019-01-12','',1,1),(624,'2019-01-13','',1,1),(625,'2019-01-19','',1,1),(626,'2019-01-20','',1,1),(627,'2019-01-26','',1,1),(628,'2019-01-27','',1,1),(629,'2019-02-02','',1,1),(630,'2019-02-03','',1,1),(631,'2019-02-09','',1,1),(632,'2019-02-10','',1,1),(633,'2019-02-16','',1,1),(634,'2019-02-17','',1,1),(635,'2019-02-23','',1,1),(636,'2019-02-24','',1,1),(637,'2019-03-02','',1,1),(638,'2019-03-03','',1,1),(639,'2019-03-09','',1,1),(640,'2019-03-10','',1,1),(641,'2019-03-16','sss',1,3),(642,'2019-03-17','',1,1),(643,'2019-03-23','',1,1),(644,'2019-03-24','',1,1),(645,'2019-03-30','',1,1),(646,'2019-03-31','',1,1),(647,'2019-04-06','',1,1),(648,'2019-04-07','',1,1),(649,'2019-04-13','',1,1),(650,'2019-04-14','',1,1),(651,'2019-04-20','',1,1),(652,'2019-04-21','',1,1),(653,'2019-04-27','',1,1),(654,'2019-04-28','',1,1),(656,'2019-05-05','',1,1),(657,'2019-05-11','',1,1),(658,'2019-05-12','',1,1),(659,'2019-05-18','',1,1),(660,'2019-05-19','',1,1),(661,'2019-05-25','',1,1),(662,'2019-05-26','',1,1),(663,'2019-06-01','',1,1),(664,'2019-06-02','',1,1),(665,'2019-06-08','',1,1),(666,'2019-06-09','',1,1),(667,'2019-06-15','',1,1),(668,'2019-06-16','',1,1),(669,'2019-06-22','',1,1),(670,'2019-06-23','',1,1),(671,'2019-06-29','',1,1),(672,'2019-06-30','',1,1),(673,'2019-07-06','',1,1),(674,'2019-07-07','',1,1),(675,'2019-07-13','',1,1),(676,'2019-07-14','',1,1),(677,'2019-07-20','',1,1),(678,'2019-07-21','',1,1),(679,'2019-07-27','',1,1),(680,'2019-07-28','',1,1),(681,'2019-08-03','',1,1),(682,'2019-08-04','',1,1),(683,'2019-08-10','',1,1),(684,'2019-08-11','',1,1),(685,'2019-08-17','',1,1),(686,'2019-08-18','',1,1),(687,'2019-08-24','',1,1),(688,'2019-08-25','',1,1),(689,'2019-08-31','',1,1),(690,'2019-09-01','',1,1),(691,'2019-09-07','',1,1),(692,'2019-09-08','',1,1),(693,'2019-09-14','',1,1),(694,'2019-09-15','',1,1),(695,'2019-09-21','',1,1),(696,'2019-09-22','',1,1),(697,'2019-09-29','',1,1),(698,'2019-09-28','',1,1),(699,'2019-10-05','',1,1),(700,'2019-10-06','',1,1),(701,'2019-10-12','',1,1),(702,'2019-10-13','',1,1),(703,'2019-10-19','',1,1),(704,'2019-10-20','',1,1),(705,'2019-10-26','',1,1),(706,'2019-10-27','',1,1),(707,'2019-11-02','',1,1),(708,'2019-11-03','',1,1),(709,'2019-11-09','',1,1),(710,'2019-11-10','',1,1),(711,'2019-11-16','',1,1),(712,'2019-11-17','',1,1),(713,'2019-11-23','',1,1),(714,'2019-11-24','',1,1),(715,'2019-11-30','',1,1),(716,'2019-12-01','',1,1),(717,'2019-12-07','',1,1),(718,'2019-12-08','',1,1),(719,'2019-12-14','',1,1),(720,'2019-12-15','',1,1),(721,'2019-12-21','',1,1),(722,'2019-12-22','',1,1),(723,'2019-12-28','',1,1),(724,'2019-12-29','',1,1),(725,'2019-08-15','Independence Day',1,2),(726,'2019-05-01','Labor Day ',1,2),(727,'2019-03-25','Rang Panchami',1,3),(728,'2019-09-02','Ganesh Chaturthi',1,3),(729,'2019-09-12','Anant Chaturdashi',1,3),(730,'2019-10-02','Gandhi Jayanti',1,2),(731,'2019-10-08','Dussehra',1,3),(732,'2019-10-28','Diwali - Govardhan Puja',1,3),(733,'2019-10-29','Diwali - Bhau Beej',1,3),(734,'2019-05-17','',1,1),(735,'2020-01-04','',1,1),(736,'2020-01-05','',1,1),(737,'2020-01-01','',1,1),(738,'2020-01-11','',1,1),(739,'2020-01-12','',1,1),(740,'2020-01-18','',1,1),(741,'2020-01-19','',1,1),(742,'2020-01-25','',1,1),(743,'2020-01-26','',1,2),(744,'2020-02-01','',1,1),(745,'2020-02-02','',1,1),(746,'2020-02-08','',1,1),(747,'2020-02-09','',1,1),(748,'2020-02-15','',1,1),(749,'2020-02-16','',1,1),(750,'2020-02-22','',1,1),(751,'2020-02-23','',1,1),(752,'2020-02-29','',1,1),(753,'2020-03-01','',1,1),(754,'2020-03-07','',1,1),(755,'2020-03-08','',1,1),(756,'2020-03-14','',1,1),(757,'2020-03-15','',1,1),(758,'2020-03-21','',1,1),(759,'2020-03-22','',1,1),(760,'2020-03-28','',1,1),(761,'2020-03-29','',1,1),(762,'2020-04-04','',1,1),(763,'2020-04-05','',1,1),(764,'2020-04-11','',1,1),(765,'2020-04-12','',1,1),(766,'2020-04-18','',1,1),(767,'2020-04-19','',1,1),(768,'2020-04-25','',1,1),(769,'2020-04-26','',1,1),(770,'2020-03-13','Rangapanchami',1,3),(771,'2020-05-01','Labour Day',1,2),(772,'2020-05-02','',1,1),(773,'2020-05-03','',1,1),(774,'2020-05-09','',1,1),(775,'2020-05-10','',1,1),(776,'2020-05-16','',1,1),(777,'2020-05-17','',1,1),(778,'2020-05-23','',1,1),(779,'2020-05-24','',1,1),(780,'2020-05-30','',1,1),(781,'2020-05-31','',1,1),(782,'2020-06-06','',1,1),(783,'2020-06-07','',1,1),(784,'2020-06-13','',1,1),(785,'2020-06-14','',1,1),(786,'2020-06-20','',1,1),(787,'2020-06-21','',1,1),(788,'2020-06-27','',1,1),(789,'2020-06-28','',1,1),(790,'2020-07-04','',1,1),(791,'2020-07-05','',1,1),(792,'2020-07-11','',1,1),(793,'2020-07-12','',1,1),(794,'2020-07-18','',1,1),(795,'2020-07-19','',1,1),(796,'2020-07-25','',1,1),(797,'2020-07-26','',1,1),(798,'2020-08-01','',1,1),(799,'2020-08-02','',1,1),(800,'2020-08-08','',1,1),(801,'2020-08-09','',1,1),(802,'2020-08-15','',1,1),(803,'2020-08-16','',1,1),(804,'2020-08-22','',1,1),(805,'2020-08-23','',1,1),(806,'2020-08-30','',1,1),(807,'2020-08-29','',1,1),(808,'2020-09-05','',1,1),(809,'2020-09-06','',1,1),(810,'2020-09-12','',1,1),(811,'2020-09-13','',1,1),(812,'2020-09-19','',1,1),(813,'2020-09-20','',1,1),(814,'2020-09-26','',1,1),(815,'2020-09-27','',1,1),(816,'2020-10-03','',1,1),(817,'2020-09-01','Anant Chaturthi',1,3),(818,'2020-10-04','',1,1),(819,'2020-10-10','',1,1),(820,'2020-10-11','',1,1),(821,'2020-10-17','',1,1),(822,'2020-10-18','',1,1),(823,'2020-10-24','',1,1),(824,'2020-10-25','',1,1),(825,'2020-10-31','',1,1),(826,'2020-11-01','',1,1),(827,'2020-11-07','',1,1),(828,'2020-11-08','',1,1),(829,'2020-11-14','',1,1),(830,'2020-11-15','',1,1),(831,'2020-11-21','',1,1),(832,'2020-11-22','',1,1),(833,'2020-11-28','',1,1),(834,'2020-11-29','',1,1),(835,'2020-11-16','Diwali',1,3),(836,'2020-12-05','',1,1),(837,'2020-12-06','',1,1),(838,'2020-12-12','',1,1),(839,'2020-12-13','',1,1),(840,'2020-12-19','',1,1),(841,'2020-12-20','',1,1),(842,'2020-12-26','',1,1),(843,'2020-12-27','',1,1),(844,'2020-11-13','Diwali- Dhanteras',1,3),(846,'2021-01-03','',1,1),(847,'2021-01-09','',1,1),(848,'2021-01-10','',1,1),(849,'2021-01-16','',1,1),(850,'2021-01-17','',1,1),(851,'2021-01-23','',1,1),(852,'2021-01-24','',1,1),(853,'2021-01-30','',1,1),(854,'2021-01-31','',1,1),(855,'2021-01-26','',1,2),(856,'2021-01-01','',1,1),(857,'2021-02-06','',1,1),(858,'2021-02-07','',1,1),(859,'2021-02-13','',1,1),(860,'2021-02-14','',1,1),(861,'2021-02-20','',1,1),(862,'2021-02-21','',1,1),(863,'2021-02-27','',1,1),(864,'2021-02-28','',1,1),(865,'2021-03-06','',1,1),(866,'2021-03-07','',1,1),(867,'2021-03-13','',1,1),(868,'2021-03-14','',1,1),(869,'2021-03-20','',1,1),(870,'2021-03-21','',1,1),(871,'2021-03-27','',1,1),(872,'2021-03-28','',1,1),(873,'2021-04-03','',1,1),(874,'2021-04-04','',1,1),(875,'2021-04-10','',1,1),(876,'2021-04-11','',1,1),(877,'2021-04-17','',1,1),(878,'2021-04-18','',1,1),(879,'2021-04-24','',1,1),(880,'2021-04-25','',1,1),(881,'2021-01-02','',1,1),(882,'2021-05-01',NULL,1,1),(883,'2021-05-02','',1,1),(884,'2021-05-08','',1,1),(885,'2021-05-09','',1,1),(886,'2021-05-15','',1,1),(887,'2021-05-16','',1,1),(888,'2021-05-22','',1,1),(889,'2021-05-23','',1,1),(890,'2021-05-29','',1,1),(891,'2021-05-30','',1,1),(892,'2021-04-02','Rangapanchami',1,3),(893,'2021-09-10','Vinayaka Chaturthi',1,3),(894,'2021-06-05','',1,1),(895,'2021-06-06','',1,1),(896,'2021-06-12','',1,1),(897,'2021-06-13','',1,1),(898,'2021-06-19','',1,1),(899,'2021-06-20','',1,1),(900,'2021-06-26','',1,1),(901,'2021-06-27','',1,1),(902,'2021-07-03','',1,1),(903,'2021-07-04','',1,1),(904,'2021-07-10','',1,1),(905,'2021-07-11','',1,1),(906,'2021-07-17','',1,1),(907,'2021-07-18','',1,1),(908,'2021-07-31','',1,1),(909,'2021-07-24','',1,1),(910,'2021-07-25','',1,1),(911,'2021-10-15','Dussehra',1,3),(912,'2021-11-03','Diwali',1,3),(913,'2021-11-04','Diwali',1,3),(914,'2021-11-05','Diwali',1,3),(915,'2021-08-01','',1,1),(916,'2021-08-07','',1,1),(917,'2021-08-08','',1,1),(918,'2021-08-14','',1,1),(919,'2021-08-15',NULL,1,1),(920,'2021-08-21','',1,1),(921,'2021-08-22','',1,1),(922,'2021-08-28','',1,1),(923,'2021-08-29','',1,1),(924,'2021-09-04','',1,1),(925,'2021-09-05','',1,1),(926,'2021-09-11','',1,1),(927,'2021-09-12','',1,1),(928,'2021-09-18','',1,1),(929,'2021-09-19','',1,1),(930,'2021-09-25','',1,1),(931,'2021-09-26','',1,1),(932,'2021-10-02','',1,1),(933,'2021-10-03','',1,1),(934,'2021-10-09','',1,1),(935,'2021-10-10','',1,1),(936,'2021-10-17','',1,1),(937,'2021-10-16',NULL,1,1),(938,'2021-10-23','',1,1),(939,'2021-10-24','',1,1),(940,'2021-10-30','',1,1),(941,'2021-10-31','',1,1),(942,'2021-11-06','',1,1),(943,'2021-11-07','',1,1),(944,'2021-11-13','',1,1),(945,'2021-11-14','',1,1),(946,'2021-11-21','',1,1),(947,'2021-11-20','',1,1),(948,'2021-11-28','',1,1),(949,'2021-11-27','',1,1),(950,'2021-12-04','',1,1),(951,'2021-12-05','',1,1),(952,'2021-12-11','',1,1),(953,'2021-12-12','',1,1),(954,'2021-12-19','',1,1),(955,'2021-12-18','',1,1),(956,'2021-12-25','',1,1),(957,'2021-12-26','',1,1),(958,'2022-01-01','',1,1),(959,'2022-01-02','',1,1),(960,'2022-01-08','',1,1),(961,'2022-01-09','',1,1),(962,'2022-01-15','',1,1),(963,'2022-01-16','',1,1),(964,'2022-01-22','',1,1),(965,'2022-01-23','',1,1),(966,'2022-01-29','',1,1),(967,'2022-01-30','',1,1),(968,'2022-01-26','',1,1),(969,'2022-02-05','',1,1),(970,'2022-02-06','',1,1),(971,'2022-02-12','',1,1),(972,'2022-02-13','',1,1),(973,'2022-02-19','',1,1),(974,'2022-02-20','',1,1),(975,'2022-02-26','',1,1),(976,'2022-02-27','',1,1),(977,'2022-03-05','',1,1),(978,'2022-03-06','',1,1),(979,'2022-03-12','',1,1),(980,'2022-03-13','',1,1),(981,'2022-03-19','',1,1),(982,'2022-03-20','',1,1),(983,'2022-03-26','',1,1),(984,'2022-03-27','',1,1),(985,'2022-04-02','',1,1),(986,'2022-04-03','',1,1),(987,'2022-04-09','',1,1),(988,'2022-04-10','',1,1),(989,'2022-04-17','',1,1),(990,'2022-04-16','',1,1),(991,'2022-04-23','',1,1),(992,'2022-04-24','',1,1),(993,'2022-04-30','',1,1),(994,'2022-05-01','',1,1),(995,'2022-05-07','',1,1),(996,'2022-05-08','',1,1),(997,'2022-05-14','',1,1),(998,'2022-05-15','',1,1),(999,'2022-05-21','',1,1),(1000,'2022-05-22','',1,1),(1001,'2022-05-28','',1,1),(1002,'2022-05-29','',1,1),(1003,'2022-06-04','',1,1),(1004,'2022-06-05','',1,1),(1005,'2022-06-11','',1,1),(1006,'2022-06-12','',1,1),(1007,'2022-06-18','',1,1),(1008,'2022-06-19','',1,1),(1009,'2022-06-25','',1,1),(1010,'2022-06-26','',1,1),(1011,'2022-07-02','',1,1),(1012,'2022-07-03','',1,1),(1013,'2022-07-09','',1,1),(1014,'2022-07-10','',1,1),(1015,'2022-07-16','',1,1),(1016,'2022-07-17','',1,1),(1017,'2022-07-23','',1,1),(1018,'2022-07-24','',1,1),(1019,'2022-07-30','',1,1),(1020,'2022-07-31','',1,1),(1021,'2022-08-06','',1,1),(1022,'2022-08-07','',1,1),(1023,'2022-08-13','',1,1),(1024,'2022-08-14','',1,1),(1025,'2022-08-21','',1,1),(1026,'2022-08-20','',1,1),(1027,'2022-08-27','',1,1),(1028,'2022-08-28','',1,1),(1029,'2022-08-15',NULL,1,1),(1030,'2022-09-03','',1,1),(1031,'2022-09-04','',1,1),(1032,'2022-09-10','',1,1),(1033,'2022-09-11','',1,1),(1034,'2022-09-17','',1,1),(1035,'2022-09-18','',1,1),(1036,'2022-09-24','',1,1),(1037,'2022-09-25','',1,1),(1038,'2022-10-01','',1,1),(1039,'2022-10-02','',1,1),(1040,'2022-10-08','',1,1),(1041,'2022-10-09','',1,1),(1042,'2022-10-15','',1,1),(1043,'2022-10-16','',1,1),(1044,'2022-10-22','',1,1),(1045,'2022-10-23','',1,1),(1046,'2022-10-29','',1,1),(1047,'2022-10-30','',1,1),(1048,'2022-11-05','',1,1),(1049,'2022-11-06','',1,1),(1050,'2022-11-12','',1,1),(1051,'2022-11-13','',1,1),(1052,'2022-11-19','',1,1),(1053,'2022-11-20','',1,1),(1054,'2022-11-26','',1,1),(1055,'2022-11-27','',1,1),(1056,'2022-12-03','',1,1),(1057,'2022-12-04','',1,1),(1058,'2022-12-10','',1,1),(1059,'2022-12-11','',1,1),(1060,'2022-12-17','',1,1),(1061,'2022-12-18','',1,1),(1062,'2022-12-24','',1,1),(1063,'2022-12-25','',1,1),(1064,'2022-12-31','',1,1),(1065,'2022-03-22','',1,1),(1066,'2022-08-31','',1,1),(1067,'2022-09-09','',1,1),(1068,'2022-10-05','',1,1),(1069,'2022-10-24','',1,1),(1070,'2022-10-25','',1,1),(1071,'2022-10-26','',1,1),(1096,'2023-01-16','ttttt',0,2),(1097,'2023-01-17','tttt',0,3),(1098,'2023-01-18','hhhppp',0,2),(1118,'2023-01-20',NULL,0,1),(1119,'2023-03-09',NULL,0,1),(1120,'2023-03-10',NULL,1,1),(1121,'2023-01-26',NULL,0,2),(1122,'2023-08-15',NULL,1,2),(1123,'2023-04-02','Weekly off',1,1),(1124,'2023-04-09','Weekly off',1,1),(1125,'2023-04-16','Weekly off',1,1),(1126,'2023-04-23','Weekly off',1,1),(1127,'2023-04-30','Weekly off',1,1),(1128,'2023-05-07','Weekly off',1,1),(1129,'2023-05-14','Weekly off',1,1),(1130,'2023-05-21','Weekly off',1,1),(1131,'2023-05-28','Weekly off',1,1),(1132,'2023-06-04','Weekly off',1,1),(1133,'2023-06-11','Weekly off',1,1),(1134,'2023-06-18','Weekly off',1,1),(1135,'2023-06-25','Weekly off',1,1),(1136,'2023-07-02','Weekly off',1,1),(1137,'2023-07-09','Weekly off',1,1),(1138,'2023-07-16','Weekly off',1,1),(1139,'2023-07-23','Weekly off',1,1),(1140,'2023-07-30','Weekly off',1,1),(1141,'2023-08-06','Weekly off',1,1),(1142,'2023-08-13','Weekly off',1,1),(1143,'2023-08-20','Weekly off',1,1),(1144,'2023-08-27','Weekly off',1,1),(1145,'2023-09-03','Weekly off',1,1),(1146,'2023-09-10','Weekly off',1,1),(1147,'2023-09-17','Weekly off',1,1),(1148,'2023-09-24','Weekly off',1,1),(1149,'2023-10-01','Weekly off',1,1),(1150,'2023-10-08','Weekly off',1,1),(1151,'2023-10-15','Weekly off',1,1),(1152,'2023-10-22','Weekly off',1,1),(1153,'2023-10-29','Weekly off',1,1),(1154,'2023-11-05','Weekly off',1,1),(1155,'2023-11-12','Weekly off',1,1),(1156,'2023-11-19','Weekly off',1,1),(1157,'2023-11-26','Weekly off',1,1),(1158,'2023-12-03','Weekly off',1,1),(1159,'2023-12-10','Weekly off',1,1),(1160,'2023-12-17','Weekly off',1,1),(1161,'2023-12-24','Weekly off',1,1),(1162,'2023-12-31','Weekly off',1,1),(1163,'2024-01-07','Weekly off',1,1),(1164,'2024-01-14','Weekly off',1,1),(1165,'2024-01-21','Weekly off',1,1),(1166,'2024-01-28','Weekly off',1,1),(1167,'2024-02-04','Weekly off',1,1),(1168,'2024-02-11','Weekly off',1,1),(1169,'2024-02-18','Weekly off',1,1),(1170,'2024-02-25','Weekly off',1,1),(1171,'2024-03-03','Weekly off',1,1),(1172,'2024-03-10','Weekly off',1,1),(1173,'2024-03-17','Weekly off',1,1),(1174,'2024-03-24','Weekly off',1,1),(1175,'2024-03-31','Weekly off',1,1),(1176,'2024-04-07','Weekly off',1,1),(1177,'2024-04-14','Weekly off',1,1),(1178,'2024-04-21','Weekly off',1,1),(1179,'2024-04-28','Weekly off',1,1),(1180,'2024-05-05','Weekly off',1,1),(1181,'2024-05-12','Weekly off',1,1),(1182,'2024-05-19','Weekly off',1,1),(1183,'2024-05-26','Weekly off',1,1),(1184,'2024-06-02','Weekly off',1,1),(1185,'2024-06-09','Weekly off',1,1),(1186,'2024-06-16','Weekly off',1,1),(1187,'2024-06-23','Weekly off',1,1),(1188,'2024-06-30','Weekly off',1,1),(1189,'2024-07-07','Weekly off',1,1),(1190,'2024-07-14','Weekly off',1,1),(1191,'2024-07-21','Weekly off',1,1),(1192,'2024-07-28','Weekly off',1,1),(1193,'2024-08-04','Weekly off',1,1),(1194,'2024-08-11','Weekly off',1,1),(1195,'2024-08-18','Weekly off',1,1),(1196,'2024-08-25','Weekly off',1,1),(1197,'2024-09-01','Weekly off',1,1),(1198,'2024-09-08','Weekly off',1,1),(1199,'2024-09-15','Weekly off',1,1),(1200,'2024-09-22','Weekly off',1,1),(1201,'2024-09-29','Weekly off',1,1),(1202,'2024-10-06','Weekly off',1,1),(1203,'2024-10-13','Weekly off',1,1),(1204,'2024-10-20','Weekly off',1,1),(1205,'2024-10-27','Weekly off',1,1),(1206,'2024-11-03','Weekly off',1,1),(1207,'2024-11-10','Weekly off',1,1),(1208,'2024-11-17','Weekly off',1,1),(1209,'2024-11-24','Weekly off',1,1),(1210,'2024-12-01','Weekly off',1,1),(1211,'2024-12-08','Weekly off',1,1),(1212,'2024-12-15','Weekly off',1,1),(1213,'2024-12-22','Weekly off',1,1),(1214,'2024-12-29','Weekly off',1,1),(1215,'2025-01-05','Weekly off',1,1),(1216,'2025-01-12','Weekly off',1,1),(1217,'2025-01-19','Weekly off',1,1),(1218,'2025-01-26','Weekly off',1,1),(1219,'2025-02-02','Weekly off',1,1),(1220,'2025-02-09','Weekly off',1,1),(1221,'2025-02-16','Weekly off',1,1),(1222,'2025-02-23','Weekly off',1,1),(1223,'2025-03-02','Weekly off',1,1),(1224,'2025-03-09','Weekly off',1,1),(1225,'2025-03-16','Weekly off',1,1),(1226,'2025-03-23','Weekly off',1,1),(1227,'2025-03-30','Weekly off',1,1),(1228,'2024-01-19','fff',1,3);
/*!40000 ALTER TABLE `mx_attendance_holidays` ENABLE KEYS */;
UNLOCK TABLES;

--
-- Table structure for table `mx_automation`
--

DROP TABLE IF EXISTS `mx_automation`;
/*!40101 SET @saved_cs_client     = @@character_set_client */;
/*!40101 SET character_set_client = utf8 */;
CREATE TABLE `mx_automation` (
  `automationID` int(11) NOT NULL AUTO_INCREMENT,
  `categoryAID` int(11) NOT NULL DEFAULT 0,
  `automationTitle` varchar(50) DEFAULT NULL,
  `seoUri` varchar(200) DEFAULT NULL,
  `automationImg` varchar(250) DEFAULT NULL,
  `automationDesc` text DEFAULT NULL,
  `status` tinyint(1) NOT NULL DEFAULT 1,
  PRIMARY KEY (`automationID`)
) ENGINE=InnoDB AUTO_INCREMENT=11 DEFAULT CHARSET=utf8mb4 COLLATE=utf8mb4_general_ci;
/*!40101 SET character_set_client = @saved_cs_client */;

--
-- Dumping data for table `mx_automation`
--

LOCK TABLES `mx_automation` WRITE;
/*!40000 ALTER TABLE `mx_automation` DISABLE KEYS */;
INSERT INTO `mx_automation` VALUES (1,2,'Automation one','automation-one','horizontal-openwell__530x530.png','<p>We manufacture motors for special applications. Some of them include Double Cage Motor for Cement Mill, GD Series Brake Motor, Oil Well Pump Motor and Re-rolling Mill motor.</p>',1),(2,4,'Automation two','automation-two','vertical-openwell__530x530.png','<p>We manufacture motors for special applications. Some of them include Double Cage Motor for Cement Mill, GD Series Brake Motor, Oil Well Pump Motor and Re-rolling Mill motor.</p>',1),(3,5,'Automation three','automation-three','energy-efficient-motors_09041016.png','<p>We manufacture motors for special applications. Some of them include Double Cage Motor for Cement Mill, GD Series Brake Motor, Oil Well Pump Motor and Re-rolling Mill motor.</p>',1),(4,3,'Automation four','automation-four','service.jpeg','<p>We manufacture motors for special applications. Some of them include Double Cage Motor for Cement Mill, GD Series Brake Motor, Oil Well Pump Motor and Re-rolling Mill motor.</p>',1),(5,6,'Automation six','automation-six','low-voltage-motors_09040708.jpg','<p>We manufacture motors for special applications. Some of them include Double Cage Motor for Cement Mill, GD Series Brake Motor, Oil Well Pump Motor and Re-rolling Mill motor.</p>',1),(6,7,'Automation seven','automation-seven','dc-motors_09040816.png','<p>We manufacture motors for special applications. Some of them include Double Cage Motor for Cement Mill, GD Series Brake Motor, Oil Well Pump Motor and Re-rolling Mill motor.</p>',1),(7,7,'Automation eight','automation-eight','energy-efficient-motors_09041016-1.png','<p>We manufacture motors for special applications. Some of them include Double Cage Motor for Cement Mill, GD Series Brake Motor, Oil Well Pump Motor and Re-rolling Mill motor.</p>',1),(8,7,'Automation nine','automation-nine','motors-for-hazardous-area-lv_29121345-1.jpg','<p>We manufacture motors for special applications. Some of them include Double Cage Motor for Cement Mill, GD Series Brake Motor, Oil Well Pump Motor and Re-rolling Mill motor.</p>',1),(9,7,'Automation five','automation-five','motors-for-hazardous-area-lv_29121345.jpg','<p>We manufacture motors for special applications. Some of them include Double Cage Motor for Cement Mill, GD Series Brake Motor, Oil Well Pump Motor and Re-rolling Mill motor.</p>',1),(10,5,'Automation ten','automation-ten','special-application-motors_29034547.jpg','<p>We manufacture motors for special applications. Some of them include Double Cage Motor for Cement Mill, GD Series Brake Motor, Oil Well Pump Motor and Re-rolling Mill motor.</p>',1);
/*!40000 ALTER TABLE `mx_automation` ENABLE KEYS */;
UNLOCK TABLES;

--
-- Table structure for table `mx_automation_category`
--

DROP TABLE IF EXISTS `mx_automation_category`;
/*!40101 SET @saved_cs_client     = @@character_set_client */;
/*!40101 SET character_set_client = utf8 */;
CREATE TABLE `mx_automation_category` (
  `categoryAID` int(11) NOT NULL AUTO_INCREMENT,
  `parentID` int(11) NOT NULL DEFAULT 0,
  `categoryTitle` varchar(250) DEFAULT NULL,
  `imageName` varchar(255) DEFAULT NULL,
  `synopsis` text DEFAULT NULL,
  `templateFile` varchar(100) DEFAULT NULL,
  `xOrder` int(11) NOT NULL DEFAULT 0,
  `seoUri` varchar(255) DEFAULT NULL,
  `langCode` varchar(4) DEFAULT NULL,
  `langChild` varchar(150) DEFAULT NULL,
  `parentLID` int(11) NOT NULL DEFAULT 0,
  `status` tinyint(1) NOT NULL DEFAULT 1,
  PRIMARY KEY (`categoryAID`)
) ENGINE=InnoDB AUTO_INCREMENT=10 DEFAULT CHARSET=utf8mb4 COLLATE=utf8mb4_general_ci;
/*!40101 SET character_set_client = @saved_cs_client */;

--
-- Dumping data for table `mx_automation_category`
--

LOCK TABLES `mx_automation_category` WRITE;
/*!40000 ALTER TABLE `mx_automation_category` DISABLE KEYS */;
INSERT INTO `mx_automation_category` VALUES (1,0,'Automation',NULL,NULL,NULL,0,'automation','en',NULL,0,1),(2,1,'Automation One',NULL,NULL,NULL,0,'automation/automation-one','en',NULL,0,1),(3,2,'Automation 1',NULL,NULL,NULL,0,'automation/automation-one/automation-1','en',NULL,0,1),(4,2,'Automation 2',NULL,NULL,NULL,0,'automation/automation-one/automation-2','en',NULL,0,1),(5,2,'Automation 3',NULL,NULL,NULL,0,'automation/automation-one/automation-3','en',NULL,0,1),(6,1,'Automation Two',NULL,NULL,NULL,0,'automation/automation-two','en',NULL,0,1),(7,6,'Automation 1',NULL,NULL,NULL,0,'automation/automation-two/automation-1','en',NULL,0,1),(8,6,'Automation 2',NULL,NULL,NULL,0,'automation/automation-two/automation-2','en',NULL,0,1),(9,6,'Automation 3',NULL,NULL,NULL,0,'automation/automation-two/automation-3','en',NULL,0,1);
/*!40000 ALTER TABLE `mx_automation_category` ENABLE KEYS */;
UNLOCK TABLES;

--
-- Table structure for table `mx_automation_detail`
--

DROP TABLE IF EXISTS `mx_automation_detail`;
/*!40101 SET @saved_cs_client     = @@character_set_client */;
/*!40101 SET character_set_client = utf8 */;
CREATE TABLE `mx_automation_detail` (
  `automationDID` int(11) NOT NULL AUTO_INCREMENT,
  `automationID` int(11) NOT NULL DEFAULT 0,
  `descTitle` varchar(50) DEFAULT NULL,
  `descLink` varchar(50) DEFAULT NULL,
  `frame` varchar(30) DEFAULT NULL,
  `rating` varchar(30) DEFAULT NULL,
  `standard` varchar(30) DEFAULT NULL,
  `status` tinyint(1) NOT NULL DEFAULT 1,
  PRIMARY KEY (`automationDID`)
) ENGINE=InnoDB AUTO_INCREMENT=96 DEFAULT CHARSET=utf8mb4 COLLATE=utf8mb4_general_ci;
/*!40101 SET character_set_client = @saved_cs_client */;

--
-- Dumping data for table `mx_automation_detail`
--

LOCK TABLES `mx_automation_detail` WRITE;
/*!40000 ALTER TABLE `mx_automation_detail` DISABLE KEYS */;
INSERT INTO `mx_automation_detail` VALUES (77,1,'Double Cage Motor for Cement Mill','400 to 560','500 kW to 2500 kW','IEC','test',1),(82,2,'GD Series Brake Motor','63 to 132','63 to 132','63 to 132','IEC,IS',1),(83,3,'12','21','21','21','12',1),(84,3,'12','2121','212','2121','221',1),(86,4,'KMR 450S to KMR560LX','63 to 132','KMR 450S to KMR560LX','350 HP to 2000 HP','IEC,IS',1),(87,5,'GD Series Brake Motor','400 to 560','63 to 132','350 HP to 2000 HP','IEC,IS',1),(89,7,'GD Series Brake Motor','63 to 132','400 to 560','350 HP to 2000 HP','IEC,IS',1),(90,8,'GD Series Brake Motor','63 to 132','500 kW to 2500 kW','63 to 132','IEC,IS',1),(92,9,'GD Series Brake Motor','63 to 132','KMR 450S to KMR560LX','350 HP to 2000 HP','IEC,IS',1),(93,10,'GD Series Brake Motor','63 to 132','400 to 560','350 HP to 2000 HP','IEC,IS',1),(95,6,'Double Cage Motor for Cement Mill','test','400 to 560','63 to 132','IEC,IS',1);
/*!40000 ALTER TABLE `mx_automation_detail` ENABLE KEYS */;
UNLOCK TABLES;

--
-- Table structure for table `mx_b2b_credit_note`
--

DROP TABLE IF EXISTS `mx_b2b_credit_note`;
/*!40101 SET @saved_cs_client     = @@character_set_client */;
/*!40101 SET character_set_client = utf8 */;
CREATE TABLE `mx_b2b_credit_note` (
  `creditNoteID` int(11) NOT NULL AUTO_INCREMENT,
  `creditNoteNo` varchar(50) NOT NULL,
  `creditNoteDate` date NOT NULL,
  `distributorID` int(11) NOT NULL,
  `invoiceID` int(11) DEFAULT NULL,
  `reason` enum('Sales Return','Discount','Rate Difference','Quality Issue','Shortage','Other') DEFAULT 'Sales Return',
  `subtotal` decimal(15,2) DEFAULT 0.00,
  `cgstAmount` decimal(15,2) DEFAULT 0.00,
  `sgstAmount` decimal(15,2) DEFAULT 0.00,
  `igstAmount` decimal(15,2) DEFAULT 0.00,
  `totalAmount` decimal(15,2) DEFAULT 0.00,
  `remarks` text DEFAULT NULL,
  `creditNoteStatus` enum('Draft','Approved','Adjusted','Cancelled') DEFAULT 'Draft',
  `createdBy` int(11) DEFAULT NULL,
  `status` tinyint(4) DEFAULT 1,
  `created` datetime DEFAULT current_timestamp(),
  PRIMARY KEY (`creditNoteID`),
  UNIQUE KEY `creditNoteNo` (`creditNoteNo`),
  KEY `distributorID` (`distributorID`),
  KEY `invoiceID` (`invoiceID`),
  CONSTRAINT `mx_b2b_credit_note_ibfk_1` FOREIGN KEY (`distributorID`) REFERENCES `mx_distributor` (`distributorID`),
  CONSTRAINT `mx_b2b_credit_note_ibfk_2` FOREIGN KEY (`invoiceID`) REFERENCES `mx_b2b_invoice` (`invoiceID`)
) ENGINE=InnoDB DEFAULT CHARSET=utf8mb4 COLLATE=utf8mb4_unicode_ci;
/*!40101 SET character_set_client = @saved_cs_client */;

--
-- Dumping data for table `mx_b2b_credit_note`
--

LOCK TABLES `mx_b2b_credit_note` WRITE;
/*!40000 ALTER TABLE `mx_b2b_credit_note` DISABLE KEYS */;
/*!40000 ALTER TABLE `mx_b2b_credit_note` ENABLE KEYS */;
UNLOCK TABLES;

--
-- Table structure for table `mx_b2b_invoice`
--

DROP TABLE IF EXISTS `mx_b2b_invoice`;
/*!40101 SET @saved_cs_client     = @@character_set_client */;
/*!40101 SET character_set_client = utf8 */;
CREATE TABLE `mx_b2b_invoice` (
  `invoiceID` int(11) NOT NULL AUTO_INCREMENT,
  `invoiceNo` varchar(50) NOT NULL,
  `invoiceDate` date NOT NULL,
  `orderID` int(11) DEFAULT NULL,
  `distributorID` int(11) NOT NULL,
  `distributorName` varchar(200) DEFAULT NULL,
  `distributorGSTIN` varchar(15) DEFAULT NULL,
  `distributorAddress` text DEFAULT NULL,
  `distributorState` varchar(100) DEFAULT NULL,
  `distributorStateCode` varchar(2) DEFAULT NULL,
  `warehouseID` int(11) DEFAULT NULL,
  `sellerGSTIN` varchar(15) DEFAULT NULL,
  `sellerAddress` text DEFAULT NULL,
  `sellerState` varchar(100) DEFAULT NULL,
  `sellerStateCode` varchar(2) DEFAULT NULL,
  `shippingAddress` text DEFAULT NULL,
  `shippingCity` varchar(100) DEFAULT NULL,
  `shippingState` varchar(100) DEFAULT NULL,
  `shippingPincode` varchar(6) DEFAULT NULL,
  `subtotal` decimal(15,2) DEFAULT 0.00,
  `discountAmount` decimal(15,2) DEFAULT 0.00,
  `taxableAmount` decimal(15,2) DEFAULT 0.00,
  `cgstAmount` decimal(15,2) DEFAULT 0.00,
  `sgstAmount` decimal(15,2) DEFAULT 0.00,
  `igstAmount` decimal(15,2) DEFAULT 0.00,
  `cessAmount` decimal(15,2) DEFAULT 0.00,
  `roundOff` decimal(10,2) DEFAULT 0.00,
  `totalAmount` decimal(15,2) DEFAULT 0.00,
  `amountInWords` varchar(500) DEFAULT NULL,
  `paymentTerms` varchar(100) DEFAULT NULL,
  `dueDate` date DEFAULT NULL,
  `paidAmount` decimal(15,2) DEFAULT 0.00,
  `balanceAmount` decimal(15,2) DEFAULT 0.00,
  `eWayBillNo` varchar(20) DEFAULT NULL,
  `eWayBillDate` date DEFAULT NULL,
  `transporterID` varchar(20) DEFAULT NULL,
  `vehicleNo` varchar(20) DEFAULT NULL,
  `invoiceStatus` enum('Draft','Generated','Sent','Partially Paid','Paid','Overdue','Cancelled') DEFAULT 'Draft',
  `irnNo` varchar(100) DEFAULT NULL,
  `irnDate` datetime DEFAULT NULL,
  `qrCode` text DEFAULT NULL,
  `remarks` text DEFAULT NULL,
  `createdBy` int(11) DEFAULT NULL,
  `status` tinyint(4) DEFAULT 1,
  `created` datetime DEFAULT current_timestamp(),
  PRIMARY KEY (`invoiceID`),
  UNIQUE KEY `invoiceNo` (`invoiceNo`),
  KEY `orderID` (`orderID`),
  KEY `distributorID` (`distributorID`),
  KEY `idx_invoice_date` (`invoiceDate`),
  KEY `idx_invoice_status` (`invoiceStatus`),
  KEY `idx_due_date` (`dueDate`),
  CONSTRAINT `mx_b2b_invoice_ibfk_1` FOREIGN KEY (`orderID`) REFERENCES `mx_b2b_sales_order` (`orderID`),
  CONSTRAINT `mx_b2b_invoice_ibfk_2` FOREIGN KEY (`distributorID`) REFERENCES `mx_distributor` (`distributorID`)
) ENGINE=InnoDB AUTO_INCREMENT=7 DEFAULT CHARSET=utf8mb4 COLLATE=utf8mb4_unicode_ci;
/*!40101 SET character_set_client = @saved_cs_client */;

--
-- Dumping data for table `mx_b2b_invoice`
--

LOCK TABLES `mx_b2b_invoice` WRITE;
/*!40000 ALTER TABLE `mx_b2b_invoice` DISABLE KEYS */;
INSERT INTO `mx_b2b_invoice` VALUES (1,'INV-2024-0089','2025-12-27',3,1,'Sharma Traders','27AABCS1234H1ZX',NULL,NULL,NULL,1,NULL,NULL,NULL,NULL,NULL,NULL,NULL,NULL,63500.00,0.00,62500.00,5715.00,5715.00,0.00,0.00,0.00,74930.00,NULL,NULL,'2026-01-26',40000.00,34930.00,NULL,NULL,NULL,NULL,'Partially Paid',NULL,NULL,NULL,NULL,NULL,1,'2025-12-29 00:38:15'),(2,'INV-2024-0088','2025-12-24',4,4,'Delhi Iron Works','07AABCD3456E4ZA',NULL,NULL,NULL,1,NULL,NULL,NULL,NULL,NULL,NULL,NULL,NULL,228500.00,0.00,225000.00,20565.00,20565.00,0.00,0.00,0.00,269630.00,NULL,NULL,'2026-01-08',265500.00,4130.00,NULL,NULL,NULL,NULL,'Paid',NULL,NULL,NULL,NULL,NULL,1,'2025-12-29 00:38:15'),(3,'INV-2024-0087','2025-12-22',5,5,'Southern Steel Supplies','33AABCS7890D5ZB',NULL,NULL,NULL,1,NULL,NULL,NULL,NULL,NULL,NULL,NULL,NULL,181000.00,0.00,180000.00,16290.00,16290.00,0.00,0.00,0.00,213580.00,NULL,NULL,'2026-02-20',100000.00,113580.00,NULL,NULL,NULL,NULL,'Partially Paid',NULL,NULL,NULL,NULL,NULL,1,'2025-12-29 00:38:15'),(4,'INV-2024-0086','2025-12-14',NULL,2,'Patel Enterprises','27AABCP5678G2ZY',NULL,NULL,NULL,1,NULL,NULL,NULL,NULL,NULL,NULL,NULL,NULL,96500.00,0.00,95000.00,8685.00,8685.00,0.00,0.00,0.00,113870.00,NULL,NULL,'2025-12-24',50000.00,63870.00,NULL,NULL,NULL,NULL,'Overdue',NULL,NULL,NULL,NULL,NULL,1,'2025-12-29 00:38:15'),(5,'INV-2024-0085','2025-12-09',NULL,3,'Gujarat Steel Corp','24AABCG9012F3ZZ',NULL,NULL,NULL,1,NULL,NULL,NULL,NULL,NULL,NULL,NULL,NULL,282200.00,0.00,280000.00,25398.00,25398.00,0.00,0.00,0.00,332996.00,NULL,NULL,'2025-12-19',0.00,332996.00,NULL,NULL,NULL,NULL,'Overdue',NULL,NULL,NULL,NULL,NULL,1,'2025-12-29 00:38:15'),(6,'INV-2024-0084','2025-12-04',NULL,1,'Sharma Traders','27AABCS1234H1ZX',NULL,NULL,NULL,1,NULL,NULL,NULL,NULL,NULL,NULL,NULL,NULL,145000.00,0.00,145000.00,13050.00,13050.00,0.00,0.00,0.00,171100.00,NULL,NULL,'2025-12-26',171100.00,0.00,NULL,NULL,NULL,NULL,'Paid',NULL,NULL,NULL,NULL,NULL,1,'2025-12-29 00:38:15');
/*!40000 ALTER TABLE `mx_b2b_invoice` ENABLE KEYS */;
UNLOCK TABLES;

--
-- Table structure for table `mx_b2b_invoice_item`
--

DROP TABLE IF EXISTS `mx_b2b_invoice_item`;
/*!40101 SET @saved_cs_client     = @@character_set_client */;
/*!40101 SET character_set_client = utf8 */;
CREATE TABLE `mx_b2b_invoice_item` (
  `itemID` int(11) NOT NULL AUTO_INCREMENT,
  `invoiceID` int(11) NOT NULL,
  `orderItemID` int(11) DEFAULT NULL,
  `productID` int(11) NOT NULL,
  `productSKU` varchar(50) DEFAULT NULL,
  `productName` varchar(255) DEFAULT NULL,
  `hsnCode` varchar(20) DEFAULT NULL,
  `quantity` decimal(10,2) NOT NULL,
  `uom` varchar(20) DEFAULT NULL,
  `unitPrice` decimal(15,2) NOT NULL,
  `discountPercent` decimal(5,2) DEFAULT 0.00,
  `discountAmount` decimal(15,2) DEFAULT 0.00,
  `taxableAmount` decimal(15,2) DEFAULT 0.00,
  `gstRate` decimal(5,2) DEFAULT 18.00,
  `cgstAmount` decimal(15,2) DEFAULT 0.00,
  `sgstAmount` decimal(15,2) DEFAULT 0.00,
  `igstAmount` decimal(15,2) DEFAULT 0.00,
  `totalAmount` decimal(15,2) DEFAULT 0.00,
  `status` tinyint(4) DEFAULT 1,
  PRIMARY KEY (`itemID`),
  KEY `invoiceID` (`invoiceID`),
  CONSTRAINT `mx_b2b_invoice_item_ibfk_1` FOREIGN KEY (`invoiceID`) REFERENCES `mx_b2b_invoice` (`invoiceID`) ON DELETE CASCADE
) ENGINE=InnoDB AUTO_INCREMENT=17 DEFAULT CHARSET=utf8mb4 COLLATE=utf8mb4_unicode_ci;
/*!40101 SET character_set_client = @saved_cs_client */;

--
-- Dumping data for table `mx_b2b_invoice_item`
--

LOCK TABLES `mx_b2b_invoice_item` WRITE;
/*!40000 ALTER TABLE `mx_b2b_invoice_item` DISABLE KEYS */;
INSERT INTO `mx_b2b_invoice_item` VALUES (1,1,NULL,1,'BP-VERTEX-04','Bullpadel Vertex 04 Comfort','72163300',2.00,'Pcs',18500.00,0.00,0.00,37000.00,18.00,3330.00,3330.00,0.00,43660.00,1),(2,1,NULL,4,'BP-BAG-PRO','Bullpadel Pro Racket Bag','73041110',4.00,'Pcs',4500.00,0.00,0.00,18000.00,18.00,1620.00,1620.00,0.00,21240.00,1),(3,1,NULL,5,'BP-BALL-3P','Bullpadel Premium Balls (3 Pack)','73041910',10.00,'Pcs',850.00,0.00,0.00,8500.00,18.00,765.00,765.00,0.00,10030.00,1),(4,2,NULL,2,'BP-HACK-03','Bullpadel Hack 03 CTR','73069011',6.00,'Pcs',22000.00,0.00,0.00,132000.00,18.00,11880.00,11880.00,0.00,155760.00,1),(5,2,NULL,3,'BP-FLOW-LT','Bullpadel Flow Light Racket','72163100',5.00,'Pcs',12500.00,0.00,0.00,62500.00,18.00,5625.00,5625.00,0.00,73750.00,1),(6,2,NULL,5,'BP-BALL-3P','Bullpadel Premium Balls (3 Pack)','73041910',40.00,'Pcs',850.00,0.00,0.00,34000.00,18.00,3060.00,3060.00,0.00,40120.00,1),(7,3,NULL,1,'BP-VERTEX-04','Bullpadel Vertex 04 Comfort','72163300',5.00,'Pcs',18500.00,0.00,0.00,92500.00,18.00,8325.00,8325.00,0.00,109150.00,1),(8,3,NULL,2,'BP-HACK-03','Bullpadel Hack 03 CTR','73069011',3.00,'Pcs',22000.00,0.00,0.00,66000.00,18.00,5940.00,5940.00,0.00,77880.00,1),(9,3,NULL,4,'BP-BAG-PRO','Bullpadel Pro Racket Bag','73041110',5.00,'Pcs',4500.00,0.00,0.00,22500.00,18.00,2025.00,2025.00,0.00,26550.00,1),(10,4,NULL,3,'BP-FLOW-LT','Bullpadel Flow Light Racket','72163100',6.00,'Pcs',12500.00,0.00,0.00,75000.00,18.00,6750.00,6750.00,0.00,88500.00,1),(11,4,NULL,5,'BP-BALL-3P','Bullpadel Premium Balls (3 Pack)','73041910',20.00,'Pcs',850.00,0.00,0.00,17000.00,18.00,1530.00,1530.00,0.00,20060.00,1),(12,4,NULL,4,'BP-BAG-PRO','Bullpadel Pro Racket Bag','73041110',1.00,'Pcs',4500.00,0.00,0.00,4500.00,18.00,405.00,405.00,0.00,5310.00,1),(13,5,NULL,1,'BP-VERTEX-04','Bullpadel Vertex 04 Comfort','72163300',8.00,'Pcs',18500.00,0.00,0.00,148000.00,18.00,13320.00,13320.00,0.00,174640.00,1),(14,5,NULL,2,'BP-HACK-03','Bullpadel Hack 03 CTR','73069011',4.00,'Pcs',22000.00,0.00,0.00,88000.00,18.00,7920.00,7920.00,0.00,103840.00,1),(15,5,NULL,4,'BP-BAG-PRO','Bullpadel Pro Racket Bag','73041110',8.00,'Pcs',4500.00,0.00,0.00,36000.00,18.00,3240.00,3240.00,0.00,42480.00,1),(16,5,NULL,5,'BP-BALL-3P','Bullpadel Premium Balls (3 Pack)','73041910',12.00,'Pcs',850.00,0.00,0.00,10200.00,18.00,918.00,918.00,0.00,12036.00,1);
/*!40000 ALTER TABLE `mx_b2b_invoice_item` ENABLE KEYS */;
UNLOCK TABLES;

--
-- Table structure for table `mx_b2b_payment`
--

DROP TABLE IF EXISTS `mx_b2b_payment`;
/*!40101 SET @saved_cs_client     = @@character_set_client */;
/*!40101 SET character_set_client = utf8 */;
CREATE TABLE `mx_b2b_payment` (
  `paymentID` int(11) NOT NULL AUTO_INCREMENT,
  `paymentNo` varchar(50) NOT NULL,
  `paymentDate` date NOT NULL,
  `distributorID` int(11) NOT NULL,
  `paymentMode` enum('Cash','Cheque','NEFT','RTGS','IMPS','UPI','Credit Note','Adjustment') DEFAULT 'NEFT',
  `amount` decimal(15,2) NOT NULL,
  `bankName` varchar(100) DEFAULT NULL,
  `chequeNo` varchar(20) DEFAULT NULL,
  `chequeDate` date DEFAULT NULL,
  `transactionRef` varchar(100) DEFAULT NULL,
  `allocatedAmount` decimal(15,2) DEFAULT 0.00,
  `unallocatedAmount` decimal(15,2) DEFAULT 0.00,
  `remarks` text DEFAULT NULL,
  `paymentStatus` enum('Pending','Cleared','Bounced','Cancelled') DEFAULT 'Cleared',
  `createdBy` int(11) DEFAULT NULL,
  `status` tinyint(4) DEFAULT 1,
  `created` datetime DEFAULT current_timestamp(),
  PRIMARY KEY (`paymentID`),
  UNIQUE KEY `paymentNo` (`paymentNo`),
  KEY `distributorID` (`distributorID`),
  KEY `idx_payment_date` (`paymentDate`),
  CONSTRAINT `mx_b2b_payment_ibfk_1` FOREIGN KEY (`distributorID`) REFERENCES `mx_distributor` (`distributorID`)
) ENGINE=InnoDB AUTO_INCREMENT=7 DEFAULT CHARSET=utf8mb4 COLLATE=utf8mb4_unicode_ci;
/*!40101 SET character_set_client = @saved_cs_client */;

--
-- Dumping data for table `mx_b2b_payment`
--

LOCK TABLES `mx_b2b_payment` WRITE;
/*!40000 ALTER TABLE `mx_b2b_payment` DISABLE KEYS */;
INSERT INTO `mx_b2b_payment` VALUES (1,'PAY-2024-0045','2025-12-29',1,'NEFT',40000.00,'HDFC Bank',NULL,NULL,'NEFT123456789',40000.00,0.00,NULL,'Cleared',NULL,1,'2025-12-29 00:38:31'),(2,'PAY-2024-0044','2025-12-26',4,'RTGS',265500.00,'ICICI Bank',NULL,NULL,'RTGS987654321',265500.00,0.00,NULL,'Cleared',NULL,1,'2025-12-29 00:38:31'),(3,'PAY-2024-0043','2025-12-24',5,'UPI',100000.00,NULL,NULL,NULL,'southernsteel@upi',100000.00,0.00,NULL,'Cleared',NULL,1,'2025-12-29 00:38:31'),(4,'PAY-2024-0042','2025-12-22',2,'Cheque',50000.00,'SBI','CHQ-445678',NULL,NULL,50000.00,0.00,NULL,'Cleared',NULL,1,'2025-12-29 00:38:31'),(5,'PAY-2024-0041','2025-12-19',1,'NEFT',171100.00,'HDFC Bank',NULL,NULL,'NEFT111222333',171100.00,0.00,NULL,'Cleared',NULL,1,'2025-12-29 00:38:31'),(6,'PAY-2024-0040','2025-12-27',3,'Cheque',150000.00,'Bank of Baroda','CHQ-778899',NULL,NULL,0.00,150000.00,NULL,'Pending',NULL,1,'2025-12-29 00:38:31');
/*!40000 ALTER TABLE `mx_b2b_payment` ENABLE KEYS */;
UNLOCK TABLES;

--
-- Table structure for table `mx_b2b_payment_allocation`
--

DROP TABLE IF EXISTS `mx_b2b_payment_allocation`;
/*!40101 SET @saved_cs_client     = @@character_set_client */;
/*!40101 SET character_set_client = utf8 */;
CREATE TABLE `mx_b2b_payment_allocation` (
  `allocationID` int(11) NOT NULL AUTO_INCREMENT,
  `paymentID` int(11) NOT NULL,
  `invoiceID` int(11) NOT NULL,
  `allocatedAmount` decimal(15,2) NOT NULL,
  `allocationDate` date NOT NULL,
  `status` tinyint(4) DEFAULT 1,
  PRIMARY KEY (`allocationID`),
  KEY `paymentID` (`paymentID`),
  KEY `invoiceID` (`invoiceID`),
  CONSTRAINT `mx_b2b_payment_allocation_ibfk_1` FOREIGN KEY (`paymentID`) REFERENCES `mx_b2b_payment` (`paymentID`),
  CONSTRAINT `mx_b2b_payment_allocation_ibfk_2` FOREIGN KEY (`invoiceID`) REFERENCES `mx_b2b_invoice` (`invoiceID`)
) ENGINE=InnoDB DEFAULT CHARSET=utf8mb4 COLLATE=utf8mb4_unicode_ci;
/*!40101 SET character_set_client = @saved_cs_client */;

--
-- Dumping data for table `mx_b2b_payment_allocation`
--

LOCK TABLES `mx_b2b_payment_allocation` WRITE;
/*!40000 ALTER TABLE `mx_b2b_payment_allocation` DISABLE KEYS */;
/*!40000 ALTER TABLE `mx_b2b_payment_allocation` ENABLE KEYS */;
UNLOCK TABLES;

--
-- Table structure for table `mx_b2b_sales_order`
--

DROP TABLE IF EXISTS `mx_b2b_sales_order`;
/*!40101 SET @saved_cs_client     = @@character_set_client */;
/*!40101 SET character_set_client = utf8 */;
CREATE TABLE `mx_b2b_sales_order` (
  `orderID` int(11) NOT NULL AUTO_INCREMENT,
  `orderNo` varchar(50) NOT NULL,
  `orderDate` date NOT NULL,
  `distributorID` int(11) NOT NULL,
  `distributorName` varchar(200) DEFAULT NULL,
  `distributorGSTIN` varchar(15) DEFAULT NULL,
  `billingAddress` text DEFAULT NULL,
  `shippingAddress` text DEFAULT NULL,
  `warehouseID` int(11) NOT NULL,
  `subtotal` decimal(15,2) DEFAULT 0.00,
  `discountAmount` decimal(15,2) DEFAULT 0.00,
  `taxableAmount` decimal(15,2) DEFAULT 0.00,
  `cgstAmount` decimal(15,2) DEFAULT 0.00,
  `sgstAmount` decimal(15,2) DEFAULT 0.00,
  `igstAmount` decimal(15,2) DEFAULT 0.00,
  `roundOff` decimal(10,2) DEFAULT 0.00,
  `totalAmount` decimal(15,2) DEFAULT 0.00,
  `paymentTerms` varchar(100) DEFAULT NULL,
  `dueDate` date DEFAULT NULL,
  `orderStatus` enum('Draft','Confirmed','Processing','Partially Shipped','Shipped','Delivered','Cancelled') DEFAULT 'Draft',
  `paymentStatus` enum('Pending','Partial','Paid','Overdue') DEFAULT 'Pending',
  `poNumber` varchar(50) DEFAULT NULL,
  `poDate` date DEFAULT NULL,
  `remarks` text DEFAULT NULL,
  `internalNotes` text DEFAULT NULL,
  `createdBy` int(11) DEFAULT NULL,
  `approvedBy` int(11) DEFAULT NULL,
  `approvedDate` datetime DEFAULT NULL,
  `status` tinyint(4) DEFAULT 1,
  `created` datetime DEFAULT current_timestamp(),
  `modified` datetime DEFAULT NULL ON UPDATE current_timestamp(),
  PRIMARY KEY (`orderID`),
  UNIQUE KEY `orderNo` (`orderNo`),
  KEY `distributorID` (`distributorID`),
  KEY `warehouseID` (`warehouseID`),
  KEY `idx_order_date` (`orderDate`),
  KEY `idx_order_status` (`orderStatus`),
  KEY `idx_payment_status` (`paymentStatus`),
  CONSTRAINT `mx_b2b_sales_order_ibfk_1` FOREIGN KEY (`distributorID`) REFERENCES `mx_distributor` (`distributorID`),
  CONSTRAINT `mx_b2b_sales_order_ibfk_2` FOREIGN KEY (`warehouseID`) REFERENCES `mx_warehouse` (`warehouseID`)
) ENGINE=InnoDB AUTO_INCREMENT=7 DEFAULT CHARSET=utf8mb4 COLLATE=utf8mb4_unicode_ci;
/*!40101 SET character_set_client = @saved_cs_client */;

--
-- Dumping data for table `mx_b2b_sales_order`
--

LOCK TABLES `mx_b2b_sales_order` WRITE;
/*!40000 ALTER TABLE `mx_b2b_sales_order` DISABLE KEYS */;
INSERT INTO `mx_b2b_sales_order` VALUES (1,'SO-2024-0123','2025-12-29',1,'Sharma Traders','27AABCS1234H1ZX',NULL,NULL,1,150000.00,0.00,150000.00,13500.00,13500.00,0.00,0.00,177000.00,NULL,NULL,'Confirmed','Pending',NULL,NULL,NULL,NULL,NULL,NULL,NULL,1,'2025-12-29 00:37:51',NULL),(2,'SO-2024-0122','2025-12-28',2,'Patel Enterprises','27AABCP5678G2ZY',NULL,NULL,1,85000.00,0.00,85000.00,7650.00,7650.00,0.00,0.00,100300.00,NULL,NULL,'Processing','Pending',NULL,NULL,NULL,NULL,NULL,NULL,NULL,1,'2025-12-29 00:37:51',NULL),(3,'SO-2024-0121','2025-12-27',1,'Sharma Traders','27AABCS1234H1ZX',NULL,NULL,2,62500.00,0.00,62500.00,5625.00,5625.00,0.00,0.00,73750.00,NULL,NULL,'Shipped','Partial',NULL,NULL,NULL,NULL,NULL,NULL,NULL,1,'2025-12-29 00:37:51',NULL),(4,'SO-2024-0120','2025-12-24',4,'Delhi Iron Works','07AABCD3456E4ZA',NULL,NULL,1,225000.00,0.00,225000.00,0.00,0.00,0.00,0.00,265500.00,NULL,NULL,'Delivered','Paid',NULL,NULL,NULL,NULL,NULL,NULL,NULL,1,'2025-12-29 00:37:51',NULL),(5,'SO-2024-0119','2025-12-22',5,'Southern Steel Supplies','33AABCS7890D5ZB',NULL,NULL,1,180000.00,0.00,180000.00,0.00,0.00,0.00,0.00,212400.00,NULL,NULL,'Delivered','Partial',NULL,NULL,NULL,NULL,NULL,NULL,NULL,1,'2025-12-29 00:37:51',NULL),(6,'SO-2024-0118','2025-12-19',3,'Gujarat Steel Corp','24AABCG9012F3ZZ',NULL,NULL,1,320000.00,0.00,320000.00,0.00,0.00,0.00,0.00,377600.00,NULL,NULL,'Processing','Pending',NULL,NULL,NULL,NULL,NULL,NULL,NULL,1,'2025-12-29 00:37:51',NULL);
/*!40000 ALTER TABLE `mx_b2b_sales_order` ENABLE KEYS */;
UNLOCK TABLES;

--
-- Table structure for table `mx_b2b_sales_order_item`
--

DROP TABLE IF EXISTS `mx_b2b_sales_order_item`;
/*!40101 SET @saved_cs_client     = @@character_set_client */;
/*!40101 SET character_set_client = utf8 */;
CREATE TABLE `mx_b2b_sales_order_item` (
  `itemID` int(11) NOT NULL AUTO_INCREMENT,
  `orderID` int(11) NOT NULL,
  `productID` int(11) NOT NULL,
  `productSKU` varchar(50) DEFAULT NULL,
  `productName` varchar(255) DEFAULT NULL,
  `hsnCode` varchar(20) DEFAULT NULL,
  `quantity` decimal(10,2) NOT NULL,
  `uom` varchar(20) DEFAULT NULL,
  `shippedQty` decimal(10,2) DEFAULT 0.00,
  `unitPrice` decimal(15,2) NOT NULL,
  `discountPercent` decimal(5,2) DEFAULT 0.00,
  `discountAmount` decimal(15,2) DEFAULT 0.00,
  `taxableAmount` decimal(15,2) DEFAULT 0.00,
  `gstRate` decimal(5,2) DEFAULT 18.00,
  `cgstAmount` decimal(15,2) DEFAULT 0.00,
  `sgstAmount` decimal(15,2) DEFAULT 0.00,
  `igstAmount` decimal(15,2) DEFAULT 0.00,
  `totalAmount` decimal(15,2) DEFAULT 0.00,
  `status` tinyint(4) DEFAULT 1,
  PRIMARY KEY (`itemID`),
  KEY `orderID` (`orderID`),
  CONSTRAINT `mx_b2b_sales_order_item_ibfk_1` FOREIGN KEY (`orderID`) REFERENCES `mx_b2b_sales_order` (`orderID`) ON DELETE CASCADE
) ENGINE=InnoDB DEFAULT CHARSET=utf8mb4 COLLATE=utf8mb4_unicode_ci;
/*!40101 SET character_set_client = @saved_cs_client */;

--
-- Dumping data for table `mx_b2b_sales_order_item`
--

LOCK TABLES `mx_b2b_sales_order_item` WRITE;
/*!40000 ALTER TABLE `mx_b2b_sales_order_item` DISABLE KEYS */;
/*!40000 ALTER TABLE `mx_b2b_sales_order_item` ENABLE KEYS */;
UNLOCK TABLES;

--
-- Table structure for table `mx_category`
--

DROP TABLE IF EXISTS `mx_category`;
/*!40101 SET @saved_cs_client     = @@character_set_client */;
/*!40101 SET character_set_client = utf8 */;
CREATE TABLE `mx_category` (
  `categoryID` int(11) NOT NULL AUTO_INCREMENT,
  `parentCategoryID` int(11) DEFAULT NULL,
  `categoryTitle` varchar(255) DEFAULT NULL,
  `currentStock` int(11) DEFAULT 0,
  `status` tinyint(1) NOT NULL DEFAULT 1,
  `dateAdded` datetime NOT NULL,
  `dateModified` datetime NOT NULL,
  PRIMARY KEY (`categoryID`)
) ENGINE=InnoDB AUTO_INCREMENT=6 DEFAULT CHARSET=utf8 COLLATE=utf8_general_ci;
/*!40101 SET character_set_client = @saved_cs_client */;

--
-- Dumping data for table `mx_category`
--

LOCK TABLES `mx_category` WRITE;
/*!40000 ALTER TABLE `mx_category` DISABLE KEYS */;
INSERT INTO `mx_category` VALUES (1,0,'Motor',0,1,'2024-03-25 15:19:31','2024-03-25 15:19:31'),(2,0,'Pump',0,1,'2024-03-25 15:20:01','2024-03-25 15:20:01'),(5,2,'new pump',0,1,'2024-04-19 19:56:46','2024-04-19 19:56:46');
/*!40000 ALTER TABLE `mx_category` ENABLE KEYS */;
UNLOCK TABLES;

--
-- Table structure for table `mx_contact_us`
--

DROP TABLE IF EXISTS `mx_contact_us`;
/*!40101 SET @saved_cs_client     = @@character_set_client */;
/*!40101 SET character_set_client = utf8 */;
CREATE TABLE `mx_contact_us` (
  `userID` int(11) NOT NULL AUTO_INCREMENT,
  `modType` int(11) NOT NULL DEFAULT 0 COMMENT '1=motor,2=pump,3=automation,4=Other',
  `categoryTitle` varchar(150) DEFAULT NULL,
  `productTitle` varchar(150) DEFAULT NULL,
  `userName` varchar(100) DEFAULT NULL,
  `userLastName` varchar(100) DEFAULT NULL,
  `userEmail` varchar(100) DEFAULT NULL,
  `userMobile` varchar(20) DEFAULT NULL,
  `userSubject` varchar(150) DEFAULT NULL,
  `userMessage` text DEFAULT NULL,
  `status` tinyint(1) NOT NULL DEFAULT 1,
  PRIMARY KEY (`userID`)
) ENGINE=InnoDB AUTO_INCREMENT=66 DEFAULT CHARSET=utf8mb4 COLLATE=utf8mb4_general_ci;
/*!40101 SET character_set_client = @saved_cs_client */;

--
-- Dumping data for table `mx_contact_us`
--

LOCK TABLES `mx_contact_us` WRITE;
/*!40000 ALTER TABLE `mx_contact_us` DISABLE KEYS */;
INSERT INTO `mx_contact_us` VALUES (1,1,'Safe Area Single Phase AC Motor','sample motor1','tester','tester','testing@gmail.com',NULL,'tester','tester',0),(2,1,'Safe Area Single Phase AC Motor','sample motor1','tester','tester','testing@gmail.com',NULL,'tester','vbtester',0),(3,3,'Automation 1','Automation seven','tester','tester','testing@gmail.com',NULL,'tester','tester',0),(4,1,'Safe Area Single Phase AC Motor','sample motor1','kjh','kj','chandrakant.p@maxdigi.com',NULL,'k','k',0),(5,3,'Automation 1','Automation four','v',' v','chandrakant.p@maxdigi.com',NULL,'no','v',0),(6,4,NULL,NULL,'ganesh','testing','tesh@gmail.com',NULL,'testing','test',0),(7,3,'Automation Two','Automation six','tesing','testing','testing@gmail.com',NULL,'testing','cbbf',0),(8,4,NULL,NULL,'ganesh','testing','testing@gmail.com',NULL,'testing','testing',0),(9,4,NULL,NULL,'testing','testing','testing@gmail.com',NULL,'testing','testing',0),(10,4,NULL,NULL,'shahbaj','testing','testing@gmail.com',NULL,'testing','testing',0),(11,1,'DC Motor 3','Motors for Hazardous Area (LV)','ganesh','testing','testing@gmail.com',NULL,'testing','tesing',0),(12,1,'DC Motor 3','Motors for Hazardous Area (LV)','ganesh','testing','testing@gmail.com',NULL,'testing','testing',0),(13,2,'Agricultural Pump','Centrifugal Monoset Pumps','ganesh','testing','testing@gmail.com',NULL,'testing','testing',0),(14,3,'Automation 1','Automation five','testing','testing','testing@gmail.com',NULL,'testing','testing',0),(15,1,'Safe Area Single Phase AC Motor','sample motor1','chandrakant.p','pawar','chandrakant.p@maxdigi.com',NULL,'no','e',0),(16,1,'Safe Area Single Phase AC Motor','sample motor1','e','e','chandrakant.p@maxdigi.com',NULL,'e','e',0),(17,1,'Safe Area Single Phase AC Motor','sample motor1','dfg','er','chandrakant.p@maxdigi.com',NULL,'rer','er',0),(18,4,NULL,NULL,'testing','testing','testing@gmail.com',NULL,'testing','testin',0),(19,2,'Compressor Pump','V-9 Water Filled Motor','testing','testing','testing@gmail.com',NULL,'testing','ttt',0),(20,4,NULL,NULL,'Sagar','Pawar','sagar@p.com',NULL,'Required demo of XYZ product','We need a demo of XYZ product and details product feature understanding. ',0),(21,4,NULL,NULL,'sss','ada','sadsad@aa',NULL,'asdsad','asdsdsadsad',0),(22,4,NULL,NULL,'de','ok','longmessage.com',NULL,'long message','okokoookokokkkkkokokokoookokokkkkkokokokoookokokkkkkokokokoookokokkkkkokokokoookokokkkkkokokokoookokokkkkkokokokoookokokkkkkokokokoookokokkkkkokokokoookokokkkkkokokokoookokokkkkkokokokoookokokkkkkokokokoookokokkkkkokokokoookokokkkkkokokokoookokokkkkkokokokoookokokkkkkokokokoookokokkkkkokokokoookokokkkkkokokokoookokokkkkkokokokoookokokkkkkokokokoookokokkkkkokokokoookokokkkkkokokokoookokokkkkkokokokoookokokkkkkokokokoookokokkkkkokokokoookokokkkkkokokokoookokokkkkkokokokoookokokkkkkokokokoookokokkkkkokokokoookokokkkkkokokokoookokokkkkkokokokoookokokkkkkokokokoookokokkkkkokokokoookokokkkkkokokokoookokokkkkkokokokoookokokkkkkokokokoookokokkkkkokokokoookokokkkkkokokokoookokokkkkkokokokoookokokkkkkokokokoookokokkkkkokokokoookokokkkkkokokokoookokokkkkkokokokoookokokkkkkokokokoookokokkkkkokokokoookokokkkkkokokokoookokokkkkkokokokoookokokkkkkokokokoookokokkkkkokokokoookokokkkkkokokokoookokokkkkkokokokoookokokkkkkokokokoookokokkkkkokokokoookokokkkkkokokokoookokokkkkkokokokoookokokkkkkokokokoookokokkkkkokokokoookokokkkkkokokokoookokokkkkkokokokoookokokkkkkokokokoookokokkkkkokokokoookokokkkkkokokokoookokokkkkkokokokoookokokkkkkokokokoookokokkkkkokokokoookokokkkkkokokokoookokokkkkkokokokoookokokkkkkokokokoookokokkkkkokokokoookokokkkkkokokokoookokokkkkkokokokoookokokkkkkokokokoookokokkkkkokokokoookokokkkkkokokokoookokokkkkkokokokoookokokkkkkokokokoookokokkkkkokokokoookokokkkkkokokokoookokokkkkkokokokoookokokkkkkokokokoookokokkkkkokokokoookokokkkkkokokokoookokokkkkkokokokoookokokkkkkokokokoookokokkkkkokokokoookokokkkkkokokokoookokokkkkkok',0),(23,4,NULL,NULL,'d','d','chandrakant.p@maxdigi.com',NULL,'ds','fg',0),(24,4,NULL,NULL,'sd','sd','chandrakant.p@maxdigi.com',NULL,'sd','ss',0),(25,4,NULL,NULL,'d','df','chandrakant.p@maxdigi.com',NULL,'df','df',0),(26,2,'Residential Pumps','V-4 Water filled Motor','ganesh','testing','testing@gmail.com',NULL,'testing','Testing',0),(27,4,NULL,NULL,'ganesh','testing','testing@gmail.com',NULL,'testing','Testing',0),(28,4,NULL,NULL,'ganesh','testing','testing@gmail.com',NULL,'testing','Testing',0),(29,4,NULL,NULL,'James Ian',' Blenkinsopp','info@upolimited.com',NULL,'REQUEST FOR QUOTATION','Dear Sir / Madam,\r\nGreetings\r\nU-POL LIMITED is a leading business to business services, trading and distribution company based in the United Kingdom\r\n\r\nWe are currently sourcing for a long-term suitable supplier and find your company fit for business, so we suggest doing business with you on a long-term business corporation,\r\n\r\nWe hereby request quotations of the listed product below from your esteemed company,\r\n\r\n1- 37 kW Motor (50 HP) Three Phase Cast Iron Motor\r\nMotor Poles: 4 poles\r\nSynchronous speed (rpm): 1477\r\nRated Voltage (Volts): 400/690 Volts\r\nWinding: Copper\r\nIEC Frame Size: 225 M\r\nMounting: Foot Mounted\r\nFrequency: 50 Hz\r\nQuantity: 120 pieces\r\n\r\nINCOTERM: CIF\r\nDESTINATION: MOMBASA PORT (KENYA)\r\n\r\nPlease feel free to Revert back to me if you need any further information in order to provide us with a firm price.\r\n\r\nWe look forward to hearing from you.\r\n\r\nThanks, and Best Regards,\r\nJames Ian Blenkinsopp\r\nProcurement Director\r\nU-POL LIMITED\r\nU-Pol Tech Centre Denington Road, Denington Industrial Estate,\r\nWellingborough, Northamptonshire, NN8 2QH  UNITED KINGDOM\r\nTel/ WattsApp:  +447404129216\r\nVAT No: GB232449670 / Registration number: 00464919',0),(55,4,NULL,NULL,' Nestor',' D.','pat@aneesho.com',NULL,'Design Work','Just wanted to ask if you would be interested in getting external help with graphic design? We do all design work like banners, advertisements, photo edits, logos, flyers, etc. for a fixed monthly fee. \r\n\r\nWe don\'t charge for each task. What kind of work do you need on a regular basis? Let me know and I\'ll share my portfolio with you.	\r\n   ',0),(56,4,NULL,NULL,'Yash','Chandrani','yashbeskkc@gmail.com',NULL,'Requirement of motor','Please quote 5 HP motor',0),(57,4,NULL,NULL,'Maksim','Radygin','radygin@szemospb.ru',NULL,'Request for 40 DC electric motor','Hello my name is Maksim, im engineer from Russia company SZEMO. I would like to collaborate with your company. We really need a batch of 40 DC motor (for 5.5kW) and has many requests for HV motor, squirrel cage motor, phase motor etc. Please contact to me by email.',0),(58,4,NULL,NULL,'Nourdine','Ali','contact@wearetranslating.com',NULL,'Career as a translation agency','Dear Bombay Engineering Syndicate,\r\n\r\nOur agency based in France is looking to help your company to provide electric motor solutions worldwide. You already know that language barrier is the primary hurdle standing out to communicate in another language.\r\n\r\nThis is why technical translation and proofreading is crucial in case you want to share your products worldwide with a better explanation and to succeed internationally.\r\n\r\nWe will offer you the best technical translators and proofreaders and cost-effective strategies to streamline the translation process.\r\n\r\nWe\'d be very glad to help you out, feel free to reach out via email or Whattsapp.\r\n\r\nHave a nice day !\r\n\r\nBest regards,\r\n\r\nFull name : Ali Nourdine\r\nCompany : WeAreTranslating\r\nPhone / Whattsapp : +33766429424\r\nWebsite : wearetranslating.com',0),(59,4,NULL,NULL,'Paritosh','Ajmera','paritosh.ajmera@gmail.com',NULL,NULL,'testing for google',0),(60,4,NULL,NULL,'Paritosh','Ajmera','paritosh.ajmera@gmail.com',NULL,NULL,'test google 2',0),(61,4,NULL,NULL,'Paritosh','Ajmera','paritosh.ajmera@gmail.com','9867212135',NULL,'google testing 3 ',0),(62,4,NULL,NULL,'T D FRAMJEE AND CO','T D FRAMJEE AND CO','paritosh.ajmera@gmail.com','9867212135',NULL,'eewgwegwegweg',0),(63,4,NULL,NULL,'Paritosh ','Ajmera','paritosh.ajmera@gmail.com','9867212135',NULL,'Fnsnfejdnrjdrj',0),(64,4,NULL,NULL,'T D FRAMJEE AND CO','T D FRAMJEE AND CO','paritosh.ajmera@gmail.com','9867212135',NULL,'hdfhgdfhdhrhtrherhertheheh',0),(65,2,'Centrifugal Monoset','MBG12(3PHASE)','paritosh','Ajmera','paritosh.ajmera@gmail.com',NULL,'Hi','MBG12 52 Agriculture',0);
/*!40000 ALTER TABLE `mx_contact_us` ENABLE KEYS */;
UNLOCK TABLES;

--
-- Table structure for table `mx_credit_debit`
--

DROP TABLE IF EXISTS `mx_credit_debit`;
/*!40101 SET @saved_cs_client     = @@character_set_client */;
/*!40101 SET character_set_client = utf8 */;
CREATE TABLE `mx_credit_debit` (
  `creditDebitID` int(11) NOT NULL AUTO_INCREMENT,
  `paymentIssueID` int(11) NOT NULL DEFAULT 0,
  `expenseEntryID` int(11) NOT NULL,
  `transactionType` tinyint(1) NOT NULL DEFAULT 0 COMMENT '1=credit,2=debit',
  `particulars` varchar(1500) DEFAULT NULL,
  `amount` decimal(10,2) DEFAULT 0.00,
  `balanceAmount` decimal(10,2) DEFAULT 0.00,
  `doc1` varchar(500) DEFAULT NULL,
  `transactionDate` date DEFAULT NULL,
  `dateAdded` datetime DEFAULT NULL,
  `dateModified` datetime DEFAULT NULL,
  `status` tinyint(1) NOT NULL DEFAULT 1,
  PRIMARY KEY (`creditDebitID`)
) ENGINE=InnoDB AUTO_INCREMENT=1786 DEFAULT CHARSET=utf8 COLLATE=utf8_unicode_ci;
/*!40101 SET character_set_client = @saved_cs_client */;

--
-- Dumping data for table `mx_credit_debit`
--

LOCK TABLES `mx_credit_debit` WRITE;
/*!40000 ALTER TABLE `mx_credit_debit` DISABLE KEYS */;
INSERT INTO `mx_credit_debit` VALUES (1,1,0,1,'Amout paid 9017 plus previous balance',15160.00,-3240.00,NULL,'2024-03-27',NULL,NULL,0),(2,0,1,2,'Tempo charges paid for Janhavi Transport & Prabhat A/c Bakul & Hindustan Fluid\r\nBill no. 2163 & 2166 * 18.03.2024',300.00,-15160.00,NULL,'2024-03-18',NULL,NULL,0),(3,0,2,2,'Freight Paid To Janhavi transport A/C Hindustan \r\nL.R.No. 75801 * 18.03.2024',300.00,-15160.00,NULL,'2024-03-18',NULL,NULL,0),(4,0,3,2,'Freight Paid To Janhavi transport A/C Hindustan 	L.R.No. 75801 * 18.03.2024\r\n',210.00,-15160.00,NULL,'2024-03-18',NULL,NULL,0),(5,0,4,2,'Tempo charges ,collected from Hemant To Godown',150.00,-15160.00,NULL,'2024-03-18',NULL,NULL,0),(6,0,5,2,'Tempo charges paid foe ,collected from Aman International & bked to Bhavana Roadways A/c Pomp Square	bill no. 2173 * 19.03.2024\r\n',300.00,-15160.00,NULL,'2024-03-19',NULL,NULL,0),(7,0,6,2,'Freight paid to Bhavana Roadways A/c Pumps Suare	L.R.No.8508962 * 19.03.2024\r\n',340.00,-15160.00,NULL,'2024-03-19',NULL,NULL,0),(8,0,7,2,'Travelling Expense For The day To Mr.Pravin\r\n',120.00,-15160.00,NULL,'2024-03-19',NULL,NULL,0),(9,0,8,2,'Tempo charges paid for VRL Aa/c Nadi Airtechnics For 43 Nos.(4 trips)	Bill no. 2175 * 20.03.2024\r\n',1000.00,-15160.00,NULL,'2024-03-20',NULL,NULL,0),(10,0,9,2,'Tempo charges paid for VRL Aa/c Nadi Airtechnics For 43 Nos.(4 trips)	Bill no. 2175 * 20.03.2024\r\n',400.00,-15160.00,NULL,'2024-03-20',NULL,NULL,0),(11,0,10,2,'Travelling Expense For The day\r\n',120.00,-15160.00,NULL,'2024-03-20',NULL,NULL,0),(12,2,0,1,'Advance paid to Pravin (01.04.2024 to 09.04.2024)',10000.00,0.00,NULL,'2024-04-01',NULL,NULL,0),(13,3,0,1,'Balance as on 1st April - Carry Forward',3790.00,3790.00,NULL,'2024-04-01',NULL,NULL,1),(14,4,0,1,'Paid on 03.04.2024',8940.00,11040.00,NULL,'2024-04-03',NULL,NULL,1),(15,5,0,1,'Recd from B.G.Enterprise as freight paid by BES Ahmedabad',300.00,11340.00,NULL,'2024-04-03',NULL,NULL,1),(16,0,11,2,'Temp charges paid for Yashwant Transport A/c ganesh transline For 1 no. Alternator Ref bill no. 03 * 01.04.2024',200.00,3590.00,NULL,'2024-04-01',NULL,NULL,1),(17,0,12,2,'Freight Charges paid to Yashwant Transport A/c Ganesh Transline  Ref.L.R.No.45688 * 01.04.2024',600.00,2990.00,NULL,'2024-04-01',NULL,NULL,1),(18,0,13,2,'Tempo charges paid for Ramesh transport & Arihant A/c Indl Equip & Harish Tex   Ref. Bill no. 002 & 004 * 01.04.2024',400.00,2590.00,NULL,'2024-04-01',NULL,NULL,1),(19,0,14,2,'Traveliing Expense paid Mr.Pravin For The day 01.04.24',120.00,2470.00,NULL,'2024-04-01',NULL,NULL,1),(20,0,15,2,'Tempo charges paid for Maha Batco A/c Shah agency ref Bill no. 008 * 02.04.2024',250.00,2220.00,NULL,'2024-04-02',NULL,NULL,1),(21,0,16,2,'Travelling Expenses Paidto Mr.Pravin For 02.04.2024',120.00,2100.00,NULL,'2024-04-02',NULL,NULL,1),(22,0,17,2,'Tempo charges paid for V trans , Vineet transport & Prabhat Roadways A/c Bakul aromatic , Apex Associates & Shanbhag  Ref : Bill No. 015  + 017  & 021 * 04.04.2024',450.00,10890.00,NULL,'2024-04-04',NULL,NULL,1),(23,0,18,2,'Freight Paid to Prabhat Roadways A/c Bakul Aromatic  Ref.L.R.No. BH/368 * 04.04.2024',200.00,10690.00,NULL,'2024-04-04',NULL,NULL,1),(24,0,19,2,'TRAVELLING EXPENSE PAID TO Mr.Pravin For 2 Days i.e. 03.04 & 04.04.24',240.00,10450.00,NULL,'2024-04-04',NULL,NULL,1),(25,0,20,2,'Temp Charges paid for Yashwant Transport a/c Rajmohan transport & Bharat Transport Ref : Bill no. 032 & 033 * 05.04.2024',200.00,10250.00,NULL,'2024-04-05',NULL,NULL,1),(26,0,21,2,'Freight Paid to Yashwant transport As above  Ref. L.R.No. 45786 & 45785 * 04.04.2024',1200.00,9050.00,NULL,'2024-04-05',NULL,NULL,1),(27,0,22,2,'Tempo charges paid for Prabhat Roadways & Inland  A/c  Bakul aromatic & Neo machine Ref : bill no. 28 & 29 Dtd. 05.04.2024',400.00,8650.00,NULL,'2024-04-05',NULL,NULL,1),(28,0,23,2,'Freight Charges paid to M/s prabhat Roadways a/c Bakul  ref L.R.No. MA/203 * 05.04.2024',300.00,8350.00,NULL,'2024-04-05',NULL,NULL,1),(29,0,24,2,'Tempo Charges Paid For , Collected From SCIS to Godown ',300.00,8050.00,NULL,'2024-04-05',NULL,NULL,1),(30,0,25,2,'Tempo charges paid for Vtrans A/c BES  Ref bill no. 034 * 05.04.2024',200.00,7850.00,NULL,'2024-04-05',NULL,NULL,1),(31,0,26,2,'Travelling expense paid to Mr.Pravin for 05.04.224',120.00,7730.00,NULL,'2024-04-05',NULL,NULL,1),(32,0,27,2,'Tempo charges paid for, collected from Bhavana Roadways from BES  Re/L.R.No. 85899630 * 03.04.2024',400.00,7330.00,NULL,'2024-04-06',NULL,NULL,1),(33,0,28,2,'Freight paid to Bhavana Roadways For 9.30EN4 - 1 NO.Ref: MR no. 2302601 * 06.04.2024',400.00,6930.00,NULL,'2024-04-06',NULL,NULL,1),(34,0,29,2,'Amt paid for Drinking Water Batla at godown for month - Mar-24 ',280.00,6650.00,NULL,'2024-04-06',NULL,NULL,1),(35,0,30,2,'Courier charges for Mumbai office',40.00,6610.00,NULL,'2024-04-06',NULL,NULL,1),(36,0,31,2,'Travelling expense paid to mr. Pravin for 06.04.2024',120.00,6490.00,NULL,'2024-04-06',NULL,NULL,1),(37,6,0,1,'FROM UBI MUM ',5000.00,6200.00,NULL,'2024-04-13',NULL,NULL,1),(38,0,32,2,'Tempo charges paid for ,collected from Vtrans & JMT  TO YOGESHWAR Warehouse\r\nref l.r.no. 40821816 * 05.04.2024 From BES, BILL NO. G/036 * 05.04.2024',350.00,6140.00,NULL,'2024-04-08',NULL,NULL,1),(39,0,33,2,'Freight Service charges paid to V trans from Aslali\r\nCR no. 40045746 * 08.04.2024',160.00,5980.00,NULL,'2024-04-08',NULL,NULL,1),(40,0,34,2,'Delivery charges of Special tempo to Charkop ,Kandivali\r\nA/c Naik Brass \r\nref bill no. 045 * 08.04.2024\r\n',2000.00,3980.00,NULL,'2024-04-08',NULL,NULL,1),(41,0,35,2,'Travelling expenses paid to Mr. Pravin for the day',120.00,3860.00,NULL,'2024-04-08',NULL,NULL,1),(42,0,36,2,'Tempo charges paid for Arihant Transport A/c LL Mfg., \r\nbill no. 056 * 09.04.2024',250.00,3610.00,NULL,'2024-04-09',NULL,NULL,1),(43,0,37,2,'Travelling Expense Paid to Mr.Pravin For the Day',120.00,3490.00,NULL,'2024-04-10',NULL,NULL,1),(44,0,38,2,'Tempo charges paid for Janhavi Transport A/c Goods Transfer to Mumbai',200.00,3290.00,NULL,'2024-04-11',NULL,NULL,1),(45,0,39,2,'Freight Charges paid to Janhavi transport from Bhiwandi to Mumbai ',450.00,2840.00,NULL,'2024-04-11',NULL,NULL,1),(46,0,40,2,'Travelling expenses paid to Mr.Pravin for the day',120.00,2720.00,NULL,'2024-04-11',NULL,NULL,1),(47,0,41,2,'Delivery charges by Special tempo to Kalamboli \' Panvel A/c Waris Generators for          2 Nos. Alternators',1400.00,1320.00,NULL,'2024-04-12',NULL,NULL,1),(48,0,42,2,'Travelling Expenses paid to Mr. Pravin for the day',120.00,1200.00,NULL,'2024-04-12',NULL,NULL,1),(49,0,43,2,'Unloading Charges By Forkliftfor 2 nos.160PF4\r\nFrom CGl ',700.00,5500.00,NULL,'2024-04-13',NULL,NULL,1),(50,0,44,2,'Auto fare charges paid tor ,collected from JMT &Booked to Janhavi Transport A/c RV Blower',200.00,5300.00,NULL,'2024-04-13',NULL,NULL,1),(51,0,45,2,'Courier charges paid for Mumbai Office',40.00,5260.00,NULL,'2024-04-13',NULL,NULL,1),(52,0,46,2,'Travelling expense pad to Mr. \r\n Pravin For the Day\r\n\r\n',120.00,5140.00,NULL,'2024-04-13',NULL,NULL,1),(53,7,0,1,'From UBI mum ',9180.00,11370.00,NULL,'2024-04-19',NULL,NULL,1),(54,8,0,1,'for expense',100.00,2430.00,NULL,'2024-04-17',NULL,NULL,0),(55,0,47,2,'Travelling Expense paid to Mr.Pravin for the day',120.00,2190.00,NULL,'2024-04-18',NULL,NULL,1),(56,0,48,2,'Travelling Expense paid to Mr. Pravin For the day',120.00,2310.00,NULL,'2024-04-17',NULL,NULL,1),(57,9,0,1,'payment by Reena Madam',9180.00,14200.00,NULL,'2024-04-19',NULL,NULL,0),(58,0,49,2,'Tempo charges paid for collected from Shree Nandwana & deliverd to Alfa pumps A/c Gumpro  Ref nill no. 077 * 15.04.2024',500.00,4640.00,NULL,'2024-04-15',NULL,NULL,1),(59,0,50,2,'Freight paid to shree Nandwana transport from Dhruv Ref L.R. no. 1569396 * 13.04.2024',420.00,4220.00,NULL,'2024-04-15',NULL,NULL,1),(60,0,51,2,'Tempo charges paid for Aditya transport A/c Chotiwala  Ref : bill no. 079 * 15.04.2024 ',200.00,4020.00,NULL,'2024-04-15',NULL,NULL,1),(61,0,52,2,'Freight paid to Aditya transport A/c Chotiwala  Ref : L.R. no. 2963 * 15.04.2024',300.00,3720.00,NULL,'2024-04-15',NULL,NULL,1),(62,0,53,2,'Travelling expense paid to Mr. Pravin for the day',120.00,3600.00,NULL,'2024-04-15',NULL,NULL,1),(63,0,54,2,'Tempo charges paid for ,collected fro Vtrans to Godown from BES, Ahmedabad',300.00,11070.00,NULL,'2024-04-19',NULL,NULL,1),(64,0,55,2,'freight service charges paid to v trans From BES  REF L.R NO. 40822039 * 16.04 & CR NO. 40118949 * 19.04.2024',150.00,10920.00,NULL,'2024-04-19',NULL,NULL,1),(65,0,56,2,'freight service charges paid to v trans From BES  REF L.R NO. 40822078 * 17.04 & CR NO. 40118980 * 19.04.2024',110.00,10810.00,NULL,'2024-04-19',NULL,NULL,1),(66,0,57,2,'Loading charge by Forklift at yogeshwar for 215hp - , special tempo to Daman',700.00,10110.00,NULL,'2024-04-19',NULL,NULL,1),(67,0,58,2,'Tempo charges paid for, collected from Hemant trading to Godown For 9.30KE4 - 2 Nos..',200.00,9910.00,NULL,'2024-04-19',NULL,NULL,1),(68,0,59,2,'Tempo charges paid for Aditya transport A/c Chotiwala Ref : bill no. 102 * 19.04.2024',200.00,9710.00,NULL,'2024-04-19',NULL,NULL,1),(69,0,60,2,'Freight charges paid to Aditya transport A/c Chotiwala  Ref L.R. no. 9088 * 19.04.2024',300.00,9410.00,NULL,'2024-04-19',NULL,NULL,1),(70,0,61,2,'Travelling Expense Paid to Mr.Pravin For 2 Days i.e. 19.04 & 20.04.2024',240.00,9170.00,NULL,'2024-04-19',NULL,NULL,1),(71,0,62,2,'Courier charges paid for Mumbai',40.00,9130.00,NULL,'2024-04-19',NULL,NULL,1),(72,0,63,2,'FREIGHT PAID TO jANHAVI TRANSPORT A/c C.J.Trading  Ref : L.R.No. 95311 * 16.04.2024',150.00,3450.00,NULL,'2024-04-16',NULL,NULL,1),(73,0,64,2,'Tempo charges paid for Bhavana Roadways , Janhavi transport , Shah Roadways  & Om ravt Transport A/c Shah Agencies , Bulsara co. , Dhruv & C.j.trading             \r\n Ref Bill 82 , 84 , 85 & 86 * 16.04.2024',500.00,2950.00,NULL,'2024-04-16',NULL,NULL,1),(74,0,65,2,'Loading charges for 22PF4 FLG - 4 NOS. ',400.00,2550.00,NULL,'2024-04-16',NULL,NULL,1),(75,0,66,2,'TRAVELLING EXPENSE TO MR.PRAVI FOR THE DAY',120.00,2430.00,NULL,'2024-04-16',NULL,NULL,1),(76,0,67,2,'Tempo charges paid for Thane motor A/c ICE Ton  Ref : Bill no. 116 * 22.04.2024',200.00,8930.00,NULL,'2024-04-22',NULL,NULL,1),(77,0,68,2,'Loading charges at yogeshwar  for 100 nos. GF6705 a/C fILLON  Ref : bill no.111 * 22.04.2024',300.00,8630.00,NULL,'2024-04-22',NULL,NULL,1),(78,0,69,2,'travelling expense paid to mr.Pravin for the day',120.00,8510.00,NULL,'2024-04-22',NULL,NULL,1),(79,0,70,2,'Tempo charges paid for Arco Express A/c Siddhant Carbo chem Ref Bill no. 120 * 23.04.2024',200.00,8310.00,NULL,'2024-04-23',NULL,NULL,1),(80,0,71,2,'Travelling expense paid to Mr.Pravin for the day\r\n',120.00,8190.00,NULL,'2024-04-23',NULL,NULL,1),(81,0,72,2,'Tempo charges paid for , collected from Hemant & booked to Jignesh A/c  Gumpro  ref bill no. 125 * 24.04.2024',200.00,7990.00,NULL,'2024-04-24',NULL,NULL,1),(82,0,73,2,'Freight charges paid to Jignesh A/c Gumpro \r\nRef : L.R.no. 39185 * 24.04.2024',210.00,7780.00,NULL,'2024-04-24',NULL,NULL,1),(83,0,74,2,'Loading Charges By Forklift For 75KZ6 SR  - 1no. A/c BES For Ventana ',700.00,7080.00,NULL,'2024-04-24',NULL,NULL,1),(84,0,75,2,'Tempo charges paid for\r\n V Trans A/c BEs For Ventana \r\nRef bill no. G/239 * 24.04.2024',500.00,6580.00,NULL,'2024-04-24',NULL,NULL,1),(85,0,76,2,'Unloading Charges by Forklift For 75KZ6 SR - 1 at v trans\r\nA/c BEES For Ventana ',700.00,5880.00,NULL,'2024-04-24',NULL,NULL,1),(86,0,77,2,'Travelling Expense paid to Mr. Pravin for the day',120.00,5760.00,NULL,'2024-04-24',NULL,NULL,1),(87,0,78,2,'Tempo charges paid for V trans (2 Trips)  A/c Nadi Ref : bill no. 128 & 129 * 25.04.2024',800.00,4960.00,NULL,'2024-04-25',NULL,NULL,1),(88,0,79,2,'Tempo charges paid for ,collected from V trans  & bked to T.K.transport A/c Sonal engg  + Yogeshwar godown\r\nbill no. 133 * 25.04.2024',500.00,4460.00,NULL,'2024-04-25',NULL,NULL,1),(89,0,80,2,'FreIght services charges paid to V trans From BES \r\nref L.R.no. 40822161 * 22.04.24 & CR no. 40158934 * 25.04.2024',310.00,4150.00,NULL,'2024-04-25',NULL,NULL,1),(90,0,81,2,'Freight charges paid to T.K.Transport A/c Sonal Engg \r\nRef. L.R. no. 7410 * 25.04.2024',410.00,3740.00,NULL,'2024-04-25',NULL,NULL,1),(91,0,82,2,'Tempo Charges paid for Shah Roadways A/c Shah Agencies \r\nRef : bill no. 130 * 25.04.2024',200.00,3540.00,NULL,'2024-04-25',NULL,NULL,1),(92,0,83,2,'Travelling Expense paid to Mr. Pravin for the day',120.00,3420.00,NULL,'2024-04-25',NULL,NULL,1),(93,0,84,2,'Courier for Mumbai Office \r\n',30.00,3390.00,NULL,'2024-04-25',NULL,NULL,1),(94,0,85,2,'Tempo charges paid for V trans A/c BES \r\nREF : BILL NO., 140 * 26.04.2024',700.00,2690.00,NULL,'2024-04-26',NULL,NULL,1),(95,0,86,2,'Travelling Expense paid to Mr.Pravin for the day',120.00,2570.00,NULL,'2024-04-26',NULL,NULL,1),(96,0,87,2,'Tempo charges paid for Arihant Transport a/c  Harish Tex \r\nRef > Bill no. 038 * 27.04.2024',300.00,2270.00,NULL,'2024-04-27',NULL,NULL,1),(97,0,88,2,'Tempo charges paid for T.K Transport & Hari Om \r\nA/c Vasai electricals & Industrial Equip\r\nBill no.141 & 142 * 27.04.2024',200.00,2070.00,NULL,'2024-04-27',NULL,NULL,1),(98,0,89,2,'Travelling expense paid to Mr.Pravin for he day',120.00,1950.00,NULL,'2024-04-27',NULL,NULL,1),(99,0,90,2,'Courier charges for Mumbai office',40.00,1910.00,NULL,'2024-04-27',NULL,NULL,1),(100,10,0,1,'Kishan Gpay',3000.00,3880.00,NULL,'2024-04-30',NULL,NULL,1),(101,11,0,1,'from UBI mum',3040.00,6800.00,NULL,'2024-05-02',NULL,NULL,1),(102,0,91,2,'Tempo charges paid for , collected from Vtrans ',300.00,1610.00,NULL,'2024-04-29',NULL,NULL,1),(103,0,92,2,'Freight service paid to V trans\r\nRef : L.R.no. 40822257 * 26.04.2024 & CR No. 40178051 * 29.04.2024',110.00,1500.00,NULL,'2024-04-29',NULL,NULL,1),(104,0,93,2,'Tempo charges paid to Aditya \r\ntransport',200.00,1300.00,NULL,'2024-04-29',NULL,NULL,1),(105,0,94,2,'Freight paid to Aditya transport Ref : L.R. no. 9543 * 29.04.2024',300.00,1000.00,NULL,'2024-04-29',NULL,NULL,1),(106,0,95,2,'Travelling expense paid to Mr. Pravin for the day',120.00,880.00,NULL,'2024-04-29',NULL,NULL,1),(107,0,96,2,'TRAVELLING EXPENSE PAID TO MR.PRAVIN',120.00,3760.00,NULL,'2024-04-30',NULL,NULL,1),(108,0,97,2,'Tempo charges paid for ,\r\ncollected from Hemant trading To Godown',200.00,6600.00,NULL,'2024-05-02',NULL,NULL,1),(109,0,98,2,'Tempo charges paid for delivery to Mark Engg ',400.00,6200.00,NULL,'2024-05-02',NULL,NULL,1),(110,0,99,2,'Tempo charges paid for Janhavi Transport ^ Bhiwandi Tarapur',300.00,5900.00,NULL,'2024-05-02',NULL,NULL,1),(111,0,100,2,'Freight paid to Janhavi Transport For Good transfer ffor Mumbai Ref L.R. no. 7247 * 02.05.2024',300.00,5600.00,NULL,'2024-05-02',NULL,NULL,1),(112,0,101,2,'Tempo charges paid for V trans & Shiv bhakti Transport',200.00,5400.00,NULL,'2024-05-02',NULL,NULL,1),(113,0,102,2,'Travelling Expense Paid to Mr.Pravin For the day',120.00,5280.00,NULL,'2024-05-02',NULL,NULL,1),(114,0,103,2,'Tempo charges paid for Yashwant transport A/c Mahalaxmi Generators Ref bill no. 167 * 03.05.2024',200.00,5080.00,NULL,'2024-05-03',NULL,NULL,1),(115,0,104,2,'Freight Paid to Yashwant Transport A/c Mahalaxmi Generators Ref: L.R.no. 64276 * 03.05.2024',600.00,4480.00,NULL,'2024-05-03',NULL,NULL,1),(116,0,105,2,'Travelling Expense paid to Mr.Pravin For the day',120.00,4360.00,NULL,'2024-05-03',NULL,NULL,1),(117,0,106,2,'Tempo charges paid for Lalji Mulji Transport A/c Saral pharma  Ref : bill no. 166 * 04.05.2024',300.00,4060.00,NULL,'2024-05-04',NULL,NULL,1),(118,0,107,2,'Drinking water charges bill for Month - April 24 paid to Tanvi Water supplier at Godown\r\nRs.35/- X 15 Bottle \r\nRef : bill no. 353 * 30.04.2024',525.00,3535.00,NULL,'2024-05-04',NULL,NULL,1),(119,0,108,2,'Freight paid to Aditya Transport A/c Chotiwala  Ref: L.R.no. 9767 * 04.05.2024',150.00,3385.00,NULL,'2024-05-04',NULL,NULL,1),(120,0,109,2,'Travelling Expense Paid to Mr.Patil For Month- April 24',3000.00,385.00,NULL,'2024-05-04',NULL,NULL,1),(121,0,110,2,'Courier charges paid for Mumbai',40.00,345.00,NULL,'2024-05-04',NULL,NULL,1),(122,0,111,2,'Travelling Expense paid to Mr.Pravin For the day',120.00,225.00,NULL,'2024-05-04',NULL,NULL,1),(123,12,0,1,'from UBI mum',9855.00,10080.00,NULL,'2024-05-06',NULL,NULL,1),(124,13,0,1,'From UBI mum',6000.00,11920.00,NULL,'2024-05-09',NULL,NULL,1),(125,0,112,2,'Tempo charges paid for , Collected from SCIS TO Godown',300.00,9780.00,NULL,'2024-05-06',NULL,NULL,1),(126,0,113,2,'Tempo charges paid Vtrans A/c Prakash Process \r\nRef : boll no. 180 * 06.05.2024',200.00,9580.00,NULL,'2024-05-06',NULL,NULL,1),(127,0,114,2,'Tempo charges paid or , Collected from V trans To Godown ,  & Collected from JMT & Bked TO NEW GAJANAN A/C uNIQUE TECHNOLOGY Ref : Bill no. \r\n182 * 06.05.2024\r\n',600.00,8980.00,NULL,'2024-05-06',NULL,NULL,1),(128,0,115,2,'Freight charges paid to V- trans from Ahmedabad , 11EF4 Flg - 1 no.\r\nRef L.R.no. 40822432 * 03.05.2024 & CR No. 40224025 * 06.05.2024\r\n',1070.00,7910.00,NULL,'2024-05-06',NULL,NULL,1),(129,0,116,2,'Freight paid to New Gajanan A.c Unique Technology \r\nL.R.no. 18898 * 06.05.2024 ',300.00,7610.00,NULL,'2024-05-06',NULL,NULL,1),(130,0,117,2,'Tempo charges paid for V trans A/c BES   Ref : Bill no. \r\n172 * 06.05.2024',200.00,7410.00,NULL,'2024-05-06',NULL,NULL,1),(131,0,118,2,'Travelling Expense paid to Mr.Pravin for the day',120.00,7290.00,NULL,'2024-05-06',NULL,NULL,1),(132,0,119,2,'Auto Fare paid for collected from Hiren & booked to Janhavi  Transport A/c Omega Services ',150.00,7140.00,NULL,'2024-05-07',NULL,NULL,1),(133,0,120,2,'Freight paid to Janhavi transport A/c Omega\r\nRef : L.R no. 10272 * 07.05.2024\r\n',150.00,6990.00,NULL,'2024-05-07',NULL,NULL,1),(134,0,121,2,'Courier / freight paid to Anjani Courier A/c Allweiller \r\nDocket no. 1695917623 * 07.05.2024\r\n',120.00,6870.00,NULL,'2024-05-07',NULL,NULL,1),(135,0,122,2,'Travelling expense paid to  Mr.Pravin for the day',120.00,6750.00,NULL,'2024-05-07',NULL,NULL,1),(136,0,123,2,'Tempo charges paid for V trans  , Bhiwandi  & Aditya \r\nA/c Chotiwala  , BES  & Hindustan Sales \r\nBILL NO. 193 , 192 & 195  * 08.05.2024',400.00,6350.00,NULL,'2024-05-08',NULL,NULL,1),(137,0,124,2,'Freight Paid to Aditya transport A/c Chitiwala \r\nRef : L.R. no. 9916 * 08.05.2024',150.00,6200.00,NULL,'2024-05-08',NULL,NULL,1),(138,0,125,2,'Travelling Expense Paid to Mr. Pravin  for the day',120.00,6080.00,NULL,'2024-05-08',NULL,NULL,1),(139,0,126,2,'Tempo charges paid for VRL \r\nA/c Shri Balaji Industries\r\nRef : Bill no, 196 * 09.05.2024',300.00,11620.00,NULL,'2024-05-09',NULL,NULL,1),(140,0,127,2,'Freight paid to Shri Nandwana Transport From Dhruv. Vapi For 1 No. Gear Box A/x Shri Balaji',160.00,5920.00,NULL,'2024-05-08',NULL,NULL,1),(141,0,128,2,'Travelling Expense Paid to Mr.Pravin for the day',120.00,11500.00,NULL,'2024-05-09',NULL,NULL,1),(142,0,129,2,'Tempo charges paid for \r\nT.K.Transport A/c Krugar , Shahpur\r\nbill no. 207 * 10.05.2024',150.00,11350.00,NULL,'2024-05-10',NULL,NULL,1),(143,0,130,2,'Freight Paid to T.K.Transport \r\nA/c Krugar \r\nL.R.No. 7609 * 10.05.2024',1000.00,10350.00,NULL,'2024-05-10',NULL,NULL,1),(144,0,131,2,'Travelling Expense Paid to Mr.Pravin For The Day',120.00,10230.00,NULL,'2024-05-10',NULL,NULL,1),(145,0,132,2,'Travelling expenses paid to Mr.Pravin  for the day',120.00,10110.00,NULL,'2024-05-11',NULL,NULL,1),(146,0,133,2,'Courier charges paid for Mumbai',40.00,10070.00,NULL,'2024-05-11',NULL,NULL,1),(147,14,0,1,'from UBI mum',9500.00,19570.00,NULL,'2024-05-13',NULL,NULL,1),(148,0,134,2,'Tempo charges paid for Bombay Tarapore  Logistics A/c Shivshakti  \r\nRef : bill no. 223 *  15.05.2024',250.00,19320.00,NULL,'2024-05-15',NULL,NULL,1),(149,0,135,2,'Freight paid to Satkar motor , Returned from Cosmic Electrical , Chiplun\r\n3.70En4 - 1\r\nRef.: L.R.no. 1777 * 09.05.2024',200.00,19120.00,NULL,'2024-05-15',NULL,NULL,1),(150,0,136,2,'Travelling Expenses paid to Mr.Pravin For 3 days ,\r\n13.05 To 15.05.2024',360.00,18760.00,NULL,'2024-05-15',NULL,NULL,1),(151,0,137,2,'Tempo charges paid for Shre ayyappa transport A/c FFP Ltd.\r\nRef : bill no. 225 * 16.05.2024',250.00,18510.00,NULL,'2024-05-16',NULL,NULL,1),(152,0,138,2,'Freight paid to Janhavi transport A/c Jaydeep  Engg\r\nRef l.R.No. 17228 * 16.05.2024',100.00,18410.00,NULL,'2024-05-16',NULL,NULL,1),(153,0,139,2,'Travelling Expense paid to Mr.Pravin for the day',120.00,18290.00,NULL,'2024-05-16',NULL,NULL,1),(154,0,140,2,'Tempo charges paid for V Trans A/c BES \r\nRef: Bill no. 235 * 17.05.2024\r\n',300.00,17990.00,NULL,'2024-05-17',NULL,NULL,1),(155,0,141,2,'Travelling expense Paid to Mr.Pravin for The Day',120.00,17870.00,NULL,'2024-05-17',NULL,NULL,1),(156,0,142,2,'Tempo charges paid ffor Yashwant transport  To mahalaxmi Generators ,kalamboli A/c  Cargopedia \r\nbill no. 237 * 18.05.2024',200.00,17670.00,NULL,'2024-05-18',NULL,NULL,1),(157,0,143,2,'Freight paid to Yashwant transport A/c Cargopedia \r\nRef : L.R.no. 65473 * 18.05.2024',1200.00,16470.00,NULL,'2024-05-18',NULL,NULL,1),(158,0,144,2,'Courier charges paid for mumbai',40.00,16430.00,NULL,'2024-05-18',NULL,NULL,1),(159,0,145,2,'Travelling expense paid to Mr.Pravin for the day',120.00,16310.00,NULL,'2024-05-18',NULL,NULL,1),(160,0,146,2,'Tempo charges paid for , collected from V trans & Bked To janhavi & bal to Godown',400.00,15910.00,NULL,'2024-05-21',NULL,NULL,1),(161,0,147,2,'Freight Service charges paid to V trans from Aslali for 5 nos.\r\nRef L.R.no. 40822750 * 17.05.2024 & CR No. 40323082 * 21.05.2024',140.00,15770.00,NULL,'2024-05-21',NULL,NULL,1),(162,0,148,2,'Freight Service charges paid to V trans from Aslali for 1 nos.\r\nRef L.R.no. 40822747 * 17.05.2024 & CR No. 40323095 * 21.05.2024',110.00,15660.00,NULL,'2024-05-21',NULL,NULL,1),(163,0,149,2,'FREIGHT CHARGES PAID TO JANHAVI TRANSPORT A/C PRAKASH INTERNATIONAL\r\nRef : L.R. no. 18797 * 21.05.2024',150.00,15510.00,NULL,'2024-05-21',NULL,NULL,1),(164,0,150,2,'Tempo charges paid for Shree Nandwana  A/c Dhruv Agencies\r\nBill no. 241 * 21.05.2024\r\n',300.00,15210.00,NULL,'2024-05-21',NULL,NULL,1),(165,0,151,2,'Tempo charges paid for Kalayatan cargo & Darshan transport A/c Kasturi Engg & BES For S.R.Metering\r\nbill no. G/496 & 242 * 21.05.2024\r\n',250.00,14960.00,NULL,'2024-05-21',NULL,NULL,1),(166,0,152,2,'Travelling Expense Paid To Mr. Pravin for the day',120.00,14840.00,NULL,'2024-05-21',NULL,NULL,1),(167,0,153,2,'Delivery charges by special Tempo to Kalamboli \r\nA/c Ganesh transline',2000.00,12840.00,NULL,'2024-05-22',NULL,NULL,1),(168,0,154,2,'Tempo charges paid for Janhavi transport A/c RE Blowers',150.00,12690.00,NULL,'2024-05-22',NULL,NULL,1),(169,0,155,2,'Unloading charges at Yogeshwar From CGL , Nagar \r\nThru.BGT Ffor 13 Nos.',700.00,11990.00,NULL,'2024-05-23',NULL,NULL,1),(170,0,156,2,'Tempo charges paid for V rans & Gujarat transport  A/c \r\nApex Associate & Mamta \r\nRef : bill no. 264 & 266 * 24.05.2024',400.00,11590.00,NULL,'2024-05-24',NULL,NULL,1),(171,0,157,2,'Freight paid to Janhavi transport A/c GOODS Transfer\r\nRef :.LR.no. 25042 * 24.05.2024\r\n',300.00,11290.00,NULL,'2024-05-24',NULL,NULL,1),(172,0,158,2,'Freight charges paid to Janhavi transport A/c B.K, Machineries\r\nRef L.R.no. 23882 * 24.05.2024\r\n',200.00,11090.00,NULL,'2024-05-24',NULL,NULL,1),(173,0,159,2,'Travelling Expenses paid to Mr.Pravin For the day',120.00,10970.00,NULL,'2024-05-24',NULL,NULL,1),(174,0,160,2,'Tempo charges paid for V trans  , Vineet & Kalayatan cargo A/c BES For S.R. JSB & bes\r\nBill no.274, G/553 & 273 * 25.05.2024',400.00,10570.00,NULL,'2024-05-25',NULL,NULL,1),(175,0,161,2,'Travelling expense paid to Mr.pravin for the day',120.00,10450.00,NULL,'2024-05-25',NULL,NULL,1),(176,0,162,2,'Tempo charges paid for ,\r\nCollected from Vtrans & Kandpile Transport & Kept at Godown\r\nL.r. No. To Be recd ',350.00,10100.00,NULL,'2024-05-27',NULL,NULL,1),(177,0,163,2,'Freight Service charges paid to v trans From Aslali',150.00,9950.00,NULL,'2024-05-27',NULL,NULL,1),(178,0,164,2,'Freight Service charges paid to v trans From Aslali',110.00,9840.00,NULL,'2024-05-27',NULL,NULL,1),(179,0,165,2,'Freight Charges paid to Kandpile Transport From JSB',150.00,9690.00,NULL,'2024-05-27',NULL,NULL,1),(180,0,166,2,'Tempo charges paid for , Collected from Hemant To godown A/c aqua pump',200.00,9490.00,NULL,'2024-05-27',NULL,NULL,1),(181,0,167,2,'Tempo cahrges paid for aditya transport & Prabhat Roadways A/c Aloke alloys & Bakul',400.00,9090.00,NULL,'2024-05-27',NULL,NULL,1),(182,0,168,2,'Freight charges paid to aditya Transport A/c Aloke alloys',200.00,8890.00,NULL,'2024-05-27',NULL,NULL,1),(183,0,169,2,'Freight charges paid to Prabhat Roadways A/c Bakul',200.00,8690.00,NULL,'2024-05-27',NULL,NULL,1),(184,0,170,2,'Tempo charges paid for V trans A/c Nadi',1000.00,7690.00,NULL,'2024-05-27',NULL,NULL,1),(185,0,171,2,'Loading & Unloading Charges for 20Nos.\r\n15KP2 Flg - 20 nos.',600.00,7090.00,NULL,'2024-05-27',NULL,NULL,1),(186,0,172,2,'Unloading Charges By Forklift For 22 Nos. From CGL ',700.00,6390.00,NULL,'2024-05-27',NULL,NULL,1),(187,0,173,2,'Travelling Expenses paid to Mr.Pravin for the day',120.00,6270.00,NULL,'2024-05-27',NULL,NULL,1),(188,0,174,2,'Tempo charges paid for ACPL\r\nA/c Allweiller ',500.00,6270.00,NULL,'2024-05-28',NULL,NULL,0),(189,0,175,2,'Loading & unloading Charges For 5 nos.15PF4 flg -',300.00,6270.00,NULL,'2024-05-28',NULL,NULL,0),(190,0,176,2,'Tempo charges paid for Bhavana Roadways ',200.00,6270.00,NULL,'2024-05-28',NULL,NULL,0),(191,0,177,2,'Travelling expense paid to Mr.pravin for the day',120.00,6270.00,NULL,'2024-05-28',NULL,NULL,0),(192,15,0,1,'from UBI mum',9725.00,14995.00,NULL,'2024-05-29',NULL,NULL,1),(193,0,178,2,'Tempo charges paid for , collected from V trans & Kandpile transport  to Yogeshwar Warehouse\r\nL.R no. 4917 * 23.05& 40822832 , 40822886 * 22.05.24',350.00,6270.00,NULL,'2024-05-27',NULL,NULL,0),(194,0,179,2,'Freight service charges paid to V trans \r\nRef : CR no. 40361860 * 27.05.2024',150.00,6270.00,NULL,'2024-05-27',NULL,NULL,0),(195,0,180,2,'Freight service charges paid to V trans \r\nRef : CR no. 40361941 * 27.05.2024',110.00,6270.00,NULL,'2024-05-27',NULL,NULL,0),(196,0,181,2,'Freight charges paid to Kandpile \r\nL.R. no. 4917 * 23.05.2024',150.00,6270.00,NULL,'2024-05-27',NULL,NULL,0),(197,0,182,2,'Tempo charges paid for V trans A/c Nadi Airtechics\r\nbill no. 0279 * 27.05.2024\r\n',1000.00,6270.00,NULL,'2024-05-27',NULL,NULL,0),(198,0,183,2,'Loading & unloading charges for 20 nos.\r\nat Vtrans A/c Nadi',600.00,6270.00,NULL,'2024-05-27',NULL,NULL,0),(199,0,184,2,'Unloading Charges by Forklift At Yogeshwar For 22 Nos. From CGL ,Nagar, Thru. BGT',700.00,6270.00,NULL,'2024-05-27',NULL,NULL,0),(200,0,185,2,'Tempo charges paid for Aditya transport & Prabhat Roadways A/c Bakul & Aloke\r\nBill no. 276 & 277 * 17.05.2024',400.00,6270.00,NULL,'2024-05-27',NULL,NULL,0),(201,0,186,2,'Freight paid to Aditya transport A/c aloke alloys \r\nL.R.No. 7452 * 27.05.2024',200.00,6270.00,NULL,'2024-05-27',NULL,NULL,0),(202,0,187,2,'Freight paid to Prabhat transport A/c Bakul\r\nL.R.No. 5462 * 27.05.2024',200.00,6270.00,NULL,'2024-05-27',NULL,NULL,0),(203,0,188,2,'Tempo charges paid for , collected from Hemant to Godown',200.00,6270.00,NULL,'2024-05-27',NULL,NULL,0),(204,0,189,2,'Travelling Expense paid to  Mr.pravin for the day',120.00,6270.00,NULL,'2024-05-27',NULL,NULL,0),(205,0,190,2,'Tempo charges paid for ACPL \r\nA/c Allweiller \r\nBill no. 288 * 28.05.2024',500.00,5770.00,NULL,'2024-05-28',NULL,NULL,1),(206,0,191,2,'Loading & Unloading For 5 Nos A/c Allweiller',300.00,5470.00,NULL,'2024-05-28',NULL,NULL,1),(207,0,192,2,'Tempo charges paid for Bhavna Roadways \r\nA/c akshar , Bill no. 0294 * 28.05.2024',200.00,5270.00,NULL,'2024-05-28',NULL,NULL,1),(208,0,193,2,'Travelling Expense paid to  Mr.Pravin for the day',120.00,14875.00,NULL,'2024-05-29',NULL,NULL,1),(209,0,194,2,'Tempo charges paid for , Collected from Hanuman power To Godown',300.00,14575.00,NULL,'2024-05-29',NULL,NULL,1),(210,0,195,2,'Tempo charges paid for Aditya transport \r\nA/c Chotiwala  Bill no. 0293 * 28.05.2024',300.00,14275.00,NULL,'2024-05-29',NULL,NULL,1),(211,0,196,2,'Freight paid to Aditya transport A/c Chotiwala \r\nL.R. no. 2041 * 29.05.2024',200.00,14075.00,NULL,'2024-05-29',NULL,NULL,1),(212,0,197,2,'Unloading Charges at Yogeshwar For 35 Nos .From CGL ,Bhiwandi',200.00,13875.00,NULL,'2024-05-29',NULL,NULL,1),(213,0,198,2,'Travelling Expense paid to Mr.Pravin  For the day\r\n',120.00,13755.00,NULL,'2024-05-29',NULL,NULL,1),(214,0,199,2,'Tempo charges paid for V trans A/c BES  \r\nBILL NO. 0301 * 30.05.2024\r\n',200.00,13555.00,NULL,'2024-05-30',NULL,NULL,1),(215,0,200,2,'Tempo charges paid for Janhavi Transport A/c Goods transfer to Mumbai',200.00,13355.00,NULL,'2024-05-30',NULL,NULL,1),(216,0,201,2,'Freight paid to Janhavi Transport For 3 Nos. To Mumbai\r\nL.r No. 28547 * 30.05.2024\r\n',450.00,12905.00,NULL,'2024-05-30',NULL,NULL,1),(217,0,202,2,'Tempo charges paid for Aditya transport & Thane motor \r\na/c Patankar service & Chotiwala ',200.00,12705.00,NULL,'2024-05-31',NULL,NULL,1),(218,0,203,2,'Freight charges paid to rhane motor \r\nL.R no. 6768 * 31.05.2024',150.00,12555.00,NULL,'2024-05-31',NULL,NULL,1),(219,0,204,2,'Freight charges paid to Aditya Transport \r\nL.R no. 2157 * 31.05.2024',150.00,12405.00,NULL,'2024-05-31',NULL,NULL,1),(220,0,205,2,'Delivery charges paid for collected from v tran to Godown by Rickshaw',150.00,12255.00,NULL,'2024-05-31',NULL,NULL,1),(221,0,206,2,'Freight Service charges paid to V trans L.R. no. 40822984 * 28.05 & CR No. 40399524 * 31.05.2024',110.00,12145.00,NULL,'2024-05-31',NULL,NULL,1),(222,0,207,2,'Unloading charges paid for 15 nos. from CGL , BHIWANDI',300.00,11545.00,NULL,'2024-06-03',NULL,NULL,1),(223,0,208,2,'Tempo charges paid for Shree ayyappa Transport a/c FFP\r\nbill no. 0320 * 04.06.2024\r\n',250.00,11295.00,NULL,'2024-06-04',NULL,NULL,1),(224,0,209,2,'Tempo charges paid for ACPL a/c Allweiller\r\nbill no. 0326 * 04.06.2024\r\n',200.00,11095.00,NULL,'2024-06-04',NULL,NULL,1),(225,16,0,1,'UBI mum',8932.00,6732.00,NULL,'2024-06-11',NULL,NULL,1),(226,0,210,2,'Drinking water bill for month \r\nmay - 24 , at Godown\r\nPaid to Tanvo Water Supplier ',420.00,10675.00,NULL,'2024-06-05',NULL,NULL,1),(227,0,211,2,'Tempo charges paid for , Collected From V trans To Godown\r\nRef L.R.No.40823113 , 40835154 & 40823134 1.06.2024 from Aslali\r\n',500.00,10175.00,NULL,'2024-06-05',NULL,NULL,1),(228,0,212,2,'Freight charges paid to V trans \r\nfor L.R.no. 40835154 \r\nCR No. 40424726 * 05.06.2024',2460.00,7715.00,NULL,'2024-06-05',NULL,NULL,1),(229,0,213,2,'Freight service charges paid to v trans for L.R.no. 40823134 & CTno. 40424707 * 05.06.2024',120.00,7595.00,NULL,'2024-06-05',NULL,NULL,1),(230,0,214,2,'Freight service charges paid to v trans for L.R.no. 408231113 & CR no. 40424686 * 05.06.2024',260.00,7335.00,NULL,'2024-06-05',NULL,NULL,1),(231,0,215,2,'Tempo charges paid for Janhavi Transport A/c naik Brass \r\nBill no. 332 * 05.06.2024\r\n',200.00,7135.00,NULL,'2024-06-05',NULL,NULL,1),(232,0,216,2,'Freight service Charges paid to jahnavi transport a/c Naik Brass  .\r\nL.R.No. 33085 * 05.06.2024\r\n',800.00,6335.00,NULL,'2024-06-05',NULL,NULL,1),(233,0,217,2,'Tempo charges paid for , collected from Htren Enterprise & Bked to Nombay Tarapur\r\nBill no. 331 * 06.06.2024\r\n',200.00,6135.00,NULL,'2024-06-05',NULL,NULL,1),(234,0,218,2,'Freight Paid to Bombay tarapur A/c AArti Drugs \r\nL.R.No. 26753 * 05.06.2024\r\n',200.00,5935.00,NULL,'2024-06-05',NULL,NULL,1),(235,0,219,2,'Travelling expense paid to Mt.Patil For Month - May 24\r\nRs.120/- x 24 Days  2880/- + Rs.215/- Ticket Fare for \r\nMumbai Office\r\n',3095.00,2840.00,NULL,'2024-06-05',NULL,NULL,1),(236,0,220,2,'Travelling expense paid to Mr.Pravin For The Day\r\n',120.00,2720.00,NULL,'2024-06-05',NULL,NULL,1),(237,0,221,2,'Tempo Charges Paid for Deccan Queen a/c Vardhman steel \r\nBill no. 337 * 06.06.2024\r\n',250.00,2470.00,NULL,'2024-06-06',NULL,NULL,1),(238,0,222,2,'Tempo charges opaid for Yashwant transport A/c Mahalaxmi Generators\r\nBill no. 339 * 06.06.2024\r\n',200.00,2270.00,NULL,'2024-06-06',NULL,NULL,1),(239,0,223,2,'Freight paid To Yashwant A/c Mahalaxmi \r\nl.r.No. 71549 * 06.06.2024\r\n',600.00,1670.00,NULL,'2024-06-06',NULL,NULL,1),(240,0,224,2,'Loading Charges By Forklift \r\nat godown A/c RCF\r\n',700.00,970.00,NULL,'2024-06-06',NULL,NULL,1),(241,0,225,2,'Loading Charges at Godown \r\nA/c RDF\r\n',200.00,770.00,NULL,'2024-06-06',NULL,NULL,1),(242,0,226,2,'Travelling Expense paid to \r\nMr.Pravin For the day',120.00,650.00,NULL,'2024-06-06',NULL,NULL,1),(243,0,227,2,'Tempo charges , 2Trips \r\npaid for Shree Ayyappa A/c FFP\r\nBill no. 0321 * 07.06.2024\r\n',500.00,150.00,NULL,'2024-06-07',NULL,NULL,1),(244,0,228,2,'Tempo charges paid for Janhavi Transport A/c P & C Engg\r\nBill no. 0344 * 07.06.2024\r\n',200.00,-50.00,NULL,'2024-06-07',NULL,NULL,1),(245,0,229,2,'Loading & Unloading Charges at Shree Ayyappa For 13 Nos\r\nA/c FFP\r\n',300.00,-350.00,NULL,'2024-06-07',NULL,NULL,1),(246,0,230,2,'Travelling expense paid fto Mr.Pravin For the day\r\n',120.00,-470.00,NULL,'2024-06-07',NULL,NULL,1),(247,0,231,2,'Tempo charges paid for V trans A/c BES\r\nBILL NO. 350 * 08.06.2024\r\n',400.00,-870.00,NULL,'2024-06-08',NULL,NULL,1),(248,0,232,2,'Loading & Unloading At Vtrans\r\nFor 12 Nos. A/c BES\r\n',200.00,-1070.00,NULL,'2024-06-08',NULL,NULL,1),(249,0,233,2,'Courier charges paid for Mumbai\r\n',40.00,-1110.00,NULL,'2024-06-08',NULL,NULL,1),(250,0,234,2,'Travelling Expense paid to \r\nMr.Patil For the day',120.00,-1230.00,NULL,'2024-06-08',NULL,NULL,1),(251,0,235,2,'Tempo charges paid for \r\nShree Nandwana  a/c Dhruv Agencies \r\nBill no. 313 * 01.06.2024\r\n',300.00,11845.00,NULL,'2024-06-01',NULL,NULL,1),(252,17,0,1,'from UBI mum',8208.00,11660.00,NULL,'2024-06-15',NULL,NULL,1),(253,0,236,2,'Tempo charges paid for ,From godown to Hanumaan power & bked to N.G,Transport \r\nA/c D.P.Pulveriser \r\nbill no. 386 * 10.06.2024\r\n',300.00,3722.00,NULL,'2024-06-14',NULL,NULL,1),(254,0,237,2,'Freight paid to Janhavi transport for goods transfer (pump) to mumbai Office\r\n',150.00,3572.00,NULL,'2024-06-14',NULL,NULL,1),(255,0,238,2,'Travelling expense paid to Mr.Pravin for the day',120.00,3452.00,NULL,'2024-06-14',NULL,NULL,1),(256,0,239,2,'Travelling expense paid to Mr.Pravin for the day\r\n',120.00,11540.00,NULL,'2024-06-15',NULL,NULL,1),(257,0,240,2,'Unloading charges paid for 42 nos.at Yogeshwar from CGL , bHIWANDI\r\n',600.00,-1830.00,NULL,'2024-06-10',NULL,NULL,1),(258,0,241,2,'Tempo Charges paid for Kalayatan Cargo A/c BES For S.R, Metering\r\nBill no. G/679 * 10.06.2024\r\n',250.00,-2080.00,NULL,'2024-06-10',NULL,NULL,1),(259,0,242,2,'Travelling Expense paid to Mr.Pravin for the day\r\n',120.00,-2200.00,NULL,'2024-06-10',NULL,NULL,1),(260,0,243,2,'Tempo charges paid for , Collected from Hanuman power To Godown',300.00,6432.00,NULL,'2024-06-11',NULL,NULL,1),(261,0,244,2,'Tempo charges paid for Chintamani Transport A/c \r\nNector Projects\r\n\r\n',200.00,6232.00,NULL,'2024-06-11',NULL,NULL,1),(262,0,245,2,'Tempo charges paid for \r\nYashwant transport A/c Waris Generators\r\nbill no. 364 - 11.06.2024\r\n',200.00,6032.00,NULL,'2024-06-11',NULL,NULL,1),(263,0,246,2,'Freight paid to Yashwant Transport A/c waris\r\nL.R.No.71649 * 11.06.2024\r\n',600.00,5432.00,NULL,'2024-06-11',NULL,NULL,1),(264,0,247,2,'Travelling Expense Paid to \r\nMr. Pravin For the day\r\n',120.00,5312.00,NULL,'2024-06-11',NULL,NULL,1),(265,0,248,2,'Tempo charges paid for Janhavi Transport & Shree Ayyappa A/c FFP & Prati Indu\r\nBill no. 0373 & 374 * 12.06.2024\r\n\r\n',350.00,4962.00,NULL,'2024-06-12',NULL,NULL,1),(266,0,249,2,'Freight paid to Janhavi transport A/c Prati Industries \r\nL.R.no. 41405 * 12.06.2024\r\n',200.00,4762.00,NULL,'2024-06-12',NULL,NULL,1),(267,0,250,2,'Tempo charges paid for Dashmesh  Roadlines  A/c Cosm,ic',300.00,4462.00,NULL,'2024-06-12',NULL,NULL,1),(268,0,251,2,'Travelling expense paid to Mr.Pravin for the day\r\n',120.00,4342.00,NULL,'2024-06-12',NULL,NULL,1),(269,0,252,2,'Tempo charges paid for Kalayatan Cargo A./c BES For \r\nS.R.Metering\r\nBill no. G711 & 712 * 13.06.2024\r\n',200.00,4142.00,NULL,'2024-06-13',NULL,NULL,1),(270,0,253,2,'Travelling expense paid to Mr.Pravin Fot The day\r\n',120.00,4022.00,NULL,'2024-06-13',NULL,NULL,1),(271,0,254,2,'Travelling Expense paid to Mr.Pravin for the day',120.00,11420.00,NULL,'2024-06-17',NULL,NULL,1),(272,0,255,2,'Tempo charges paid for ,Collected from  hanuman power To Shivbhakti & bal return to Godown\r\nA/c Sonal Engg Bill no. 394 * 18.06.2024\r\n',350.00,11070.00,NULL,'2024-06-18',NULL,NULL,1),(273,0,256,2,'Freight paid to Shivbhakti  transport a/c Sonal engg \r\nRef : L.R.No. 16242 * 18.06.2024',200.00,10870.00,NULL,'2024-06-18',NULL,NULL,1),(274,0,257,2,'Delivery changes by Special Tempo \r\na/c Naik Brass Bill no. 399 * 18.06.2024\r\n',2200.00,8670.00,NULL,'2024-06-18',NULL,NULL,1),(275,0,258,2,'Tempo charges paid for  V Trans A/c BES \r\nBill no. 404 * 18.06.2024\r\n',200.00,8470.00,NULL,'2024-06-18',NULL,NULL,1),(276,0,259,2,'Travelling Expense paid to \r\nMr.Pravin for the day\r\n',120.00,8350.00,NULL,'2024-06-18',NULL,NULL,1),(277,0,260,2,'Tempo charges paid for Shree Ayyappa Transport A/c FFP\r\nBill no. 409 * 19.06.2024\r\n',200.00,8150.00,NULL,'2024-06-19',NULL,NULL,1),(278,0,261,2,'Tempo charges paid for V Trans A/c BES  Bill no. 416 * 19.06.2024\r\n',200.00,7950.00,NULL,'2024-06-19',NULL,NULL,1),(279,0,262,2,'Travelling expense paid to Mr.\r\nPravin For The day\r\n',120.00,7830.00,NULL,'2024-06-19',NULL,NULL,1),(280,0,263,2,'TEMPO CHARGES PAID FOR JANHAVI TRANSPORT & SHAH ROADWAYS A/C  Trumark Enterprise & Shah Agencies\r\nBill no. 415 & 416 * 20.06.2024',300.00,7530.00,NULL,'2024-06-20',NULL,NULL,1),(281,0,264,2,'Freight Paid To Janhavi Transport A/c Trumark \r\nL.R.No. 48485 * * 20.06.2024\r\n',500.00,7030.00,NULL,'2024-06-20',NULL,NULL,1),(282,0,265,2,'Travelling Expense Paid To Mr.Pravin For the day\r\n',120.00,6910.00,NULL,'2024-06-20',NULL,NULL,1),(283,0,266,2,'Travelling Expense pad to Mr.Pravin For The Day\r\n',120.00,6790.00,NULL,'2024-06-21',NULL,NULL,1),(284,0,267,2,'Tempo charges paid for , Collected from Hemant Trading to Godown\r\nA/c Shivshakti\r\n',200.00,6590.00,NULL,'2024-06-22',NULL,NULL,1),(285,0,268,2,'Travelling expense paid to Mr.\r\nPravin for the day\r\n',120.00,6470.00,NULL,'2024-06-22',NULL,NULL,1),(286,18,0,1,'ubi mum ',9885.00,13885.00,NULL,'2024-06-27',NULL,NULL,1),(287,0,269,2,'freight service charges paid to V trans for 0.18KEG4Flg - 2 nos.against L.R no. 40823525 * 20.06.2024\r\nCR no. 40552176 * 24.06.2024\r\n',110.00,6360.00,NULL,'2024-06-24',NULL,NULL,1),(288,0,270,2,'Freight paid Janhavi transport \r\nA/c Atlas Swirch\r\nL.R. no. 53471 * 24.06.2024\r\n',150.00,6210.00,NULL,'2024-06-24',NULL,NULL,1),(289,0,271,2,'Travelling expense paid to Mr.Pravin  for the day',120.00,6090.00,NULL,'2024-06-24',NULL,NULL,1),(290,0,272,2,'Tempo charges paid for V trans A/c BES (2 Trips )\r\nbill no. 431 * 25.06.2024\r\n',500.00,5590.00,NULL,'2024-06-25',NULL,NULL,1),(291,0,273,2,'Tempo charges paid for Janhavi Transport A/c Jupiter \r\nDelivery to Prat i(Replacement)\r\n',200.00,5390.00,NULL,'2024-06-25',NULL,NULL,1),(292,0,274,2,'Freight Paid to Janhavi Transport A/c Prati \r\nL.R.no.54470 * 25.06.2024\r\n',200.00,5190.00,NULL,'2024-06-25',NULL,NULL,1),(293,0,275,2,'Travelling expense paid to Mr. Pravin for the day\r\n',120.00,5070.00,NULL,'2024-06-25',NULL,NULL,1),(294,0,276,2,'Tempo Charges paid for ,Collected from Makharia to Godown For Siemens 0.37KPG4Flg - 10\r\n',700.00,4370.00,NULL,'2024-06-26',NULL,NULL,1),(295,0,277,2,'Tempo charges paid for Kalayatan Cargo A/c Raj Enterprise \r\nBill no. 444 * 26.06.2024\r\n',200.00,4170.00,NULL,'2024-06-26',NULL,NULL,1),(296,0,278,2,'Courier charges for Ahmedabad office\r\n',50.00,4120.00,NULL,'2024-06-26',NULL,NULL,1),(297,0,279,2,'Travelling expense paid to Mr.Pravin for the day\r\n',120.00,4000.00,NULL,'2024-06-26',NULL,NULL,1),(298,0,280,2,'Tempo Charges paid for Aditya transport & Prabhat Roadways A/c Bakul Aromatic  & Chotiwala \r\nbill no. 449 , 450 & 452        \r\n*27.06.2024',300.00,13585.00,NULL,'2024-06-27',NULL,NULL,1),(299,0,281,2,'Freight paid to Prabhat Roadways A/c bakul \r\nL.R.No. NH/8460 * 27.06.2024\r\n',500.00,13085.00,NULL,'2024-06-27',NULL,NULL,1),(300,0,282,2,'Freight Paid To Aditya Transport A/c Chotiwala \r\nL.R.No. 5056 * 27.06.2024',300.00,12785.00,NULL,'2024-06-27',NULL,NULL,1),(301,0,283,2,'Tempo charges paid for ACPL a/c Allweiller \r\nBill no.451 * 27.06.2024\r\n',200.00,12585.00,NULL,'2024-06-27',NULL,NULL,1),(302,0,284,2,'Travelling expense paid to \r\nMr.Pravin for the day',120.00,12465.00,NULL,'2024-06-27',NULL,NULL,1),(303,0,285,2,'Tempo charges paid for ,collected from Vtrans \r\n15KE2FCF\r\nL.R.NO.40823606 * 24.06.2024\r\n\r\n',300.00,12165.00,NULL,'2024-06-28',NULL,NULL,1),(304,0,286,2,'Freight service charges p[aid to V Trans \r\nCR no. 40584568 * 28.06.2024\r\n',150.00,12015.00,NULL,'2024-06-28',NULL,NULL,1),(305,0,287,2,'Tempo charges paid for Yashwant Transport & Shiv bhakti A/c Girish Enterprise & Chudekar\r\nbill no.458 & 459 * 28.06.2024\r\n',450.00,11565.00,NULL,'2024-06-28',NULL,NULL,1),(306,0,288,2,'Freight Paid to Shiv bhakti  Transport \r\nL.R.no. 5070 * 28.06.2024\r\n',200.00,11365.00,NULL,'2024-06-28',NULL,NULL,1),(307,0,289,2,'Tempo charges paid for , collected from Hemant \r\n3.70EF4 - 2 & bked to Bhiwandi Tarapur A/c Hindustan sales\r\nbill no.460 * 28.06.2024\r\n',200.00,11165.00,NULL,'2024-06-28',NULL,NULL,1),(308,0,290,2,'Travelling Expense paid to Mr. Pravin for the day\r\n',120.00,11045.00,NULL,'2024-06-28',NULL,NULL,1),(309,0,291,2,'Tempo charges paid for V Trans  A/c Filter Machine\r\nbill no. 468 * 29.06.2024\r\n',200.00,10845.00,NULL,'2024-06-29',NULL,NULL,1),(310,0,292,2,'Courier charges for Mumbai',40.00,10805.00,NULL,'2024-06-29',NULL,NULL,1),(311,0,293,2,'Travelling expense paid to Mr.Patil for Month - June-24\r\n(Rs120/- x 21 days)\r\n',2520.00,8285.00,NULL,'2024-06-29',NULL,NULL,1),(312,0,294,2,'Delivery charges by Auto for , collected from Hanuman power to Chintamani A/c G.M.Engg \r\nbill no. 472 * 01.07.2024\r\n',200.00,8085.00,NULL,'2024-07-01',NULL,NULL,1),(313,0,295,2,'Tempo charges paid for  Shiv bhakti & Bhiwandi Tarapur A/c Shree Krupa & Hindustan Sales \r\nbill no. 475 &        * 01.07.2024\r\n',300.00,7785.00,NULL,'2024-07-01',NULL,NULL,1),(314,0,296,2,'Travelling Expense Paid to Mr. Pravin for the day',120.00,7665.00,NULL,'2024-07-01',NULL,NULL,1),(315,0,297,2,'Tempo charges paid for ACPL A/v Allweiller \r\nBill no. 477 * 02.07.2024\r\n',200.00,7465.00,NULL,'2024-07-02',NULL,NULL,1),(316,0,298,2,'Travelling expense paid to Mr.Pravin for the day\r\n',120.00,7345.00,NULL,'2024-07-02',NULL,NULL,1),(317,0,299,2,'Tempo charges paid for V trans A/c BES\r\nBill no. 488 * 03.07.2024',400.00,6945.00,NULL,'2024-07-03',NULL,NULL,1),(318,0,300,2,'Tempo charges paid for , collected from Hemant trading  to Janhavi transport \r\n2.20PF2 - 1\r\nbill no. 483 * 02.07.2024\r\n',200.00,6745.00,NULL,'2024-07-03',NULL,NULL,1),(319,0,301,2,'Travelling Expense paid to \r\nMr. Pravin for the day\r\n',120.00,6625.00,NULL,'2024-07-03',NULL,NULL,1),(320,0,302,2,'Mobile phone Recharge for Pravin 7387232747/ Airtel\r\nFor 84 Days',859.00,5766.00,NULL,'2024-07-04',NULL,NULL,1),(321,0,303,2,'Tempo charges paid for Delivery & collected from Janhavi + Aditya trans Transport A/c Shah Ele & Chotiwala\r\nbill no. 489 & 503 * 04.07.2024',300.00,5466.00,NULL,'2024-07-04',NULL,NULL,1),(322,0,304,2,'Freight paid to Janhavi transport A/c Shah Electric\r\nL.R.no. 61624 * 04.07.2024',300.00,5166.00,NULL,'2024-07-04',NULL,NULL,1),(323,0,305,2,'Freight paid to Janhavi transport ,For 5.50EN2 \r\nreturned from Prati\r\nL.R.no. 61566 * 04.07.2024\r\n',200.00,4966.00,NULL,'2024-07-04',NULL,NULL,1),(324,0,306,2,'Freight paid to Aditya transport A/c Chotiwala \r\nL.R.no. 61566 * 04.07.2024\r\n',300.00,4666.00,NULL,'2024-07-04',NULL,NULL,1),(325,0,307,2,'Delivery charges by tempo to Alpha Pumps A/c Gumpro\r\nbill no. 499 * 04.07.2024\r\n',500.00,4166.00,NULL,'2024-07-04',NULL,NULL,1),(326,0,308,2,'Tempo charges paid for V trans A/c BES \r\nBill no. 501 * 04.07.2024\r\n',200.00,3966.00,NULL,'2024-07-04',NULL,NULL,1),(327,0,309,2,'Travelling expense paid to Mr. Pravin for the day\r\n',120.00,3846.00,NULL,'2024-07-04',NULL,NULL,1),(328,0,310,2,'Tempo charges paid for V trans A/c BES\r\nBill no. 508 * 05.07.2024\r\n',200.00,3646.00,NULL,'2024-07-05',NULL,NULL,1),(329,0,311,2,'Travelling expense paid to \r\nMr.Pravin for the day\r\n',120.00,3526.00,NULL,'2024-07-05',NULL,NULL,1),(330,0,312,2,'Tempo charges paid ,collected from Makharia to Godown \r\n0.37KPG4Flg - 4',500.00,3026.00,NULL,'2024-07-06',NULL,NULL,1),(331,0,313,2,'Tempo charges paid for Shivbhakti transport A/c Patil Industries , Ghansoli\r\nbill no.510 * 05.07.2024\r\n',200.00,2826.00,NULL,'2024-07-06',NULL,NULL,1),(332,0,314,2,'Freight paid to Shivbhakti transport A/c Patil industries\r\nL.R.no. 6039 * 06.07.2024\r\n',250.00,2576.00,NULL,'2024-07-06',NULL,NULL,1),(333,0,315,2,'Travelling expense paid to \r\nMr.Pravin for the day\r\n',120.00,2456.00,NULL,'2024-07-06',NULL,NULL,1),(334,19,0,1,'from UBI mum',8075.00,9101.00,NULL,'2024-07-10',NULL,NULL,1),(335,0,316,2,'tEMPO CHARGESP ACPL A/c Allwieller \r\nRef Bill no. 0511 * 08.07.2024\r\n',200.00,2256.00,NULL,'2024-07-08',NULL,NULL,1),(336,0,317,2,'Freight Paid to J.D. roadlines \r\nFrom Indian Ele., Pune\r\nL.r. No/.1666108 * 06.07.2024',210.00,2046.00,NULL,'2024-07-08',NULL,NULL,1),(337,0,318,2,'Tempo charges paid for ACPL & Yashwant Transport A/c \r\nNetzsch & Shri krupa & Bakulelectrical \r\nbill no. 521 & 527 & 522* 09.07.2024',300.00,1746.00,NULL,'2024-07-09',NULL,NULL,1),(338,0,319,2,'Freight paid to Yashwant transport A/c Bakul\r\nRef . L R, no, 4646 * 09.07.2024',400.00,1346.00,NULL,'2024-07-09',NULL,NULL,1),(339,0,320,2,'Tempo charges paid for , collected from Hemant & Bked to Janhavi Transport A/c Riva Techno\r\nbill no. ',200.00,1146.00,NULL,'2024-07-09',NULL,NULL,1),(340,0,321,2,'Travelling expense paid to Mr. Pravin fir the day\r\n',120.00,1026.00,NULL,'2024-07-09',NULL,NULL,1),(341,0,322,2,'Tempo charges paid for ACPL & Bhiwandi Tarapur A/c Hindustan Sales & Allweiller\r\nBill no. 530 & 532 * 10.07.2024',300.00,8801.00,NULL,'2024-07-10',NULL,NULL,1),(342,0,323,2,'Amt paid for Drinking water batla For  Yogeshwar godown\r\nRs.35 x 9',315.00,8486.00,NULL,'2024-07-10',NULL,NULL,1),(343,0,324,2,'Travelling Expense paid to Mr.Pravin for the day\r\n',120.00,8366.00,NULL,'2024-07-10',NULL,NULL,1),(344,0,325,2,'Tempo charges paid for V TRANS A/c Nadi \r\nBill no. 541 * 11.07.2024\r\n',300.00,8066.00,NULL,'2024-07-11',NULL,NULL,1),(345,0,326,2,'Tempo charges paid for Bhavana Roadways A/c BES \r\nFor Del PD\r\nbill no. 935 * 11.07.2024\r\n',200.00,7866.00,NULL,'2024-07-11',NULL,NULL,1),(346,0,327,2,'Travelling expense paid to Mr. Pravin for the day',120.00,7746.00,NULL,'2024-07-11',NULL,NULL,1),(347,0,328,2,'Tempo charges paid for Goods returned from Bhavana Roadways A/c Dhruv',300.00,7446.00,NULL,'2024-07-12',NULL,NULL,1),(348,0,329,2,'Travelling expense paid to Mr. Pravin for the day',120.00,7326.00,NULL,'2024-07-12',NULL,NULL,1),(349,0,330,2,'Travelling Expense paid to Mr. Pravin for the day',120.00,7206.00,NULL,'2024-07-13',NULL,NULL,1),(350,0,331,2,'Courier charges paid for Mumbai',40.00,7166.00,NULL,'2024-07-13',NULL,NULL,1),(351,0,332,2,'Tempo charges paid for  Bhiwandi Tarapur & Shree Ayappa transport A/c Hindustan Sales & FFP',300.00,6866.00,NULL,'2024-07-15',NULL,NULL,1),(352,0,333,2,'Loading charges at Yoigeshwar for 63 nos\r\nSpecial Tempo for BES \r\n.',600.00,6266.00,NULL,'2024-07-15',NULL,NULL,1),(353,0,334,2,'Travelling Expense paid to Mr. Pravin For the day',120.00,6146.00,NULL,'2024-07-15',NULL,NULL,1),(354,0,335,2,'Travelling expense paid to Mr.Pravin for the day',120.00,6026.00,NULL,'2024-07-16',NULL,NULL,1),(355,0,336,2,'Travelling Expense paid to Mr.\r\nPravin for the day',120.00,5906.00,NULL,'2024-07-17',NULL,NULL,1),(356,0,337,2,'Tempo charges paid for Nagpur Goods\r\nA/c Vardhaman Steel\r\nBill no. 574 * 18.07.2024',300.00,5606.00,NULL,'2024-07-18',NULL,NULL,1),(357,0,338,2,'Tempo charges Paid for Kalayatan & ACPL \r\na/C  ferro care & BES For S.R.\r\n',250.00,5356.00,NULL,'2024-07-18',NULL,NULL,1),(358,0,339,2,'Travelling expense paid to Mr.Prtavin for the day',120.00,5236.00,NULL,'2024-07-18',NULL,NULL,1),(359,0,340,2,'Tempo charges paid for Anaya Transport A/c Intech Pulveriser\r\nBill no. 582 * 19.07.2024',200.00,5036.00,NULL,'2024-07-19',NULL,NULL,1),(360,0,341,2,'Tempo charges Paid or ACPL & Kalayatan \r\nA/c Allweiller & Raj Enterprise \r\nbill no. 580 & 581 * 19.07.2024 ',300.00,4736.00,NULL,'2024-07-19',NULL,NULL,1),(361,0,342,2,'Travelling expense paid to Mr.Pravin for the day',120.00,4616.00,NULL,'2024-07-19',NULL,NULL,1),(362,0,343,2,'Courier charges paid for\r\nMumbai office',40.00,4576.00,NULL,'2024-07-20',NULL,NULL,1),(363,0,344,2,'Travelling expense paid to Mr.Pravin  for the day',120.00,4456.00,NULL,'2024-07-20',NULL,NULL,1),(364,20,0,1,'from UBI',8885.00,11161.00,NULL,'2024-07-26',NULL,NULL,1),(365,0,345,2,'Travelling expense paid to Mr.Pravin for the day\r\n',120.00,4336.00,NULL,'2024-07-22',NULL,NULL,1),(366,0,346,2,'Tempo charges paid for Yashwant transport & Aditya transport A/c Chotiwala & Ashrith Logistic\r\nBILL NO. 596 &    * 23.07.2024\r\n',300.00,4036.00,NULL,'2024-07-23',NULL,NULL,1),(367,0,347,2,'Freight paid to Yashwant transport A/c Ashrith \r\nL.R.no. 11212 * 23.07.2024\r\n',600.00,3436.00,NULL,'2024-07-23',NULL,NULL,1),(368,0,348,2,'Freight paid to Aditya Transport A/c Chotiwala\r\nL.R, no, 9626 * 23.07.2024\r\n',300.00,3136.00,NULL,'2024-07-23',NULL,NULL,1),(369,0,349,2,'Travelling expense paid to Mr.Pravin for the day\r\n',120.00,3016.00,NULL,'2024-07-23',NULL,NULL,1),(370,0,350,2,'Tempo charges paid for V trans A/c Nadi\r\nA/c Bill no. 601 * 24.07.2024\r\n',500.00,2516.00,NULL,'2024-07-24',NULL,NULL,1),(371,0,351,2,'Travelling expense paid to Mr.\r\nPravin for the day\r\n',120.00,2396.00,NULL,'2024-07-24',NULL,NULL,1),(372,0,352,2,'Travelling expense paid to Mr.Pravin for the day',120.00,2276.00,NULL,'2024-07-25',NULL,NULL,1),(373,0,353,2,'Tempo charges paid for V tans A/c BES  \r\nBILL NO. 613 * 26.07.2024\r\n',200.00,10961.00,NULL,'2024-07-26',NULL,NULL,1),(374,0,354,2,'travelling Expense paid to Mr.Pravin For the day\r\n',120.00,10841.00,NULL,'2024-07-26',NULL,NULL,1),(375,0,355,2,'Unloading charges at yogeshwar by Fork lift for 2 Nos. , from CGL\r\n\r\n',700.00,10141.00,NULL,'2024-07-27',NULL,NULL,1),(376,0,356,2,'Travelling Expense paid to Mr.Patil as advance for Month- july 24\r\n',1500.00,8641.00,NULL,'2024-07-27',NULL,NULL,1),(377,0,357,2,'Courier charges paid for Mumbai Office',40.00,8601.00,NULL,'2024-07-27',NULL,NULL,1),(378,0,358,2,'Travelling Expense paid to Mr.Pravin For the day\r\n',120.00,8481.00,NULL,'2024-07-27',NULL,NULL,1),(379,21,0,1,'from ubi',9050.00,13321.00,NULL,'2024-08-01',NULL,NULL,1),(380,0,359,2,'Tempo charges paid for VTrans A/c BES \r\nBill no. 520 * 29.07.2024',800.00,7681.00,NULL,'2024-07-29',NULL,NULL,1),(381,0,360,2,'Travelling expense paid to\r\nMr. Pravin for the day\r\n ',120.00,7561.00,NULL,'2024-07-29',NULL,NULL,1),(382,0,361,2,'\r\n\r\n\r\n\r\n\r\nUnloading charges at ACPL Forklift for 4 nos.15KDC6 From CGL',1000.00,6561.00,NULL,'2024-07-30',NULL,NULL,1),(383,0,362,2,'Tempo charges paid for ACPL \r\nA/c Allweiller\r\nbill no. 622 * 30.07.2024\r\n',500.00,6061.00,NULL,'2024-07-30',NULL,NULL,1),(384,0,363,2,'Tempo charges paid for Bhavana & V Trans A/c \r\nBES For Del pd & Nadi\r\nbill no. G/1070 & 621 * 300.07.2024\r\n',400.00,5661.00,NULL,'2024-07-30',NULL,NULL,1),(385,0,364,2,'Tempo charges paid for Prem ganga & Janhavi Transport\r\nbill no. Spiral & Kalpana \r\nbill no. 625 & 627 * 30.07.2024\r\n',250.00,5411.00,NULL,'2024-07-30',NULL,NULL,1),(386,0,365,2,'Freight paid to Janhavi transport A/c Kalpana \r\nLK.R.no. 80946 * 30.07.2024\r\n',100.00,5311.00,NULL,'2024-07-30',NULL,NULL,1),(387,0,366,2,'Travelling expense paid to \r\nMr. Pravin for the day\r\n',120.00,5191.00,NULL,'2024-07-30',NULL,NULL,1),(388,0,367,2,'Tempo charges paid for , Collected from Hemanyt Trading & Booked to ARC For 2.20PN4  + Rajesh Roadlines  A/c Siddharth \r\nbill no. 625 * 31.07.2024 ',500.00,4691.00,NULL,'2024-07-31',NULL,NULL,1),(389,0,368,2,'Tempo charges paid for ACPL A/c Delta Pd \r\nbill no., 826 * 31.07.2024\r\n',300.00,4391.00,NULL,'2024-07-31',NULL,NULL,1),(390,0,369,2,'Travelling expense paid to Mr. Pravin for the day\r\n',120.00,4271.00,NULL,'2024-07-31',NULL,NULL,1),(391,0,370,2,'Tempo charges paid for , collected from Hanuman power & delivered to Batco\r\nbill no. 634 * 31.07.2024\r\n',400.00,12921.00,NULL,'2024-08-01',NULL,NULL,1),(392,0,371,2,'Delivery charges by special Tempo To Kalamboli ,Mahalaxmi Generators A/c Patil Venture bill nop.645 * 01.08.2024\r\n',2200.00,10721.00,NULL,'2024-08-01',NULL,NULL,1),(393,0,372,2,'Tempo charges paid for Janhavi Transport & Bhavana  A/c Salaman  & BES bill no. 0647 & G/1091 * 01.08.2024\r\n\r\n \r\n ',300.00,10421.00,NULL,'2024-08-01',NULL,NULL,1),(394,0,373,2,'Freight paid to Janhavi Transport A/c Salman \r\nL.R. No. 82648 * 01.08.2024\r\n',100.00,10321.00,NULL,'2024-08-01',NULL,NULL,1),(395,0,374,2,'Travelling Expense paid to Mr. Pravin For the day\r\n+',120.00,10201.00,NULL,'2024-08-01',NULL,NULL,1),(396,0,375,2,'Unloading Charges at Yogeshwar For 127 Nos. from CGHL Thru. BGT & Surendra\r\n ',600.00,9601.00,NULL,'2024-08-02',NULL,NULL,1),(397,0,376,2,'Unloading Charges at Yogeshwar By Forklift\r\nfor 1 no. 30KDC\r\n ',700.00,8901.00,NULL,'2024-08-02',NULL,NULL,1),(398,0,377,2,'Tempo charges paid for Bhavana Roadways \r\nA/x Maxima  Bill no., 651 * 02.08.2024\r\n ',150.00,8751.00,NULL,'2024-08-02',NULL,NULL,1),(399,0,378,2,'Freight Paid to Bhavana Roadways A/c maxima \r\nL.R. No.8736801 * 02.08.2024\r\n ',300.00,8451.00,NULL,'2024-08-02',NULL,NULL,1),(400,0,379,2,'Travelling expense paid to \r\nMr. Pravin for the day\r\n ',120.00,8331.00,NULL,'2024-08-02',NULL,NULL,1),(401,0,380,2,'Tempo charges paid for  ACPL A/c Yash Machinery\r\nBill no. 658 * 03.08.2024\r\n',200.00,8131.00,NULL,'2024-08-03',NULL,NULL,1),(402,0,381,2,'Amt paid for Drinking Water Batla At Yogeshwar \r\nPaid for 9 Nos. x Rs.35\r\nPaid to Tanvi Water Suppliers\r\n ',315.00,7816.00,NULL,'2024-08-03',NULL,NULL,1),(403,0,382,2,'Bal Amt Of Travelling Expense paid to Mr. patil , Bhiwandi\r\nTotal Rs.3240/- Less 1500/- \r\n[paid in advance} Paid  for\r\n 27 Days',1740.00,6076.00,NULL,'2024-08-03',NULL,NULL,1),(404,0,383,2,'Travelling expense paid tp Mr. Pravin for the day',120.00,5956.00,NULL,'2024-08-03',NULL,NULL,1),(405,0,384,2,'Courier charges paid for Mumbai \r\n',40.00,5916.00,NULL,'2024-08-03',NULL,NULL,1),(406,0,385,2,'Tempo charges paid for Aditya transport & ARC\r\n(DETAILS PENDING)',450.00,5466.00,NULL,'2024-08-05',NULL,NULL,1),(407,0,386,2,'Freight paid to Aditya transport A/c Chotiwala',300.00,5166.00,NULL,'2024-08-05',NULL,NULL,1),(408,0,387,2,'Loading & unloading  for 1 no. at ARC\r\n',300.00,4866.00,NULL,'2024-08-05',NULL,NULL,1),(409,0,388,2,'Tempo charges paid for , collected from V tran to Godown',300.00,4566.00,NULL,'2024-08-05',NULL,NULL,1),(410,0,389,2,'Freight service charges paid to V trans for 3 nos.',240.00,4326.00,NULL,'2024-08-05',NULL,NULL,1),(411,0,390,2,'Tempo charges paid for , collected from Makharia & bked to V Trans & Prem Ganga  A/c Spiral\r\n',600.00,3726.00,NULL,'2024-08-05',NULL,NULL,1),(412,0,391,2,'Loading Charges By Forklift for 30KDC ',700.00,3026.00,NULL,'2024-08-05',NULL,NULL,1),(413,0,392,2,'Travelling expense paid to Mr. Pravin for the day',120.00,2906.00,NULL,'2024-08-05',NULL,NULL,1),(414,0,393,2,'Delivery charges by special tempo to Taloja, A/c Hikal',2200.00,2906.00,NULL,'2024-08-06',NULL,NULL,0),(415,0,394,2,'Tempo charges  paid for \r\nDeccan Queen Transport',400.00,2906.00,NULL,'2024-08-06',NULL,NULL,0),(416,22,0,1,'from ubi mum',9565.00,12471.00,NULL,'2024-08-06',NULL,NULL,1),(417,23,0,1,'from ubi mum',9805.00,18936.00,NULL,'2024-08-07',NULL,NULL,1),(418,24,0,1,'FROM ICICI',9745.00,14638.00,NULL,'2024-08-16',NULL,NULL,1),(419,0,395,2,'Tempo charges paid for Aditya transport & ARC\r\nA/c BES For Assam Petro & Chotiwala bill no. 663 , 665 & 623 * 05.08.2024\r\n ',450.00,2906.00,NULL,'2024-08-05',NULL,NULL,0),(420,0,396,2,'Freight paid to Aditya Transport A/c Chotiwal;a \r\nL.R. no. 10080 * 05.08.2024\r\n',300.00,2906.00,NULL,'2024-08-05',NULL,NULL,0),(421,0,397,2,'Loading & Unloading Charges \r\nfor 7.50KDC At ARC\r\nREF BIOLL NO. 623 * 05.08.2024\r\n',300.00,2906.00,NULL,'2024-08-05',NULL,NULL,0),(422,0,398,2,'Tempo charges Paid for , collected from Vtrans\r\nto Godown\r\nL.R.no. 40824484 * 31.07.2024\r\n ',300.00,2906.00,NULL,'2024-08-05',NULL,NULL,0),(423,0,399,2,'Freight service charges paid to V tyrans \r\nCR NO, 40837099 *  05.08.2024\r\n',240.00,2906.00,NULL,'2024-08-05',NULL,NULL,0),(424,0,400,2,'Tempo Charges for collected From Makharia & Booked to Premganga Transport A/c Spiral \r\nbill no. 667 * 05.08.2024\r\n',600.00,2906.00,NULL,'2024-08-05',NULL,NULL,0),(425,0,401,2,'Loading charges for 30KDC - 1 By Forklift \r\nA/c BES , Bill no. 1070 */ 05.08.2024\r\n',700.00,2906.00,NULL,'2024-08-05',NULL,NULL,0),(426,0,402,2,'Travelling Expense paid to \r\nMr. Pravin For the day ',120.00,2906.00,NULL,'2024-08-05',NULL,NULL,0),(427,0,403,2,'Delivery charges by special temp[o A/c Hikal Ltd.\r\nbill no. 669* 05.08.2024',2200.00,10271.00,NULL,'2024-08-06',NULL,NULL,1),(428,0,404,2,'Tempo charges paid for , collected from JD to Godown\r\nL.R.no. 1666290 * 05.08.2024 from Sharp sales - bill no. 1534 * 05.08.2024',200.00,10071.00,NULL,'2024-08-06',NULL,NULL,1),(429,0,405,2,'Freight paid to JD from Pune \r\nL.R no. 1666290 * 05.080.2024',420.00,9651.00,NULL,'2024-08-06',NULL,NULL,1),(430,0,406,2,'Tempo charges paid for Deccan Queen transport A/c\r\nBill n o. 671 * 06.08.2024\r\n ',400.00,9251.00,NULL,'2024-08-06',NULL,NULL,1),(431,0,407,2,'Travelling expense paid to \r\nMr. Pravin  for the day',120.00,9131.00,NULL,'2024-08-06',NULL,NULL,1),(432,0,408,2,'Deliveery charges by Special Tempo to Mahul , Chembur M,umbai A/c HPCL \r\nBill no.677 * 06.08.2024\r\n',3000.00,15936.00,NULL,'2024-08-07',NULL,NULL,1),(433,0,409,2,'Tempo charges paid for ,goods returned from Taloja,\r\nfrom Hikal , motor not recd by customer for some issue\r\nbill no. 669 * 05.08.2024\r\n  ',1100.00,14836.00,NULL,'2024-08-07',NULL,NULL,1),(434,0,410,2,'Tempo charges ACPL A/c  RAYGM Engr, Pune\r\nbill no. 672 * 07.08.2024\r\n',200.00,14636.00,NULL,'2024-08-07',NULL,NULL,1),(435,0,411,2,'FREIGHT PAID TO ACPL \r\nA/c RAYGM Engrs\r\nL.R no. 2403\r\n7104762 * 07.08.2024\r\n',3000.00,11636.00,NULL,'2024-08-07',NULL,NULL,1),(436,0,412,2,'Tempo charges paid for Shiv Bhakti A/c  Chudekar\r\nbill no. 680 & 682 * 07.08.2024',200.00,11436.00,NULL,'2024-08-07',NULL,NULL,1),(437,0,413,2,'Freight paid to ShivBhakti Transport A/c Chudekar \r\nL.R.no. 18073. * 07.08.2024\r\n',500.00,10936.00,NULL,'2024-08-07',NULL,NULL,1),(438,0,414,2,'Tempo charges paid for collected from Makharia\r\n',600.00,10336.00,NULL,'2024-08-07',NULL,NULL,1),(439,0,415,2,'Travelling expense paid to Mr. Pravin for the day\r\n',120.00,10216.00,NULL,'2024-08-07',NULL,NULL,1),(440,0,416,2,'Tempo charges paid for \r\nDarshan ttrasnsport  , Yahwant transport & Janhavi A/c Kasturi engg  , Bakul Aromatic & mumbai office\r\nbvill no. 687  & 688 * 08.08.2024\r\n',400.00,9816.00,NULL,'2024-08-08',NULL,NULL,1),(441,0,417,2,'Freight Paid To Yashwant Transport a/c bakul \r\nL.R.no. 409 * 08.08.2024\r\n\r\n',300.00,9516.00,NULL,'2024-08-08',NULL,NULL,1),(442,0,418,2,'Freight paid to Janhavi Transport to Mumbai Office \r\nL.R.no. 87703 * 08.08.2024\r\n',150.00,9366.00,NULL,'2024-08-08',NULL,NULL,1),(443,0,419,2,'Freight paid to ACPL \r\nfrom Shanbhag engg \r\nL.R.no. 2438600021 * 05.08.2024\r\n',1373.00,7993.00,NULL,'2024-08-08',NULL,NULL,1),(444,0,420,2,'Amt paid for sundry expense,\r\nPurchase of packing material \r\npurchase from Hari Om Hardware',140.00,7853.00,NULL,'2024-08-08',NULL,NULL,1),(445,0,421,2,'Travelling expense paid to Mr. Pravin for the day',120.00,7733.00,NULL,'2024-08-08',NULL,NULL,1),(446,0,422,2,'Tempo charges paid for Shiv bhakti transport \r\nA/c Chudekar\r\nbill no. for GF6782 - 4 NOS.\r\n',100.00,7633.00,NULL,'2024-08-09',NULL,NULL,1),(447,0,423,2,'Freight paid to Shiov Bhakti Transport A/c Chudekar\r\nL.R.no. 18373 * 09.08.2024\r\n',400.00,7233.00,NULL,'2024-08-09',NULL,NULL,1),(448,0,424,2,'Travelling erxpense paid to Mr.Pravin for the day\r\n',120.00,7113.00,NULL,'2024-08-09',NULL,NULL,1),(449,0,425,2,'Tempo charges paid for Delivery & collected motor from SCIS To Godown\r\n',400.00,6713.00,NULL,'2024-08-10',NULL,NULL,1),(450,0,426,2,'Tempo charges paid for Janhavi  transport A/c Unoin pump \r\nbill no.  GF6782 - 3 NOS.\r\n',200.00,6513.00,NULL,'2024-08-10',NULL,NULL,1),(451,0,427,2,'Courier charges for Mumbai office\r\n',40.00,6473.00,NULL,'2024-08-10',NULL,NULL,1),(452,0,428,2,'Travelling expense paid to Mr.Pravin for the day\r\n',120.00,6353.00,NULL,'2024-08-10',NULL,NULL,1),(453,0,429,2,'Tempo charges paid for Kalayatan Cargo \r\nA/c BES For S.R. metering \r\nBill no. 1161 * 12.08.2024\r\n',200.00,6153.00,NULL,'2024-08-12',NULL,NULL,1),(454,0,430,2,'Tempo charges Paid for , Collected from Bhavana Roadways to Godown',400.00,5753.00,NULL,'2024-08-12',NULL,NULL,1),(455,0,431,2,'Travelling Expense paid to Mr. Pravin For The day\r\n',120.00,5633.00,NULL,'2024-08-12',NULL,NULL,1),(456,0,432,2,'Travelling expense paid to Mr. pravin for the day',120.00,5513.00,NULL,'2024-08-13',NULL,NULL,1),(457,0,433,2,'Tempo charges paid for V Trans \r\nA/c Basic mktg\r\nbill no. 719 * 14.08.2024 ',200.00,5313.00,NULL,'2024-08-14',NULL,NULL,1),(458,0,434,2,'Tempo charges paid for \r\nArihant A/c LL Equipment \r\nbill no. 716 * 14.08.2024\r\n',300.00,5013.00,NULL,'2024-08-14',NULL,NULL,1),(459,0,435,2,'Travelling paid to Mr. Pravin  for the day\r\n',120.00,4893.00,NULL,'2024-08-14',NULL,NULL,1),(460,0,436,2,'Delivery Charges by Special Tempo To Hikal \r\nBill no. 669 * 05.08.2024',2000.00,12638.00,NULL,'2024-08-16',NULL,NULL,1),(461,0,437,2,'Tempo charges paid for Janhavi Transport & Aditya \r\nA/c Vidya Enguineers & Chotiwala \r\nbill no. 0723 & 0726 * 16.08.2024\r\n',250.00,12388.00,NULL,'2024-08-16',NULL,NULL,1),(462,0,438,2,'Freight Paid To Janhavi Transportr A/c Vidya engineers \r\nL.R. no.93239 * 16.08.2024\r\n',600.00,11788.00,NULL,'2024-08-16',NULL,NULL,1),(463,0,439,2,'Freight paid to Aditya Transport \r\nA/c Chotiwala\r\nL.,R. no. 3004 * 16.08.2024\r\n',150.00,11638.00,NULL,'2024-08-16',NULL,NULL,1),(464,0,440,2,'Unloading charges at Yogeshwar  for 1 no. motor from CGL Thru. BGT',300.00,11338.00,NULL,'2024-08-16',NULL,NULL,1),(465,0,441,2,'Loading charges at yogeshwar for 1 no. loose pump ',200.00,11138.00,NULL,'2024-08-16',NULL,NULL,1),(466,0,442,2,'Travelling expense paid to Mr. Pravin for the day\r\n',120.00,11018.00,NULL,'2024-08-16',NULL,NULL,1),(467,0,443,2,'Tempo charges paid for Yashwant transport a/c Waris Generators\r\nBill no. 735 * 17.08.2024\r\n',200.00,10818.00,NULL,'2024-08-17',NULL,NULL,1),(468,0,444,2,'Freight paid to Yashwant transport A/c Waris \r\nl.r.nO. 6005 * 17.08.2024\r\n',600.00,10218.00,NULL,'2024-08-17',NULL,NULL,1),(469,0,445,2,'Tempo charges paid for Ajanta Transport A/c Adarsh Enterprise\r\nbill no. 737  * 17.08.2024\r\n',300.00,9918.00,NULL,'2024-08-17',NULL,NULL,1),(470,0,446,2,'Courier charges for Mumbai Office',40.00,9878.00,NULL,'2024-08-17',NULL,NULL,1),(471,0,447,2,'Travelling Expense Paid To \r\nMr. Pravin For The Day\r\n',120.00,9758.00,NULL,'2024-08-17',NULL,NULL,1),(472,0,448,2,'Travelling expense paid to Mr. Pravin for the day',120.00,9638.00,NULL,'2024-08-19',NULL,NULL,1),(473,0,449,2,'Tempo charges paid for Solapur Goods A/c Loni Mechanical\r\nBill no.  ',300.00,9338.00,NULL,'2024-08-20',NULL,NULL,1),(474,0,450,2,'Tempo charges paid for V Trans A/c BES Bill no. 0742 * 20.08.2024',200.00,9138.00,NULL,'2024-08-20',NULL,NULL,1),(475,0,451,2,'Travelling Expense paid to Mr. Pravin For The Day',120.00,9018.00,NULL,'2024-08-20',NULL,NULL,1),(476,0,452,2,'Delivery charge by Special Tempo to Kalamboli Aa/c Suvarna & Model Logistics \r\nBill no. 753 & 754 * 21.08.24\r\n',2000.00,7018.00,NULL,'2024-08-21',NULL,NULL,1),(477,0,453,2,'Freight Paid to Shiv bhakti\r\nTransport A/c Chudekar\r\nL.R. No.. 2208 * 21.08.2024',100.00,6918.00,NULL,'2024-08-21',NULL,NULL,1),(478,0,454,2,'Travelling Expenses Paid To Mr. Pravin For the Day\r\n',120.00,6798.00,NULL,'2024-08-21',NULL,NULL,1),(479,0,455,2,'Travelling expense paid to Mr. Pravin for the day',120.00,6678.00,NULL,'2024-08-22',NULL,NULL,1),(480,0,456,2,'Tempo charges paid for Gajanan Transport & Hari Om transport \r\nA/c Unique Technology & Kalina Engg\r\nBill no. 0763 & 0764 * 23.08.2024\r\n',250.00,6428.00,NULL,'2024-08-23',NULL,NULL,1),(481,0,457,2,'Travelling Expense paid to Mr. Pravin for the day',120.00,6308.00,NULL,'2024-08-23',NULL,NULL,1),(482,0,458,2,'Tempo charges paid for , collected from V trans  & \r\nShree Nandwana transport\r\nto Godown \r\n',400.00,5908.00,NULL,'2024-08-24',NULL,NULL,1),(483,0,459,2,'Freight service charges paid to V trans \r\nL.R. no.40824898 & CR No. 40964591 * 24.08.2024\r\n',110.00,5798.00,NULL,'2024-08-24',NULL,NULL,1),(484,0,460,2,'Freight paid ti Shree Nandwana transport \r\nl/r no. 1574979 * 22.08.2024\r\n',270.00,5528.00,NULL,'2024-08-24',NULL,NULL,1),(485,0,461,2,'Tempo charges paid for Solapur Goods transport A/c Loni Mechanical\r\nbill no. 766 * 24.08.2024\r\n',300.00,5228.00,NULL,'2024-08-24',NULL,NULL,1),(486,0,462,2,'Freight paid to Aditya transport A/c Chotiwala Foods\r\nL.R. no. 3375 * 24.08.2024\r\n',150.00,5078.00,NULL,'2024-08-24',NULL,NULL,1),(487,0,463,2,'Tempo charges paid v TRANS & Aditya Transport\r\nA/c bill no. 767 & \r\n24.08.2024\r\n',300.00,4778.00,NULL,'2024-08-24',NULL,NULL,1),(488,0,464,2,'Courier charges Mumbai Office ',40.00,4738.00,NULL,'2024-08-24',NULL,NULL,1),(489,0,465,2,'Travelling Expense Paid to Mr. Pravin For the Day',120.00,4618.00,NULL,'2024-08-24',NULL,NULL,1),(490,25,0,1,'ubi mum',7395.00,10493.00,NULL,'2024-08-28',NULL,NULL,1),(491,0,466,2,'Unloading charges by Forklift\r\nfor 4 nos. at yogeshwar\r\nfrom CGL\r\n ',700.00,3918.00,NULL,'2024-08-26',NULL,NULL,1),(492,0,467,2,'Tempo charges paid for Aditya & V Trans \r\n',400.00,3518.00,NULL,'2024-08-26',NULL,NULL,1),(493,0,468,2,'Freight paid to Aditya Transport for 2 nos.\r\n',300.00,3218.00,NULL,'2024-08-26',NULL,NULL,1),(494,0,469,2,'Travelling expense p[aid to Mr. Pravin for the day\r\n',120.00,3098.00,NULL,'2024-08-26',NULL,NULL,1),(495,0,470,2,'Tempo chargers paid for , collected from V trans & Booked to Prem ganga Transport\r\n(details pending )\r\n\r\n',300.00,10193.00,NULL,'2024-08-28',NULL,NULL,1),(496,0,471,2,'Freight service charges paid to V trans  for 1 no.',100.00,10093.00,NULL,'2024-08-28',NULL,NULL,1),(497,0,472,2,'Tempo charges paid for New Gajanan & Shiv Bhakti Transport\r\n(Details Pending)',300.00,9793.00,NULL,'2024-08-28',NULL,NULL,1),(498,0,473,2,'Freight charges paid to Shiv bhakti transport \r\n(details pending)',300.00,9493.00,NULL,'2024-08-28',NULL,NULL,1),(499,0,474,2,'Travelling Expense paid to Mr. Pravin for the day',120.00,9373.00,NULL,'2024-08-28',NULL,NULL,1),(500,0,475,2,'Tempo charges paid for Anaya Transport  A/c \r\n',250.00,8623.00,NULL,'2024-08-29',NULL,NULL,1),(501,0,476,2,' Tempo charges paid for Shivbhakti & Shah Roadways\r\n',300.00,8323.00,NULL,'2024-08-29',NULL,NULL,1),(502,0,477,2,'Freight paid to Shiv bhakti  a/c\r\n5 Nos.\r\n ',500.00,8873.00,NULL,'2024-08-28',NULL,NULL,1),(503,0,478,2,'Travelling Expense paid to Mr. pravin for the day\r\n',120.00,8203.00,NULL,'2024-08-29',NULL,NULL,1),(504,0,479,2,'Tempo charges paid for \r\nSolapur Goods transport \r\nA/c Loni mechanical',300.00,7903.00,NULL,'2024-08-30',NULL,NULL,1),(505,0,480,2,'Tempo charges paid for , collected from SCIS & BKED To Darshan Transport \r\nA/c Gautam Enterprise\r\n ',400.00,7503.00,NULL,'2024-08-30',NULL,NULL,1),(506,0,481,2,'Freight charges paid to Darshan transport A/c Gautam Enterprise ',300.00,7203.00,NULL,'2024-08-30',NULL,NULL,1),(507,0,482,2,'Tempo charges paid for VTran\r\n& Janhavi Transport\r\nA/c Bhoomi Enterprise\r\n( Details Incomplete)\r\n ',250.00,6953.00,NULL,'2024-08-30',NULL,NULL,1),(508,0,483,2,'Tempo chargers paid for Lalji Mulji Transport A/c \r\n(details pending )\r\n ',300.00,6653.00,NULL,'2024-08-30',NULL,NULL,1),(509,0,484,2,'Travelling Expense paid to Mr.Pravin for the day\r\n',120.00,6533.00,NULL,'2024-08-30',NULL,NULL,1),(510,0,485,2,'Travelling expense paid to Mr. Patil for month -  Aug - 24\r\n(Details Pending )\r\n',2640.00,3893.00,NULL,'2024-08-31',NULL,NULL,1),(511,0,486,2,'Tempo charges paid for delivered  to Mark Engg ,\r\nDapoda\r\n7.50KNE4 - 3\r\n',400.00,3493.00,NULL,'2024-08-31',NULL,NULL,1),(512,0,487,2,'Tempo charges paid for , Collected from Makharia  To Yogeshwar Godown\r\nA/c Milton Roy\r\n',500.00,2993.00,NULL,'2024-08-31',NULL,NULL,1),(513,0,488,2,'Tempo charges paid for Shiv Bhakti Transport \r\n',200.00,2793.00,NULL,'2024-08-31',NULL,NULL,1),(514,0,489,2,'Freight paid to Siv Bhakti\r\n(Details Pending )\r\n',200.00,2593.00,NULL,'2024-08-31',NULL,NULL,1),(515,0,490,2,'Unloading Charges for 4 Nos. Forklift\r\n',700.00,1893.00,NULL,'2024-08-31',NULL,NULL,1),(516,0,491,2,'Travelling Expense Paid to\r\nMr. Pravin for the day\r\n',120.00,1773.00,NULL,'2024-08-31',NULL,NULL,1),(517,0,492,2,'Courier charges for Mumbai\r\n',40.00,1733.00,NULL,'2024-08-31',NULL,NULL,1),(518,26,0,1,'FROM  ICIC MUM',9115.00,10283.00,NULL,'2024-09-03',NULL,NULL,1),(519,27,0,1,'from icici',8705.00,11929.00,NULL,'2024-09-11',NULL,NULL,1),(520,0,493,2,'Tempo charges paid for ACPL \r\nA/c Netzsch\r\nbill no. 812 * 02.09.2024\r\n',200.00,1533.00,NULL,'2024-09-02',NULL,NULL,1),(521,0,494,2,'Drinking water charges paid for godown\r\n@35 x 7 Batla\r\npaid to Tanvi Water Supplier\r\nFor Aug - 24\r\n',245.00,1288.00,NULL,'2024-09-02',NULL,NULL,1),(522,0,495,2,'Travelling expense paid to Mr. pravin for the day\r\n',120.00,1168.00,NULL,'2024-09-02',NULL,NULL,1),(523,0,496,2,'Tempo charges paid for , collected from SCIS TO Godown',300.00,9983.00,NULL,'2024-09-03',NULL,NULL,1),(524,0,497,2,'Tempo charges paid for Bombay Roha Transport \r\nA/c Finesac\r\nbill 0815 * 03.09.2024\r\n',250.00,9733.00,NULL,'2024-09-03',NULL,NULL,1),(525,0,498,2,'Loading charges at Yogeshwar for 27 nos. motor A/c BES For Reliance \r\n',1200.00,8533.00,NULL,'2024-09-03',NULL,NULL,1),(526,0,499,2,'Freight paid to V Trans\r\nA/c Reliance \r\nbill no. BES for G/1299 * 02.09.2024\r\n',1249.00,7284.00,NULL,'2024-09-03',NULL,NULL,1),(527,0,500,2,'Tempo charges p[aid for V TRANS A/c Prakash process\r\nbill no. 822 * 03.09.2024\r\n',200.00,7084.00,NULL,'2024-09-03',NULL,NULL,1),(528,0,501,2,'Tempo charges p[aid for V TRANS A/c BES\r\nbill no. 823 * 03.09.2024',200.00,6884.00,NULL,'2024-09-03',NULL,NULL,1),(529,0,502,2,'Travelling Expense paid to Mr. \r\nPravin for the day',120.00,6764.00,NULL,'2024-09-03',NULL,NULL,1),(530,0,503,2,'Tempo charges paid for Nasik Goods Transport A/c Noble Petrochem\r\nbill no. 824 * 04.09.2024\r\n',300.00,6464.00,NULL,'2024-09-04',NULL,NULL,1),(531,0,504,2,'Travelling Expense Paid To Mr. Pravin for the day',120.00,6344.00,NULL,'2024-09-04',NULL,NULL,1),(532,0,505,2,'Tempo charges paid for V trans  & yashwant Transport A/c Invent Enterprise & Mahalaxmi \r\nBill no. 829 & 831 * 05.09.2024\r\n',300.00,6044.00,NULL,'2024-09-05',NULL,NULL,1),(533,0,506,2,'Freight paid to Yashwant transport A/c Mahalaxmi Generators \r\nL.R. no. 7511 * 05.09.2024\r\n',600.00,5444.00,NULL,'2024-09-05',NULL,NULL,1),(534,0,507,2,'Travelling expense paid to Mr. Pravin  for the day\r\n',120.00,5324.00,NULL,'2024-09-05',NULL,NULL,1),(535,0,508,2,'Tempo charges paid for \r\nShiv bhakti & Aditya transport A/c Chudekar Engg & Chotiwala\r\nbill no. 836 & 837 * 06.09.2024\r\n',200.00,5124.00,NULL,'2024-09-06',NULL,NULL,1),(536,0,509,2,'Freight paid to Shivbhakti transport A/c Chudekar \r\nl.r.no. 6074 * 06.09.2024\r\n',300.00,4824.00,NULL,'2024-09-06',NULL,NULL,1),(537,0,510,2,'Freight paid to Aditya Transport A/c Chotiwala \r\nl.r.no. 6471 * 06.09.2024\r\n',300.00,4524.00,NULL,'2024-09-06',NULL,NULL,1),(538,0,511,2,'Amt paid for Nut Bolts',40.00,4484.00,NULL,'2024-09-06',NULL,NULL,1),(539,0,512,2,'Travelling Expense Paid to Mr. Pravin for the day\r\n',120.00,4364.00,NULL,'2024-09-06',NULL,NULL,1),(540,0,513,2,'Tempo charges paid for Bhavana Ropadways & New Gajanan  Transport A/c Vayuvent & Del Pd \r\nBill no. G/13\r\n42 & ',300.00,4064.00,NULL,'2024-09-09',NULL,NULL,1),(541,0,514,2,'Freight paid to New Gajajnan A/c ayuvent \r\nR.no. 20860 * 09.09.2024\r\n',100.00,3964.00,NULL,'2024-09-09',NULL,NULL,1),(542,0,515,2,'Travelling Expense paid to \r\nMr.Pravin for the day\r\n',120.00,3844.00,NULL,'2024-09-09',NULL,NULL,1),(543,0,516,2,'Tempo charges paid for V trans (2 Trips)  \r\nA/c BES  BILL NO. 847 * 10.09.2024\r\n',500.00,3344.00,NULL,'2024-09-10',NULL,NULL,1),(544,0,517,2,'Travelling expense paid to Mr. Pravin for the day\r\n',120.00,3224.00,NULL,'2024-09-10',NULL,NULL,1),(545,0,518,2,'Tempo charges paid for , Collected From Makharia A/c Milton Roy\r\n',500.00,11429.00,NULL,'2024-09-11',NULL,NULL,1),(546,0,519,2,'Tempo charges paid for ,Collected from V trans & bked to Janavi transport \r\nA/c Shah Electric\r\n5.50KNE2Flg_112',300.00,11129.00,NULL,'2024-09-11',NULL,NULL,1),(547,0,520,2,'Freight service chargers paid to V Trans From BES ,\r\nA/C Shah Electric \r\nL.r. no. 40975557 * 06.09.2024\r\nCR No. 41076019 * 11.09.2027\r\n',110.00,11019.00,NULL,'2024-09-11',NULL,NULL,1),(548,0,521,2,'Delivery charges by special tempo to Mahalaxmi .kalamboli A/c Ashrith \r\nfor 90 nos. Alternators\r\n',3300.00,7719.00,NULL,'2024-09-11',NULL,NULL,1),(549,0,522,2,'Tempo charges paid for V tyrans A/c KKC From Shyam Co.',200.00,7519.00,NULL,'2024-09-11',NULL,NULL,1),(550,0,523,2,'Tempo charges paid for \r\nfrom Godown to Hanumam power ,collected & bked to Prabhat Roadways A/c  Sealant & Gasket\r\nbill no. 858 * 11.09.20324\r\n',400.00,7119.00,NULL,'2024-09-11',NULL,NULL,1),(551,0,524,2,'Tempo charges paid for \r\nAnup Transport A/c Kruger ventilation, Shahpur\r\nbill no. 863 * 11.09.2024\r\n',250.00,6869.00,NULL,'2024-09-11',NULL,NULL,1),(552,0,525,2,'Freight paid to Anup transport \r\nA/c Kruger \r\nL.R.no. 5595 * 11.09.2024\r\n',610.00,6259.00,NULL,'2024-09-11',NULL,NULL,1),(553,0,526,2,'Auto Rickshaw Fare fpr lalji Mullji Transport \r\nA/c  B.G Enterprise\r\n\r\n',100.00,6159.00,NULL,'2024-09-11',NULL,NULL,1),(554,0,527,2,'Travelling expense paid to  Mr. Pravin  for the day',120.00,6039.00,NULL,'2024-09-11',NULL,NULL,1),(555,0,528,2,'Freight paid to Lalji Mulji transport A/c B.G. Enterprise\r\n',350.00,5689.00,NULL,'2024-09-11',NULL,NULL,1),(556,0,529,2,'Tempo charges paid for \r\nBhavana Roadways  A/c Del pd pumps\r\nBill no. G/1366/12.09.2024',200.00,5489.00,NULL,'2024-09-12',NULL,NULL,1),(557,0,530,2,'Freight charges paid to Janhavi transport A/c VMS Engineers\r\nL.R.no. 11957 * 12.09.2024',150.00,5339.00,NULL,'2024-09-12',NULL,NULL,1),(558,0,531,2,'Travelling Expense paid to Mr. Pravin for the day',120.00,5219.00,NULL,'2024-09-12',NULL,NULL,1),(559,0,532,2,'Tempo charges paid for Kalayatan cargo \r\nA/c S.R.metering \r\nBill no. G/376 * 13.09.2024',300.00,4919.00,NULL,'2024-09-13',NULL,NULL,1),(560,0,533,2,'Freight paid to Janhavi transport A/c K.B. Machine\r\nL.R.no. 13227 * 13.09.2024',100.00,4819.00,NULL,'2024-09-13',NULL,NULL,1),(561,0,534,2,'Travelling Expense Paid to Mr. Pravin for the day',120.00,4699.00,NULL,'2024-09-13',NULL,NULL,1),(562,0,535,2,'Tempo charges paid for \r\nV trans A/c BES \r\nBill no. 880 * 14.09.2024\r\n',200.00,4499.00,NULL,'2024-09-14',NULL,NULL,1),(563,0,536,2,'Travelling Expense As Advance paid TO Mr.PATIL \r\nFor month - Sep[t 24',1000.00,3499.00,NULL,'2024-09-14',NULL,NULL,1),(564,0,537,2,'Courier charges paid for Mumbai',40.00,3459.00,NULL,'2024-09-14',NULL,NULL,1),(565,0,538,2,'Travelling expense paid to Mr. Pravin for the day',120.00,3339.00,NULL,'2024-09-14',NULL,NULL,1),(566,28,0,1,'To Manish Narverkar',5000.00,6789.00,NULL,'2024-09-18',NULL,NULL,1),(567,0,539,2,'Tempo charges paid for \r\nJanhavi transport , Solapur Goods & Anaya\r\nBill no. 904 + 905& 903 *  20.09.2024\r\n',400.00,2489.00,NULL,'2024-09-20',NULL,NULL,1),(568,0,540,2,'Freight paid to Janhavi transport A/c mumbai transfer\r\nL.R.no.16950 * 20.09.2024\r\n',150.00,2339.00,NULL,'2024-09-20',NULL,NULL,1),(569,0,541,2,'Travelling expense ppaid to Mr. Pravin for the day\r\n',120.00,2219.00,NULL,'2024-09-20',NULL,NULL,1),(570,0,542,2,'Tempo charges paid for \r\nShree Roadways \r\nA/c Ankita Enterprise\r\n',200.00,6589.00,NULL,'2024-09-18',NULL,NULL,1),(571,0,543,2,'Tempo charges paid for ,\r\ncollected from CGL .Bhiwandi  to Godown ,. Satkar  & Aditya Transport A/c\r\nChotiwala  & jayshree Corpn\r\nbil no., 889  & ',500.00,6089.00,NULL,'2024-09-18',NULL,NULL,1),(572,0,544,2,'Unloading Charges at yogeshwar For 7 Nos.\r\nAlternators  from CGL ,nagar\r\n',200.00,5889.00,NULL,'2024-09-18',NULL,NULL,1),(573,0,545,2,'Freight paid to Aditya Transport A/c Chotiwala \r\nL.R.No.6875 * 18.09.2024\r\nbill no.888 * 18.09.2024\r\n\r\n',600.00,5289.00,NULL,'2024-09-18',NULL,NULL,1),(574,0,546,2,'Tempo Charges paid for \r\nV Trans A/c BES \r\nBill no. 881 * 16.09.2024\r\n',400.00,2939.00,NULL,'2024-09-16',NULL,NULL,1),(575,0,547,2,'Travelling expense paid to \r\nMr. Pravin For the day\r\n',120.00,2819.00,NULL,'2024-09-16',NULL,NULL,1),(576,0,548,2,'Tempo charges paid for ,\r\ncollected from V Trans & bked to Shivbhakti Transport\r\nA/c Vidya Engineers\r\n',300.00,2519.00,NULL,'2024-09-17',NULL,NULL,1),(577,0,549,2,'Freight service charges paid to V trans for 4 nos.0.75PF2\r\n',130.00,2389.00,NULL,'2024-09-17',NULL,NULL,1),(578,0,550,2,'Freight paid to Shiv bhakti \r\nTransport\r\nL.R.no. 7493 * 17.09.2024\r\n',600.00,1789.00,NULL,'2024-09-17',NULL,NULL,1),(579,0,551,2,'Tempo charges Paid for\r\nCollected from V trans & bked to ACPL\r\nA/c Instant Procurement\r\nBill no. 901 * 20.09.2024\r\n',200.00,2019.00,NULL,'2024-09-21',NULL,NULL,1),(580,0,552,2,'Freight service charges paid to V Trans From BES,\r\n3.70PN4flg - 1 no.\r\nL.R.no.40975814 & \r\nCR No. 45048292 * 21.09.2024\r\n',110.00,1909.00,NULL,'2024-09-21',NULL,NULL,1),(581,0,553,2,'Tempo charges paid for \r\nJanhavi Transport A/C\r\nNaik Brass\r\nbill no. 904 * 21.09.2024\r\n ',200.00,1709.00,NULL,'2024-09-21',NULL,NULL,1),(582,0,554,2,'Freight paid to Janhavi Transport A/c Naik Brass\r\nL.R.no.20626 * 21.09.2024\r\n',800.00,909.00,NULL,'2024-09-21',NULL,NULL,1),(583,0,555,2,'Courier charges paid for Mumbai',40.00,869.00,NULL,'2024-09-21',NULL,NULL,1),(584,0,556,2,'Travelling expense paid to Mr. Pravin for the day\r\n',120.00,749.00,NULL,'2024-09-21',NULL,NULL,1),(585,0,557,2,'Delivery charges by special Tempo  to Mahalaxmi  ,Kalamboli For 4 Nos.\r\nA/c Ashrith , Ganesh Transline & Zainel Cargo',2100.00,3189.00,NULL,'2024-09-19',NULL,NULL,1),(586,0,558,2,'Tempo charges paid for ,\r\nCollected from SCIS to Godown\r\n',300.00,2889.00,NULL,'2024-09-19',NULL,NULL,1),(587,29,0,1,'from UBI mum',8765.00,8994.00,NULL,'2024-09-24',NULL,NULL,1),(588,30,0,1,'ubimum',4000.00,4004.00,NULL,'2024-10-01',NULL,NULL,1),(589,0,559,2,'Tempo charges paid for ,\r\ncollected from Hemant trading to Yogeshwar \r\n0.75PF4_IIC\r\n',200.00,549.00,NULL,'2024-09-23',NULL,NULL,1),(590,0,560,2,'Tempo charges paid fgor Shree Nasik Goods A/c Noble\r\nbill no. 912 * 23.098.2024\r\n ',200.00,349.00,NULL,'2024-09-23',NULL,NULL,1),(591,0,561,2,'Travelling expense paid to Mr. Pravin for the day\r\n',120.00,229.00,NULL,'2024-09-23',NULL,NULL,1),(592,0,562,2,'Tempo charges paid for New Gajanan \r\nTransport A/c D.P.Furniture\r\nbill no. 921 * 24.0.2024\r\n\r\n ',200.00,8794.00,NULL,'2024-09-24',NULL,NULL,1),(593,0,563,2,'Travelling expense paid to Mr.Pravin \r\nfor the day\r\n',120.00,8674.00,NULL,'2024-09-24',NULL,NULL,1),(594,0,564,2,'Travelling Expense paid to Mr. Pravin for the day',120.00,8554.00,NULL,'2024-09-25',NULL,NULL,1),(595,0,565,2,'Tempo charges paid for , collected from V trans \r\nfor 1.50KNE4 - 4',300.00,8254.00,NULL,'2024-09-26',NULL,NULL,1),(596,0,566,2,'Freight Service charges paid ton V trans , L.R. no. 40975963 * 24.09.2024\r\nCR No. 45066306 * 26.09.2024\r\n',120.00,8134.00,NULL,'2024-09-26',NULL,NULL,1),(597,0,567,2,'Tempo charges Paid for Janhavi Transport A/c Mumbai transfer\r\n ',200.00,7934.00,NULL,'2024-09-26',NULL,NULL,1),(598,0,568,2,'Freight paid to Janhavi transport \r\nFor 2 nos.\r\nL.R.no. 21854 * 26.09.2024\r\n',300.00,7634.00,NULL,'2024-09-26',NULL,NULL,1),(599,0,569,2,'Freight paid to Janhavi Transport \r\nfor 1 No.\r\nL.R.no. 23056 * 26.09.2024\r\n',150.00,7484.00,NULL,'2024-09-26',NULL,NULL,1),(600,0,570,2,'Travelling expense paid to Mr. Pravin\r\nfor the day\r\n ',120.00,7364.00,NULL,'2024-09-26',NULL,NULL,1),(601,0,571,2,'Tempo charges paid for \r\ncollected from Makharia Machinery\r\nfor Siemens 0.5hp - 7 nos. , ',600.00,6764.00,NULL,'2024-09-27',NULL,NULL,1),(602,0,572,2,'Delivery charges by special Tempo \r\nto Mahalaxmi Generators\r\nfor 5 nos. Alternators\r\nA/c Patil Ventures\r\nBill no. 922 * 27.09.2024\r\n\r\n',2400.00,4364.00,NULL,'2024-09-27',NULL,NULL,1),(603,0,573,2,'Delivery charges by Special tempo to Andheri For 6Nos.\r\nA/c Epcoat \r\nBill no., 935 * 27.09.2024\r\n',1250.00,3114.00,NULL,'2024-09-27',NULL,NULL,1),(604,0,574,2,'Tempo charges paid for Aditya Transport A/c Unique Trading\r\nBill no. 0939 * 27.09.2024\r\n',200.00,2914.00,NULL,'2024-09-27',NULL,NULL,1),(605,0,575,2,'Freight paid to Aditya transport \r\nfor 2 nos.\r\nA/c Unique trading \r\nL.R. no. 9402 * 27.09.2024\r\n',300.00,2614.00,NULL,'2024-09-27',NULL,NULL,1),(606,0,576,2,'Courier charges paid for Mumbai',40.00,2574.00,NULL,'2024-09-27',NULL,NULL,1),(607,0,577,2,'Travelling Expense paid to Mr. Pravin\r\nfor the day\r\n',120.00,2454.00,NULL,'2024-09-27',NULL,NULL,1),(608,0,578,2,'Travelling Expense paid to Mr. Pravin for the day',120.00,2334.00,NULL,'2024-09-28',NULL,NULL,1),(609,0,579,2,'Tempo charges paid for , collected from V trans for 3.70EF2 - 1no.\r\nL.R.No. 40976010 * 26.09.2024',300.00,2034.00,NULL,'2024-09-30',NULL,NULL,1),(610,0,580,2,'Freight service charges paid to V trans \r\nCR No. 45078594 * 30.09.2024\r\n',110.00,1924.00,NULL,'2024-09-30',NULL,NULL,1),(611,0,581,2,'Tempo charges paid for Yashwant transport & Bhiwandi  Tarapur \r\nA/c Suvarna  & Hindustan Sale \r\nBill no. 948 & 953 * 30.09.2024\r\n',300.00,1624.00,NULL,'2024-09-30',NULL,NULL,1),(612,0,582,2,'Freight paid to Yashwant Transport  A/c Suvarna  \r\nL.R. No. 10048 */ 30.09.2024 \r\n',1200.00,424.00,NULL,'2024-09-30',NULL,NULL,1),(613,0,583,2,'Freight paid to Janhavi Transport A/c K,B,Machines\r\nL:.R.NBo. 25518 * 30.09.2024\r\n',100.00,324.00,NULL,'2024-09-30',NULL,NULL,1),(614,0,584,2,'Auto Rikshaw Fare paid for Delivery \r\nto Dashmesh Roadlines\r\nA/c Cosmic\r\nBill no. 951 * 30.09.2024\r\n',200.00,124.00,NULL,'2024-09-30',NULL,NULL,1),(615,0,585,2,'Travelling Expense paid to Mr. Pravin\r\nfor the day\r\n ',120.00,4.00,NULL,'2024-09-30',NULL,NULL,1),(616,0,586,2,'Tempo charges paid for Aditya Transport\r\nA/c Chotiwala  n Ga & Unique  Trading \r\nBill no. 960 * 01.10.2024\r\n',300.00,3704.00,NULL,'2024-10-01',NULL,NULL,1),(617,0,587,2,'freight Paid to Aditya Transport\r\nA/c Chotiwala\r\nL.R.No. 9568 * 01.10.24\r\n\r\n  ',450.00,3254.00,NULL,'2024-10-01',NULL,NULL,1),(618,0,588,2,'Travelling Expense paid t to Mr. Pravin for the day\r\n\r\n',120.00,3134.00,NULL,'2024-10-01',NULL,NULL,1),(619,0,589,2,'Tempo charges paid for TCI Expresas & Bhiwandi tarapur A/c Hindustan Sales & Milton Roy\r\nbill no. 967 & 968 * 02.10.2024\r\n',300.00,2834.00,NULL,'2024-10-02',NULL,NULL,1),(620,0,590,2,'Travelling expense paid to Mr. Pravin \r\nfor the day\r\n',120.00,2714.00,NULL,'2024-10-02',NULL,NULL,1),(621,0,591,2,'Travelling expense paid to Mr. Pravin \r\nfor the day\r\n',120.00,2594.00,NULL,'2024-10-02',NULL,NULL,1),(622,0,592,2,'Tempo charges paid for TCI Express A/c S.K.Petro\r\nBill no. 975 * 04.10.2024\r\n',200.00,2394.00,NULL,'2024-10-04',NULL,NULL,1),(623,0,593,2,'Tempo charges paid for Bhiwandi Tarapur & Shiv shakti \r\nA/c Chudekar & Hindustan Sales\r\nBill no. 981 * 04.10.2024\r\n ',200.00,2194.00,NULL,'2024-10-04',NULL,NULL,1),(624,0,594,2,'Freight paid to Shivbhakti transporetr A/c Chudekar\r\nL.R. No. 9731 * 04.10.2024\r\n',100.00,2094.00,NULL,'2024-10-04',NULL,NULL,1),(625,0,595,2,'Travelling expense paid to Mr. Pravin \r\nfor the day\r\n',120.00,1974.00,NULL,'2024-10-04',NULL,NULL,1),(626,0,596,2,'Travelling Amt (Bal amt) Paid to Mr.Patil For Month - sept \r\n(Rs.120/- * 24 Days  total Rs.2880/*-)\r\n ',1880.00,94.00,NULL,'2024-10-05',NULL,NULL,1),(627,31,0,1,'ubi mum',9777.00,9391.00,NULL,'2024-10-08',NULL,NULL,1),(628,0,597,2,'Tempo charges paid for V trans \r\nA/c Apex Associate bill no. 984 * 07.10.2024',200.00,-266.00,NULL,'2024-10-07',NULL,NULL,1),(629,0,598,2,'Travelling expense paid to Mr. Pravin \r\nfor the day\r\n',120.00,-386.00,NULL,'2024-10-07',NULL,NULL,1),(630,0,599,2,'Tempo charges paid for Aditya Transport A/c Chotiwala Foods\r\nbill no.  ',300.00,9091.00,NULL,'2024-10-08',NULL,NULL,1),(631,0,600,2,'Freight paid to Aditya Transport \r\nL.R.no. 9933 * 08.10.2024\r\n',150.00,8941.00,NULL,'2024-10-08',NULL,NULL,1),(632,0,601,2,'Travelling expense paid to Mr. Pravin for the day',120.00,8821.00,NULL,'2024-10-08',NULL,NULL,1),(633,0,602,2,'Freight service charges paid to V Trans , from Ahmedabad for 7.50KNE4 Flg - 9 nos.\r\nL.R.no. 40976316 * 07.10.2024\r\nCR No, 45113480 * 09.10.2024\r\n',390.00,8431.00,NULL,'2024-10-09',NULL,NULL,1),(634,0,603,2,'Tempo charges paid for , collected from Hemant trading ,to Yogeshwar \r\n2.20PF2 Flg - 4\r\n',200.00,8231.00,NULL,'2024-10-09',NULL,NULL,1),(635,0,604,2,'Travelling expense [paid to Mr. Pravin \r\nfor the day\r\n',120.00,8111.00,NULL,'2024-10-09',NULL,NULL,1),(636,0,605,2,'Delivery charges by special tempo to\r\nTaloja , A/c Hikal \r\nbill no. 995 * 10.10.2024\r\n',1500.00,6611.00,NULL,'2024-10-10',NULL,NULL,1),(637,0,606,2,'Amt paid for Drinking Water Batla\r\nat yogeshwar for 9 nos.\r\nmonth - Sept.24\r\n',315.00,6296.00,NULL,'2024-10-10',NULL,NULL,1),(638,0,607,2,'Travelling expense paid to  Mr. Pravin for the day',120.00,6176.00,NULL,'2024-10-10',NULL,NULL,1),(639,0,608,2,'Tempo charges paid for Darshan transport & Aditya Transport\r\nA/c Kasturi Engg & Chotiwala \r\nbill no. ',200.00,5976.00,NULL,'2024-10-11',NULL,NULL,1),(640,0,609,2,'Freight paid to Aditya Transport A/c \r\nChotiwala \r\nL.R.no. 42123 * 11.10.2024',150.00,5826.00,NULL,'2024-10-11',NULL,NULL,1),(641,0,610,2,'Courier charges for Mumbai Office\r\n',40.00,5786.00,NULL,'2024-10-11',NULL,NULL,1),(642,0,611,2,'Travelling expense paid to Mr. Pravin \r\nfor the day\r\n',120.00,5666.00,NULL,'2024-10-11',NULL,NULL,1),(643,0,612,2,'Courier charges for Mumbai office',40.00,54.00,NULL,'2024-10-05',NULL,NULL,1),(644,0,613,2,'Travelling expense paid to Mr. Pravin for the day',120.00,-66.00,NULL,'2024-10-05',NULL,NULL,1),(645,32,0,1,'icici',9010.00,10876.00,NULL,'2024-10-18',NULL,NULL,1),(646,33,0,1,'ubi mum',8490.00,9526.00,NULL,'2024-10-29',NULL,NULL,1),(647,0,614,2,'Tempo charges paid for , collected  from V trans\r\nL.R.no.40976343 * 09.10 .214 & 40976344 * 09.10.2024 & 40976415 * 11.10.20245 From Aslali ',500.00,5166.00,NULL,'2024-10-14',NULL,NULL,1),(648,0,615,2,'Freight Service paid to V trans \r\nRef L.R.40976415 & CR no. 45126727 * 14.10.2024',460.00,4706.00,NULL,'2024-10-14',NULL,NULL,1),(649,0,616,2,'Freight Service paid to V trans \r\nRef L.R.40976344 & CR no. 45126730* 14.10.2024',150.00,4556.00,NULL,'2024-10-14',NULL,NULL,1),(650,0,617,2,'Freight Service paid to V trans \r\nRef L.R.40976343 & CR no. 45126737* 14.10.2024',110.00,4446.00,NULL,'2024-10-14',NULL,NULL,1),(651,0,618,2,'Loading Expense paid at V trans \r\nfor 6 nos.',200.00,4246.00,NULL,'2024-10-14',NULL,NULL,1),(652,0,619,2,'Travelling expense paid to Mr. Pravin\r\nfor the day',120.00,4126.00,NULL,'2024-10-14',NULL,NULL,1),(653,0,620,2,'Amt paid for Loading at Yogeshwar for  72  nos.\r\nbill no. 1013 * 15.10.2024',300.00,3826.00,NULL,'2024-10-15',NULL,NULL,1),(654,0,621,2,'Travelling expense paid to Mr. Pravin for the day \r\n',120.00,3706.00,NULL,'2024-10-15',NULL,NULL,1),(655,0,622,2,'Tempo charges paid for Yashwant trans transport A/c Ganesh Transline & Zielen Enterprise\r\nBill no. 1024 & 1021 * 16.10.2024\r\n',200.00,3506.00,NULL,'2024-10-16',NULL,NULL,1),(656,0,623,2,'Tempo charges paid fir , collected from Hemant trading to Godown\r\nfor 1 no. 30KE2\r\n ',200.00,3306.00,NULL,'2024-10-16',NULL,NULL,1),(657,0,624,2,'Freight paid to Yashwant transport\r\nL.R.no. 2558 & 2559 * 16.10.2024\r\nRef bill no. 1021 & 1024 * 16.10.2024\r\n ',1200.00,2106.00,NULL,'2024-10-16',NULL,NULL,1),(658,0,625,2,'Travelling Expense paid to Mr.Pravin \r\nfor the day',120.00,1986.00,NULL,'2024-10-16',NULL,NULL,1),(659,0,626,2,'Travelling expense paid to Mr. Pravin \r\nfor the day\r\n',120.00,1866.00,NULL,'2024-10-17',NULL,NULL,1),(660,0,627,2,'Tempo charges paid for Solapur Goods A/c Loni Mechanical \r\nbill no. 1035 * 8.10.2024 ',300.00,10576.00,NULL,'2024-10-18',NULL,NULL,1),(661,0,628,2,'Travelling Expense paid to Mr. Pravin \r\nfor the day ',120.00,10456.00,NULL,'2024-10-18',NULL,NULL,1),(662,0,629,2,'Tempo charges paid for ,collected from JMT to Bhiwandi Tarapur & bal to Godown \r\nA/c Hindustan Sales for 10 nos.\r\nbill no. 1043 * 19.10.2024\r\n',600.00,9856.00,NULL,'2024-10-19',NULL,NULL,1),(663,0,630,2,'Tempo charges paid for Vtreans (2 Trips)   A/c BES bill no. 1044 * 19.10.2024\r\n',600.00,9256.00,NULL,'2024-10-19',NULL,NULL,1),(664,0,631,2,'Courier charges paid for Mumbai Office\r\n',40.00,9216.00,NULL,'2024-10-19',NULL,NULL,1),(665,0,632,2,'Travelling Expense paid  To Mr. Pravin for the day ',120.00,9096.00,NULL,'2024-10-19',NULL,NULL,1),(666,0,633,2,'Tempo charges paid for Bhiwandi Tarapur A/c ',200.00,8896.00,NULL,'2024-10-21',NULL,NULL,1),(667,0,634,2,'Travelling Expense Paid to Mr. Pravin for the day\r\n',120.00,8776.00,NULL,'2024-10-21',NULL,NULL,1),(668,0,635,2,'Tempo charges paid for V Trans & Bhiwandi Tarapur \r\n',300.00,8476.00,NULL,'2024-10-22',NULL,NULL,1),(669,0,636,2,'Travelling Expense paid to Mr. Pravin\r\n',120.00,8356.00,NULL,'2024-10-22',NULL,NULL,1),(670,0,637,2,'Tempo charges paid for ACPL \r\n',500.00,7856.00,NULL,'2024-10-23',NULL,NULL,1),(671,0,638,2,'Unloading charges by Forklift for \r\n1 no.at ACPL\r\n',700.00,7156.00,NULL,'2024-10-23',NULL,NULL,1),(672,0,639,2,'Travelling Expense paid to Mr.Pravin For the Day',120.00,7036.00,NULL,'2024-10-23',NULL,NULL,1),(673,0,640,2,'Tempo charges paid for Yashwant transport for 2 nos. Alternators\r\n',200.00,6836.00,NULL,'2024-10-24',NULL,NULL,1),(674,0,641,2,'Freight paid to Yashwant transport for 2 nos. Alternators\r\nbill 1061 & 1062\r\nL.R.no. 11124 & 11125 * 24.10.2024\r\n',1200.00,5636.00,NULL,'2024-10-24',NULL,NULL,1),(675,0,642,2,'Freight paid to Janhavi transport \r\nfor 1 no. pump\r\nL.R.no. 46250 * 24.10.2024\r\n',150.00,5486.00,NULL,'2024-10-24',NULL,NULL,1),(676,0,643,2,'Delivery charges by tempo to Aqua Pump for 12 Nos.\r\n',800.00,4686.00,NULL,'2024-10-24',NULL,NULL,1),(677,0,644,2,'Travelling expense paid to mr. Pravin for the day',120.00,4566.00,NULL,'2024-10-24',NULL,NULL,1),(678,0,645,2,'Tempo charges paid for Aditya Transport  & Ayappa transport \r\n',300.00,4266.00,NULL,'2024-10-25',NULL,NULL,1),(679,0,646,2,'Freight paid to Aditya Transport \r\nfor 3 nos. A/c Chotiwala\r\nL.R.No. 3619 * 25.10.2024\r\n\r\n',450.00,3816.00,NULL,'2024-10-25',NULL,NULL,1),(680,0,647,2,'Travelling expense paid to Mr. Pravin  for the day',120.00,3696.00,NULL,'2024-10-25',NULL,NULL,1),(681,0,648,2,'Delivery charges by Special Tempo to Taloja for 5 nos. Pumps\r\n',1800.00,1896.00,NULL,'2024-10-26',NULL,NULL,1),(682,0,649,2,'Unloading charges by Forklift for 1 no. at yogeshwar\r\n',700.00,1196.00,NULL,'2024-10-26',NULL,NULL,1),(683,0,650,2,'Travelling expense paid to Mr.Pravin  for the day\r\n',120.00,1076.00,NULL,'2024-10-26',NULL,NULL,1),(684,0,651,2,'Courier charges for mumbai office\r\n',40.00,1036.00,NULL,'2024-10-26',NULL,NULL,1),(685,0,652,2,'Loading charges at yogeshwar by forklift for 1 no. 15KKDC',700.00,8826.00,NULL,'2024-10-29',NULL,NULL,1),(686,0,653,2,'Tempo charges paid for ACPL \r\na/C BES ,BILL NO. G/1788 * 29.10.2024',400.00,8426.00,NULL,'2024-10-29',NULL,NULL,1),(687,0,654,2,'Unloading charges at ACPL For 1no.\r\n15KDC\r\n',700.00,7726.00,NULL,'2024-10-29',NULL,NULL,1),(688,0,655,2,'Tempo Charges paid for Solapur Goods & Aditya transport  A/c Loni Engg & Chotiwala\r\nbill no. 1085 * 29.10.2024\r\n\r\n',350.00,7376.00,NULL,'2024-10-29',NULL,NULL,1),(689,0,656,2,'Travelling expense paid to  Mr.Pravun for the day\r\n',120.00,7256.00,NULL,'2024-10-29',NULL,NULL,1),(690,0,657,2,'Freight paid to Aditya transport \r\nA/c ChotiwalaL.R.no. 3909 * 29.10.2024\r\n ',300.00,6956.00,NULL,'2024-10-29',NULL,NULL,1),(691,0,658,2,'Tempo charges paid for , collected from V Trans L.R.no. 30878069 * 23.10.2024 from Kanishka , Delhi\r\n',300.00,6656.00,NULL,'2024-10-30',NULL,NULL,1),(692,0,659,2,'Freight paid to  VTrans from Kanishka\r\nCR No. 45197334 * 30.10.2024\r\nfor 9.30KNE4_S4 \r\nRef.L.R.no. 30878069 * 23.10.2024',1100.00,5556.00,NULL,'2024-10-30',NULL,NULL,1),(693,0,660,2,'Tempo Charges Paid Fpor Bhiwandi Tarapur  & V Trans a/c BES & Hindustan Sales\r\nBill no. 1092 & 1093 * 30.10.2024\r\n',300.00,5256.00,NULL,'2024-10-30',NULL,NULL,1),(694,0,661,2,'Travelling Expense paid to Mr.Patil for Month c- Oct.24 (TRs.120/- x 26 days) ',3120.00,2136.00,NULL,'2024-10-30',NULL,NULL,1),(695,0,662,2,'Travelling expense paid to Mr. Pravin for the day',120.00,2016.00,NULL,'2024-10-30',NULL,NULL,1),(696,34,0,1,'ubi mum',6600.00,7176.00,NULL,'2024-11-05',NULL,NULL,1),(697,0,663,2,'Tempo charges paid for Darshn Transport A/c Kasturi Engineering \r\nBill no. 1097 * 04.11.2024\r\n',200.00,1816.00,NULL,'2024-11-04',NULL,NULL,1),(698,0,664,2,'Freight Paid to VRL A/c Heiduburg\r\nBill no. 1098 - 04.11.2024\r\nL.R.No. 9019592457 * 04.11324\r\n',1120.00,696.00,NULL,'2024-11-04',NULL,NULL,1),(699,0,665,2,'Travelling Expense P{aid to Mr Pravin\r\nfor the day\r\n ',120.00,576.00,NULL,'2024-11-04',NULL,NULL,1),(700,0,666,2,'Delivery charges by Spl Tempo To Kalamboli  For 5 Nos.\r\nA/c Sahyadri Transline Bill no. 1106 * 05.11.2024',2200.00,4976.00,NULL,'2024-11-05',NULL,NULL,1),(701,0,667,2,'Travelling Expense paid to Mr.Pravin for the Day\r\n',120.00,4856.00,NULL,'2024-11-05',NULL,NULL,1),(702,0,668,2,'Freight paid to Aditya Transport bA/c Chotiwala  foods\r\nBill no. 1111 * 06.11.2024\r\nL.R.no. 6544 * 06.11.2024\r\n',300.00,4556.00,NULL,'2024-11-06',NULL,NULL,1),(703,0,669,2,'Travelling expense paid to Mr.Pravin for the day\r\n',120.00,4436.00,NULL,'2024-11-06',NULL,NULL,1),(704,0,670,2,'Tempo charges paid for ACPL a/c Netzsch\r\nBill no.11114 * 07.11.2024\r\n  ',400.00,4036.00,NULL,'2024-11-07',NULL,NULL,1),(705,0,671,2,'Loading Charges at Yogeshwar For 75KP4 - 1\r\nA/c Netzsch\r\n',700.00,3336.00,NULL,'2024-11-07',NULL,NULL,1),(706,0,672,2,'Unloading charges at ACPL for 75KP4 - 1 no.\r\n',700.00,2636.00,NULL,'2024-11-07',NULL,NULL,1),(707,0,673,2,'Tempo charges paid for Janhavi Transport & New gajanan A/c \r\nSairaj corpn & bVayuvent \r\nBill no. 1115 & 1116 * 07.11.2024\r\n',200.00,2436.00,NULL,'2024-11-07',NULL,NULL,1),(708,0,674,2,'Freight paid to Janhavi Transport a/c Sairaj  L.R.no. 56859 * 07.11.2024',100.00,2336.00,NULL,'2024-11-07',NULL,NULL,1),(709,0,675,2,'Freight paid to New Gajanan \r\na.c Vayuvent \r\nL.r. No. 21770 * 07.11.2024\r\n',200.00,2136.00,NULL,'2024-11-07',NULL,NULL,1),(710,0,676,2,'Travelling expense paid to Mr. Pravin for the day\r\n',120.00,2016.00,NULL,'2024-11-07',NULL,NULL,1),(711,0,677,2,'Travelling Expense paid to Mr. Pravin \r\nfor the day\r\n',120.00,1896.00,NULL,'2024-11-08',NULL,NULL,1),(712,0,678,2,'Freight paid to Vasai Janta - Account KKC',1000.00,896.00,NULL,'2024-11-09',NULL,NULL,1),(713,0,679,2,'Amount paid for Tempo Charges collected from Hiren and booked to Vasai Janta',400.00,496.00,NULL,'2024-11-09',NULL,NULL,1),(714,0,680,2,'Collected from Hanuman Power and booked to JD Transport',400.00,96.00,NULL,'2024-11-09',NULL,NULL,1),(715,35,0,1,'UBI mum',9821.00,9482.00,NULL,'2024-11-11',NULL,NULL,1),(716,0,681,2,'Amt paid for drinking water Batla at Godown fir month - Oct-24\r\nRs.35 x 9 nos.\r\n',315.00,-219.00,NULL,'2024-11-09',NULL,NULL,1),(717,0,682,2,'Travelling Expense Paid to Mr. Pravin for the day',120.00,-339.00,NULL,'2024-11-09',NULL,NULL,1),(718,36,0,1,'ubi mum',9600.00,12722.00,NULL,'2024-11-14',NULL,NULL,1),(719,0,683,2,'Delivery charges by special Tempo to Charkope , Kandivali\r\nA/c Naik Brass , Bill no.1128 * 11.11.2024\r\n',1400.00,8082.00,NULL,'2024-11-11',NULL,NULL,1),(720,0,684,2,'Tempo charges paid for , Collected from Hanuman Power & Booked to Chintamani  \r\nA/c  GM Engineering , Bill no. 1131 * 11.11.2024\r\n',400.00,7682.00,NULL,'2024-11-11',NULL,NULL,1),(721,0,685,2,'Tempo charges paid for , Godown to  Collected from Hemant Trading For 22KP4 Flg & Booked to VRL A/c Prakash Process , Bill no. 1136 * 11.11.2024\r\n',300.00,7382.00,NULL,'2024-11-11',NULL,NULL,1),(722,0,686,2,'Travelling Expense paid to Mr. Pravin\r\nfor the day\r\n',120.00,7262.00,NULL,'2024-11-11',NULL,NULL,1),(723,0,687,2,'Unloading charges at Yogeshwar from CG ,Thru. BGT',400.00,6862.00,NULL,'2024-11-12',NULL,NULL,1),(724,0,688,2,'Travelling Expense paid to Mr. Pravin for the day',120.00,6742.00,NULL,'2024-11-12',NULL,NULL,1),(725,0,689,2,'Tempo charges paid for , shifted from V Trans To VRL  , A.c Prakash Process',200.00,6542.00,NULL,'2024-11-13',NULL,NULL,1),(726,0,690,2,'Delivery charges paid for special tempo , Collected from Hemant  & delivered to konkan Sale + collected defectives motor form konkan & delivered to hanuman Power fo\r\n 22 KP2 - 1 ',3000.00,3542.00,NULL,'2024-11-13',NULL,NULL,1),(727,0,691,2,'Tempo charges paid for Darshan Transport & Bhiwandi Janata A/c \r\nkasturi Engg & Hindustan\r\nBill no. 1143 & 1144 * 13.11.2024\r\n ',300.00,3242.00,NULL,'2024-11-13',NULL,NULL,1),(728,0,692,2,'Travelling Expense paid to Mr.Pravin for the day\r\n',120.00,3122.00,NULL,'2024-11-13',NULL,NULL,1),(729,0,693,2,'Tempo charges paid for ACPL (3 Trips) A/c BES  Bill no. 1149 * 14.11.2024\r\n',900.00,11822.00,NULL,'2024-11-14',NULL,NULL,1),(730,0,694,2,'Tempo cgarges paid for Solapur Goods A/c Loni Mechanical\r\nBill no.1150 * 14.11.2024\r\n \r\n',300.00,11522.00,NULL,'2024-11-14',NULL,NULL,1),(731,0,695,2,'Tempo charges paid for Bhavana Roadways A/c BES for Del Pd\r\nBill no. G/1859 * 14.11.2024\r\n',200.00,11322.00,NULL,'2024-11-14',NULL,NULL,1),(732,0,696,2,'Unloading charges paid at ACPL \r\nA/c BES\r\n ',400.00,10922.00,NULL,'2024-11-14',NULL,NULL,1),(733,0,697,2,'Travelling Expense paid to Mr. Pravin for the day\r\n',120.00,10802.00,NULL,'2024-11-14',NULL,NULL,1),(734,0,698,2,'Travelling expense paid to Mr. Pravin or the day\r\n',120.00,10682.00,NULL,'2024-11-15',NULL,NULL,1),(735,0,699,2,'Delivery charges by special Tempo to Kalamboli \r\na.c Sahyadri & Ganesh Transline \r\nBill no. 1162 & 1164 * 16.11.2024\r\n ',3000.00,7682.00,NULL,'2024-11-16',NULL,NULL,1),(736,0,700,2,'Tempo charges paid for Bhiwandi Janata a/c Hindustan Sales \r\nBill no. 1161 * 16.11.2024\r\n',200.00,7482.00,NULL,'2024-11-16',NULL,NULL,1),(737,0,701,2,'Travelling expense paid to Mr. Pravin for the day',120.00,7362.00,NULL,'2024-11-16',NULL,NULL,1),(738,37,0,1,'paid by Manish Narverkar',5000.00,6402.00,NULL,'2024-11-23',NULL,NULL,1),(739,0,702,2,'Tempo charges paid for Aditya Transport & bombay Tarapore A/c Shivshakti & Chotiwala \r\nbill no. 1168 & 1166 * 18.11.2024',400.00,6962.00,NULL,'2024-11-18',NULL,NULL,1),(740,0,703,2,'Freight charges paid to Aditya Transport A/c Chotiwala \r\nL.R.no. 7077 * 18.11.2024\r\n ',450.00,6512.00,NULL,'2024-11-18',NULL,NULL,1),(741,0,704,2,'Travelling Expense paid to r. Pravin for the day\r\n',120.00,6392.00,NULL,'2024-11-18',NULL,NULL,1),(742,38,0,1,'ICICI',8968.00,12560.00,NULL,'2024-11-25',NULL,NULL,1),(743,0,705,2,'Tempo charges paid for collected from Dashmesh ,(deffective motor return from Kasturi engg) to Goidown\r\nGF6054 - 2',200.00,6192.00,NULL,'2024-11-19',NULL,NULL,1),(744,0,706,2,'Freight paid to Dashmesh Roadlines for 2 Nos.\r\nL.R. no. 006 * 12.11.2024 & CR no. 608 dt.19.11.2024\r\n',500.00,5692.00,NULL,'2024-11-19',NULL,NULL,1),(745,0,707,2,'Loading charges paid at yogeshwar for 37KE4 - 2\r\n',200.00,5492.00,NULL,'2024-11-19',NULL,NULL,1),(746,0,708,2,'Tempo Charges paid for V Trans\r\nA/c BES ,Bill no. 1176 * 19.11.2024',200.00,5292.00,NULL,'2024-11-19',NULL,NULL,1),(747,0,709,2,'Tempo charges paiod for Bhiwandi tarapur A/c Hindustan Sales\r\nbill no. 1182 * 19.11.2024\r\n',200.00,5092.00,NULL,'2024-11-19',NULL,NULL,1),(748,0,710,2,'Travelling Expense On A/c paid to Mr.Patil',1000.00,4092.00,NULL,'2024-11-19',NULL,NULL,1),(749,0,711,2,'Travelling expense paid to Mr. Pravin\r\nfor the day\r\n',120.00,3972.00,NULL,'2024-11-19',NULL,NULL,1),(750,0,712,2,'Tempo charges paid for Darshan Transport A/c Kasturi Engineering\r\nbill no. 1190 * 22.11.2024',200.00,2972.00,NULL,'2024-11-22',NULL,NULL,1),(751,0,713,2,'Tempo charges paid for Shah Roadways & Janhavi transport A/c \r\nGoods transfer & Shah Agencies\r\nbill no. 1193 * 22.11.2024 ',300.00,2672.00,NULL,'2024-11-22',NULL,NULL,1),(752,0,714,2,'Freight paid to Janhavi transport for \r\n5 Nos.to mumbai office\r\nL.R.no. 69749 * 22.11.2024',750.00,1922.00,NULL,'2024-11-22',NULL,NULL,1),(753,0,715,2,'Tempo charges paid for Lalji Mulji transport A/c Badami Industries\r\nbill no. 1194 * 22.11.2024\r\n',400.00,1522.00,NULL,'2024-11-22',NULL,NULL,1),(754,0,716,2,'Travelling expense paid to Mr. Pravin \r\nfor the day',120.00,1402.00,NULL,'2024-11-22',NULL,NULL,1),(755,0,717,2,'Tempo charges paid for , collected from TCI to Godown for TUSHACO Pump - 2nos.',200.00,6202.00,NULL,'2024-11-23',NULL,NULL,1),(756,0,718,2,'Freight paid to TCI  FOR 2 NOS.tushaco pump from Ghaziabad\r\nMR noi. 3527389644 * 23.11.2024\r\n',1650.00,4552.00,NULL,'2024-11-23',NULL,NULL,1),(757,0,719,2,'Tempo charges paid for N.G.Transport & Prabhat Roadways A/c Bakul & National Hydraulics\r\nBill no. 1195 & 1196 dtd. 23.\r\n11.2024\r\n',400.00,4152.00,NULL,'2024-11-23',NULL,NULL,1),(758,0,720,2,'Freight Paid toPrabhat Roadways A/c \r\nBakul Aromatics For 2 Nos.\r\nL.R.No. BH/23734 * 23.11.2024\r\n',400.00,3752.00,NULL,'2024-11-23',NULL,NULL,1),(759,0,721,2,'courier charges for Mumbai office\r\n',40.00,3712.00,NULL,'2024-11-23',NULL,NULL,1),(760,0,722,2,'Travelling expense poid to Mr.Pravin for the day\r\n',120.00,3592.00,NULL,'2024-11-23',NULL,NULL,1),(761,0,723,2,'Tempo charges paid for Prabhat Transport & Yashwant Transport A/c Bakul aromatic & Parampara Flour mill\r\nbill no. 1185 & 1184 * 21.11.32024\r\n',400.00,3572.00,NULL,'2024-11-21',NULL,NULL,1),(762,0,724,2,'Freight paid to Prabhat Roadways A/c Bakul Aromatic\r\nL.R.No. BH/23484 * 21.11.2024\r\n',400.00,3172.00,NULL,'2024-11-21',NULL,NULL,1),(763,0,725,2,'Tempo charges paid for , collected from v trans to Godown\r\nL.R.no. 2425013926  22.11.2024\r\nfor 9.30EN4',300.00,12260.00,NULL,'2024-11-25',NULL,NULL,1),(764,0,726,2,'Freight Service charges paid to V trans \r\nCR no. 242410125042 * 25.11.2024\r\n',109.00,12151.00,NULL,'2024-11-25',NULL,NULL,1),(765,0,727,2,'Tempo charges paid for Yashwant Transport A/c Suvarna Cargo \r\nbill no.,               * 25.11.2024\r\n',200.00,11951.00,NULL,'2024-11-25',NULL,NULL,1),(766,0,728,2,'Freight paid to Yashwant Transport \r\nL.,R.no. 8021 * 25.11.2024\r\n',1200.00,10751.00,NULL,'2024-11-25',NULL,NULL,1),(767,0,729,2,'Travelling expense paid to Mr. Pravin for the day',120.00,10631.00,NULL,'2024-11-25',NULL,NULL,1),(768,0,730,2,'Tempo charges paid for V Trans A/c \r\nBES , For 11KE6 - 1\r\n',200.00,10431.00,NULL,'2024-11-26',NULL,NULL,1),(769,0,731,2,'Loading Charges at Yogeshwar for 105 nos. A/c BES, Ahmedabad\r\n',900.00,9531.00,NULL,'2024-11-26',NULL,NULL,1),(770,0,732,2,'Travelling Expense paid to Mr. Pravin\r\nfor the day\r\n ',120.00,9411.00,NULL,'2024-11-26',NULL,NULL,1),(771,0,733,2,'Tempo charges paid for Dashmesh Roadlines A/c Kasturi Engg\r\nBill no.           * 27.11.2024\r\n',200.00,9211.00,NULL,'2024-11-27',NULL,NULL,1),(772,0,734,2,'Travelling Expense Paid to M<r.Pravin For the day\r\n',120.00,9091.00,NULL,'2024-11-27',NULL,NULL,1),(773,0,735,2,'Tempo charges paid for , Collected from Hanuman Power To Godown For 2 Nos. Siemens motor\r\n',400.00,8691.00,NULL,'2024-11-28',NULL,NULL,1),(774,0,736,2,'Travelling expense paid to Mr. Pravin\r\nfor the day\r\n ',120.00,8571.00,NULL,'2024-11-28',NULL,NULL,1),(775,0,737,2,'Travelling Expense paid to Mr. Pravin \r\nfor the day\r\n',120.00,8451.00,NULL,'2024-11-29',NULL,NULL,1),(776,0,738,2,'Tempo charges paid for , collected from VTrans ,\r\nL.R. no. 2421012946 * 21.11.2024\r\nFrom Kaysons Techno\r\n',300.00,8151.00,NULL,'2024-11-30',NULL,NULL,1),(777,0,739,2,'Freight paid to V Trans  from V V Nagar \r\nCR No,. 242410119698 * 25.11.2024\r\n',503.00,7648.00,NULL,'2024-11-30',NULL,NULL,1),(778,0,740,2,'Balance Amt of travelling expense paid to Mr. Patil  for Month - Nov.2024\r\nR.120 x 23 Days',1760.00,5888.00,NULL,'2024-11-30',NULL,NULL,1),(779,0,741,2,'Courier charges paid for Mumbai office',40.00,5848.00,NULL,'2024-11-30',NULL,NULL,1),(780,0,742,2,'Travelling expense paid to Mr. Pravin \r\nfor the day',120.00,5728.00,NULL,'2024-11-30',NULL,NULL,1),(781,0,743,2,'Tempo charges paid for Aditya Transport A/c Chotiwala \r\nBill no. 1250 * 02.12.2024\r\n',200.00,5528.00,NULL,'2024-12-02',NULL,NULL,1),(782,0,744,2,'Freight Paid To Aditya Transport  A/c \r\nChotiwala \r\n(Paper not available . as per cheethi)\r\n',300.00,5228.00,NULL,'2024-12-02',NULL,NULL,1),(783,0,745,2,'Unloading charges at Yogeshwar \r\nfrom CGL , Bhiwandi for 34 Nos.\r\n',300.00,4928.00,NULL,'2024-12-02',NULL,NULL,1),(784,0,746,2,'Tempo charges paid for Bbhavana Roadways A/c BES For Del pd\r\nBill no. 1254 * 03.12.2024\r\n',200.00,4728.00,NULL,'2024-12-03',NULL,NULL,1),(785,0,747,2,'Tempo charges paid for Anaya & ArcoA/c Intech Pulveriser & Siddharth Carbochem \r\nbill no. 164 & 1265 * 06.12.2024\r\n',300.00,4278.00,NULL,'2024-12-06',NULL,NULL,1),(786,0,748,2,'Unloading charges at Yogeshwar from \r\nCGL , Bhiwandi for 36 Nos.',200.00,4078.00,NULL,'2024-12-07',NULL,NULL,1),(787,0,749,2,'Tempo charges paid for V Trans A/c BES , Bill no. 1267 * 07.12.2024\r\n',400.00,3678.00,NULL,'2024-12-07',NULL,NULL,1),(788,0,750,2,'Tempo charges paid for Yashwant Transport  & Collected From Hanuman Power \r\nBill no. 1268 & 1269 * 07.12.2024\r\n',500.00,3178.00,NULL,'2024-12-07',NULL,NULL,1),(789,0,751,2,'Freight paid to Yashwant Transport \r\nA/c Sahyadri & Sachin  Logistics\r\nDetails not available\r\n',1200.00,1978.00,NULL,'2024-12-07',NULL,NULL,1),(790,0,752,2,'Courier charges fot Mumbai Office',40.00,1938.00,NULL,'2024-12-07',NULL,NULL,1),(791,0,753,2,'Tempo charges paid for Satkar transport A/c Jayshree Corpn. \r\nbill no. 1255 * 04.12.2024\r\n',150.00,4578.00,NULL,'2024-12-04',NULL,NULL,1),(792,39,0,1,'icici',8225.00,8143.00,NULL,'2024-12-10',NULL,NULL,1),(793,0,754,2,'Tempo charges paid for ACPL &  Yashwant Transport  \r\nA/c Kore Electrical & Rohit Logistics \r\nBill no. 1270 & 1272 * 09.12.2024\r\n',300.00,1638.00,NULL,'2024-12-09',NULL,NULL,1),(794,0,755,2,'Freight paid To Yashwant Transport \r\nA/c Rohit \r\nL.R. No. 13130 * 09.12.2024\r\n',1200.00,438.00,NULL,'2024-12-09',NULL,NULL,1),(795,0,756,2,'Tempo charges paid for Lalji Mulji\r\nA/c Badami Industries bill no. 1271 * 09.12.2024\r\n',400.00,38.00,NULL,'2024-12-09',NULL,NULL,1),(796,0,757,2,'Travelling Expense paid to Mr. Pravin \r\nfor the day\r\n',120.00,-82.00,NULL,'2024-12-09',NULL,NULL,1),(797,0,758,2,'Travelling Expense paid to Mr. Pravin \r\nfor the day\r\n',120.00,8023.00,NULL,'2024-12-10',NULL,NULL,1),(798,0,759,2,'Travelling Expense paid to Mr. Pravin\r\nfor the day\r\n ',120.00,7903.00,NULL,'2024-12-11',NULL,NULL,1),(799,0,760,2,'Tempo charges paid for V Trans A/c \r\nBASIC Mktg. for Dicon Bill BM/347 * 12.12.24\r\n',200.00,7703.00,NULL,'2024-12-12',NULL,NULL,1),(800,0,761,2,'Tempo charges paid for , Collected \r\nFrom Hanuman Power To Godown , A/c Basic Mktg\r\n',300.00,7403.00,NULL,'2024-12-12',NULL,NULL,1),(801,0,762,2,'Travelling Expense paid to Mr. Pravin \r\nfor the day\r\n',120.00,7283.00,NULL,'2024-12-12',NULL,NULL,1),(802,0,763,2,'Auto Rickshaw fare for Sanjay Tempo \r\nA/c Manshi Enterprise bill no. 1290 * 13.12.2024\r\n',100.00,7183.00,NULL,'2024-12-13',NULL,NULL,1),(803,0,764,2,'Travelling Expense paid To Mr. Pravin\r\nfor the day\r\n',120.00,7063.00,NULL,'2024-12-13',NULL,NULL,1),(804,0,765,2,'Delivery charges by Special Tempo to Kalamboli A/c C.K.Bhardwaj \r\nBill no.1292 * 14.12.2024\r\n ',3000.00,4063.00,NULL,'2024-12-14',NULL,NULL,1),(805,0,766,2,'Loading  & Unloading At Ypgeshwar \r\nTotal 45 Nos.\r\n',400.00,3663.00,NULL,'2024-12-14',NULL,NULL,1),(806,0,767,2,'Tempo charges paid for Kalayatan  Cargo a/c S.R. Metering  Bill no. G/2117 * 14.2.2024\r\n',200.00,3463.00,NULL,'2024-12-14',NULL,NULL,1),(807,0,768,2,'Travelling Expense  as Advance paid to Mr.Patil , Bhiwandi \r\n',1000.00,2463.00,NULL,'2024-12-14',NULL,NULL,1),(808,0,769,2,'Courier charges paid for Mumbai Office\r\n',40.00,2423.00,NULL,'2024-12-14',NULL,NULL,1),(809,0,770,2,'Travelling Expense Paid To Mr. Pravin \r\nfor the day\r\n',120.00,2303.00,NULL,'2024-12-14',NULL,NULL,1),(810,40,0,1,'ICICIC',8995.00,10978.00,NULL,'2024-12-17',NULL,NULL,1),(811,0,771,2,'Tempo charges paid for V Trans \r\nA/c BES  Bill no. 1300 * 16.12.2024',200.00,2103.00,NULL,'2024-12-16',NULL,NULL,1),(812,0,772,2,'Travelling expense paid to Mr.Pravin For The day',120.00,1983.00,NULL,'2024-12-16',NULL,NULL,1),(813,0,773,2,'Tempo charges paid for Dashmesh & Yashwant Transport A/c A R Enterprise & GHanesh Transline\r\nBill no. 1305 % 1309 * 17.12.2024\r\n',400.00,10578.00,NULL,'2024-12-17',NULL,NULL,1),(814,0,774,2,'Freight Paid to Yashwant Transport A/c Ganesh Transline L.R.No. 10610 * 17.12.2024\r\n',600.00,9978.00,NULL,'2024-12-17',NULL,NULL,1),(815,0,775,2,'Freight Paid to Yashwant Transport A/c A R Enterprise L.R.No. 10611 * 17.12.2024\r\n',200.00,9778.00,NULL,'2024-12-17',NULL,NULL,1),(816,0,776,2,'Tempo cahrges paid for vTrans (2 Trips) A/c BES & Neo Machine \r\nBill no. 1308 & 1310* 17.12.2024\r\n',500.00,9278.00,NULL,'2024-12-17',NULL,NULL,1),(817,0,777,2,'Travelling Expense Paid to Mr. Pravin for the day',120.00,9158.00,NULL,'2024-12-17',NULL,NULL,1),(818,0,778,2,'Tempo charges paid for  Yashwant transport A/c Suvarna Cargo\r\nBill no. 1312 * 18.12.2024\r\n',200.00,8958.00,NULL,'2024-12-18',NULL,NULL,1),(819,0,779,2,'Freight Paid to Yashwant Transport A/c Suvarna\r\nL.R.no.10637 * 18.12.2024\r\n',600.00,8358.00,NULL,'2024-12-18',NULL,NULL,1),(820,0,780,2,'Travelling Expense Paid To Mr.Pravin for the day\r\n',120.00,8238.00,NULL,'2024-12-18',NULL,NULL,1),(821,0,781,2,'Travelling Expense paid to Mr. Pravin For the day',120.00,8118.00,NULL,'2024-12-19',NULL,NULL,1),(822,0,782,2,'Tempo charges paid for , Collected from Hemant To Yogeshwar',200.00,7918.00,NULL,'2024-12-20',NULL,NULL,1),(823,0,783,2,'Travelling Expense paid to Mr. Pravin for the day\r\n',120.00,7798.00,NULL,'2024-12-20',NULL,NULL,1),(824,0,784,2,'Tempo charges paid for , collected from V Trans top Godown\r\nfrom Bes,.Aslali\r\n ',300.00,7498.00,NULL,'2024-12-21',NULL,NULL,1),(825,0,785,2,'Loading & unloading at v trans\r\nfor 2 nos.\r\n',100.00,7398.00,NULL,'2024-12-21',NULL,NULL,1),(826,0,786,2,'Freight service charges paid to V Trans for 2 nos.\r\n',244.00,7154.00,NULL,'2024-12-21',NULL,NULL,1),(827,0,787,2,'Tempo charges paid for Yashwant transport A/c M,.K.DIESEL\r\nBill no. 1324 * 21.12.2024\r\n',200.00,6954.00,NULL,'2024-12-21',NULL,NULL,1),(828,0,788,2,'Freight paid to Yashwant Transport for 1 no. 25KVA to Waris\r\nL.r. no. 10703 * 21.\r\n12.2024\r\n\r\n',600.00,6354.00,NULL,'2024-12-21',NULL,NULL,1),(829,0,789,2,'Courier charges for Mumbai Office\r\n',40.00,6314.00,NULL,'2024-12-21',NULL,NULL,1),(830,0,790,2,'Travelling expense paid to Mr. Pravin for the day\r\n',120.00,6194.00,NULL,'2024-12-21',NULL,NULL,1),(831,41,0,1,'ubi',8915.00,11459.00,NULL,'2024-12-30',NULL,NULL,1),(832,0,791,2,'Tempo charges paid for Yashwant Transport &  Vtrans A/c BES & Ganesh transline  Bill no. 1325 & 1327 * 23.12.2024',300.00,5894.00,NULL,'2024-12-23',NULL,NULL,1),(833,0,792,2,'Freight Paid To Yashwant Transport A/c ganesh Transline  L.r No. 10724 * 23.12.2024\r\n',600.00,5294.00,NULL,'2024-12-23',NULL,NULL,1),(834,0,793,2,'Travelling Expense Paid To Mr. Pravin for the day\r\n',120.00,5174.00,NULL,'2024-12-23',NULL,NULL,1),(835,0,794,2,'Tempo charges Paid for Dashmesh Transport & Anaya Trans A/c Cosmic + Omkar engg & Intech Pulveriser\r\nBill no. 1333  , 1335  & 1338 * 24.12.2024',400.00,4774.00,NULL,'2024-12-24',NULL,NULL,1),(836,0,795,2,'Travelling Expense paid to Mr. Pravin For the day\r\n',120.00,4654.00,NULL,'2024-12-24',NULL,NULL,1),(837,0,796,2,'Tempo charges paid for New gajanan & Janhavi Transport A/cTellas & Target  Bill no. 1347 & 1348 * 26.12.2024\r\n',300.00,4354.00,NULL,'2024-12-26',NULL,NULL,1),(838,0,797,2,'Freight paid to New Gajanan Transport  L.R.No.22573 * 26.12.2024\r\n',360.00,3994.00,NULL,'2024-12-26',NULL,NULL,1),(839,0,798,2,'Freight Paid To Janhavi Transport to RBS   L.R. no. 97834 * 26.12.2024',300.00,3694.00,NULL,'2024-12-26',NULL,NULL,1),(840,0,799,2,'Travelling expense Paid to Mr.Pravin  For The Day',120.00,3574.00,NULL,'2024-12-26',NULL,NULL,1),(841,0,800,2,'Travelling Expense paid to Mr. Pravin for the day\r\n',120.00,3454.00,NULL,'2024-12-27',NULL,NULL,1),(842,0,801,2,'Tempo charges paid for V Trans ( 2 Trips )  for 43 Nos. a/c BES  Bill no. 1354 * 28.12.2024',500.00,2954.00,NULL,'2024-12-28',NULL,NULL,1),(843,0,802,2,'Tempo charges paid for Aditya Transport A/c Chotiwala Foods  Bill No.1355 * 28.12.2024\r\n',100.00,2854.00,NULL,'2024-12-28',NULL,NULL,1),(844,0,803,2,'Freight paid to Aditya Transport  a/c Chotiwala  l.R. no. 9972 * 28.12.2024\r\n',150.00,2704.00,NULL,'2024-12-28',NULL,NULL,1),(845,0,804,2,'Courier charges for Mumbai Office ',40.00,2664.00,NULL,'2024-12-28',NULL,NULL,1),(846,0,805,2,'Travelling Expense Paid to Mr. Pravin for the day\r\n',120.00,2544.00,NULL,'2024-12-28',NULL,NULL,1),(847,0,806,2,'Tempo charges paid for Yashwant transport A/c  Suvarna Cargo\r\nBill no. 1358 * 30.12.2024\r\n',200.00,11259.00,NULL,'2024-12-30',NULL,NULL,1),(848,0,807,2,'Freight paid to yashwant Treansport A/c Suvarna \r\nL.R.No. 4270 * 30.12.2024\r\n',600.00,10659.00,NULL,'2024-12-30',NULL,NULL,1),(849,0,808,2,'Travelling expense paid to Mr. Pravin\r\nfor the day\r\n ',120.00,10539.00,NULL,'2024-12-30',NULL,NULL,1),(850,0,809,2,'Travelling Expense Paid to Mr. Pravin For The Day',120.00,10419.00,NULL,'2024-12-31',NULL,NULL,1),(851,0,810,2,'Freight Paid to janhavi Transport A/c Samarth Fabrication  Bill no. 1368 * 01.01.25 &   L.R. No. 1337 * 01.01.25',100.00,10319.00,NULL,'2025-01-01',NULL,NULL,1),(852,0,811,2,'Travelling expense paid to Mr. Pravin for the day',120.00,10199.00,NULL,'2025-01-01',NULL,NULL,1),(853,0,812,2,'Tempo charges paid for , collected from V Trans to Godown\r\nL.R. no. 4132102399 & 4022503452\r\ndtd.30.12.2024 from Aslali',300.00,9899.00,NULL,'2025-01-02',NULL,NULL,1),(854,0,813,2,'Freight paid to V trans against L.R.no. 4132102399 * 30.12.2024\r\nfrom Aslali\r\nCR no. 2501021059310952982 * 02.01.2025',732.00,9167.00,NULL,'2025-01-02',NULL,NULL,1),(855,0,814,2,'Freight Service charges paid to V Trans against l.R.4022503492 * 28.12.2024\r\nCR No. 242410181979 * 31.12.24',106.00,9061.00,NULL,'2025-01-02',NULL,NULL,1),(856,0,815,2,'Tempo charges paid for New Gajanan \r\n& Bhavana Roadways A/c Unique  & BES For Del Pd pump\r\nBill no. 1369 & G/2247 * 02.01.2025',300.00,8761.00,NULL,'2025-01-02',NULL,NULL,1),(857,0,816,2,'Unloading charges at Yogeshwar \r\nfrom CGL, BHIWANDI For 39 nos.',300.00,8461.00,NULL,'2025-01-02',NULL,NULL,1),(858,0,817,2,'Travelling expense paid to  Mr.Pravin for the day\r\n',120.00,8341.00,NULL,'2025-01-02',NULL,NULL,1),(859,0,818,2,'Tempo cgharges paid for Yashwant Transport  , VRL  & Janhavi Transport A/c  Vidhi Engineers, , R.C.Blower & Shree Krupa Electricals Bill no. 1382 ,1381 & 1374  *03.01.2025\r\n',400.00,7941.00,NULL,'2025-01-03',NULL,NULL,1),(860,0,819,2,'Tempo charges paid  for Yashwant Transport A/c M.K. diesel\r\nBill bill. 1380 * 03.01.2025\r\n',150.00,7791.00,NULL,'2025-01-03',NULL,NULL,1),(861,0,820,2,'Freight Paid to Yashwant Transport A/c M.K.Diesel   L.R. no.4351 * 03.01.2025',600.00,7191.00,NULL,'2025-01-03',NULL,NULL,1),(862,0,821,2,'Freight paid to Janhavi Transport For R.C.Blower A/c Tellus  L>r No, 4756 * 03.01.2025\r\n',400.00,6791.00,NULL,'2025-01-03',NULL,NULL,1),(863,0,822,2,'Travelling Expense paid to Mr. Pravin for the day\r\n',120.00,6671.00,NULL,'2025-01-03',NULL,NULL,1),(864,0,823,2,'Tempo charges paid for , Collected from V trans & Bked to Janhavi Transport  for 7.50PN4 - 1 A/c RBS Air\r\nV trans L.R.no. 4022503724 * 31.12.2024',300.00,6371.00,NULL,'2025-01-04',NULL,NULL,1),(865,0,824,2,'Freight service charges paid to  V trans  afainst l.r.no. 40225803724 & CR No. 2501041023336148303 * 04.01.25',114.00,6257.00,NULL,'2025-01-04',NULL,NULL,1),(866,0,825,2,'Tempo charges paid for Aditya transport A/c Chotiwala \r\nbill no. 1385 * 04.01.2025\r\n',200.00,6057.00,NULL,'2025-01-04',NULL,NULL,1),(867,0,826,2,'Freight paid to Aditya Transport A/c Chotiwala L.R. no. 8582 * 04.01.2025\r\n',300.00,5757.00,NULL,'2025-01-04',NULL,NULL,1),(868,0,827,2,'Amt paid to Tanvi Water for Drinking water at Godown For Month - Nov 24\r\nRs.35 x 10',350.00,5407.00,NULL,'2025-01-04',NULL,NULL,1),(869,0,828,2,'Amt paid to Tanvi Water for Drinking water at Godown For Month - Decv 24\r\nRs.35 x 11',385.00,5022.00,NULL,'2025-01-04',NULL,NULL,1),(870,0,829,2,'Bal amt of travelling expense paid to \r\nMr.Patil for month - Dec-24\r\n@120/-  x 24 days',1880.00,3142.00,NULL,'2025-01-04',NULL,NULL,1),(871,0,830,2,'Courier charges paid for mumbai office\r\n',40.00,3102.00,NULL,'2025-01-04',NULL,NULL,1),(872,0,831,2,'Travewlling expense paid to Mr. Pravin for the day',120.00,2982.00,NULL,'2025-01-04',NULL,NULL,1),(873,42,0,1,'icic mum',8950.00,9372.00,NULL,'2025-01-09',NULL,NULL,1),(874,0,832,2,'Tempo charges paid for Aditya Transport & ACPL A/c  Chotiwala & Procroot\r\nbill no. 1389 & 1388 * 06.01.2025',300.00,2682.00,NULL,'2025-01-06',NULL,NULL,1),(875,0,833,2,'Freight paid to Aditya Transport A/c Chotiwala  L.R. no. 8632 * 06.01.2025',300.00,2382.00,NULL,'2025-01-06',NULL,NULL,1),(876,0,834,2,'Travelling Expense paid to Mr. Pravin  for the day',120.00,2262.00,NULL,'2025-01-06',NULL,NULL,1),(877,0,835,2,'Delivery charges by Auto for Bhiwandi Tarapur & Janhavi Transport \r\na/c Lala Engg & hindustan sales\r\nBill no. 1399 v& 1400 * 07.01.25',200.00,2062.00,NULL,'2025-01-07',NULL,NULL,1),(878,0,836,2,'Freight paid to Hari Om Transport \r\nA/c Midas Microtech \r\nbill no. 1398 & L.R. No. 66386 * 07.01.2025\r\n',1000.00,1062.00,NULL,'2025-01-07',NULL,NULL,1),(879,0,837,2,'Travelling Expense Paid To Mr. Pravin for the day\r\n',120.00,942.00,NULL,'2025-01-07',NULL,NULL,1),(880,0,838,2,'Tempo charges paid for V Trans A/c BES  , BILL NO. 1412 * 09.01.2025',200.00,9172.00,NULL,'2025-01-09',NULL,NULL,1),(881,0,839,2,'Tempo charges paid for Shah Roadways A/c Shah Agencies\r\nbill no. 1413 * 09.01.2025',200.00,8972.00,NULL,'2025-01-09',NULL,NULL,1),(882,0,840,2,'Travelling expense paid to Mr. Pravin for the day\r\n',120.00,8852.00,NULL,'2025-01-09',NULL,NULL,1),(883,0,841,2,'Tempo charges paid for V Trans \r\nA/c BES & KKC \r\nBill no. 1401 & 1403 * 08.01.2025\r\n',400.00,542.00,NULL,'2025-01-08',NULL,NULL,1),(884,0,842,2,'Travelling Expense Paid to Mr. Pravin\r\nfor the day\r\n',120.00,422.00,NULL,'2025-01-08',NULL,NULL,1),(885,0,843,2,'Tempo charges paid for Deccan Queen A/c Machinery & allied \r\nBill no. 1414 * 10.01.2025\r\n',400.00,8452.00,NULL,'2025-01-10',NULL,NULL,1),(886,0,844,2,'Tempo charges  paid for Yashwant Transport A/c M.K. Diesel\r\nbill no. 1417 * 10.01.2025\r\n',200.00,8252.00,NULL,'2025-01-10',NULL,NULL,1),(887,0,845,2,'Tempo charges  paid for Yashwant Transport A/c Chemclean\r\nbill no. 1416 * 10.01.2025\r\n',200.00,8052.00,NULL,'2025-01-10',NULL,NULL,1),(888,0,846,2,'Freight paid to Yasahwant Transport \r\nA/c Waris L.R.No. 4463 * 10.01.2025\r\n',600.00,7452.00,NULL,'2025-01-10',NULL,NULL,1),(889,0,847,2,'Travelling expense paid to Mr. Pravin \r\nfor the day\r\n',120.00,7332.00,NULL,'2025-01-10',NULL,NULL,1),(890,0,848,2,'Tempo charges paid for Yashwant Transport A/c Ganesh Transline\r\nBill no. 1418 * 11.01.2025\r\n',200.00,7132.00,NULL,'2025-01-11',NULL,NULL,1),(891,0,849,2,'Freight paid to Yashwant Transport A/c Ganesh Transline\r\nL.R.No. 4479 * 11.01.2025\r\n',600.00,6532.00,NULL,'2025-01-11',NULL,NULL,1),(892,0,850,2,'Courier charges paid for Mumbai Office\r\n',40.00,6492.00,NULL,'2025-01-11',NULL,NULL,1),(893,0,851,2,'Travelling Expense paid to Mr. Pravin For the day\r\n',120.00,6372.00,NULL,'2025-01-11',NULL,NULL,1),(894,0,852,2,'Delivery charges by special tempo to \r\nRBS ',1185.00,5187.00,NULL,'2025-01-13',NULL,NULL,1),(895,0,853,2,'Travelling Expense paid to  Mr. Pravin\r\nfor the',120.00,5067.00,NULL,'2025-01-13',NULL,NULL,1),(896,0,854,2,'Delivery charges by special tempo to \r\nM/s Target , Vasai\r\nBill no. 1436  & 1437 * 14.012025\r\n',1800.00,3267.00,NULL,'2025-01-14',NULL,NULL,1),(897,0,855,2,'Tempo charges paid for , collected from Hemant trading to Godown\r\nfor 1.50kne4 Flg - 5 nos.\r\n',200.00,3067.00,NULL,'2025-01-14',NULL,NULL,1),(898,0,856,2,'Tempo charges paid for Janhavi Transport A/c Patankar Uduog,\r\nbill no. 1434 * 14.01.2025\r\n',200.00,2867.00,NULL,'2025-01-14',NULL,NULL,1),(899,0,857,2,'Freight paid to Janhavi transport A/c Patankar Udyog\r\n',450.00,2417.00,NULL,'2025-01-14',NULL,NULL,1),(900,0,858,2,'Travelling Expense paid to Mr. Pravin for the day\r\n',120.00,2297.00,NULL,'2025-01-14',NULL,NULL,1),(901,0,859,2,'Tempo charges paid for V trans A/c BES ',700.00,1597.00,NULL,'2025-01-15',NULL,NULL,1),(902,0,860,2,'Loading  & Unloading  At godown ',200.00,1397.00,NULL,'2025-01-15',NULL,NULL,1),(903,0,861,2,'Travelling Expense Paid to Mr .Pravin  for the day',120.00,1277.00,NULL,'2025-01-15',NULL,NULL,1),(904,43,0,1,'ICICI ',8855.00,10132.00,NULL,'2025-01-16',NULL,NULL,1),(905,0,862,2,'Tempo Charges Paid For ACPL A/c \r\nAllweiller\r\nBill no. 1442 * 16.01.2025\r\n ',300.00,9832.00,NULL,'2025-01-16',NULL,NULL,1),(906,0,863,2,'Freight Paid to janhavi Transport to Goregaon a/c Tawade Engg\r\nBill no. \r\nL.R.No. 13236 * 16.01.2025\r\n',200.00,9632.00,NULL,'2025-01-16',NULL,NULL,1),(907,0,864,2,'Travelling Expense p[aid to Mr. Pravin For The day\r\n',120.00,9512.00,NULL,'2025-01-16',NULL,NULL,1),(908,0,865,2,'Tempo charges paid for ,From Godown To Hemant  Trading Collected  & Bked shree nasik goods A/c Techno volve  + Rajesh roadlines A/c Siddharth , bill no. 1450 & 1453 * 17.01.25 ',400.00,8992.00,NULL,'2025-01-17',NULL,NULL,1),(909,0,866,2,'Travelling Expense paid to Mr. Pravin \r\nfor the day\r\n',120.00,8872.00,NULL,'2025-01-17',NULL,NULL,1),(910,0,867,2,'Freight paid to Aditya Transport A/c Chotiwala \r\nL.R,No. 5458 * 18.01.2025\r\n',150.00,8722.00,NULL,'2025-01-18',NULL,NULL,1),(911,0,868,2,'Courier charges paid for Mumbai office\r\n',40.00,8682.00,NULL,'2025-01-18',NULL,NULL,1),(912,0,869,2,'Travelling Expense paid to Mr.Pravin for the day',120.00,8562.00,NULL,'2025-01-18',NULL,NULL,1),(913,0,870,2,'Freight paid to New Gajanan Transport\r\nA/c Target\r\nBill no. 1446   * L.R.No. 22962 * 16.01.2025',120.00,9392.00,NULL,'2025-01-16',NULL,NULL,1),(914,44,0,1,'From Kishan Via Gpay',1000.00,2652.00,NULL,'2025-01-27',NULL,NULL,1),(915,0,871,2,'Tempo charges paid for VTrans\r\nA/c bill no. 1468 & 1469 * 20.01.2025\r\n ',400.00,8162.00,NULL,'2025-01-20',NULL,NULL,1),(916,0,872,2,'Tempo charges paid for Janhavi Transport  , New Gajanan  & N.G.Transport\r\nBill no. 1465 , 1466 & 1467 * 20.01.2025\r\nA/v Vidya engineers , Unique  & National Hydralic ',300.00,7862.00,NULL,'2025-01-20',NULL,NULL,1),(917,0,873,2,'Freight paid to Janhavi transport A/c Vidya  L.R. no. \r\n(pending)',100.00,7762.00,NULL,'2025-01-20',NULL,NULL,1),(918,0,874,2,'Travelling Expense paid to Mr. Pravin for the day',120.00,7642.00,NULL,'2025-01-20',NULL,NULL,1),(919,0,875,2,'Tempo charges paid for Yashwant transport A/c Shree Kruhna & Pradip Logistics\r\nBill no. 1476 & 1477 * 21.01.2025\r\n',200.00,7442.00,NULL,'2025-01-21',NULL,NULL,1),(920,0,876,2,'Freight Paid to Yashwant Transport \r\nTo mahalaxmi L.R.No.(Pending ) \r\n ',1200.00,6242.00,NULL,'2025-01-21',NULL,NULL,1),(921,0,877,2,'Tempo charges paid for , Collected from ACPL To Godown\r\n',300.00,5942.00,NULL,'2025-01-21',NULL,NULL,1),(922,0,878,2,'Tempo charges paid for Gujarat Transport A/c Mamta Traders,\r\nBill no. 1472 * 21.01.2025\r\n ',300.00,5642.00,NULL,'2025-01-21',NULL,NULL,1),(923,0,879,2,'Travelling Expense Paid to Mr. Pravin for the day   ',120.00,5522.00,NULL,'2025-01-21',NULL,NULL,1),(924,0,880,2,'Tempo charges paid for V Trans \r\nA/c  BES , Bill no. 1486 * 22.01.2025\r\n',200.00,5322.00,NULL,'2025-01-22',NULL,NULL,1),(925,0,881,2,'Tempo charges paid to Aditya Transport \r\nL.R.No.(Pending)\r\nA/c Chotiwala , Bill no. 1487 * 22.01.2025\r\n',150.00,5172.00,NULL,'2025-01-22',NULL,NULL,1),(926,0,882,2,'Travelling expense paid to Mr.Pravin \r\nfor the day\r\n',120.00,5052.00,NULL,'2025-01-22',NULL,NULL,1),(927,45,0,1,'UBI mum',8144.00,8476.00,NULL,'2025-01-28',NULL,NULL,1),(928,0,883,2,'Unloading charges at yogeshwar for 9 nos. Alternators from cgl , thru. BGT\r\n',300.00,4752.00,NULL,'2025-01-23',NULL,NULL,1),(929,0,884,2,'Rickshaw fare paid for , Collected from \r\nHanuman To N.G.Transport A/c  National  Bill no. 1489 * 23.01.2025\r\n',100.00,4652.00,NULL,'2025-01-23',NULL,NULL,1),(930,0,885,2,'Freight Paid To Janhavi Transport \r\nA/c K.B. Machineries , Bill No. 1491 * 23.01.2025\r\nL.R. No. Pending\r\n',100.00,4552.00,NULL,'2025-01-23',NULL,NULL,1),(931,0,886,2,'Travelling expense paid to Mr. Pravin for the day\r\n',120.00,4432.00,NULL,'2025-01-23',NULL,NULL,1),(932,0,887,2,'Tempo charges Paid For , Collect6ed from Makharia  To Godown\r\nA/c MNilton Roi Bill no. 1494 * 24.01.2025\r\n',500.00,3932.00,NULL,'2025-01-24',NULL,NULL,1),(933,0,888,2,'Travelling Expense paid to Mr. pravin\r\nfor the day\r\n',120.00,3812.00,NULL,'2025-01-24',NULL,NULL,1),(934,0,889,2,'Tempo charges paid for Yasahwant transport A/c M.K.Diesel \r\nbill no. 1497 * 25.01.2025\r\n',200.00,3612.00,NULL,'2025-01-25',NULL,NULL,1),(935,0,890,2,'Freight paid to Yashwant transport \r\nto Waris ,\r\nL.R.no. (Pending)\r\n',600.00,3012.00,NULL,'2025-01-25',NULL,NULL,1),(936,0,891,2,'Tempo charges paid for V Transport A/c BES  Bill no. 1498 * 25.01.2025',200.00,2812.00,NULL,'2025-01-25',NULL,NULL,1),(937,0,892,2,'Travelling expense paid to as advance for month - Jan - 25 To Mr. Patil\r\n',1000.00,1812.00,NULL,'2025-01-25',NULL,NULL,1),(938,0,893,2,'Courier charges for Mumbai office\r\n',40.00,1772.00,NULL,'2025-01-25',NULL,NULL,1),(939,0,894,2,'Travelling Expense Paid to Mr. Pravin For the day\r\n',120.00,1652.00,NULL,'2025-01-25',NULL,NULL,1),(940,0,895,2,'Tempo charges paid for Yashwant transport for 1 no. Alternators\r\nA/c Aayush , Bill no. 1501 * 27.01.25\r\n',200.00,2452.00,NULL,'2025-01-27',NULL,NULL,1),(941,0,896,2,'Freight Paid to Yashwant transport a/c AAush \r\n',600.00,1852.00,NULL,'2025-01-27',NULL,NULL,1),(942,0,897,2,'Freight paid to Hari Om transport A/c Saral Phrma  for Vasai\r\n 3 Nos.\r\nbill no. 1500 * 27.01.2025\r\n',600.00,1252.00,NULL,'2025-01-27',NULL,NULL,1),(943,0,898,2,'Freight Paid To Janhavi Transport  A/c Mumbai Transfer nos. ',600.00,652.00,NULL,'2025-01-27',NULL,NULL,1),(944,0,899,2,'Tempo chrges paid for Janhavi Transport AQ/c Mumbai goods transfer\r\n',200.00,452.00,NULL,'2025-01-27',NULL,NULL,1),(945,0,900,2,'Travelling expense paid to Mr.Pravin for the day\r\n',120.00,332.00,NULL,'2025-01-27',NULL,NULL,1),(946,0,901,2,'Tempo charges paid for Collected from CGL , Bhiwandi To V Trans \r\nA/c BES bill no. 1507 * 28.01.2025\r\n',300.00,6134.00,NULL,'2025-01-29',NULL,NULL,1),(947,0,902,2,'Tempo charges paid for Aditya Transport  & Arihant transport A/c \r\nChotiwala & Krishna shot bill no. 1516 & 1517 * 29.01.2025\r\n',400.00,5734.00,NULL,'2025-01-29',NULL,NULL,1),(948,0,903,2,'Unloading Charges Paid at Yogeshwar For 10 Nos. from CGL ,Bhiwandi\r\n',200.00,5534.00,NULL,'2025-01-29',NULL,NULL,1),(949,0,904,2,'Travelling expense paid to Mr. Ptavin for the day\r\n',120.00,5414.00,NULL,'2025-01-29',NULL,NULL,1),(950,0,905,2,'Tempo charges (Porter) paid for Delivery to Kalamboli A/c Baba Electricals Bill no. 1505 * 28.01.2025\r\n',1622.00,6854.00,NULL,'2025-01-28',NULL,NULL,1),(951,0,906,2,'Freight paid to Janhavi Transport A/c Tawade Engg ',100.00,6754.00,NULL,'2025-01-28',NULL,NULL,1),(952,0,907,2,'Tempo charges paid for Kerala Transport  A/c Target  Bill no. 1509 * 28.01.2025\r\n',200.00,6554.00,NULL,'2025-01-28',NULL,NULL,1),(953,0,908,2,'Travelling Expense paid to Mr.Pravin  for the day',120.00,6434.00,NULL,'2025-01-28',NULL,NULL,1),(954,0,909,2,'Loading Charges at Yogeshwar for 114Nos. a/c BES\r\n',600.00,4814.00,NULL,'2025-01-30',NULL,NULL,1),(955,0,910,2,'Travelling Expense paid to Mr, Pravin for the day',120.00,4694.00,NULL,'2025-01-30',NULL,NULL,1),(956,0,911,2,'Tempo charges paid for Aditya Transport A/c Chotiwala \r\nbill no. 1525 * 31.01.2025\r\n',200.00,4494.00,NULL,'2025-01-31',NULL,NULL,1),(957,0,912,2,'Freight paid to Aditya Transport A/c Chotiwala \r\n',300.00,4194.00,NULL,'2025-01-31',NULL,NULL,1),(958,0,913,2,'Travelling Expense paid to Mr. Pravin \r\nfor the day\r\n',120.00,4074.00,NULL,'2025-01-31',NULL,NULL,1),(959,0,914,2,'Tempo charges paid for Prabhat Roadways A/c Bakul  bill no.1528 * 01.02.2025\r\n ',200.00,3874.00,NULL,'2025-02-01',NULL,NULL,1),(960,0,915,2,'Freight paid to Prabhat Roadways A/c Bakul\r\n',600.00,3274.00,NULL,'2025-02-01',NULL,NULL,1),(961,0,916,2,'Tempo charges paid for Yashwant transport A/c  Sahyadri Cargo , Bill no. 1532 * 01.02.2025\r\n',200.00,3074.00,NULL,'2025-02-01',NULL,NULL,1),(962,0,917,2,'Freight paid to Yashwant transport for Dhanlaxmi  A/c Sahyadri , \r\n',600.00,2474.00,NULL,'2025-02-01',NULL,NULL,1),(963,0,918,2,'Drinking water batla at Yogeshwar for Month - Jan - 25 @ 35 * 15',525.00,1949.00,NULL,'2025-02-01',NULL,NULL,1),(964,46,0,1,'icici',8775.00,8724.00,NULL,'2025-02-03',NULL,NULL,1),(965,0,919,2,'Travelling Expense On A/c  paid to Mr.Patil for month - Jan-25 ',2000.00,-51.00,NULL,'2025-02-01',NULL,NULL,1),(966,0,920,2,'Tempo Charges paid for V Trans & HMP Transport A/c Arvind Electricals & Trinity Enterprise Bill no. 1534 & 1535 * 03.02.2025\r\n\r\n',180.00,8544.00,NULL,'2025-02-03',NULL,NULL,1),(967,0,921,2,'Travelling expense paid to Mr. Pravin for the day\r\n',120.00,8424.00,NULL,'2025-02-03',NULL,NULL,1),(968,0,922,2,'Freight paid to New Gajanan Transport\r\nL.R.No. Pending to receive\r\n ',300.00,8124.00,NULL,'2025-02-04',NULL,NULL,1),(969,0,923,2,'Tempo charges paid for ACPL  + New Gajanan   & Janhavi Transport ',400.00,7724.00,NULL,'2025-02-04',NULL,NULL,1),(970,0,924,2,'Freight paid to Janhavi Transport \r\nL.R.Copy Pending\r\n',150.00,7574.00,NULL,'2025-02-04',NULL,NULL,1),(971,0,925,2,'Travelling Expense paid to Mr. Pravin for the day\r\n',120.00,7454.00,NULL,'2025-02-04',NULL,NULL,1),(972,0,926,2,'Tempo charges paid for V Trans ',400.00,7054.00,NULL,'2025-02-05',NULL,NULL,1),(973,0,927,2,'Travelling Expense paid to Mr. Pravin for the day',120.00,6934.00,NULL,'2025-02-05',NULL,NULL,1),(974,0,928,2,'Tempo charges paid for , collected from V Trans To ACPL',200.00,6734.00,NULL,'2025-02-06',NULL,NULL,1),(975,0,929,2,'Freight Service charges paid to V Trans \r\nL.R.Pending\r\n',106.00,6628.00,NULL,'2025-02-06',NULL,NULL,1),(976,0,930,2,'Travelling Expense Paid to Mr. Pravin for the day\r\n',120.00,6508.00,NULL,'2025-02-06',NULL,NULL,1),(977,0,931,2,'Tempo Charges paid for T.K. Transport\r\n',150.00,6358.00,NULL,'2025-02-07',NULL,NULL,1),(978,0,932,2,'Freight Paid To T.K. Transport \r\nL.R. Pending to receive\r\n',250.00,6108.00,NULL,'2025-02-07',NULL,NULL,1),(979,0,933,2,'Travelling Expense paid to Mr, Pravin \r\nfor the day\r\n',120.00,5988.00,NULL,'2025-02-07',NULL,NULL,1),(980,0,934,2,'Tempo charges paid for ,collected from Hanuman Power to Godown',500.00,5488.00,NULL,'2025-02-08',NULL,NULL,1),(981,0,935,2,'Travelling Expense Paid To Mr. Pravin for the day\r\n',120.00,5368.00,NULL,'2025-02-08',NULL,NULL,1),(982,0,936,2,'tempo charges paid for Karad Satara  & thane motor A/c Gumpro  & Badami Industries\r\n',350.00,5018.00,NULL,'2025-02-10',NULL,NULL,1),(983,0,937,2,'Freight paid to Thane Motor A/c Gumpro\r\nL.R.no. 5851 * 10.02.2024\r\n\r\n',500.00,4518.00,NULL,'2025-02-10',NULL,NULL,1),(984,0,938,2,'Freight paid to Karad Satara Transport\r\nL.R.no. 7440 * 10.02.2025\r\nA/c Badami Industries\r\n\r\n',700.00,3818.00,NULL,'2025-02-10',NULL,NULL,1),(985,0,939,2,'Tempo charges paid for Yashwant Transpot A/c M.K.Diesel\r\n',200.00,3618.00,NULL,'2025-02-10',NULL,NULL,1),(986,0,940,2,'Freight paid to Yashwant transport for Waris Generators L..r. 2040 * 10.02.2025\r\n\r\n',1200.00,2418.00,NULL,'2025-02-10',NULL,NULL,1),(987,0,941,2,'Loading & unloading for 2 nos. Alternators\r\n',100.00,2318.00,NULL,'2025-02-10',NULL,NULL,1),(988,47,0,1,'FROM ICIC',8219.00,10537.00,NULL,'2025-02-10',NULL,NULL,1),(989,0,942,2,'Tempo charges paid for , collected from V Trans To Godown\r\nRef : L.R.no. 4022004150 & 4022507540 * 07.02.2025\r\n ',500.00,9917.00,NULL,'2025-02-11',NULL,NULL,1),(990,0,943,2,'Freight Service charges paid to V trans \r\nfrom Aslali to Bhiwandi \r\nCR no. 242410230279 * 12.02.25\r\n',100.00,9817.00,NULL,'2025-02-11',NULL,NULL,1),(991,0,944,2,'Freight Service charges paid to V trans \r\nfrom Aslali to Bhiwandi \r\nCR no. 242410228280 * 12.02.25 for 30 nos.\r\n',427.00,9390.00,NULL,'2025-02-11',NULL,NULL,1),(992,0,945,2,'Loading & Unloading For 31 Nos.\r\nat yogeshwar\r\n',300.00,9090.00,NULL,'2025-02-11',NULL,NULL,1),(993,0,946,2,'Tempo charges paid for delivery of motor to CGL thru, BGT\r\nRating :132FLP - 2 nos.\r\n',300.00,8790.00,NULL,'2025-02-11',NULL,NULL,1),(994,0,947,2,'Tempo charges paid for  Yashwant Transport & Janhavi Transport a/c \r\nSiddhi Roadways & Jaydeep Engg\r\nBill no. 1563 & 1564 * 11.02.2025\r\n',300.00,8490.00,NULL,'2025-02-11',NULL,NULL,1),(995,0,948,2,'Freight Paid to Yashwant Transport to  Dhanlaxmi  Ref . L.R.No. 2056 * 11.02.2025\r\n',600.00,7890.00,NULL,'2025-02-11',NULL,NULL,1),(996,0,949,2,'Loading Charges at Yogeshwar for 2 Nos. a/c Aryan Trading\r\n',200.00,7690.00,NULL,'2025-02-11',NULL,NULL,1),(997,0,950,2,'Unloading charges at Yogeshwar for\r\n 4 nos. 18.5PF2',100.00,7590.00,NULL,'2025-02-11',NULL,NULL,1),(998,0,951,2,'Travelling Expense Paid to Mr.Pravin for the day\r\n',120.00,7470.00,NULL,'2025-02-11',NULL,NULL,1),(999,0,952,2,'Travelling expense paid to Mr. Pravin \r\nfor the day\r\n',120.00,7350.00,NULL,'2025-02-12',NULL,NULL,1),(1000,0,953,2,'Tempo charges paid for Yashwant transport A/c Ganesh Transline\r\nbill no. 1573 * 13.02.2025',200.00,7150.00,NULL,'2025-02-13',NULL,NULL,1),(1001,0,954,2,'Freight paid to Yashwant transport for Mahalaxmi Generators \r\nL.R.no. 13212 * 13.02.2025\r\n',1200.00,5950.00,NULL,'2025-02-13',NULL,NULL,1),(1002,0,955,2,'Loading & Unloading for 2nos.Alternators',100.00,5850.00,NULL,'2025-02-13',NULL,NULL,1),(1003,0,956,2,'Travelling expense paid to Mr. Pravin \r\nfor the day',120.00,5730.00,NULL,'2025-02-13',NULL,NULL,1),(1004,0,957,2,'Auto Rickshaw Fare For kalayatan cargo A/c Durgesh Enterprise\r\nBill no. 1578 * 14.02.2025\r\n',150.00,5580.00,NULL,'2025-02-14',NULL,NULL,1),(1005,0,958,2,'Travelling Expense paid to Mr. Pravin  for the day\r\n',120.00,5460.00,NULL,'2025-02-14',NULL,NULL,1),(1006,0,959,2,'Tempo charges paid for V Trans A/c BES Bill no. 1581 * 15.02.2025\r\n ',300.00,5160.00,NULL,'2025-02-15',NULL,NULL,1),(1007,0,960,2,'Loading & Unloading For 4 Nos.\r\n',300.00,4860.00,NULL,'2025-02-15',NULL,NULL,1),(1008,0,961,2,'Tempo charges paid for , Collected from jayprakash to Godown',300.00,4560.00,NULL,'2025-02-15',NULL,NULL,1),(1009,0,962,2,'Tempo charges paid for Aditya Transportr A/c Chotiwala \r\nBill no. 1582 * 15.02.2025\r\n',200.00,4360.00,NULL,'2025-02-15',NULL,NULL,1),(1010,0,963,2,'Freight paid to Aditya Transport a/c Chotiwala  L.R.No. 3187 * 15.02.2025\r\n',300.00,4060.00,NULL,'2025-02-15',NULL,NULL,1),(1011,0,964,2,'Courier charges paid for mumbai office\r\n',40.00,4020.00,NULL,'2025-02-15',NULL,NULL,1),(1012,0,965,2,'Travelling expense paid to Mr. Pravin For the day\r\n',120.00,3900.00,NULL,'2025-02-15',NULL,NULL,1),(1013,0,966,2,'Travelling Expense paid to Mr. Pravin \r\nfor the day\r\n',120.00,10417.00,NULL,'2025-02-10',NULL,NULL,1),(1014,48,0,1,'ICICI mum',8917.00,10787.00,NULL,'2025-02-21',NULL,NULL,1),(1015,49,0,1,'UBI mum',8865.00,10912.00,NULL,'2025-03-03',NULL,NULL,1),(1016,0,967,2,'Tempo charges paid for Yashwant transport A/c Sahyadri Cargo\r\nbill no. 1584 * 17.02.2025\r\n',200.00,3700.00,NULL,'2025-02-17',NULL,NULL,1),(1017,0,968,2,'Freight paid to Yashwant Transport for Mahalaxmi Generators A/s Sahyadri L.R. no. 13277 * 17.02.2025\r\n',600.00,3100.00,NULL,'2025-02-17',NULL,NULL,1),(1018,0,969,2,'Travelling Expense paid to Mr. Pravin for the day\r\n',120.00,2980.00,NULL,'2025-02-17',NULL,NULL,1),(1019,0,970,2,'Unloading charges for 7 nos. Alternators at yogeshwar from cgl thru. BGT',350.00,2630.00,NULL,'2025-02-18',NULL,NULL,1),(1020,0,971,2,'Travelling expense paid to Mr. Pravin for the day',120.00,2510.00,NULL,'2025-02-18',NULL,NULL,1),(1021,0,972,2,'Tempo charges paid for , collected from Hemant & bked to Janhavi A/c M.S.Technical bill no. 1597 * 19.02.25\r\n\r\n',200.00,2310.00,NULL,'2025-02-19',NULL,NULL,1),(1022,0,973,2,'Tempo charges paid for Chintamani transport A/c Param Associate\r\nbill no. 1598 * 19.02.2025',200.00,2110.00,NULL,'2025-02-19',NULL,NULL,1),(1023,0,974,2,'Travelling Expense paid to  Mr. Pravin for the day',120.00,1990.00,NULL,'2025-02-19',NULL,NULL,1),(1024,0,975,2,'Travelling Expense paid to Mr. Pravin \r\nfor the day\r\n',120.00,1870.00,NULL,'2025-02-20',NULL,NULL,1),(1025,0,976,2,'Travelling expense [aid to Mr. Pravin for the day',120.00,10667.00,NULL,'2025-02-21',NULL,NULL,1),(1026,0,977,2,'Tempo charges paid for Yashwant transport A/c M.K. Diesel \r\nbill no. 1612 * 21.12.2025\r\n',200.00,10467.00,NULL,'2025-02-21',NULL,NULL,1),(1027,0,978,2,'Freight paid to Yashwant Transport For Waris Generators A/c M.k.\r\nL.R.no. 143369 * 21.02.2025\r\n',1200.00,9267.00,NULL,'2025-02-21',NULL,NULL,1),(1028,0,979,2,'Tempo charges paid for Yashwant Transport A/c Suvarna \r\nBill no. 1618 * 22.02.2025\r\n',200.00,9067.00,NULL,'2025-02-22',NULL,NULL,1),(1029,0,980,2,'Freight paid to Yashwant Transport for Mahalaxmi A/x Suvarna\r\nL.R.no. 13395 * 22.02.2025\r\n',1200.00,7867.00,NULL,'2025-02-22',NULL,NULL,1),(1030,0,981,2,'Travelling expense paid to Mr. Pravin\r\nfor the day\r\n ',120.00,7747.00,NULL,'2025-02-22',NULL,NULL,1),(1031,0,982,2,'Tempo charges paid for ,.collected from Jayprakash to godown  & Godown to bked at Aditya transport A/c Chotiwala  , bill no. 1628 * 25.02.2025\r\n',400.00,7227.00,NULL,'2025-02-25',NULL,NULL,1),(1032,0,983,2,'Freight paid to Aditya Transport A/c Chotiwala  , L.R. No. 3680 * 25.02.2025\r\n',300.00,6927.00,NULL,'2025-02-25',NULL,NULL,1),(1033,0,984,2,'Tempo charges paid for , Collected from Hanuman Power & Bked to Shree Ayyapa Transport A/c FFP\r\n\r\n ',350.00,6577.00,NULL,'2025-02-25',NULL,NULL,1),(1034,0,985,2,'Loading charges at Ypgeshwar For 37EF4 on 24.02.2025\r\n',100.00,6477.00,NULL,'2025-02-25',NULL,NULL,1),(1035,0,986,2,'Travelling Expense paid to Mr. Pravin for the day\r\n',120.00,6357.00,NULL,'2025-02-25',NULL,NULL,1),(1036,0,987,2,'Travelling expense paid to Mr. Pravin For the day\r\n',120.00,7627.00,NULL,'2025-02-24',NULL,NULL,1),(1037,0,988,2,'Tempo charges paid for Aditya Transport A/c Chotiwala ,Bill no. 1638 * 27.02.2025\r\n ',200.00,6157.00,NULL,'2025-02-27',NULL,NULL,1),(1038,0,989,2,'Freight paid to Aditya Transport \r\nA/c Chotiwala  L.R. No. 3750 * 27.02.2025\r\n',300.00,5857.00,NULL,'2025-02-27',NULL,NULL,1),(1039,0,990,2,'Tempo charges paid for ACPL A/c Reckon , Bill no. 1641 * 27.02.2025\r\n',200.00,5657.00,NULL,'2025-02-27',NULL,NULL,1),(1040,0,991,2,'Freight paid to ACPL A/c  Reckon \r\nL.R. No.24037112629 * 27.02.2025\r\n ',300.00,5357.00,NULL,'2025-02-27',NULL,NULL,1),(1041,0,992,2,'Travelling  Expense paid to Mr. Pravin\r\nfor the day\r\n ',120.00,5237.00,NULL,'2025-02-27',NULL,NULL,1),(1042,0,993,2,'Tempo charges paid for Janhavi Transport & Yashwant transport A/c \r\nK,B. machineries , Tellus& Chudekar \r\nBill no. 1644 , 1645  & 1647 * 28.02.2025\r\n',300.00,4937.00,NULL,'2025-02-28',NULL,NULL,1),(1043,0,994,2,'Freight paid to Janhavi Transport To\r\nRBS  A/c Tellus  L.R. No. 44156 * 28.2.2025\r\n ',800.00,4137.00,NULL,'2025-02-28',NULL,NULL,1),(1044,0,995,2,'Freight paid to Janhavi Transport To\r\nDoulton A/c K.B.  L.R. No. 44155 * 28.2.2025\r\n \r\n',100.00,4037.00,NULL,'2025-02-28',NULL,NULL,1),(1045,0,996,2,'Freight Paid to Yashwant Transport to Chudekar L.R. No. 2730 * 28.02.2025\r\n',150.00,3887.00,NULL,'2025-02-28',NULL,NULL,1),(1046,0,997,2,'Travelling Expense paid to Mr. Pravin For the day',120.00,3767.00,NULL,'2025-02-28',NULL,NULL,1),(1047,0,998,2,'Travelling Expense paid to Mr.patil For Month - Feb- 2025\r\n(@120 x 13 days )\r\n',1560.00,2207.00,NULL,'2025-03-01',NULL,NULL,1),(1048,0,999,2,'Courier charges for Mumbai Office\r\n',40.00,2167.00,NULL,'2025-03-01',NULL,NULL,1),(1049,0,1000,2,'Travelling Expense paid to Mr. Pravin \r\nfor the day\r\n',120.00,2047.00,NULL,'2025-03-01',NULL,NULL,1),(1050,0,1001,2,'Tempo charges paid for , collected from Vtrans for 22 nos.\r\nL.T.no. 4022509709 & 4022509365\r\n28.02.2025\r\n',300.00,10612.00,NULL,'2025-03-03',NULL,NULL,1),(1051,0,1002,2,'Freight paid to V trans for 1no.\r\nCR no. 242410251638 * 03.03.2025\r\n',106.00,10506.00,NULL,'2025-03-03',NULL,NULL,1),(1052,0,1003,2,'Freight paid to V trans for 20 nos.\r\nCR no. 242410259365 * 03.03.2025',168.00,10338.00,NULL,'2025-03-03',NULL,NULL,1),(1053,0,1004,2,'Charges paid Drinking Water Batla at  Godown for month - fEB25',315.00,10023.00,NULL,'2025-03-03',NULL,NULL,1),(1054,0,1005,2,'Travelling expense paid to Mr. Pravin for the day\r\n',120.00,9903.00,NULL,'2025-03-03',NULL,NULL,1),(1055,0,1006,2,'Loading & Unloading charges by Forklift For 1 No. 9.30KDC at Godown\r\n',1400.00,8503.00,NULL,'2025-03-04',NULL,NULL,1),(1056,0,1007,2,'Tempo charges paid for ACPL A/c Allweller\r\nBill no. 1661 * 04.03.2025\r\n',500.00,8003.00,NULL,'2025-03-04',NULL,NULL,1),(1057,0,1008,2,'Delivery charges by Auto Rickshaw For Janhavi Transport & Yashwant Transport A/c Chudekar & Lala Engg\r\nBill no. 1660 & 1662 * 04.03.2025\r\n',200.00,7803.00,NULL,'2025-03-04',NULL,NULL,1),(1058,0,1009,2,'Freight Paid to Yashwant Transport A/c Chudekar \r\nL.R.No. 2791 * 04.03.2025\r\n',150.00,7653.00,NULL,'2025-03-04',NULL,NULL,1),(1059,0,1010,2,'Travelling Expense Paid to Mr.Pravin\r\nfor the day\r\n ',120.00,7533.00,NULL,'2025-03-04',NULL,NULL,1),(1060,0,1011,2,'Freight paid t Janhavi Transport A/c RBS ',100.00,6733.00,NULL,'2025-03-05',NULL,NULL,1),(1061,0,1012,2,'Travelling Expense paid To Pr. Pravin for the day\r\n',120.00,6613.00,NULL,'2025-03-05',NULL,NULL,1),(1062,0,1013,2,'Tempo charges paid for ,Collected from Hemant Trading To New Gajanan Transport a/c Vayuvent\r\nbill no.1671 * 06.03.2025\r\n',200.00,6413.00,NULL,'2025-03-06',NULL,NULL,1),(1063,0,1014,2,'Travelling Expense Paid To Mr., Pravin \r\nFor the day\r\n',120.00,6293.00,NULL,'2025-03-06',NULL,NULL,1),(1064,0,1015,2,'Delivery charges paid by Special  Tempo A/c M.K.Diesel \r\nBbill no. 1673 * 07.03.2025\r\n\r\n',2200.00,4093.00,NULL,'2025-03-07',NULL,NULL,1),(1065,0,1016,2,'Delivery charges by by Auto Rickshaw \r\nfor ACPL & Janhavi Tranport A/c Basic \r\nBill no. ',200.00,3893.00,NULL,'2025-03-07',NULL,NULL,1),(1066,0,1017,2,'Freght paid to ACPL A/C rECKON \r\nl.r.,NO, 24037113014 * 07.03.2025',300.00,3593.00,NULL,'2025-03-07',NULL,NULL,1),(1067,0,1018,2,'Travelling Expense paid to Mr. Pravi n\r\nfor the day\r\n',60.00,833.00,NULL,'2025-03-11',NULL,NULL,1),(1068,0,1019,2,'Delivery charges by special Tempo A/c Ganesh Transline  To Mahalaxmi Geberators\r\nBill no. 1678 * 08.03.2025\r\n',2000.00,1473.00,NULL,'2025-03-08',NULL,NULL,1),(1069,0,1020,2,'Courier charges for Mumbai Office\r\n',40.00,1433.00,NULL,'2025-03-08',NULL,NULL,1),(1070,0,1021,2,'Travelling Expense paid to Mr. Pravin for the day\r\n',120.00,1313.00,NULL,'2025-03-08',NULL,NULL,1),(1071,50,0,1,'icici mumbai ',5000.00,3587.00,NULL,'2025-03-12',NULL,NULL,1),(1072,0,1022,2,'Tempo charges paid for , collected from  Hanuman power to Yogeshwar Godown  for 15KE2 Flg - 1',300.00,1013.00,NULL,'2025-03-10',NULL,NULL,1),(1073,0,1023,2,'Travelling Expense Paid to Mr. Pravin \r\nfor the day\r\n',120.00,893.00,NULL,'2025-03-10',NULL,NULL,1),(1074,0,1024,2,'Tempo charges paid for ,Collected from V Trans To Janhavi  Transport against l.R. no. 4022510597 * 08.03.2025 for 0.75EF4-1\r\n',300.00,533.00,NULL,'2025-03-11',NULL,NULL,1),(1075,0,1025,2,'Freight Service charges paid to V Trans  for 0.75EF4 - 1 \r\nCR  no. 2423410262298 * 11.03.2025 ',106.00,427.00,NULL,'2025-03-11',NULL,NULL,1),(1076,0,1026,2,'Freight paid to  Janhavi Transport A/c Naik Brass ef bill no. 1695 * 11.03.25\r\nL.R. no. 51244 * 11.03.2025\r\n',600.00,-173.00,NULL,'2025-03-11',NULL,NULL,1),(1077,0,1027,2,'Delivery charges by Porter For Andheri A/c Tellus  Bill no. 1696 * 11.03.2025\r\nFor 6 nos.',1180.00,-1353.00,NULL,'2025-03-11',NULL,NULL,1),(1078,0,1028,2,'Travelling Expense paid  To Mr. pravin \r\nfor the day\r\n',60.00,-1413.00,NULL,'2025-03-11',NULL,NULL,1),(1079,0,1029,2,'Tempo charges paid for , collected from Hemant trading for 4 nos. & bked to New Gajanan Transport  & returned to Godown A/C Target  bill no. 1700 dt.\r\n12.03.2025\r\n',300.00,3287.00,NULL,'2025-03-12',NULL,NULL,1),(1080,0,1030,2,'Freight paid to New Gajanan A/c Target  L.R.no. 241 * 12.03.2025\r\n',450.00,2837.00,NULL,'2025-03-12',NULL,NULL,1),(1081,0,1031,2,'Tempo charges paid for V trans BES\r\nbill no. 1702 * 12.03.2025',300.00,2537.00,NULL,'2025-03-12',NULL,NULL,1),(1082,0,1032,2,'Travelling expense paid to Mr. Pravin for the day',120.00,2417.00,NULL,'2025-03-12',NULL,NULL,1),(1083,0,1033,2,'Tempo charges paid for Bhavana Roadways a/c BES Foe del pd \r\n11KP4- - 2 nos\r\nBill no. 1710 * 13.03.2025',200.00,2111.00,NULL,'2025-03-13',NULL,NULL,1),(1084,0,1034,2,'Freight paid to Bhadra roadways  A/c \r\nThorat Filtration  Bill no. 1707 * 13.03.2025 & L.r.no. 941 * 13.03.2025\r\n',200.00,1911.00,NULL,'2025-03-13',NULL,NULL,1),(1085,0,1035,2,'Travelling expense paid to Mr. Pravin\r\nfor the day\r\n ',120.00,1791.00,NULL,'2025-03-13',NULL,NULL,1),(1086,0,1036,2,'Tempo charges paid for  VTrans ( 4 Trips) For 44 Nos. A/c BES  Bill no. 1719 * 15.03.2025\r\n',800.00,741.00,NULL,'2025-03-15',NULL,NULL,1),(1087,0,1037,2,'Tempo charges paid for & Chotiwala\r\nBill no. 1712 & 1717 * 15.03.2025\r\n',400.00,341.00,NULL,'2025-03-15',NULL,NULL,1),(1088,0,1038,2,'Freight Paid to Aditya Transport  \r\nL.R. no. 5812 * 15.03.2025\r\n',300.00,41.00,NULL,'2025-03-15',NULL,NULL,1),(1089,0,1039,2,'Freight Paid to Prabhat Roadways  \r\nL.R. no. 15935 * 15.03.2025\r\n',600.00,-559.00,NULL,'2025-03-15',NULL,NULL,1),(1090,51,0,1,'mumICIC',7241.00,4910.00,NULL,'2025-03-18',NULL,NULL,1),(1091,0,1040,2,'Tempo charges paid for Arihant transport A/c LL Mfg  bill no. 1711 * 15.03.2025\r\n',300.00,-859.00,NULL,'2025-03-15',NULL,NULL,1),(1092,0,1041,2,'Courier charges paid for Mumbai Office\r\n',40.00,-899.00,NULL,'2025-03-15',NULL,NULL,1),(1093,0,1042,2,'Loading & Unloading at V trans for\r\n44 nos.',600.00,-1499.00,NULL,'2025-03-15',NULL,NULL,1),(1094,0,1043,2,'Unloading charges  at Yogeshwar  for 9.30KDC From CGL Thru. BGT',700.00,6833.00,NULL,'2025-03-04',NULL,NULL,1),(1095,0,1044,2,'Travelling Expense Paid to Mr. Pravin \r\nfor the day\r\n',120.00,3473.00,NULL,'2025-03-07',NULL,NULL,1),(1096,0,1045,2,'Tempo charges paid for  , Collected from V trans to godown\r\n(Details pending)\r\n',200.00,-1699.00,NULL,'2025-03-17',NULL,NULL,1),(1097,0,1046,2,'Freight Service charges paid to  V Trans  for 1 no.\r\n',512.00,-2211.00,NULL,'2025-03-17',NULL,NULL,1),(1098,0,1047,2,'Travelling Expense paid to Mr. Pravin for the day\r\n',120.00,-2331.00,NULL,'2025-03-17',NULL,NULL,1),(1099,52,0,1,'icici',8811.00,10431.00,NULL,'2025-03-24',NULL,NULL,1),(1100,0,1048,2,'Tempo charges paid for , collected from Hanuman power to Godown\r\nDetails pending)',300.00,4610.00,NULL,'2025-03-18',NULL,NULL,1),(1101,0,1049,2,'Tempo charges paid for ,collected from CGL &  SCIS to Godown \r\nDetails Pending\r\n\r\n',350.00,4260.00,NULL,'2025-03-18',NULL,NULL,1),(1102,0,1050,2,'Tempo charges paid for Yashwant &  ACPL   A/c Chudekar nill no. 1728 * 18.03.2025 \r\n',150.00,4110.00,NULL,'2025-03-18',NULL,NULL,1),(1103,0,1051,2,'Freight Paid To Yashwant Transport for  2 nos. A/c Chudekar   L.R. no. 5419 * 18.03.2025\r\n\r\n\r\n',300.00,3810.00,NULL,'2025-03-18',NULL,NULL,1),(1104,0,1052,2,'Travelling expense  paid to Mr. Pravin \r\nfor the day\r\n',120.00,3690.00,NULL,'2025-03-18',NULL,NULL,1),(1105,0,1053,2,'Paid Auto Rickshaw Fare for collected from Hanuman to ACPL A/c Noble Procetech bill no.1733 * 19.03.2025\r\n',150.00,3540.00,NULL,'2025-03-19',NULL,NULL,1),(1106,0,1054,2,'Travelling expense Paid To Mr. Pravin for the day\r\n',120.00,3420.00,NULL,'2025-03-19',NULL,NULL,1),(1107,0,1055,2,'Travelling Expense paid to Mr. Pravin \r\nfor the day\r\n',120.00,3300.00,NULL,'2025-03-20',NULL,NULL,1),(1108,0,1056,2,'Tempo charges paid for Yashwant Transport a/c Ganesh Transline\r\n ',200.00,3100.00,NULL,'2025-03-21',NULL,NULL,1),(1109,0,1057,2,'Freight paid to Yashwant transport for 2 Nos. L.R. no. 5483 * 21.03.25\r\n',1200.00,1900.00,NULL,'2025-03-21',NULL,NULL,1),(1110,0,1058,2,'Travelling expense Paid To Mr. Pravin \r\nfor the day',120.00,1780.00,NULL,'2025-03-21',NULL,NULL,1),(1111,0,1059,2,'Travelling Expense Paid To Mr. Pravin For The day\r\n',120.00,1660.00,NULL,'2025-03-22',NULL,NULL,1),(1112,0,1060,2,'Courier charges paid for Mumbai Office\r\n',40.00,1620.00,NULL,'2025-03-22',NULL,NULL,1),(1113,0,1061,2,'Tempo charges paid for ,collected from V Trans against L.R.no.4022006887 & 4022511616 * 20.03.2025 from Aslali\r\n ',300.00,10131.00,NULL,'2025-03-24',NULL,NULL,1),(1114,0,1062,2,'Freight service charges paid to V Trans  for 2 nos.\r\nC R. no. 242410276079 * 24.03.25\r\n',238.00,9893.00,NULL,'2025-03-24',NULL,NULL,1),(1115,0,1063,2,'Loading & unloading for 45PF4 Flg - 1 no. bkg at ACPL A/c PIDILITE',400.00,9493.00,NULL,'2025-03-24',NULL,NULL,1),(1116,0,1064,2,'Tempo charges paid for ACPL A/c Pidilite bill no. 1751 * 24.03.2025\r\n',300.00,9193.00,NULL,'2025-03-24',NULL,NULL,1),(1117,0,1065,2,'Delivery by Special tempo to Taloja A/c Hikal bill no. 1755 * 24.03.2025\r\n',2200.00,6993.00,NULL,'2025-03-24',NULL,NULL,1),(1118,0,1066,2,'Delivery charges bt Auto A/c Cosmic \r\nbill no. 1749 * 24.03.2025\r\n',200.00,6793.00,NULL,'2025-03-24',NULL,NULL,1),(1119,0,1067,2,'Travelling Expense paid to Mr. Pravin for the day\r\n',120.00,6673.00,NULL,'2025-03-24',NULL,NULL,1),(1120,0,1068,2,'Tempo charges paid for Yashwant Transport A/c Chudekar  bill no. 1758 * 25.03.2025\r\n',150.00,6523.00,NULL,'2025-03-25',NULL,NULL,1),(1121,0,1069,2,'Freight Paid to Yashwant Transport \r\nL.r. No.  5564 * 25.03.2025\r\n',300.00,6223.00,NULL,'2025-03-25',NULL,NULL,1),(1122,0,1070,2,'Travelling expense [paid to Mr. Pravin for the day\r\n',120.00,6103.00,NULL,'2025-03-25',NULL,NULL,1),(1123,0,1071,2,'Travelling expense paid to Mr.Pravin for the day\r\n',120.00,5983.00,NULL,'2025-03-26',NULL,NULL,1),(1124,0,1072,2,'Tempo charges paid for ,collected from CGL Bhiwandi & bked to BES\r\nFor 4 Nos.(sent for inspection purpose)\r\n',400.00,5583.00,NULL,'2025-03-27',NULL,NULL,1),(1125,0,1073,2,'Unloading charges paid at v trans for 4 nos.',200.00,5383.00,NULL,'2025-03-27',NULL,NULL,1),(1126,0,1074,2,'Tempo charges paid for , collected from Kandpile transport & Bked to New Gaqjanan  + V Trans A/c Techno process bill no. 1766 & 1761 * 27.03.2025\r\n ',300.00,5083.00,NULL,'2025-03-27',NULL,NULL,1),(1127,0,1075,2,'Freight paid kandpile transport ,for 2 nos. - 0.37EF6 From JSB \r\nL/R No, 12630 * 25.03.2025\r\n',300.00,4783.00,NULL,'2025-03-27',NULL,NULL,1),(1128,0,1076,2,'Freight paid to New Gajanan transport for 2 nos. A/c Vayuvents L.R.no. 514 dtd. 27.03.2025\r\n',200.00,4583.00,NULL,'2025-03-27',NULL,NULL,1),(1129,0,1077,2,'delivery charges paid by special tempo \r\nA/c Baba Electricals bill 1769 * 27.03.2025 for 3 nos. Alternators\r\n',2000.00,2583.00,NULL,'2025-03-27',NULL,NULL,1),(1130,0,1078,2,'Travelling expense paid to Mr. Pravin \r\nfor the day\r\n',120.00,2463.00,NULL,'2025-03-27',NULL,NULL,1),(1131,0,1079,2,'Travelling expense paid to Mr. Pravin for the day\r\n',120.00,2343.00,NULL,'2025-03-28',NULL,NULL,1),(1132,0,1080,2,'Tempo charges paid for V Trans & Aditya Transport A/c BES & Chotiwala \r\nbill no. 1778 & 1777 * 29.03.2025\r\n',300.00,2043.00,NULL,'2025-03-29',NULL,NULL,1),(1133,0,1081,2,'Freight paid to Aditya transport A/c Chotiwala  L.R.no. 7990 * 29.03.2025\r\n',300.00,1743.00,NULL,'2025-03-29',NULL,NULL,1),(1134,0,1082,2,'Courier charges paid for Mumbai Office\r\n',40.00,1703.00,NULL,'2025-03-29',NULL,NULL,1),(1135,0,1083,2,'Travelling Expense  paid to Mr. Pravin for the day',120.00,1583.00,NULL,'2025-03-29',NULL,NULL,1),(1136,0,1084,2,'Travelling Expense Paid to Mr. Pravin For the day\r\n',120.00,1463.00,NULL,'2025-03-31',NULL,NULL,1),(1137,53,0,1,'UBI mum',8412.00,9875.00,NULL,'2025-04-01',NULL,NULL,1),(1138,0,1085,2,'Delivery Charges by Auto to  N.G. Transport & Kalayatan  A/c National Hydraulics & BES For S.R.Metering\r\nbill no. G/3070 & 004 * 01.04.2025\r\n',200.00,9675.00,NULL,'2025-04-01',NULL,NULL,1),(1139,0,1086,2,'Travelling Expense paid to Mr. Pravin\r\nfor the day\r\n ',120.00,9555.00,NULL,'2025-04-01',NULL,NULL,1),(1140,0,1087,2,'Tempo charges paid for Lalji Mulji \r\nA/c  BES For  Reliance  \r\nBill No. 013 * 02.4.2025\r\n\r\n',400.00,9155.00,NULL,'2025-04-02',NULL,NULL,1),(1141,0,1088,2,'Amt paid for Hardware Material \r\nPacking Purpose\r\n',25.00,9130.00,NULL,'2025-04-02',NULL,NULL,1),(1142,0,1089,2,'Travelling Expense paid to Mr. Pravin \r\nFor the day\r\n',120.00,9010.00,NULL,'2025-04-02',NULL,NULL,1),(1143,0,1090,2,'Tempo charges paid for , Collected \r\nfrom V Trans for 5 Nos. & 3 nos. Bked to New Gajanan A/c Vayuvents & Bal 2 nos. to Godown  Bill no. 014 * 03.04.2025\r\n',400.00,8610.00,NULL,'2025-04-03',NULL,NULL,1),(1144,0,1091,2,'Freight service charges p[aid to V Trans for  5 nos. \r\nL.R.No. 4022512831 & CR No. 242410288587 * 03.04.2025\r\n',123.00,8487.00,NULL,'2025-04-03',NULL,NULL,1),(1145,0,1092,2,'Freight paid to New Gajanan transport \r\nL:.R.no. 636 * 03.04.2025\r\n',300.00,8187.00,NULL,'2025-04-03',NULL,NULL,1),(1146,0,1093,2,'Travelling Expense paid to  Mr. Pravin \r\nfor the day\r\n',120.00,8067.00,NULL,'2025-04-03',NULL,NULL,1),(1147,0,1094,2,'Tempo charges paid for Shivbhakti Transport A/c Chudekar \r\nBill no. 026 dtd. 04.04.2025\r\n',200.00,7867.00,NULL,'2025-04-04',NULL,NULL,1),(1148,0,1095,2,'Freight paid to Shivbhakti  A/c Chudekar  L.R. No. 9016 * 04.4.2026\r\n',200.00,7667.00,NULL,'2025-04-04',NULL,NULL,1),(1149,0,1096,2,'Travelling Expense paid to Mr. Pravin\r\nfor the day\r\n',120.00,7547.00,NULL,'2025-04-04',NULL,NULL,1),(1150,0,1097,2,'Tempo charges paid for Kalayatan cargo  A/c Raj Enterprise bill no. 028 * 05.04.2025\r\n',200.00,7347.00,NULL,'2025-04-05',NULL,NULL,1),(1151,0,1098,2,'Drinking water charges paid to Tanvi water Suppliers at godown @35  x 13 Batla\r\n',455.00,6892.00,NULL,'2025-04-05',NULL,NULL,1),(1152,0,1099,2,'Travelling expense paid to Mr.Patil for month - March 2025 \r\n(@ 120/-  x  25 days)',3000.00,3892.00,NULL,'2025-04-05',NULL,NULL,1),(1153,0,1100,2,'Travelling expense paid to Mr. Pravin for the day \r\n',120.00,3772.00,NULL,'2025-04-05',NULL,NULL,1),(1154,0,1101,2,'Courier charges paid for Mumbai office\r\n',40.00,3732.00,NULL,'2025-04-05',NULL,NULL,1),(1155,0,1102,2,'Tempo charges paid for , collected from V Trans to Godown for 1 no.\r\nlL.R.no. 4022510803 * 11.03.2025\r\n',250.00,1541.00,NULL,'2025-03-13',NULL,NULL,1),(1156,0,1103,2,'Freight service charges paid to  VTrans  CR No. 242410265029 * 13.03.2025 ',106.00,2311.00,NULL,'2025-03-12',NULL,NULL,1),(1157,54,0,1,'mumUBI',8219.00,10555.00,NULL,'2025-04-09',NULL,NULL,1),(1158,55,0,1,'ubimum',8110.00,12128.00,NULL,'2025-04-15',NULL,NULL,1),(1159,0,1104,2,'Delivery charges paid for ,collected from VTrans to Godown L.R. no. 4022513017 * 02.04.25',150.00,3582.00,NULL,'2025-04-07',NULL,NULL,1),(1160,0,1105,2,'Freight service paid to V trans for 1 nos.\r\nCR no. 242410292539 * 07.04.25\r\n',106.00,3476.00,NULL,'2025-04-07',NULL,NULL,1),(1161,0,1106,2,'Travelling expense paid to Mr. Pravin \r\nfor the day\r\n',120.00,3356.00,NULL,'2025-04-07',NULL,NULL,1),(1162,0,1107,2,'Tempo charges paid for , collected from Hemant  trading & booked to New Gajanan transport for 7 nos.\r\nA/c Vayuvents bill no. 35 * 08.04.25',200.00,3156.00,NULL,'2025-04-08',NULL,NULL,1),(1163,0,1108,2,'Freight paid to Gajanan transport for 7 nos.\r\nA/c Vayunvent L.R.no. 772 * 08.04.25\r\n\r\n\r\n ',700.00,2456.00,NULL,'2025-04-08',NULL,NULL,1),(1164,0,1109,2,'Travelling Expense paid To mr. Pravin For the day\r\n',120.00,2336.00,NULL,'2025-04-08',NULL,NULL,1),(1165,0,1110,2,'Tempo charges paid for , Collected from Hanuman Power To Godown\r\n',300.00,10255.00,NULL,'2025-04-09',NULL,NULL,1),(1166,0,1111,2,'Tempo Charges paid for Aditya Transport  a/C Chotiwala ,bill no. 042 * 09.04.25\r\n\r\n',200.00,10055.00,NULL,'2025-04-09',NULL,NULL,1),(1167,0,1112,2,'Tempo Charges paid for Arco Transport \r\nA/c Star Fire bill no. 041 * 09.04.25\r\n\r\n',400.00,9655.00,NULL,'2025-04-09',NULL,NULL,1),(1168,0,1113,2,'Loading & Unloading Charges At Arco Transport\r\n',200.00,9455.00,NULL,'2025-04-09',NULL,NULL,1),(1169,0,1114,2,'Amt Paid for Purchase Hardware Material for Packing purpose\r\n ',30.00,9425.00,NULL,'2025-04-09',NULL,NULL,1),(1170,0,1115,2,'Travelling Expense paid to Mr. Pravin for the day\r\n',120.00,9305.00,NULL,'2025-04-09',NULL,NULL,1),(1171,0,1116,2,'Freight paid to Aditya Transport \r\nL.R.no. 9482 * 09.04.25\r\n\r\n',450.00,8855.00,NULL,'2025-04-09',NULL,NULL,1),(1172,0,1117,2,'Tempo charges paid for Prabhat Roadways A/c Bakul  bill no. 043 * 10.04.25\r\n',200.00,8655.00,NULL,'2025-04-10',NULL,NULL,1),(1173,0,1118,2,'Freight paid to Paid prabhat Roadways\r\nL.R.no. BH/1094 * 10.04.25\r\n',200.00,8455.00,NULL,'2025-04-10',NULL,NULL,1),(1174,0,1119,2,'travelling Expense paid to Mr. Pravin for the day',120.00,8335.00,NULL,'2025-04-10',NULL,NULL,1),(1175,0,1120,2,'Tempo charges paid for , collected from V ytans  to Godown L.R.no. 4022513109 * 03.04.25',400.00,7935.00,NULL,'2025-04-11',NULL,NULL,1),(1176,0,1121,2,'Freight service charges p[aid to V trans for 4 nos.\r\nL.R.no. 402251310 & CR NO. 242410297039 * 10.04.25\r\n',257.00,7678.00,NULL,'2025-04-11',NULL,NULL,1),(1177,0,1122,2,'Tempo charges paid for Bhiwandi Tarapur  & Shivbhakti transport A/c \r\nA/c Chudekar  &  Hindustan sales\r\nbill no. 050 & 51 * 11.04.25\r\n\r\n',300.00,7378.00,NULL,'2025-04-11',NULL,NULL,1),(1178,0,1123,2,'Freight paid to Shivbhakti transport \r\nA/C Chudekar L.R.no. 9847 * 11.04.25\r\n\r\n',350.00,7028.00,NULL,'2025-04-11',NULL,NULL,1),(1179,0,1124,2,'Travelling expense paid to Mr. Pravin for the day',120.00,6908.00,NULL,'2025-04-11',NULL,NULL,1),(1180,0,1125,2,'Travelling expense as advance paid to Mr. Patil for month-April 2025\r\n',1000.00,5908.00,NULL,'2025-04-12',NULL,NULL,1),(1181,0,1126,2,'Courier charges paid for Mumbai office',40.00,5868.00,NULL,'2025-04-12',NULL,NULL,1),(1182,0,1127,2,'Travelling expense paid to Mr. pravin for the day\r\n',120.00,5748.00,NULL,'2025-04-12',NULL,NULL,1),(1183,0,1128,2,'Tempo chares paid for , collected from  Namdwana  Transport & booked  Janhavi Transport   A/c Riva Techno  bill no. 054 * 14.04.2025\r\n',400.00,5348.00,NULL,'2025-04-14',NULL,NULL,1),(1184,0,1129,2,'Tempo charges paid for ,collected from Hermant  tradi g & booked to v \r\nTrans f\r\nA/c Neo Machine  bill no. 057 * 14.04.25\r\n\r\n',300.00,5048.00,NULL,'2025-04-14',NULL,NULL,1),(1185,0,1130,2,'Freight paid to Shree Nandwana for 4 nos from Dhruv Agencies L.R.no. 1584929 * 10.04.25\r\n\r\n',910.00,4138.00,NULL,'2025-04-14',NULL,NULL,1),(1186,0,1131,2,'Travelling Expense paid to Mr.Pravin  for the day\r\n',120.00,4018.00,NULL,'2025-04-14',NULL,NULL,1),(1187,0,1132,2,'Tempo charges paid for Yashwant transport A/c Chudekar & Baba Electricals bill no. 064 & 065 * 15.04.25\r\n',200.00,11928.00,NULL,'2025-04-15',NULL,NULL,1),(1188,0,1133,2,'freight paid to Yashwant Transport A/c BABA Electricals L.R.no. 2049 * 15.04.25',1200.00,10728.00,NULL,'2025-04-15',NULL,NULL,1),(1189,0,1134,2,'freight paid to Yashwant Transport \r\nA/c  Chudekar  L.R.no. 2048 * 15.04.2025\r\n',300.00,10428.00,NULL,'2025-04-15',NULL,NULL,1),(1190,0,1135,2,'Labour Charges paid for Loading At Yogeshwqar foe BES ahmedabad\r\n ',3500.00,6928.00,NULL,'2025-04-15',NULL,NULL,1),(1191,0,1136,2,'Travelling Expense paid to Mr. Pravin \r\nfor the day\r\n',120.00,6808.00,NULL,'2025-04-15',NULL,NULL,1),(1192,0,1137,2,'Delivery charges paid by Auto From \r\nHanuman To ACPL bill no. 067 * 16.04.25 A/c Noble Procetech\r\n\r\n',200.00,6608.00,NULL,'2025-04-16',NULL,NULL,1),(1193,0,1138,2,'Tempo charges paid for VRL  , Hemant to Anaya Transport A/c Intech Polymer\r\nbill no. 072 * 16.04.2025 & Road Equipment bill no. 071 * 16.04.25\r\n\r\n',300.00,6308.00,NULL,'2025-04-16',NULL,NULL,1),(1194,0,1139,2,'Travelling Expense paid to Mr. Pravin For the day\r\n',120.00,6188.00,NULL,'2025-04-16',NULL,NULL,1),(1195,0,1140,2,'Tempo charges paid for , Collected from Hemant Trading To Godown\r\n',200.00,5988.00,NULL,'2025-04-17',NULL,NULL,1),(1196,0,1141,2,'Tempo charges paid for ,Colllected fro Hanuman Power',300.00,5688.00,NULL,'2025-04-17',NULL,NULL,1),(1197,0,1142,2,'Freight Paid to New Gajanan Transpor\r\nL.R.no. 962 * 17.04.2025 for 6 nos.A/c Vayuvents\r\n',600.00,5088.00,NULL,'2025-04-17',NULL,NULL,1),(1198,0,1143,2,'Tempo chargers paid for New Gajanan Transport A/c Vayuvents . bill no. 077 * 17.04.2025\r\n',200.00,4888.00,NULL,'2025-04-17',NULL,NULL,1),(1199,0,1144,2,'Tempo charges paid for aditya  Transport ',200.00,4688.00,NULL,'2025-04-18',NULL,NULL,1),(1200,0,1145,2,'Freight paid to Aditya Transport \r\nA/c Chotiwala ,L.R. no. 9965 * 18.04.2025\r\n\r\n',300.00,4388.00,NULL,'2025-04-18',NULL,NULL,1),(1201,0,1146,2,'Tempo charges  paid for Vtrans \r\nA/c BES , Bill no. 0083 * 18.04.25\r\n',300.00,4088.00,NULL,'2025-04-18',NULL,NULL,1),(1202,0,1147,2,'Tempo charges paid for ,collected from V Trans To Godown , L.R.no. 4022514420 * 16.04.2025 for 2 nos from aslali',350.00,3738.00,NULL,'2025-04-19',NULL,NULL,1),(1203,0,1148,2,'Freight service charges paid to V Trans  C R.no. 242410306947 *  19.04.2025\r\n',107.00,3631.00,NULL,'2025-04-19',NULL,NULL,1),(1204,0,1149,2,'Tempo charges paid for , collected from  Hemant trtading to Godown',200.00,3431.00,NULL,'2025-04-19',NULL,NULL,1),(1205,0,1150,2,'Freight paid to Janhavi transport for mumbai office\r\n0.75kne4 - 1\r\nL.R. no. 80068 * 19.04.2025\r\n',150.00,3281.00,NULL,'2025-04-19',NULL,NULL,1),(1206,56,0,1,'ubi mum ',7556.00,7897.00,NULL,'2025-04-24',NULL,NULL,1),(1207,57,0,1,'ubi ',8996.00,12941.00,NULL,'2025-05-02',NULL,NULL,1),(1208,0,1151,2,'Tempo charges paid for Yashwant Transport A/c Ganesh Transline\r\nBill no. 093 * 21.04.2025\r\n',200.00,3081.00,NULL,'2025-04-21',NULL,NULL,1),(1209,0,1152,2,'Freight Paid To Yashwant Transport \r\nA/c ganesh Transline To mahalaxmi Generators\r\nL.R. No. 6077 * 21.04.2025\r\n',600.00,2481.00,NULL,'2025-04-21',NULL,NULL,1),(1210,0,1153,2,'Tempo charges paid  For Premganga Transport A/c Hindustan Sales \r\nbill no. 096 * 21.04.2025\r\n',150.00,2331.00,NULL,'2025-04-21',NULL,NULL,1),(1211,0,1154,2,'Tempo charges paid for Yashwant  Transport A/c Shreehari Logistics \r\nBill no. 105 * 22.04.2025\r\n',200.00,2131.00,NULL,'2025-04-22',NULL,NULL,1),(1212,0,1155,2,'Freight paid To  Yashwant Transport\r\nA/c Shreehari Logistics For Mahalaxmi Generators\r\nL.R.No. 6095 * 22.04.2025\r\n ',1200.00,931.00,NULL,'2025-04-22',NULL,NULL,1),(1213,0,1156,2,'Tempo charges Paid for , Collected From Hemant & Booked to N.G.Transport  A/c National Hydraulics  +  Arunah Transport A/c K.P. Engineering  Bill no. 98  & 101 * 22.04.25  ',350.00,581.00,NULL,'2025-04-22',NULL,NULL,1),(1214,0,1157,2,'Travelling Expense Paid to Mr. Pravin\r\nfor the day\r\n',120.00,461.00,NULL,'2025-04-22',NULL,NULL,1),(1215,0,1158,2,'Travelling Expense paid to Mr. Pravin For The day\r\n',120.00,341.00,NULL,'2025-04-23',NULL,NULL,1),(1216,0,1159,2,'Travelling Expense paid to Mr. Pravin For the day\r\n',120.00,7777.00,NULL,'2025-04-24',NULL,NULL,1),(1217,0,1160,2,'Tempo charges paid for ,From Godown To Hemant , collected from Hemant Trading  & Booked to \r\nNew Gajanan Transport & Yashwant Transport A/c Vayuvents & Chudekar\r\nBill no./ 122 & 123  * 25.04.2025\r\n',300.00,7477.00,NULL,'2025-04-25',NULL,NULL,1),(1218,0,1161,2,'Freight paid to New Gajanan Transport\r\na/c Vayuvents  for 5 Nos.\r\nL.R.No. 1100 * 25.04.2025\r\n ',500.00,6977.00,NULL,'2025-04-25',NULL,NULL,1),(1219,0,1162,2,'Freight paid to Yashwant Transport \r\nA/c Chudekar For 1 No.\r\nL.R.No. 6165 * 25.04.2025\r\n',150.00,6827.00,NULL,'2025-04-25',NULL,NULL,1),(1220,0,1163,2,'Travelling Expense Paid to Mr. Pravin For the day',120.00,6707.00,NULL,'2025-04-25',NULL,NULL,1),(1221,0,1164,2,'Tempo Charges paid for , Collected from  S.S.Engg  To  N.G. transport a/c BKWT & Vtrans To Godown\r\nBill no. 128 * 26.04.2025\r\n',500.00,6207.00,NULL,'2025-04-26',NULL,NULL,1),(1222,0,1165,2,'Freight Service charges paid to VTrans \r\nFrom Aslali , L.R.No. 4022515190  & CR No. 242410314198 * 26.04.2025\r\n ',132.00,6075.00,NULL,'2025-04-26',NULL,NULL,1),(1223,0,1166,2,'Travelling expense paid to Mr. pravin for the day',120.00,5955.00,NULL,'2025-04-26',NULL,NULL,1),(1224,0,1167,2,'Tempo charges paid for Yashwant Transport a/c Chudekar Agro Bill no. 138 * 28.04.2025\r\n',200.00,5755.00,NULL,'2025-04-28',NULL,NULL,1),(1225,0,1168,2,'Freight paid To Yashwant Transport A/c Chudekar  L.R.No. 6204 * 28.04.2025\r\n',250.00,5505.00,NULL,'2025-04-28',NULL,NULL,1),(1226,0,1169,2,'Travelling Expense paid to Mr. Pravin For the day',120.00,5385.00,NULL,'2025-04-28',NULL,NULL,1),(1227,0,1170,2,'Tempo charges paid for Janhavi Transport A/c Tellus Bill no. 139 *\r\n29.04.2025\r\n',200.00,5185.00,NULL,'2025-04-29',NULL,NULL,1),(1228,0,1171,2,'Freight paid to Janhavi Transport A/c tellus For RBS Air  L.R.No. 86602 * 29.04.2025\r\n',800.00,4385.00,NULL,'2025-04-29',NULL,NULL,1),(1229,0,1172,2,'Travelling expense paid to Mr. Pravin for the day',120.00,4265.00,NULL,'2025-04-29',NULL,NULL,1),(1230,0,1173,2,'Travelling expense paid to Mr. Pravin For the day',120.00,4145.00,NULL,'2025-04-30',NULL,NULL,1),(1231,0,1174,2,'Loading Charges paid at Yogeshwar for 1 no.45KP2 flg\r\n ',200.00,3945.00,NULL,'2025-04-30',NULL,NULL,1),(1232,0,1175,2,'Tempo charges paid for \r\n1) collected from  V Trans  +  Shree Nandwana  & booked to J.D Transport A/c Sealent ,GHasket\r\nbill no.142 * 30.04.25\r\n2) collected from Hemant trading to Yogeshwar A/c Mark engg',700.00,12241.00,NULL,'2025-05-02',NULL,NULL,1),(1233,0,1176,2,'Freight service charges paid to V Trans against L.R. 402215600 & CR No. 242410320557 * 02.05.2025',145.00,12096.00,NULL,'2025-05-02',NULL,NULL,1),(1234,0,1177,2,'Freight service charges paid to V Trans against L.R. 4022515737 & CR No. 242410320549 * 02.05.2025\r\n',123.00,11973.00,NULL,'2025-05-02',NULL,NULL,1),(1235,0,1178,2,'Freight charges paid to shree Nandwana against L.R. 1585679 49 * 29.04.2025 From Dhruv , vapi\r\n',270.00,11703.00,NULL,'2025-05-02',NULL,NULL,1),(1236,0,1179,2,'Tempo charges paid for Transfer from  J.D.Transport  to Prabhat & Aditya transport A/c Sealent gasket ',250.00,11453.00,NULL,'2025-05-02',NULL,NULL,1),(1237,0,1180,2,'Freight paid to Prabhat Roadways \r\nA/c Sealant , L.R. no. 3823 * 02.05.2025\r\n',1300.00,10153.00,NULL,'2025-05-02',NULL,NULL,1),(1238,0,1181,2,'Freight paid to Aditya Transport\r\nA/c Chotiwala , L.R. no. 35550 * 02.05.2025\r\n\r\n',300.00,9853.00,NULL,'2025-05-02',NULL,NULL,1),(1239,0,1182,2,'Tempo charges paid for Aditya Transport A/c Chotiwala bill no. 151 * 02.05.2025\r\n',200.00,9653.00,NULL,'2025-05-02',NULL,NULL,1),(1240,0,1183,2,'Drinking Water charges for godown \r\nmonth - April 25\r\n@ Rs.35 x 18 Batla\r\n(copy attached)\r\n',630.00,9023.00,NULL,'2025-05-02',NULL,NULL,1),(1241,0,1184,2,'Travelling Expense paid to Mr. Pravin \r\nfor the day\r\n',120.00,8903.00,NULL,'2025-05-02',NULL,NULL,1),(1242,0,1185,2,'Delivery charges by Auto,\r\ncollected from V Trans to Godown\r\nL.R.no. 4022009257 * 29.04.2025\r\nfor 2 nos.HGN100 Punp\r\n',150.00,8753.00,NULL,'2025-05-03',NULL,NULL,1),(1243,0,1186,2,'Freight service charges paid to V Trans for for 2 nos.HGN 100\r\nCR Not issued\r\n',106.00,8647.00,NULL,'2025-05-03',NULL,NULL,1),(1244,0,1187,2,'Freight paid to Janhavi transport \r\nA/c K.B.Machineries for Doulton \r\nL.R.no. 88984 * 03.05.2025\r\n',100.00,8547.00,NULL,'2025-05-03',NULL,NULL,1),(1245,0,1188,2,'Tempo charges paid for , collected from Hanuman Power to Godown\r\nA/c Chotowala\r\n',300.00,8247.00,NULL,'2025-05-03',NULL,NULL,1),(1246,0,1189,2,'Tempo charges paid for , collected from Hemant trading to Godown \r\nA/c  Chotiwala\r\n',200.00,8047.00,NULL,'2025-05-03',NULL,NULL,1),(1247,0,1190,2,'Bal Amt .of Travelling Expense  paid to Mr.Patil for Month - April 25\r\nRs.120/- X 26 days - 3120/-\r\n(1000/- already paid)',2120.00,5927.00,NULL,'2025-05-03',NULL,NULL,1),(1248,0,1191,2,'Courier charges for Mumbai Office',40.00,5887.00,NULL,'2025-05-03',NULL,NULL,1),(1249,0,1192,2,'Unloading charges By Forklift at Yogeshwar For 1 No. 315FLp',700.00,5187.00,NULL,'2025-05-05',NULL,NULL,1),(1250,0,1193,2,'Travelling Expense paid to Mr. Pravin \r\nfor the day\r\n',120.00,5067.00,NULL,'2025-05-06',NULL,NULL,1),(1251,0,1194,2,'Travelling Expense paid to Mr. Pravin for the day',120.00,4947.00,NULL,'2025-05-07',NULL,NULL,1),(1252,0,1195,2,'Tempo charges paid for  Yasahwant Transport A/c M.K. Diesel Bill no. 173 * 08.05.2025',200.00,4747.00,NULL,'2025-05-08',NULL,NULL,1),(1253,0,1196,2,'Freight Paid to Yashwant Transport A/c M,K,Diesel For Waris Generators \r\nL.R.No. (Details Pending )',600.00,4147.00,NULL,'2025-05-08',NULL,NULL,1),(1254,0,1197,2,'Travelling Expense Paid to Mr. Pravin  for the day\r\n',120.00,4027.00,NULL,'2025-05-08',NULL,NULL,1),(1255,0,1198,2,'Travelling Expense paid to Mr. Pravin \r\nfor the day\r\n ',120.00,3907.00,NULL,'2025-05-09',NULL,NULL,1),(1256,0,1199,2,'Travelling Expense paid to Mr. Pravin for the day',120.00,3787.00,NULL,'2025-05-10',NULL,NULL,1),(1257,0,1200,2,'Tempo Charges paid for , Collected from Shree Nandwana Transport  & Booked to Bhiwandi Tarapur \r\n(Details Pending)\r\n ',400.00,3387.00,NULL,'2025-05-12',NULL,NULL,1),(1258,0,1201,2,'Freight Paid To Shree Nandwana Transport  for 1 No.\r\n(Details Pending )\r\n',270.00,3117.00,NULL,'2025-05-12',NULL,NULL,1),(1259,0,1202,2,'Travelling Expense Paid to Mr.Pravin For the day\r\n',120.00,2997.00,NULL,'2025-05-12',NULL,NULL,1),(1260,0,1203,2,'Tempo charges paid for V Trans\r\n(Details Pending)\r\n',200.00,2797.00,NULL,'2025-05-13',NULL,NULL,1),(1261,0,1204,2,'Tempo charges paid for , collected from Hemant Trading & Booked to Aditya Transport  \r\n(details pending)\r\n',200.00,2597.00,NULL,'2025-05-13',NULL,NULL,1),(1262,0,1205,2,'Tempo charges paid for Aditya Transport & Janhavi transport \r\n(Details pending )',300.00,2297.00,NULL,'2025-05-13',NULL,NULL,1),(1263,0,1206,2,'Freight Paid To Janhavi Transport \r\n(Details Pending)\r\n',800.00,1497.00,NULL,'2025-05-13',NULL,NULL,1),(1264,0,1207,2,'Travelling Expense paid to Mr. Pravin for the day',120.00,1377.00,NULL,'2025-05-13',NULL,NULL,1),(1265,0,1208,2,'Loading Charges  by Forklift for 1 no. Motor at yogeshwar\r\n',700.00,677.00,NULL,'2025-05-14',NULL,NULL,1),(1266,0,1209,2,'Amt Paid for Snacks & Tea at Godown',105.00,572.00,NULL,'2025-05-14',NULL,NULL,1),(1267,0,1210,2,'Travelling Expense paid to Mr. Pravin for the day\r\n',120.00,452.00,NULL,'2025-05-14',NULL,NULL,1),(1268,58,0,1,'ubi',6399.00,6851.00,NULL,'2025-05-15',NULL,NULL,1),(1269,59,0,1,'ubi',7890.00,10978.00,NULL,'2025-05-19',NULL,NULL,1),(1270,0,1211,2,'Tempo charges paid for , collected from V Trans  & booked to Janhavi Transport  Bal To Godown\r\nL.R.no. 4022517047 * 12.05.25\r\n               4022516924 * 10.05.25\r\n',400.00,6451.00,NULL,'2025-05-15',NULL,NULL,1),(1271,0,1212,2,'Freight service charges paid to Vtrans \r\nfor 1 no. CR no. 24241033284 * 15.05.2025\r\n',172.00,6279.00,NULL,'2025-05-15',NULL,NULL,1),(1272,0,1213,2,'Freight service charges paid to Vtrans \r\nfor 1 no. CR no. 24241033294 * 15.05.2025',132.00,6147.00,NULL,'2025-05-15',NULL,NULL,1),(1273,0,1214,2,'Freight paid to Janhavi transport \r\nA/c Shivkrupa Flour mill  L.R. no. 97603 * 15.05.2025\r\n',600.00,5547.00,NULL,'2025-05-15',NULL,NULL,1),(1274,0,1215,2,'Tempo charges paid for , Collected from Arvind Electricals for 1 no. BBL motor & booked to janhavi transport',150.00,5397.00,NULL,'2025-05-15',NULL,NULL,1),(1275,0,1216,2,'Travelling Expense Paid To Mr. Pravin For the day\r\n',120.00,5277.00,NULL,'2025-05-15',NULL,NULL,1),(1276,0,1217,2,'Travelling Expense paid to Mr. Pravin For the day',120.00,5157.00,NULL,'2025-05-16',NULL,NULL,1),(1277,0,1218,2,'Tempo charges paid for , Collected from V Trans & Booked to Janhavi Transport A/c Naik Brass\r\nL.R.No. 4022517120 * 13.05.2025',300.00,4857.00,NULL,'2025-05-17',NULL,NULL,1),(1278,0,1219,2,'Freight Service charges paid to  Vtrans\r\nFor 1 No. 11KE4\r\nCR No. 242410336671 * 17.05.2025',109.00,4748.00,NULL,'2025-05-17',NULL,NULL,1),(1279,0,1220,2,'Freight charges Paid to Janhavi Transport A/c Naik Brass l.R.No. 99245 * 17.05.2025\r\n',200.00,4548.00,NULL,'2025-05-17',NULL,NULL,1),(1280,0,1221,2,'Amt Paid for E mal; Copy Charges For Period 13.05 To 17.05',300.00,4248.00,NULL,'2025-05-17',NULL,NULL,1),(1281,0,1222,2,'Travelling Expense as Advance Paid to\r\nMr.Patil ',1000.00,3248.00,NULL,'2025-05-17',NULL,NULL,1),(1282,0,1223,2,'Courier charges paid for Mumbai Office',40.00,3208.00,NULL,'2025-05-17',NULL,NULL,1),(1283,0,1224,2,'Travelling Expense paid to Mr. Pravin for the day\r\n',120.00,3088.00,NULL,'2025-05-17',NULL,NULL,1),(1284,0,1225,2,'Delivery by Special Tempo to Kalamboli A/c Sri Srivalli Transport\r\nfor 6 Nos. Alternators\r\nBill no. 0227 * 19.05.2025',3000.00,7978.00,NULL,'2025-05-19',NULL,NULL,1),(1285,0,1226,2,'Travelling Expense Paid To Mr. Pravin for the day\r\n',120.00,7858.00,NULL,'2025-05-19',NULL,NULL,1),(1286,0,1227,2,'Tempo charges paid for Aditya Transport A/c Chotiwala \r\nbill no. 231 * 21.05.25',200.00,7658.00,NULL,'2025-05-21',NULL,NULL,1),(1287,0,1228,2,'Freight paid to Aditya Transport A/c \r\nChotiwala L.R.no. 4398 * 21.05.2025',450.00,7208.00,NULL,'2025-05-21',NULL,NULL,1),(1288,0,1229,2,'Unloading charges by Forklift for\r\n 2 nos. from CGL  Thru. BGT\r\n',700.00,6508.00,NULL,'2025-05-21',NULL,NULL,1),(1289,0,1230,2,'Tempo charges paid for , Collected from Hiren  from 2 place  for 2 Pumps\r\nto Godown',400.00,6108.00,NULL,'2025-05-23',NULL,NULL,1),(1290,0,1231,2,'Tempo charges paid for Janhavi Transport A/c Yazad Engg\r\nBill no. 240 * 23.05.2025',100.00,6008.00,NULL,'2025-05-23',NULL,NULL,1),(1291,0,1232,2,'Tempo charges paid for Janhavi Transport  A/c IVidya Engineers\r\nBill no. 247 * 24.05.2025\r\n',150.00,5858.00,NULL,'2025-05-24',NULL,NULL,1),(1292,0,1233,2,'Freight Paid to janhavi Transport A/c Vidya Engineers to Byculla\r\nL.R.No. 4907 * 24.05.2025\r\n',300.00,5558.00,NULL,'2025-05-24',NULL,NULL,1),(1293,0,1234,2,'Tempo charges paid for Anaya Transport A/c Intech Pulveriser\r\nBill no. 245 * 24.05.2025\r\n',200.00,5358.00,NULL,'2025-05-24',NULL,NULL,1),(1294,0,1235,2,'Freight service charges paid to V trans \r\nAgainst L.R. no. 4022517863 * 20.05.25 & CR No. 242410345471 * 26.05.2025\r\n',240.00,5118.00,NULL,'2025-05-26',NULL,NULL,1),(1295,0,1236,2,'Freight paid to Janhavi transport A/c \r\nKalpana Electricals\r\n(details pending )',100.00,5018.00,NULL,'2025-05-26',NULL,NULL,1),(1296,0,1237,2,'Travelling Expense paid to Mr. Pravin \r\nfor the day\r\n',120.00,4898.00,NULL,'2025-05-26',NULL,NULL,1),(1297,0,1238,2,'Tempo charges paid for , collected from Hemant Trading  & bked to Janhavi  & Bhiwandi Tarapur\r\nA/c Hindustan sale , Kalpana Electeicals & Limra Engg',350.00,3248.00,NULL,'2025-05-27',NULL,NULL,1),(1298,0,1239,2,'Freight Paid To Janhavi Transport for 1 no. A/c Kalapna Electricals\r\n(details pending )',100.00,3148.00,NULL,'2025-05-27',NULL,NULL,1),(1299,0,1240,2,'Freight Paid To Janhavi Transport for 1 no. A/c Limra Engineering\r\n(details pending )',300.00,2848.00,NULL,'2025-05-27',NULL,NULL,1),(1300,0,1241,2,'Unloading Charges at Godown from CGL ,Thru. BGT for 26 Nos. Alternators\r\n',1300.00,3598.00,NULL,'2025-05-26',NULL,NULL,1),(1301,0,1242,2,'Travelling Expense [aid to Mr. Pravin For the Day\r\n',120.00,2728.00,NULL,'2025-05-27',NULL,NULL,1),(1302,0,1243,2,'Tempo Charges paid for , Collected from V Trans To Godown\r\nFor 5 nos. from BEs\r\n(Details Pending)\r\n',500.00,2228.00,NULL,'2025-05-28',NULL,NULL,1),(1303,0,1244,2,'Freight Service Charges paid to V trans for 2 nos. 37PF2 \r\nL.R.no. 402218212 & CR No. 242410347844 * 28.05.2025',347.00,1881.00,NULL,'2025-05-28',NULL,NULL,1),(1304,0,1245,2,'Freight Service Charges paid to V trans for 3 nos. \r\nL.R.no. 4022518030  & CR No. 242410347847 * 28.05.2025\r\n',118.00,1763.00,NULL,'2025-05-28',NULL,NULL,1),(1305,0,1246,2,'Loading & Unloading charges for 37EF2 - 2 nos.\r\n',300.00,1463.00,NULL,'2025-05-28',NULL,NULL,1),(1306,60,0,1,'mumUBI',9558.00,10751.00,NULL,'2025-05-30',NULL,NULL,1),(1307,0,1247,2,'Freight paid to janhavi Transport A/c RBS Air , Bill no. 273 * 29.05.2025\r\n(L.R .Pending)',150.00,1313.00,NULL,'2025-05-29',NULL,NULL,1),(1308,0,1248,2,'Travelling Expense paid to Mr. Pravin for the day\r\n',120.00,1193.00,NULL,'2025-05-29',NULL,NULL,1),(1309,0,1249,2,'Tempo charges paid for Kalayatan Cargo A/c BES For S.R.\r\nbill no. 280 * 31.05.2025',200.00,10551.00,NULL,'2025-05-31',NULL,NULL,1),(1310,0,1250,2,'Rickshaw fare to Hanuman power',20.00,10531.00,NULL,'2025-05-31',NULL,NULL,1),(1311,0,1251,2,'Tempo charges paid for ACPL  A/c Allweiller bill no. 0287 * 02.06.2025',200.00,10331.00,NULL,'2025-06-02',NULL,NULL,1),(1312,0,1252,2,'Freight paid To Shiv Bhakti  Transport A/c Chudekar  l.r. no, 4309 * 02.06.25',100.00,10231.00,NULL,'2025-06-02',NULL,NULL,1),(1313,0,1253,2,'Tempo charges paid for shivnhakti trans[port fro jayprakash\r\nbill no., 0289 * 02.06.2025',150.00,10081.00,NULL,'2025-06-02',NULL,NULL,1),(1314,0,1254,2,'Tempo charges paid for V trans  A/c BES , Bill no.295 * 03.06.2025\r\n',200.00,9881.00,NULL,'2025-06-03',NULL,NULL,1),(1315,0,1255,2,'Tempo charges paid for Aditya Transport From Jayprakash  A/c Chotiwala Bill no. 298 * 04.06.2025\r\n',400.00,9481.00,NULL,'2025-06-04',NULL,NULL,1),(1316,0,1256,2,'Freight paid to Aditya transport \r\nL.R. no. 9225 * 04.06.2025\r\n',300.00,9181.00,NULL,'2025-06-04',NULL,NULL,1),(1317,0,1257,2,'Unloading Charges at Yogeshwar for \r\n9 Nos. alternators from CGL ,Thru. BGT\r\n',450.00,8731.00,NULL,'2025-06-04',NULL,NULL,1),(1318,0,1258,2,'Tempo charges paid for . From Godown To Hemant & Booked to Aditya Transport  For 6 Nos. A/c Chotiwala Bill no. 307 * 06.06.2025\r\n',300.00,8431.00,NULL,'2025-06-06',NULL,NULL,1),(1319,0,1259,2,'Freight paid to Aditya Transport For    6 Nos. A/ c Chotiwala  L.r No. 9371 * 06.06.2025',900.00,7531.00,NULL,'2025-06-06',NULL,NULL,1),(1320,0,1260,2,'Temp charges paid Kalayatan  A/c BES ,For S.R. bill no. 308 * 06.06.2025\r\n',200.00,7331.00,NULL,'2025-06-06',NULL,NULL,1),(1321,0,1261,2,'Drinking water charges paid to Tanvi Water at Godown For Month - May - 25\r\n@35/-  x 12 Batla',420.00,6911.00,NULL,'2025-06-07',NULL,NULL,1),(1322,0,1262,2,'Balance Amt Of Travelling Expense paid to Mr. Patil  For Month of May - 25\r\nRs.120 x 23 days\r\nRs.30 x 3 days (for mumbai)',1850.00,5061.00,NULL,'2025-06-07',NULL,NULL,1),(1323,0,1263,2,'Courier charges for Mumbai Office\r\n',40.00,5021.00,NULL,'2025-06-07',NULL,NULL,1),(1324,0,1264,2,'Travelling Expense Paid to Mr. Pravin \r\nfor the day',120.00,4901.00,NULL,'2025-06-09',NULL,NULL,1),(1325,0,1265,2,'Travelling Expense Paid To Mr. Pravin  for the day\r\n',120.00,4781.00,NULL,'2025-06-10',NULL,NULL,1),(1326,0,1266,2,'Tempo charges Paid for  , Collected from ACPL & Vtrans \r\n(Details Pending)\r\n',500.00,4281.00,NULL,'2025-06-11',NULL,NULL,1),(1327,0,1267,2,'Freight Service charges paid to V Trans for 7 Nos. From General Electric , Ankleshwar\r\nL.R.No. 4052125710 * 07.06. & \r\nCRNo. 242410360401 * 07.06.2025\r\n\r\n\r\n',1495.00,2786.00,NULL,'2025-06-11',NULL,NULL,1),(1328,0,1268,2,'Travelling Expense paid  to Mr. Pravin For the Day',120.00,2666.00,NULL,'2025-06-11',NULL,NULL,1),(1329,0,1269,2,'Tempo charges paid for Yashwant Transport A/c C.K. Bhardwaj\r\nBill no. 325 * 12.06.2025\r\n',200.00,2466.00,NULL,'2025-06-12',NULL,NULL,1),(1330,0,1270,2,'Freight paid To Yashwant Transport  To United Engg  A/c C.K. Bhardwaj\r\nL.R.no. 8799  * 12.06.2025\r\n\r\n',600.00,1866.00,NULL,'2025-06-12',NULL,NULL,1),(1331,0,1271,2,'Tempo charges paid for Janhavi Transport A/c Rizwan Engg \r\nBill no. 0329 * 12.06.2025',150.00,1716.00,NULL,'2025-06-12',NULL,NULL,1),(1332,0,1272,2,'Loading charges 37PF2 - 2 nos.',200.00,1516.00,NULL,'2025-06-12',NULL,NULL,1),(1333,0,1273,2,'Travelling Expense Paid To Mr. Pravin \r\nfor the day',120.00,1396.00,NULL,'2025-06-12',NULL,NULL,1),(1334,0,1274,2,'Tempo charges paid for , collected from  ACPL & Vtrans\r\n',400.00,996.00,NULL,'2025-06-13',NULL,NULL,1),(1335,0,1275,2,'Freight Paid To V Trans For 1 no.\r\nfrom Prakash Electric , Ahmedabad\r\nL.R.no. 4023041865 * 09.06 & CR No. \r\n242410362355 * 09.06.2025\r\n',513.00,483.00,NULL,'2025-06-13',NULL,NULL,1),(1336,0,1276,2,'Tempo charges paid for ,\r\nCollected from V Trans & Delivered to Vashi Electricals\r\n',200.00,283.00,NULL,'2025-06-13',NULL,NULL,1),(1337,0,1277,2,'Travelling Expense paid to Mr. Pravin\r\nFor the day\r\n',120.00,163.00,NULL,'2025-06-13',NULL,NULL,1),(1338,61,0,1,'kishan paid',5000.00,3766.00,NULL,'2025-06-16',NULL,NULL,1),(1339,62,0,1,'ubi',8199.00,11965.00,NULL,'2025-06-16',NULL,NULL,1),(1340,0,1278,2,'Tempo Charges paid for , Collected from V trans To Yogeshwar Godown\r\nFrom BES, Ahmedabad For 31 nos.\r\nL.R.no. 4022012421 , 4022012353 & 4022012489 Dtd 11.06.2025\r\n',500.00,-337.00,NULL,'2025-06-14',NULL,NULL,1),(1341,0,1279,2,'Freight service charges paid to V trans\r\nfor 1 no. against l.r. 4022012471 & CT No, 242410367946 * 14.06.2025',106.00,-443.00,NULL,'2025-06-14',NULL,NULL,1),(1342,0,1280,2,'Freight  Service charges paid to Vtrans  for 23 nos against L.R.mo. 4022012353  & CR No. 242410367920 * 14.06.2025',459.00,-902.00,NULL,'2025-06-14',NULL,NULL,1),(1343,0,1281,2,'Freight  Service charges paid to Vtrans  for 7 nos against L.R.mo. 4022012489 & CR No. 242410367932 * 14.06.2025',172.00,-1074.00,NULL,'2025-06-14',NULL,NULL,1),(1344,0,1282,2,'Courier charges for Mumbai Office',40.00,-1114.00,NULL,'2025-06-14',NULL,NULL,1),(1345,0,1283,2,'Travelling expense paid to Mr. Pravin  for the day',120.00,-1234.00,NULL,'2025-06-14',NULL,NULL,1),(1346,63,0,1,'ubi mum',6699.00,8168.00,NULL,'2025-06-24',NULL,NULL,1),(1347,0,1284,2,'Tempo Charges paid for , Collected Motor Thru. Porter From Kalyan Comm. Corpn , bill no. 669 * 16.06\r\nA/c Target ',701.00,11264.00,NULL,'2025-06-16',NULL,NULL,1),(1348,0,1285,2,'Loading Charges by Forklift For 2 Nos.\r\nA/c Rajesh Machinery',700.00,10564.00,NULL,'2025-06-16',NULL,NULL,1),(1349,0,1286,2,'Delivery charges by special temoo thru. Porter A/c Target Hydrautech , Bill no. 347 * 16.06.2025',1315.00,9249.00,NULL,'2025-06-16',NULL,NULL,1),(1350,0,1287,2,'Travelling Expense Paid To Mr.Pravin For The Day\r\n',120.00,9129.00,NULL,'2025-06-16',NULL,NULL,1),(1351,0,1288,2,'Tempo charges paid for Janhavi Transport & N.G. Transport  a/c \r\nTellus  & BKWT Bill no. 0357 & 359 Dtd. 17.06.2025\r\n',300.00,8829.00,NULL,'2025-06-17',NULL,NULL,1),(1352,0,1289,2,'Freight Paid to Janhavi Transport  A/c Tellus . L.R.No. 27888 * 17.06.2025\r\n',400.00,8429.00,NULL,'2025-06-17',NULL,NULL,1),(1353,0,1290,2,'Travelling Expense paid to Mr. Pravin For the day\r\n',120.00,8309.00,NULL,'2025-06-17',NULL,NULL,1),(1354,0,1291,2,'Unloading Charges at Yogeshwar For 8 nos. Alternators from CGL Thru. BGT',400.00,7909.00,NULL,'2025-06-18',NULL,NULL,1),(1355,0,1292,2,'Travelling Expense paid to Mr. Pravin For The Day\r\n',120.00,7789.00,NULL,'2025-06-18',NULL,NULL,1),(1356,0,1293,2,'Tempo Charges paid For Yashwant Transport A/c Smith Road lines  bill no. 0368 * 19.06.2025\r\n ',200.00,7589.00,NULL,'2025-06-19',NULL,NULL,1),(1357,0,1294,2,'Freight Paid to Yashwant Transport for \r\n2 Nos. A/c Smith Roadlines  for Mahalaxmi generators\r\nL.R. No.8915 * 19.06.2055\r\n.',1200.00,6389.00,NULL,'2025-06-19',NULL,NULL,1),(1358,0,1295,2,'Freight paid to Janhavi Transport  to Fort Office A/c Amit Engg\r\n',300.00,6089.00,NULL,'2025-06-19',NULL,NULL,1),(1359,0,1296,2,'Travelling Expense Paid To Mr. Pravin For The day\r\n',120.00,5969.00,NULL,'2025-06-19',NULL,NULL,1),(1360,0,1297,2,'Tempo charges paid for , Collected from Hanuman Power  & Bked To ACPL (Bes a\'bad to Noble) & Bal to Godown',500.00,5469.00,NULL,'2025-06-20',NULL,NULL,1),(1361,0,1298,2,'Tempo cahrges paid for Bhadra Transport a/c Thorat Filtration\r\nBill no. 0363 * 20.06.2025',300.00,5169.00,NULL,'2025-06-20',NULL,NULL,1),(1362,0,1299,2,'Freight Paid To Bhadra Transport \r\nA/c Thorat Filtration  , L.R.No. 4542 * 20.06.2025\r\n',300.00,4869.00,NULL,'2025-06-20',NULL,NULL,1),(1363,0,1300,2,'Travelling Expense paid to Mr. Pravin for The Day\r\n',120.00,4749.00,NULL,'2025-06-20',NULL,NULL,1),(1364,0,1301,2,'Courier charges for Mumbai Office\r\n',40.00,4709.00,NULL,'2025-06-21',NULL,NULL,1),(1365,0,1302,2,'Travelling Expense Paid To Mr. Pravin For The Day',120.00,4589.00,NULL,'2025-06-21',NULL,NULL,1),(1366,0,1303,2,'Delivery charges by special Tempo \r\nTo Kalamboli ,Mahalaxmi generatorsa\r\nA/c Ganesh Transline For 5 Nos .Alternators Bill no. 0377 * 23.06.2025\r\n',2400.00,2189.00,NULL,'2025-06-23',NULL,NULL,1),(1367,0,1304,2,'Loading charges at Yogeshwar for\r\n 5 nos. Alternators',200.00,1989.00,NULL,'2025-06-23',NULL,NULL,1),(1368,0,1305,2,'Freight paid to Janhavi transport  for 1 no. A/c Trishna Hotel  For H.K.Engineering , bill no. 0385 & L.R.no. 35171 * 23.06.2025',150.00,1839.00,NULL,'2025-06-23',NULL,NULL,1),(1369,0,1306,2,'Freight Paid to Janhavi Transport For 1 no, A./c R.B.S. Air, Bill no. 379  & L.R. no. 35179 * 23.06.2025\r\n',100.00,1739.00,NULL,'2025-06-23',NULL,NULL,1),(1370,0,1307,2,'Tempo charges paid for ACPL  a/c Allweiller Bill no. 038 * 23.06.2025\r\n',150.00,1589.00,NULL,'2025-06-23',NULL,NULL,1),(1371,0,1308,2,'Travelling Expense paid To Mr. Pravin For The day',120.00,1469.00,NULL,'2025-06-23',NULL,NULL,1),(1372,0,1309,2,'Tempo charges paid for , Collected from kalyan Comm & Booked to Kalayatan A/c BES , Ahmedabad, for S.R., Nasik\r\n',500.00,7668.00,NULL,'2025-06-24',NULL,NULL,1),(1373,0,1310,2,'Travelling Expense paid To. Pravin For The Day',120.00,7548.00,NULL,'2025-06-24',NULL,NULL,1),(1374,0,1311,2,'Unloading Charges at Yogeshwar For 28 Nos. from CGL thru. BGT',560.00,6988.00,NULL,'2025-06-25',NULL,NULL,1),(1375,0,1312,2,'Travelling Expense Paid To Mr. Pravin for the day',120.00,6868.00,NULL,'2025-06-25',NULL,NULL,1),(1376,0,1313,2,'Tempo charges paid for Shivbhakti Transport  A/c Chudekar \r\nBill no. 041 * 26.06.2025\r\n',150.00,6718.00,NULL,'2025-06-26',NULL,NULL,1),(1377,0,1314,2,'Freight paid to Shiv Bhakti Transport \r\nL.No. (Details Pending )\r\n',100.00,6618.00,NULL,'2025-06-26',NULL,NULL,1),(1378,0,1315,2,'Loading Charges at Yogeshwar for\r\n 23 Nos. A/c BES ,collected by v Trans Bill no. 0403 Dtd. 26.06.2025\r\n',460.00,6158.00,NULL,'2025-06-26',NULL,NULL,1),(1379,0,1316,2,'Loading Charges at Yogeshwar for \r\n7 Nos. alternators\r\n',350.00,5808.00,NULL,'2025-06-26',NULL,NULL,1),(1380,0,1317,2,'Travelling Expense paid to Mr. Pravin For the day\r\n',120.00,5688.00,NULL,'2025-06-26',NULL,NULL,1),(1381,0,1318,2,'Tempo charges paid for V Trans A/c \r\nBES ,Ahmedabad For  0.75PN4Flg\r\nRef Bill 0810 * 27.06.2025\r\n',200.00,5488.00,NULL,'2025-06-27',NULL,NULL,1),(1382,0,1319,2,'Travelling Expense Paid To Mr. Parvin \r\nfor the day\r\n',120.00,5368.00,NULL,'2025-06-27',NULL,NULL,1),(1383,0,1320,2,'Travelling Expense paid To Mr. Pravin For The day\r\n',120.00,5248.00,NULL,'2025-06-28',NULL,NULL,1),(1384,0,1321,2,'Travelling Expense Paid To Mr. Pravin For The day\r\n',120.00,5128.00,NULL,'2025-06-30',NULL,NULL,1),(1385,0,1322,2,'Tempo charges paid for V Trans A/c \r\nBES , Bill No. 0428 * 01.7.2025\r\n ',300.00,4828.00,NULL,'2025-07-01',NULL,NULL,1),(1386,0,1323,2,'Tempo charges paid for Bhavana Roadways A/c BES For Del pd\r\nBill no. G/89 * 01.07.2025',200.00,4628.00,NULL,'2025-07-01',NULL,NULL,1),(1387,0,1324,2,'Travelling Expense Paid to Mr. Pravin\r\nfor the day\r\n ',120.00,4508.00,NULL,'2025-07-01',NULL,NULL,1),(1388,0,1325,2,'Tempo charges paid for  Vtrans & Yashwant Transport  A/c  Chudekar  & BES  Bill no. 432 & 431 * 02.07.2025\r\n',300.00,4208.00,NULL,'2025-07-02',NULL,NULL,1),(1389,0,1326,2,'Freight Paid To Yashwant Transport A/c Chudekar L.R. No. 9175 * 02.07.2025',150.00,4058.00,NULL,'2025-07-02',NULL,NULL,1),(1390,0,1327,2,'Travelling Expense Paid To Mr. Pravin  For The Day \r\n',120.00,3938.00,NULL,'2025-07-02',NULL,NULL,1),(1391,0,1328,2,'Delivery Charges By Special Tempo \r\nTo Kalamboli A/c Sri Srivalli\r\nThru. Porter\r\n',1419.00,2519.00,NULL,'2025-07-03',NULL,NULL,1),(1392,0,1329,2,'Loading Charges for 4 Nos. Alternators at Godown ',200.00,2319.00,NULL,'2025-07-03',NULL,NULL,1),(1393,0,1330,2,'Travelling Expense Paid To Mr. Pravin For the day\r\n',120.00,2199.00,NULL,'2025-07-03',NULL,NULL,1),(1394,0,1331,2,'Unloading Charges at Yogeshwar for 147 Nos. from CGL ,Goa Thru.ACPL\r\n/ BGT',1200.00,999.00,NULL,'2025-07-04',NULL,NULL,1),(1395,0,1332,2,'Tempo chargers Paid For VTrans A/c BES  Bill No. 0438 * 04.07.2025\r\n',200.00,799.00,NULL,'2025-07-04',NULL,NULL,1),(1396,0,1333,2,'Freight Paid To Janhavi Transport A/c RBS Air  L.r. no. 43751 * 04.07.2025',100.00,699.00,NULL,'2025-07-04',NULL,NULL,1),(1397,0,1334,2,'Freight Paid To Janhavi Transport A/c shakti machine   L.r. no. 43752 * 04.07.2025',100.00,599.00,NULL,'2025-07-04',NULL,NULL,1),(1398,0,1335,2,'Travelling Expense Paid To Mr. Pravin For The day\r\n',120.00,479.00,NULL,'2025-07-04',NULL,NULL,1),(1399,0,1336,2,'Tempo charges paid For , Collected from V Trans & Booked To Janhavi Transport  A/c RBS',400.00,79.00,NULL,'2025-07-05',NULL,NULL,1),(1400,64,0,1,'ubimum',7288.00,3160.00,NULL,'2025-07-08',NULL,NULL,1),(1401,0,1337,2,'Freight Paid To Janhavi Transport \r\nA/c RBS Air  L.R. No. 43846 * 05.07.2025',500.00,-421.00,NULL,'2025-07-05',NULL,NULL,1),(1402,0,1338,2,'Freight service charges paid to V Trans Against L.R. no. 4022522456 * 01.07.2025 & CR No. 242410391674 * 05.07.2025\r\n',123.00,-544.00,NULL,'2025-07-05',NULL,NULL,1),(1403,0,1339,2,'Freight service charges paid to V Trans Against L.R. no. 4022522458 * 01.07.2025 & CR No. 242410391675 * 05.07.2025\r\n',114.00,-658.00,NULL,'2025-07-05',NULL,NULL,1),(1404,0,1340,2,'Travelling Expense  Paid To Mr. Patil\r\nFor Month - June 2025\r\nRs.120/-  x 13 days ',1560.00,-2218.00,NULL,'2025-07-05',NULL,NULL,1),(1405,0,1341,2,'Courier charges paid for Mumbai office',40.00,-2258.00,NULL,'2025-07-05',NULL,NULL,1),(1406,0,1342,2,'Travelling expense paid ti Mr. Pravin for the day\r\n',120.00,-2378.00,NULL,'2025-07-05',NULL,NULL,1),(1407,65,0,1,'icicibes',8111.00,8145.00,NULL,'2025-07-09',NULL,NULL,1),(1408,0,1343,2,'Delivery charges by special tempo (Porter) for 3 nos. Alternator to Kalamboli A/c Bhairavnath Transport \r\nBill no. 470 * 09.07.2025\r\n',1536.00,6609.00,NULL,'2025-07-09',NULL,NULL,1),(1409,0,1344,2,'Freight Paid To Hari On Transport \r\nL.R.no. 68701 * 9.07.25',200.00,6409.00,NULL,'2025-07-09',NULL,NULL,1),(1410,0,1345,2,'Tempo Charges paid For VTrans & Janhavi Transport \r\nA/c Trymax  & bes, bill no. 472 & \r\n09.07.2025\r\n',350.00,6059.00,NULL,'2025-07-09',NULL,NULL,1),(1411,0,1346,2,'Travelling Expense Paid To Mr. Pravin For the day\r\n',120.00,5939.00,NULL,'2025-07-09',NULL,NULL,1),(1412,0,1347,2,'Charges paid for Rickshaw Far e , Collected From  Vtrans From BES \r\n(Details Pending)\r\n',150.00,3010.00,NULL,'2025-07-08',NULL,NULL,1),(1413,0,1348,2,'Freight Service Charges Paid To VTrans  against L.R.no. 402252829 * 04.07 & CR No. 242410394324 * 08.07.25\r\n\r\n',106.00,2904.00,NULL,'2025-07-08',NULL,NULL,1),(1414,0,1349,2,'Freight Paid To Janhavi Transport \r\nA/c RBS Air , bill no, 0465 * 08.07.2025\r\n(details pending)\r\n\r\n',100.00,2804.00,NULL,'2025-07-08',NULL,NULL,1),(1415,0,1350,2,'Tempo charges paid For Raigad Roadways & Aditya Transport \r\nA/.c Star Hardware & Aloke alloys\r\n',250.00,2554.00,NULL,'2025-07-08',NULL,NULL,1),(1416,0,1351,2,'Freight Paid To Aditya Transport \r\nA/c Aloke Allloys\r\nL.R.no. 2179 * 08.07.2025\r\n',400.00,2154.00,NULL,'2025-07-08',NULL,NULL,1),(1417,0,1352,2,'Delivery Charges By Special Tempo to Kalamboli  A/c S.B.Logistics & Abhay Motors Bill no. 462 & 461 * 08.07.2025',2000.00,154.00,NULL,'2025-07-08',NULL,NULL,1),(1418,0,1353,2,'Travelling Expense paid  To Mr. Pravin for the day\r\n',120.00,34.00,NULL,'2025-07-08',NULL,NULL,1),(1419,0,1354,2,'Drinking Water charges paid ay Godown for month - June 25\r\nRs.35 x 8\r\n',280.00,-2658.00,NULL,'2025-07-07',NULL,NULL,1),(1420,0,1355,2,'Loading Charges at Yogeshwar \r\n190 Nos. A/c BES \r\nBill no. 457  * 07.07.25',1350.00,-4008.00,NULL,'2025-07-07',NULL,NULL,1),(1421,0,1356,2,'Travelling Expense paid to Mr Pravin For The Day\r\n',120.00,-4128.00,NULL,'2025-07-07',NULL,NULL,1),(1422,0,1357,2,'Tempo charges paid for Anaya Transport & Janhavi , Bill no. 0482 &482 * 10.07.25 A/c Intech & Shah Electric spares\r\n',300.00,5639.00,NULL,'2025-07-10',NULL,NULL,1),(1423,0,1358,2,'delivery cgarges by special tempo thru.Porter for 6 nos. bill no. 481 * 10.07.25 A/c Ganesh transline',1748.00,3891.00,NULL,'2025-07-10',NULL,NULL,1),(1424,0,1359,2,'Travelling  Expense paid to Mr. Pravin for the day',120.00,3771.00,NULL,'2025-07-10',NULL,NULL,1),(1425,0,1360,2,'Tempo charges paid for , collected from Hemant to Godown\r\n',200.00,3571.00,NULL,'2025-07-11',NULL,NULL,1),(1426,0,1361,2,'Courier charges for Ahmedabad office\r\n\r\n',50.00,3521.00,NULL,'2025-07-11',NULL,NULL,1),(1427,0,1362,2,'Travelling expense paid to Mr. Pravin\r\nfor the day ',120.00,3401.00,NULL,'2025-07-11',NULL,NULL,1),(1428,0,1363,2,'Tempo charges paqid for , collected from V Trans For 4 Nos. L.R.No. 4022523168 * 08.07.2025\r\n',300.00,3101.00,NULL,'2025-07-12',NULL,NULL,1),(1429,0,1364,2,'Freight service charges paid to  V Trans CR no. 242410399272 * 12.07.25\r\n',150.00,2951.00,NULL,'2025-07-12',NULL,NULL,1),(1430,0,1365,2,'Travelling expense paid to Mr.\r\n Pravin for the day\r\n',120.00,2831.00,NULL,'2025-07-12',NULL,NULL,1),(1431,0,1366,2,'Tempo charges paid for delivered to \r\nMark Engineering A/c Aqua Pump\r\nbill no. 0496 * 14.07.2025\r\n',500.00,2331.00,NULL,'2025-07-14',NULL,NULL,1),(1432,0,1367,2,'Freight Paid To Yashwant Transport \r\n(Details Pending)\r\n',150.00,2181.00,NULL,'2025-07-14',NULL,NULL,1),(1433,0,1368,2,'Travelling Expense paid to Mr. Pravin \r\nfor the day\r\n',120.00,2061.00,NULL,'2025-07-14',NULL,NULL,1),(1434,0,1369,2,'Tempo charges paid for Aditya Transport & Raigad Roadways \r\n( Details Pending)\r\n',350.00,1711.00,NULL,'2025-07-15',NULL,NULL,1),(1435,0,1370,2,'Freight Paid To Aditya Transport \r\n(Details Pending)\r\n',300.00,1411.00,NULL,'2025-07-15',NULL,NULL,1),(1436,0,1371,2,'Tempo charges paid for Janhavi Transport & Hajibhai\r\nA/c Tawade Engg & SQ Engineering \r\n(Details pending ) ',300.00,1111.00,NULL,'2025-07-15',NULL,NULL,1),(1437,0,1372,2,'Travelling Expense paid to Mr. Pravin for the day\r\n',120.00,991.00,NULL,'2025-07-15',NULL,NULL,1),(1438,66,0,1,'ubi',9082.00,10073.00,NULL,'2025-07-16',NULL,NULL,1),(1439,0,1373,2,'Tempo charges paid for , collected from SCIS  To Godown',400.00,9673.00,NULL,'2025-07-16',NULL,NULL,1),(1440,0,1374,2,'Tempo charges paid for Janjira Goods Transport A/c Sidhivinayak Hardware\r\nBill no. 0508 * 16.07.2025\r\n',200.00,9473.00,NULL,'2025-07-16',NULL,NULL,1),(1441,0,1375,2,'Travelling Expense Paid To Mr.Pravin For the day\r\n',120.00,9353.00,NULL,'2025-07-16',NULL,NULL,1),(1442,0,1376,2,'Delivery Charges by Special Tempo \r\nTo Kalamboli A/c Susan Cold & Ganesh Transline  Bill no. 13 & 514 * 16.07.2025\r\n',2200.00,7153.00,NULL,'2025-07-17',NULL,NULL,1),(1443,0,1377,2,'Tempo charges paid for  , Collected from Hemant Trading & Booked To ACPL  A/c Instant Procrment Bill no. 512 * 17.02.2025\r\n',300.00,6853.00,NULL,'2025-07-17',NULL,NULL,1),(1444,0,1378,2,'Tempo charges paid for Arco & Jagruti \r\nTransport A/c Road Equipment & Cosmic , bill no. 519 &520 * 17.07.25',300.00,6553.00,NULL,'2025-07-17',NULL,NULL,1),(1445,0,1379,2,'Tempo charges paid for , Collected from Hanuman To Godown',400.00,6153.00,NULL,'2025-07-17',NULL,NULL,1),(1446,0,1380,2,'Travelling Expense Paid To Mr. Pravin\r\nFor The day\r\n',120.00,6033.00,NULL,'2025-07-17',NULL,NULL,1),(1447,0,1381,2,'Travelling Expense paid to Mr. Pravin for the day',120.00,5913.00,NULL,'2025-07-18',NULL,NULL,1),(1448,0,1382,2,'Delivery charges by special tempo to Kalamboli A/c Ganesh Transline \r\nbill no. 525 * 19.07.2025\r\n',2400.00,3513.00,NULL,'2025-07-19',NULL,NULL,1),(1449,0,1383,2,'Freight Paid To VRL A/c Hi  Point \r\nBill no., 530 * 19.07.25\r\nL/R.no. 9019770130 * 19.07.2025\r\n',1360.00,2153.00,NULL,'2025-07-19',NULL,NULL,1),(1450,0,1384,2,'courier Chares For Mumbai Office',40.00,2113.00,NULL,'2025-07-19',NULL,NULL,1),(1451,0,1385,2,'Travelling Expense Paid To Mr. Pravin\r\nfor the day\r\n',120.00,1993.00,NULL,'2025-07-19',NULL,NULL,1),(1452,67,0,1,'Kishan gpay',5000.00,3873.00,NULL,'2025-07-22',NULL,NULL,1),(1453,68,0,1,'ubimum',9714.00,9310.00,NULL,'2025-07-25',NULL,NULL,1),(1454,0,1386,2,'Delivery charges by special tempo to Navha Sheva for 4 nos. Pumps',3000.00,-1007.00,NULL,'2025-07-21',NULL,NULL,1),(1455,0,1387,2,'Travelling Expense Paid To Mr. Pravin For the day\r\n',120.00,-1127.00,NULL,'2025-07-21',NULL,NULL,1),(1456,0,1388,2,'Tempo charges paid for , collected from Hanuman power + godown & booked to Janhavi Transport\r\nA/c Cromson ,Bill no. 0541 * 22.07.25 ',400.00,3473.00,NULL,'2025-07-22',NULL,NULL,1),(1457,0,1389,2,'Delivery charges by Special Tempo for \r\n6 nos Alternatotrs, thru. Porter',1967.00,1506.00,NULL,'2025-07-22',NULL,NULL,1),(1458,0,1390,2,'Freight paid to Prabhat transport A/c Bakul , bill no. 540 & L.R. no. BH/12832 * 22.07.2025\r\n',200.00,1306.00,NULL,'2025-07-22',NULL,NULL,1),(1459,0,1391,2,'Travelling Expense Paid to Mr. Pravin  for the day\r\n',120.00,1186.00,NULL,'2025-07-22',NULL,NULL,1),(1460,0,1392,2,'Freight paid to Janhavi Transport \r\nA/c Epcoat Surface to RBS ,BILL NO., 549  & l.r.NO. 56723 * 23.07.2025\r\n',150.00,916.00,NULL,'2025-07-23',NULL,NULL,1),(1461,0,1393,2,'Travelling Expense (advance) paid to\r\nMr. Patil for month - July-25',1000.00,-84.00,NULL,'2025-07-23',NULL,NULL,1),(1462,0,1394,2,'Travelling Expense paid to Mr. Pravin for the day',120.00,1066.00,NULL,'2025-07-22',NULL,NULL,1),(1463,0,1395,2,'Temp[o charges paid for Janhavi transport A/c N.P.Electricals\r\nbill no.554 dtd 24.07.2025\r\n',200.00,-284.00,NULL,'2025-07-24',NULL,NULL,1),(1464,0,1396,2,'Travelling Expense paid to Mr. Pravin for the day',120.00,-404.00,NULL,'2025-07-24',NULL,NULL,1),(1465,0,1397,2,'Travelling Expense paid to Mr. Pravin \r\nfor the day',120.00,9190.00,NULL,'2025-07-25',NULL,NULL,1),(1466,0,1398,2,'Tempo charges paid for , m Godown& collected from Hemant & booked to V trans A/c Neo Machine bill no. 557 * 26.7.2025',300.00,8890.00,NULL,'2025-07-26',NULL,NULL,1),(1467,0,1399,2,'Tempo charges paid for , collected from  Hemant  to Godown A/c vashi',200.00,8690.00,NULL,'2025-07-26',NULL,NULL,1),(1468,0,1400,2,'Freight Paid to Yashwant Transport A/c Chudekar Bill no. 560 & L.R. no. 17069 * .07.2025\r\n',150.00,8540.00,NULL,'2025-07-26',NULL,NULL,1),(1469,0,1401,2,'Travelling Expense paid to Mr. Pravin For the day',120.00,8420.00,NULL,'2025-07-26',NULL,NULL,1),(1470,0,1402,2,'Freight paid to VTrans from  General\r\nAnkleshwar  L.R.no.4052132912 * 25.07 & CR No. 242410414958 * 28.07.2025\r\n ',1062.00,7238.00,NULL,'2025-07-28',NULL,NULL,1),(1471,0,1403,2,'Freight paid  to Aditya Transort\r\nA/c  Chotiwala L.R.no. 9582 * 28.07.2025',150.00,7088.00,NULL,'2025-07-28',NULL,NULL,1),(1472,0,1404,2,'Travelling Expense paid to Mr. Pravin for the day',120.00,8300.00,NULL,'2025-07-26',NULL,NULL,1),(1473,0,1405,2,'Tempo charges paid to , collected from Hemant Trading & booked to Anaya Transport A/c Intech  bill no. 565 * 29.07.2025\r\n',300.00,6788.00,NULL,'2025-07-29',NULL,NULL,1),(1474,0,1406,2,'Travelling Expense paid to Mr. Pravin for the day',120.00,6668.00,NULL,'2025-07-29',NULL,NULL,1),(1475,0,1407,2,'Tempo charges Paid for , Collected from V Trans  & JMT  To Godown  ',500.00,6168.00,NULL,'2025-07-30',NULL,NULL,1),(1476,0,1408,2,'Freight paid to V Trans From Prakash Electric  Against L.R.No. 4023042367 * 25.07.25 & CR No. 242410414929 * 25.07.2025',513.00,5655.00,NULL,'2025-07-30',NULL,NULL,1),(1477,0,1409,2,'Unloading charges at Godown from CGL FOR 57 NOS.',600.00,5055.00,NULL,'2025-07-30',NULL,NULL,1),(1478,0,1410,2,'Freight paid to  Janhavi Transport  to mumbai office A/c Trishna restaurant\r\nL.R.no. 60526 * 30.07.2025\r\n',150.00,4905.00,NULL,'2025-07-30',NULL,NULL,1),(1479,0,1411,2,'Tempo charges paid for , collected  from SCIS to Godown  for 2 nos.',400.00,4185.00,NULL,'2025-08-01',NULL,NULL,1),(1480,0,1412,2,'Tempo charges paid for Cintamani transport A/c Innovators  bill no. 590 * 01.08.2025\r\n',200.00,3985.00,NULL,'2025-08-01',NULL,NULL,1),(1481,0,1413,2,'Travelling expense paid to Mr. Pravin \r\nfor the day\r\n',120.00,3865.00,NULL,'2025-08-01',NULL,NULL,1),(1482,0,1414,2,'Balance Amt of Travelling Expense paid to Mr. Patil for Month - July-25\r\n(Total Rs.2970/- Less 1000/- Adv Paid)',1970.00,1895.00,NULL,'2025-08-02',NULL,NULL,1),(1483,0,1415,2,'Drinking Water charges paid for Month - July 25 ,Paid To Tanvi Water \r\nat Godown\r\n',350.00,1545.00,NULL,'2025-08-02',NULL,NULL,1),(1484,0,1416,2,'Courier charges paid for Mumbai Office',40.00,1505.00,NULL,'2025-08-02',NULL,NULL,1),(1485,0,1417,2,'Travelling Expense Paid To Mr. Pravin \r\nFor The day\r\n',120.00,1385.00,NULL,'2025-08-02',NULL,NULL,1),(1486,0,1418,2,'Tempo charges paid for Janhavi Transport A/c Tawade Engineering\r\nbill no. 585 * 31.07.2025',200.00,4705.00,NULL,'2025-07-31',NULL,NULL,1),(1487,0,1419,2,'Travelling Expense paid to Mr. Pravin For The day',120.00,4585.00,NULL,'2025-07-31',NULL,NULL,1),(1488,69,0,1,'ICIC',8114.00,7659.00,NULL,'2025-08-06',NULL,NULL,1),(1489,70,0,1,'ICICMUM',9112.00,14325.00,NULL,'2025-08-08',NULL,NULL,1),(1490,0,1420,2,'Tempo Charges paid for ACPL , A/c Allweiller for 22KDC - 4 Nos.\r\nBill no. 596 * 04.08.2025',400.00,985.00,NULL,'2025-08-04',NULL,NULL,1),(1491,0,1421,2,'Loading Charges at Godown by Forklift For 4 Nos.22KDC',700.00,285.00,NULL,'2025-08-04',NULL,NULL,1),(1492,0,1422,2,'Tempo charges paid for ACPL \r\na/C aREOCHEM INDUSFTRIES BILL NO. 592 * 04.08.2025',200.00,85.00,NULL,'2025-08-04',NULL,NULL,1),(1493,0,1423,2,'Travelling Expense paid to Mr. Pravin for the day\r\n',120.00,-35.00,NULL,'2025-08-04',NULL,NULL,1),(1494,0,1424,2,'Tempo charges paid for ACPL , A/c \r\nAllwellier  for10Nos. bill no. 598 * 05.08.20025\r\n',300.00,-335.00,NULL,'2025-08-05',NULL,NULL,1),(1495,0,1425,2,'Travelling Expense paid to Mr. Pravin for the day\r\n',120.00,-455.00,NULL,'2025-08-05',NULL,NULL,1),(1496,0,1426,2,'Tempo cahrges paid for Arihanr Transport & Aditya Transport A/c \r\nLL Mfg & Chotiwala\r\nbill no. 602 7 611 * 06.08.2025\r\n',450.00,7209.00,NULL,'2025-08-06',NULL,NULL,1),(1497,0,1427,2,'Freight paid to aditya Transport \r\nL.R.no. 6368 * 06.08.2025\r\n',150.00,7059.00,NULL,'2025-08-06',NULL,NULL,1),(1498,0,1428,2,'Tempo charges paid for , collected from V trans To Godown\r\nL.R.no. 4022016263* 02.08.2025\r\nfrom basic mktg',300.00,6759.00,NULL,'2025-08-06',NULL,NULL,1),(1499,0,1429,2,'Freight service charges paid to V trans \r\nagainst L.R.no. 4022016263 * 02.08.2025\r\n',106.00,6653.00,NULL,'2025-08-06',NULL,NULL,1),(1500,0,1430,2,'Travelling Expense Paid To Mr.Pravin \r\nfor the day',120.00,6533.00,NULL,'2025-08-06',NULL,NULL,1),(1501,0,1431,2,'Tempo charges paid for ,Delivered to mark Engineering\r\n',400.00,6133.00,NULL,'2025-08-07',NULL,NULL,1),(1502,0,1432,2,'Tempo charges paid for ACPL a/c \r\narochem ,Bill no. 614 * 07.08.2025\r\n',200.00,5933.00,NULL,'2025-08-07',NULL,NULL,1),(1503,0,1433,2,'Unloading Charges paid for 19 Nos.\r\nFrom CGL, thru. BGT',600.00,5333.00,NULL,'2025-08-07',NULL,NULL,1),(1504,0,1434,2,'Travelling Expense paid to Mr. Pravin For the day',120.00,5213.00,NULL,'2025-08-07',NULL,NULL,1),(1505,0,1435,2,'Tempo charges paid for ,Collected fro V trans & Kandpile transport \r\nL.R.No. 4023042478 & 9694 * 05.08.2025\r\nFrom basin Mktg & JSB',400.00,13925.00,NULL,'2025-08-08',NULL,NULL,1),(1506,0,1436,2,'Freight paid To V trans From Basic ,\r\nCR No. 242410427796 * 05.08.2025\r\n',513.00,13412.00,NULL,'2025-08-08',NULL,NULL,1),(1507,0,1437,2,'Freight paid to Kandpile transport from JSB\r\nL.r.No. 9694 * 05.08.2025\r\n',650.00,12762.00,NULL,'2025-08-08',NULL,NULL,1),(1508,0,1438,2,'Delivery charges by Tempo Thr/Porter A/c target , Vasai for 20 Nos.',1290.00,11472.00,NULL,'2025-08-08',NULL,NULL,1),(1509,0,1439,2,'Loading Charges at Godown For \r\n16 Nos.Alternators to kalamboli\r\n',480.00,10992.00,NULL,'2025-08-08',NULL,NULL,1),(1510,0,1440,2,'Addl Freight / fare For 1 No, alternators to kalamboli\r\n\r\n',300.00,10692.00,NULL,'2025-08-08',NULL,NULL,1),(1511,0,1441,2,'Travelling Expense paid to Mr. Pravin \r\nfor the day\r\n',120.00,10572.00,NULL,'2025-08-08',NULL,NULL,1),(1512,0,1442,2,'Travelling Expense paid to Mr. Pravin For the day\r\n',120.00,10452.00,NULL,'2025-08-09',NULL,NULL,1),(1513,0,1443,2,'Courier charges for Mumbai Office',40.00,10412.00,NULL,'2025-08-09',NULL,NULL,1),(1514,0,1444,2,'Tempo charges paid fkr Yashwant transport A/c A.R Generators\r\nbill no. 632 * 11.08.2025\r\n',200.00,10212.00,NULL,'2025-08-11',NULL,NULL,1),(1515,0,1445,2,'Freight paid to Yashwant transport for bill no. 0632 * 11.08\r\nL/R.no. 14137 * 11.08.2025\r\n',1200.00,9012.00,NULL,'2025-08-11',NULL,NULL,1),(1516,0,1446,2,'Loading charges at Godown for 190nos foe Ahmedabad\r\n',1400.00,7612.00,NULL,'2025-08-11',NULL,NULL,1),(1517,0,1447,2,'Travelling Expense paid to Mr. Pravin \r\nfor the day\r\n',120.00,7492.00,NULL,'2025-08-11',NULL,NULL,1),(1518,0,1448,2,'Tempo charges paid for V Trans A/c BES \r\nBILL NO. 0642 * 12.08.2025',200.00,7292.00,NULL,'2025-08-12',NULL,NULL,1),(1519,0,1449,2,'Tempo charges paid for Dashmesh Roadlines A/c Kore Electricals\r\nbill no. 637 * 12.08.2025\r\n',150.00,7142.00,NULL,'2025-08-12',NULL,NULL,1),(1520,0,1450,2,'Travelling Expense paid to Mr. Pravin',120.00,7022.00,NULL,'2025-08-12',NULL,NULL,1),(1521,0,1451,2,'Tempo charges paid for jnhavi Transport A/c BES ,Office & s.K.Instu\r\n',150.00,6872.00,NULL,'2025-08-13',NULL,NULL,1),(1522,0,1452,2,'Freight Paid To Janhavi Transport \r\na/c Bes , L.r.no. 71712 * 13.08.2025\r\n',150.00,6722.00,NULL,'2025-08-13',NULL,NULL,1),(1523,0,1453,2,'Travelling expense paid to Mr. Pravin for the day\r\n',120.00,6602.00,NULL,'2025-08-13',NULL,NULL,1),(1524,0,1454,2,'Tempo charges paid for Yashwant Transport a/c  Mahalaxmi & Chudekar\r\nBill no. 650 & 656 dtd. 14.08.2025\r\n',200.00,6402.00,NULL,'2025-08-14',NULL,NULL,1),(1525,0,1455,2,'Freight Paid to Yashwant a/c Mahalaxmi Generators L.R.no. 14215 \r\n&  Chudekar  L.R.no. 14216 * 14.08.2025\r\n ',900.00,5502.00,NULL,'2025-08-14',NULL,NULL,1),(1526,0,1456,2,'Travelling expense paid to Mr. Pravin for the day\r\n',120.00,5382.00,NULL,'2025-08-14',NULL,NULL,1),(1527,0,1457,2,'Courier charges for Mumbai office',40.00,5342.00,NULL,'2025-08-14',NULL,NULL,1),(1528,0,1458,2,'Travelling Expense paid to Mr. Pravin for the day\r\n',120.00,5222.00,NULL,'2025-08-18',NULL,NULL,1),(1529,0,1459,2,'Tempo charges paid for Yashwant transport A/c A/p/Cargo\r\n',200.00,5022.00,NULL,'2025-08-20',NULL,NULL,1),(1530,0,1460,2,'Freight paid to Yashwant transport\r\nL.R.no. 14259 * 20.08.2025\r\n ',1200.00,3822.00,NULL,'2025-08-20',NULL,NULL,1),(1531,0,1461,2,'Freight paid to Janhavi transport  to Mumbai office\r\nL.R.no. 73623 *20.08.2025\r\n',150.00,3672.00,NULL,'2025-08-20',NULL,NULL,1),(1532,0,1462,2,'Tempo charges paid for from Godown to Hemant & booked to Adiyta \r\n(details pending )\r\n',300.00,3372.00,NULL,'2025-08-20',NULL,NULL,1),(1533,0,1463,2,'Freight paid to Shivbhakti transport A/c chudekar\r\nL/R.no. 1204 * 20.08.2025\r\n',200.00,3172.00,NULL,'2025-08-20',NULL,NULL,1),(1534,0,1464,2,'Tempo charges paid for , collected from V trans  & booked to Aditi Transport  & British Engineering & bal to Godown',400.00,2772.00,NULL,'2025-08-21',NULL,NULL,1),(1535,0,1465,2,'Freight paid to V trans against L.R.no. 4022526931 * 14.08.2025 & CR No. 242410442175 * 21.08.2025\r\n\r\n\r\n',177.00,2595.00,NULL,'2025-08-21',NULL,NULL,1),(1536,0,1466,2,'Freight paid to V trans against L.R.no. 4022526789 * 13.08.25 & CR No.242410442174 * 21.08.25\r\n\r\n',106.00,2489.00,NULL,'2025-08-21',NULL,NULL,1),(1537,0,1467,2,'Freight paid to V trans against L.R.no. 4022527062 * 18.08.25 & CR No.',123.00,2366.00,NULL,'2025-08-21',NULL,NULL,1),(1538,0,1468,2,'Travelling Expense paid to Mr. Pravin for the day',120.00,2246.00,NULL,'2025-08-21',NULL,NULL,1),(1539,0,1469,2,'Tempo charges paid for , collected from SCIS To Godown',400.00,1846.00,NULL,'2025-08-22',NULL,NULL,1),(1540,0,1470,2,'Travelling Expense paid to Mr. Pravin\r\nfor the day\r\n ',120.00,1726.00,NULL,'2025-08-22',NULL,NULL,1),(1541,71,0,1,'ubimum',9777.00,11503.00,NULL,'2025-08-23',NULL,NULL,1),(1542,0,1471,2,'Freight paid to Janhavi transport \r\nfor 7 nos.\r\nL/R.no. 76433 * 23.08.2025\r\n',1800.00,9703.00,NULL,'2025-08-23',NULL,NULL,1),(1543,0,1472,2,'Freight paid to New Gajanan Transport \r\nL.R.no. 3141 * 23.08.25\r\n',200.00,9503.00,NULL,'2025-08-23',NULL,NULL,1),(1544,0,1473,2,'Travelling Expense paid to Mr.Pravin for the day\r\n',120.00,9383.00,NULL,'2025-08-23',NULL,NULL,1),(1545,0,1474,2,'Tempo charges paid for  Aditya Transport \r\n(details pending_)',200.00,9183.00,NULL,'2025-08-25',NULL,NULL,1),(1546,0,1475,2,'Freight paid to Aditya transport \r\nL/R.no. 9076 * 25.08.2025\r\n',600.00,8583.00,NULL,'2025-08-25',NULL,NULL,1),(1547,0,1476,2,'Tempo charges paid for Yashwant transport (details pending)',200.00,8383.00,NULL,'2025-08-25',NULL,NULL,1),(1548,0,1477,2,'Freight paid to Yashwant Transport \r\nL.R.no. 14347 * 25.08.2025\r\n',1200.00,7183.00,NULL,'2025-08-25',NULL,NULL,1),(1549,0,1478,2,'Tempo charges paid for B atco ,for 2 pumps\r\n',400.00,6783.00,NULL,'2025-08-25',NULL,NULL,1),(1550,0,1479,2,'Travelling expense paid to Mr.Pravin for the day',120.00,6663.00,NULL,'2025-08-25',NULL,NULL,1),(1551,0,1480,2,'Travelling Expense paid to Mr. Pravin\r\nfor the day\r\n ',120.00,6543.00,NULL,'2025-08-26',NULL,NULL,1),(1552,0,1481,2,'Tempo charges paid for ACPL \r\n(DETAILS PENDING )\r\n',400.00,6143.00,NULL,'2025-08-28',NULL,NULL,1),(1553,0,1482,2,'Travelling Expense paid to Mr. Pravin for the day\r\n',120.00,6023.00,NULL,'2025-08-28',NULL,NULL,1),(1554,0,1483,2,'Tempo Charges paid for Shah Transport A/c Shah Agencies',200.00,5823.00,NULL,'2025-08-29',NULL,NULL,1),(1555,0,1484,2,'Travelling Expense paid to Mr. Pravin for the day\r\n',120.00,5703.00,NULL,'2025-08-29',NULL,NULL,1),(1556,0,1485,2,'Travelling Expense paid to Mr.Patil For \r\nMonth - August,2025\r\n(copy attached)',2640.00,3063.00,NULL,'2025-08-30',NULL,NULL,1),(1557,0,1486,2,'Courier charges for Mumbai Office\r\n',40.00,3023.00,NULL,'2025-08-30',NULL,NULL,1),(1558,0,1487,2,'Travelling Expense paid to Mr. Pravin For The day\r\n',120.00,2903.00,NULL,'2025-08-30',NULL,NULL,1),(1559,72,0,1,'ICICI mum',9111.00,10199.00,NULL,'2025-09-03',NULL,NULL,1),(1560,0,1488,2,'Tempo charges paid for Bhadra Transport & Rajesh road lines A/c \r\nSiddharth & Thorat Filtration\r\nbill no. 714 & 720 * 30.08.2025',400.00,2503.00,NULL,'2025-09-01',NULL,NULL,1),(1561,0,1489,2,'freight paid to Bhadra Transport A/c Thorat L.R.no. 4965 * 01.09.2025\r\n\r\n',400.00,2103.00,NULL,'2025-09-01',NULL,NULL,1),(1562,0,1490,2,'drinking water Charges paid to mTanvi Water for Month - Aug-25',175.00,1928.00,NULL,'2025-09-01',NULL,NULL,1),(1563,0,1491,2,'travelling Expense paid to Mr. Pravin For the day\r\n',120.00,1808.00,NULL,'2025-09-01',NULL,NULL,1),(1564,0,1492,2,'Tempo charges paid for , collected from Hanuman power to bombay Tarapore \r\n\r\n\r\n',500.00,1308.00,NULL,'2025-09-02',NULL,NULL,1),(1565,0,1493,2,'Unloading charges for 2 nos.at Bombay tarapiore',100.00,1208.00,NULL,'2025-09-02',NULL,NULL,1),(1566,0,1494,2,'Travelling expense paid to Mr. Pravin for the day',120.00,1088.00,NULL,'2025-09-02',NULL,NULL,1),(1567,0,1495,2,'Tempo charges paid for , collected from V tran to godown ( details pending )\r\n',400.00,9799.00,NULL,'2025-09-03',NULL,NULL,1),(1568,0,1496,2,'Freight paid to V trans against L.R.no. 4023008632 * 30.08.2025 from swastik electro & CR No. 242410453823 * 30.08.2025\r\n\r\n',504.00,9295.00,NULL,'2025-09-03',NULL,NULL,1),(1569,0,1497,2,'Freight paid to V trans against L.R. np. 4022528279 * 28.08.2025 & CR No. 242410457851 * 03.09.2025\r\n \r\n\r\n',114.00,9181.00,NULL,'2025-09-03',NULL,NULL,1),(1570,0,1498,2,'Tempo charges paid for , delivery from Godown & collected from Hemant \r\nBooked to Anaya  & Shivkrupa Tempo service (Details Pending )',500.00,8681.00,NULL,'2025-09-03',NULL,NULL,1),(1571,0,1499,2,'Travelling expense paid to Mr. pravin for the day\r\n',120.00,8561.00,NULL,'2025-09-03',NULL,NULL,1),(1572,0,1500,2,'Tempo charges paid for , collected from Shree Nandwana Transport \r\nL.R.no. 1812118 * 01.09.2025\r\n',250.00,8311.00,NULL,'2025-09-04',NULL,NULL,1),(1573,0,1501,2,'Freight paid To Shree Nandwana transport from Dhruv L.R.no. 1812118 * 01.09.2025\r\n',150.00,8161.00,NULL,'2025-09-04',NULL,NULL,1),(1574,0,1502,2,'Tempo charges paid for Bombay Tarapore \r\n',300.00,7861.00,NULL,'2025-09-04',NULL,NULL,1),(1575,0,1503,2,'Tempo charges paid For Bhavana roadways ',300.00,7561.00,NULL,'2025-09-04',NULL,NULL,1),(1576,0,1504,2,'Tempo charges paid for V trans (3 trips ) a/c BES ',800.00,6761.00,NULL,'2025-09-04',NULL,NULL,1),(1577,0,1505,2,'Travelling expense paid to Mr. pravin for the Day\r\n',120.00,6641.00,NULL,'2025-09-04',NULL,NULL,1),(1578,0,1506,2,'Tempo charges paid for yashwant transport A/c Saste Vishal Bill no. 738 * 04.09.2025\r\n\r\n',200.00,6441.00,NULL,'2025-09-05',NULL,NULL,1),(1579,0,1507,2,'Freight paid To Yashwant transport for\r\nMahalaxmi Generators\r\nL.R.no. 12771 * 05.09.2025\r\n',600.00,5841.00,NULL,'2025-09-05',NULL,NULL,1),(1580,0,1508,2,'courier charges for Mumbai office',40.00,5801.00,NULL,'2025-09-05',NULL,NULL,1),(1581,0,1509,2,'Tempo charges paid for Aditya & Janjira Goods  A/c Chotiwala & Siddhivinayak Hardware\r\nbill no. 0747& 749 * 08.09.2025\r\n',300.00,5501.00,NULL,'2025-09-08',NULL,NULL,1),(1582,0,1510,2,'Freight paid to Aditya Transport for 3 nos. L.R.no. 5044 * 08.09.2025\r\n\r\n',450.00,5051.00,NULL,'2025-09-08',NULL,NULL,1),(1583,0,1511,2,'Freight paid to New Gajanan Transport \r\nA/c Vayuvents L.R.no. 3375 * 08.09.2025\r\n\r\n',100.00,4951.00,NULL,'2025-09-08',NULL,NULL,1),(1584,0,1512,2,'Travelling expense paid to Mr. Pravin for the day',120.00,4831.00,NULL,'2025-09-08',NULL,NULL,1),(1585,0,1513,2,'delivery charges by special tempo to Kalamboli A/c Ganesh Transline \r\nto Mahalaxmi Generators bill no. 0754 * 09.09.2025\r\n',2000.00,2831.00,NULL,'2025-09-09',NULL,NULL,1),(1586,0,1514,2,'Tempo charges paid for Bhavana Roadways A/c BES \r\n',200.00,2631.00,NULL,'2025-09-09',NULL,NULL,1),(1587,0,1515,2,'Tempo charges paid for , collected from Hemant Trading & booked to \r\nAnaya transport & Bhiwandi Tarapur\r\n(Details pending )',350.00,2281.00,NULL,'2025-09-09',NULL,NULL,1),(1588,0,1516,2,'Travelling expense paid to Mr. Pravin for the day\r\n',120.00,2161.00,NULL,'2025-09-09',NULL,NULL,1),(1589,0,1517,2,'Tempo charges paid for TCI Freight \r\nA/c Rahul enterprise  bill no. 0766 *  10.09.2025\r\n\r\n',300.00,1861.00,NULL,'2025-09-10',NULL,NULL,1),(1590,0,1518,2,'Freight paid to Janhavi transport A/c \r\nSatguru Namakeen L/R.no. 87870 * \r\n10.09.2025\r\n',150.00,1711.00,NULL,'2025-09-10',NULL,NULL,1),(1591,0,1519,2,'Travelling Expense paid to Mr. Pravin for the day',120.00,1591.00,NULL,'2025-09-10',NULL,NULL,1),(1592,0,1520,2,'Tempo charges paid for  , collected from SCIS  To Godown',400.00,1191.00,NULL,'2025-09-11',NULL,NULL,1),(1593,0,1521,2,'Tempo charges paid for N.G. Transport & Kalayatan A/c  D.P. Pulveriser &  Raj Enterprise\r\nbill no. 772 & 777 dtd. 11.09.2025\r\n',350.00,841.00,NULL,'2025-09-11',NULL,NULL,1),(1594,0,1522,2,'Travelling Expense Paid to Mr. Pravin For The day\r\n ',120.00,721.00,NULL,'2025-09-11',NULL,NULL,1),(1595,73,0,1,'ubi',8945.00,9666.00,NULL,'2025-09-12',NULL,NULL,1),(1596,0,1523,2,'Tempo charges paid for Prabhat Roadways Ac Bakul ,bill no. 785 * 12.09.2025\r\n',300.00,9366.00,NULL,'2025-09-12',NULL,NULL,1),(1597,0,1524,2,'Freight paid to Prabhat  Roadways \r\nL.R.no. BH/18907 * 12.09.2025\r\n',400.00,8966.00,NULL,'2025-09-12',NULL,NULL,1),(1598,0,1525,2,'Tempo Charges paid fot , collected from JMT & Booked to New gajanan\r\nA/c Vayuvents\r\nbill no. 0788 * 12.09.20205\r\n',500.00,8466.00,NULL,'2025-09-12',NULL,NULL,1),(1599,0,1526,2,'Freight paid New Gajanan A/c Vayuvents  for 6 nos.\r\nL.R.no. 3461 * 12.09.2025\r\n',600.00,7866.00,NULL,'2025-09-12',NULL,NULL,1),(1600,0,1527,2,'Travelling Expense paid to Mr. pravin for he day\r\n',120.00,7746.00,NULL,'2025-09-12',NULL,NULL,1),(1601,0,1528,2,'Tempo charges paid for Batco , A/c Abhinav Foods bill no. 789 * 13.09.2025\r\n',300.00,7446.00,NULL,'2025-09-13',NULL,NULL,1),(1602,0,1529,2,'Travelling expense paid to Mr. Patil as \r\nadvance for month - sept25\r\n',1000.00,6446.00,NULL,'2025-09-13',NULL,NULL,1),(1603,0,1530,2,'Travelling expense paid to Mr. pravin for the day',120.00,6326.00,NULL,'2025-09-13',NULL,NULL,1),(1604,74,0,1,'ubimum',5000.00,9370.00,NULL,'2025-09-18',NULL,NULL,1),(1605,0,1531,2,'Tempo charges paid to Shivbhakti transport (detail pending)\r\n',200.00,7530.00,NULL,'2025-09-19',NULL,NULL,0),(1606,0,1532,2,'Freight paid to Shivbhakti (details pending)',200.00,7130.00,NULL,'2025-09-19',NULL,NULL,0),(1607,0,1533,2,'gravelling expense paid to Mr. Pravin for the  day',120.00,6810.00,NULL,'2025-09-19',NULL,NULL,1),(1608,0,1534,2,'Travelling expense paid to Mr. Pravin or the day',120.00,9250.00,NULL,'2025-09-18',NULL,NULL,0),(1609,0,1535,2,'Travelling expense paid to mr. Pravin for the day',120.00,4370.00,NULL,'2025-09-17',NULL,NULL,1),(1610,0,1536,2,'Tempo charges paid for Kalayatan transport  (details pending )\r\n',300.00,9630.00,NULL,'2025-09-18',NULL,NULL,0),(1611,0,1537,2,'Freight paid to kalayatan (details pending )\r\n',500.00,8830.00,NULL,'2025-09-18',NULL,NULL,0),(1612,0,1538,2,'Tempo charges paid for Lalji Mulji transport A/c B.G.Enterprise for 11KP4 - 1 NO.\r\n',500.00,2120.00,NULL,'2025-09-27',NULL,NULL,1),(1613,0,1539,2,'Courier charges for Mumbai office',40.00,2080.00,NULL,'2025-09-27',NULL,NULL,1),(1614,0,1540,2,'Travelling expense paid to Mr. |Pravin for the day\r\n',120.00,1960.00,NULL,'2025-09-27',NULL,NULL,1),(1615,0,1541,2,'Tempo charges paid for, collected from Hemant trading  % booked to New Gajanan Transport  A/c Target bill no. 826 * 26.09.2025\r\n ',250.00,3040.00,NULL,'2025-09-26',NULL,NULL,1),(1616,0,1542,2,'Freight paid to New Gajanan transpot , L.R.no. 3727 *  26.09.2025\r\n',200.00,2840.00,NULL,'2025-09-26',NULL,NULL,1),(1617,0,1543,2,'Freight paid to Janhavi transport \r\n(details pending)_\r\n',100.00,2740.00,NULL,'2025-09-26',NULL,NULL,1),(1618,0,1544,2,'Travelling expense paid to Mr. pravin for the day\r\n',120.00,2620.00,NULL,'2025-09-26',NULL,NULL,1),(1619,0,1545,2,'Travelling expense paid to  Mr. Pravin for the day\r\n',120.00,4960.00,NULL,'2025-09-24',NULL,NULL,1),(1620,0,1546,2,'Tempo charges paid for Yashwant transport  , Shivbhhakti Transport & Bhiwandi tarapur A/c Beekay  Engineers  , Chudekar  & Hindustan sales  bill no. 818 , 819 & 817 * 25.09.2055\r\n',450.00,4510.00,NULL,'2025-09-25',NULL,NULL,1),(1621,0,1547,2,'Freight paid to Yashwant transport \r\nA/c Beekay , L.R.no. 8926 * 25.09.2025\r\n',600.00,3910.00,NULL,'2025-09-25',NULL,NULL,1),(1622,0,1548,2,'Freight paid toShivbhakti A/c Chudekar , L.R.no. 638 * 25.09.2025\r\n',300.00,3610.00,NULL,'2025-09-25',NULL,NULL,1),(1623,0,1549,2,'Tempo charges paid for Bhavaa roadways A/c Del pd  bill no. G/1671 * 25.09.2025\r\n ',200.00,3410.00,NULL,'2025-09-25',NULL,NULL,1),(1624,0,1550,2,'Traveling expense paid To Mr. pravin for the day',120.00,3290.00,NULL,'2025-09-25',NULL,NULL,1),(1625,0,1551,2,'Tempo charges paid for , collected from  Hanuman power  to Godown\r\n',400.00,5200.00,NULL,'2025-09-23',NULL,NULL,1),(1626,0,1552,2,'Tempo charges paid for Janhavi transport A/c Aiyaz bill no. 812 * 23.09.2025\r\n',150.00,6420.00,NULL,'2025-09-22',NULL,NULL,1),(1627,0,1553,2,'Travelling expense paid to Mr. pravin for the day\r\n',120.00,5080.00,NULL,'2025-09-23',NULL,NULL,1),(1628,0,1554,2,'Tempo charges paid for Aditya Transport  & Shivbhakti \r\nA/c Chudekar & Aloke Alloys\r\nbill no. 808 & 809 Dtd. 22.09.2025\r\n',200.00,6220.00,NULL,'2025-09-22',NULL,NULL,1),(1629,0,1555,2,'Freight paid to Shivbhakti , L.R.no. 237 * 22.09.2025\r\nA/c Chudekar\r\n',100.00,6120.00,NULL,'2025-09-22',NULL,NULL,1),(1630,0,1556,2,'Freight paid to Aditya  Transport  , L.R.no. 551 * 22.09.2025\r\nA/c Aloke Alloys',400.00,5720.00,NULL,'2025-09-22',NULL,NULL,1),(1631,0,1557,2,'Travelling Expense paid  to Mr. Pravin for the day\r\n',120.00,5600.00,NULL,'2025-09-22',NULL,NULL,1),(1632,0,1558,2,'Travelling expense paid to  Mr. Pravin \r\nfor the day',120.00,6570.00,NULL,'2025-09-20',NULL,NULL,1),(1633,0,1559,2,'Tempo charges paid for  Shivbhakti \r\nA/c Chudekar ',200.00,6810.00,NULL,'2025-09-19',NULL,NULL,1),(1634,0,1560,2,'Freight paid to Shivbhakti transport \r\nL.R. 5892 * 19.09.2025',200.00,6610.00,NULL,'2025-09-19',NULL,NULL,1),(1635,0,1561,2,'Travelling Expense paid to |Mr. Pravin for the day',120.00,6490.00,NULL,'2025-09-19',NULL,NULL,1),(1636,0,1562,2,'Tempo charges aid for , collected from V trans  for 11KE2 - 1 From BES , Ahmedabad L.R.No.4022529831 *  12.09.2025',300.00,5492.00,NULL,'2025-09-16',NULL,NULL,1),(1637,0,1563,2,'Freight Service charges paid to V trans  CR No. 242410472120 * 16.09.2025\r\n',132.00,5360.00,NULL,'2025-09-16',NULL,NULL,1),(1638,0,1564,2,'Freight paid to Janhavi transport for 3 nos A/c AMPF \r\nL.R.No. *4157 * 16.09.2025\r\n',550.00,4810.00,NULL,'2025-09-16',NULL,NULL,1),(1639,0,1565,2,'Tempo charges paid for Janhavi transport  for Fort , mumbai\r\n',200.00,4610.00,NULL,'2025-09-16',NULL,NULL,1),(1640,0,1566,2,'Travelling expense paid to Mr. Pravin for the day\r\n',120.00,4490.00,NULL,'2025-09-16',NULL,NULL,1),(1641,0,1567,2,'Tempo charges paid for , collected from V trans to Godown for 1 no. \r\n7.50PN2 L.R. no. 4022529556 * 10.09.2025',300.00,6026.00,NULL,'2025-09-15',NULL,NULL,1),(1642,0,1568,2,'Freight Service charges paid to V Trans for 1 no. CR No. 242410470738 * 15.09.2025\r\n',114.00,5912.00,NULL,'2025-09-15',NULL,NULL,1),(1643,0,1569,2,'Travelling expense paid to Mr. Pravin for the day',120.00,5792.00,NULL,'2025-09-15',NULL,NULL,1),(1644,0,1570,2,'Travelling expense paid to Mr. Pravin for the day \r\n',120.00,4250.00,NULL,'2025-09-17',NULL,NULL,1),(1645,0,1571,2,'Tempo charges paid for Kalayatan cargo for 10 nos A/c Basic mktg.',300.00,8830.00,NULL,'2025-09-18',NULL,NULL,1),(1646,0,1572,2,'Freight paid to Kalayatan Cargo\r\nA/c Basic , L.R.no. BHIP 202992 * 18.09.2025\r\n',1500.00,7330.00,NULL,'2025-09-18',NULL,NULL,1),(1647,0,1573,2,'Travelling Expense paid to Mr.Pravin for the day\r\n',120.00,7210.00,NULL,'2025-09-18',NULL,NULL,1),(1648,75,0,1,'ubi mum',8798.00,9248.00,NULL,'2025-10-03',NULL,NULL,1),(1649,0,1574,2,'Tempo charges paid for Darshan Transport A/c Kasturi Engineering , bill no. 0874 * 11.10.2025',300.00,2542.00,NULL,'2025-10-11',NULL,NULL,1),(1650,0,1575,2,'traveling expense paid to Mr. Pravin for the day',120.00,2422.00,NULL,'2025-10-11',NULL,NULL,1),(1651,0,1576,2,'Courier charges paid for Mumbai office',40.00,2382.00,NULL,'2025-10-11',NULL,NULL,1),(1652,0,1577,2,'Traveling expense paid to Mr. Pravin for the day',120.00,3281.00,NULL,'2025-10-10',NULL,NULL,1),(1653,0,1578,2,'Tempo charges paid for , collected from V Trans  for 6 nos. ref L.R.no. 4022532272 * 07.10.2025',300.00,2981.00,NULL,'2025-10-10',NULL,NULL,1),(1654,0,1579,2,'Freight service charges paid to V Trans against L.R.4022532272 * 07.10.25 & CR No. 242410499736 * 10.10.2025\r\n',139.00,2842.00,NULL,'2025-10-10',NULL,NULL,1),(1655,0,1580,2,'Travelling expense paid to Mr. Pravin \r\nfor the day\r\n',120.00,3401.00,NULL,'2025-10-09',NULL,NULL,1),(1656,0,1581,2,'Tempo charges paid for , collected from Hemant trading & booked to Bhadra Roadways A/c Thorat Filtration , bill no. 858 * 08.10.2025 ',300.00,3841.00,NULL,'2025-10-08',NULL,NULL,1),(1657,0,1582,2,'Freight pad to Bhadra Roadways\r\nA/c Thorat , L.R.no. 5152 * 08.10.2025\r\n ',200.00,3641.00,NULL,'2025-10-08',NULL,NULL,1),(1658,0,1583,2,'Travelling expense paid to Mr. Pravin for the day\r\n',120.00,3521.00,NULL,'2025-10-08',NULL,NULL,1),(1659,0,1584,2,'Tempo charges pad for , collected from V Trans for 19 nos. rom BES,\r\nL.R.no. 402253189 * 03.10.2025\r\n',600.00,5268.00,NULL,'2025-10-07',NULL,NULL,1),(1660,0,1585,2,'Freight service charges paid to V Trans Against L.R.no. 4022531890 * 03.10.2025 & CR no. 242410495734 * 07.10.2025\r\n\r\n',507.00,4761.00,NULL,'2025-10-07',NULL,NULL,1),(1661,0,1586,2,'Tempo charges paid for V Trans A/c BES Bill no. 854 * 07.10.2025\r\n',200.00,4561.00,NULL,'2025-10-07',NULL,NULL,1),(1662,0,1587,2,'Tempo charges paid for Bhavana Roadways  A/c BES For Del Pd \r\nbill G/1782 * 07.10.2025\r\n',300.00,4261.00,NULL,'2025-10-07',NULL,NULL,1),(1663,0,1588,2,'Travelling Expense paid to Mr. Pravin for the day\r\n',120.00,4141.00,NULL,'2025-10-07',NULL,NULL,1),(1664,0,1589,2,'Tempo charges paid for janhavi Transport a/c vala Industries  & Chotwala  to aditya  Bill nio. 853  &  * 06.10.25  + Collected from Hemant & booked to Janhavi a/c Vichare\r\nbill no. 850 * 06.10.2025\r\n',300.00,6438.00,NULL,'2025-10-06',NULL,NULL,1),(1665,0,1590,2,'Freight Paid to aditya Transport\r\nA/c Chotowala , L.R.No. 9482 * 06.10.2025\r\n',300.00,6138.00,NULL,'2025-10-06',NULL,NULL,1),(1666,0,1591,2,'Freight paid to janhavi Transport A/c Vichare  L.R.no. 7666 * 06.10.2025\r\n',150.00,5988.00,NULL,'2025-10-06',NULL,NULL,1),(1667,0,1592,2,'Travelling Expense paid to Mr. Pravin for the day\r\n',120.00,5868.00,NULL,'2025-10-06',NULL,NULL,1),(1668,0,1593,2,'Drinking Water charges at Godown for month - Sept - 2025',350.00,8378.00,NULL,'2025-10-04',NULL,NULL,1),(1669,0,1594,2,'Bal amt of Travelling expense paid to\r\nMr. Patil for month - Sept-25\r\n(total Rs.2520/- less paid 1000/- )\r\n',1520.00,6858.00,NULL,'2025-10-04',NULL,NULL,1),(1670,0,1595,2,'Travelling Expense paid to Mr.Pravin for the day\r\n',120.00,6738.00,NULL,'2025-10-04',NULL,NULL,1),(1671,0,1596,2,'Tempo charges paid for Bhavana Roadways  A/c Del pd  bill no. G/1746 * 03.10.2025',300.00,8948.00,NULL,'2025-10-03',NULL,NULL,1),(1672,0,1597,2,'Freight paid to New Gajanan Transport A/c Vayuvents bill no. 847 *  \r\n03.10.2025\r\n',100.00,8848.00,NULL,'2025-10-03',NULL,NULL,1),(1673,0,1598,2,'Travelling expense paid to Mr.Pravin \r\nfor the day',120.00,8728.00,NULL,'2025-10-03',NULL,NULL,1),(1674,0,1599,2,'Tempo charges paid for , Collected from SCIS & booked to Dashmesh A/c Cosmic bill no. 843 * 01.10.2025\r\n ',300.00,570.00,NULL,'2025-10-01',NULL,NULL,1),(1675,0,1600,2,'Travelling Expense paid to Mr. Pravin For the day\r\n',120.00,450.00,NULL,'2025-10-01',NULL,NULL,1),(1676,0,1601,2,'Tempo charges paid for , collected from Hanuman power to  Godsown',200.00,1760.00,NULL,'2025-09-29',NULL,NULL,1),(1677,0,1602,2,'Travelling expense paid to Mr. Pravin for the day',120.00,1640.00,NULL,'2025-09-29',NULL,NULL,1),(1678,0,1603,2,'Tempo charges paid for Aditya Transport & Anaya Transport A/c Intech & Chotiwala bill no. 835 & 838 * 30.09.2025',350.00,1290.00,NULL,'2025-09-30',NULL,NULL,1),(1679,0,1604,2,'Freight paid to Aditya transport A/c Chotiwala ,L.R.no. 916 * 30.09.2025\r\n',300.00,990.00,NULL,'2025-09-30',NULL,NULL,1),(1680,0,1605,2,'Travelling expense paid to Mr. Pravin for the day\r\n',120.00,870.00,NULL,'2025-09-30',NULL,NULL,1),(1681,76,0,1,'ubimum',7132.00,6831.00,NULL,'2025-10-15',NULL,NULL,1),(1682,0,1606,2,'Tempo charges paid for Bombay Tarapore A/c Basic mktg. for 15KE8 - 1 No. bill no. 230 * 27.10.2025',300.00,2711.00,NULL,'2025-10-27',NULL,NULL,1),(1683,0,1607,2,'Travelling Expense paid to Mr. Pravin \r\nfor the day\r\n',120.00,2591.00,NULL,'2025-10-27',NULL,NULL,1),(1684,0,1608,2,'Travelling expense paid to Mr. Pravin for the day',120.00,3161.00,NULL,'2025-10-25',NULL,NULL,1),(1685,0,1609,2,'Freight paid to Janhavi transport for Mumbai transfer\r\nL.R.no. 22562 * 25.10.2025',150.00,3011.00,NULL,'2025-10-25',NULL,NULL,1),(1686,0,1610,2,'Travelling expense paid to Mr. Pravin for he day',120.00,3281.00,NULL,'2025-10-24',NULL,NULL,1),(1687,0,1611,2,'Delivery charges for Special tempo to Kalamboli A/c M.K.Diesel For Waris \r\nBill no. 905 * 18.10.2025',2000.00,3521.00,NULL,'2025-10-18',NULL,NULL,1),(1688,0,1612,2,'Travelling expense paid to Mr. Pravin for the day\r\n',120.00,3401.00,NULL,'2025-10-18',NULL,NULL,1),(1689,0,1613,2,'Tempo charges paid for , Collected from hanuman power To Godown \r\nfor GF6997 - 1 no.',200.00,5641.00,NULL,'2025-10-17',NULL,NULL,1),(1690,0,1614,2,'Travelling Expense paid to Mr. Pravin For the day',120.00,5521.00,NULL,'2025-10-17',NULL,NULL,1),(1691,0,1615,2,'Tempo charges paid for , collected from SCIS to godown & booked to Aditya transport A/c Chotiwala bill no. \r\n0893 * 16.10.2025\r\n',300.00,6261.00,NULL,'2025-10-16',NULL,NULL,1),(1692,0,1616,2,'Freight paid to Aditya Transport A/c Chotiwala  L.R.No. 9218 * 16.10.2025',300.00,5961.00,NULL,'2025-10-16',NULL,NULL,1),(1693,0,1617,2,'Travelling Expense paid to Mr. Pravin for the day',120.00,5841.00,NULL,'2025-10-16',NULL,NULL,1),(1694,0,1618,2,'Freight paid To Aditya Transport \r\nA/c Chotiwala  L.R. no. 9155 * 15.10.2025\r\n',150.00,6681.00,NULL,'2025-10-15',NULL,NULL,1),(1695,0,1619,2,'Travelling Expense paid to Mr. Pravin For the day',120.00,6561.00,NULL,'2025-10-15',NULL,NULL,1),(1696,0,1620,2,'Tempo charges paid for , Collected from V trans to Godown\r\nL.r.no. 4023009842 * 09.10.25 from vatva , swastik electro & 4052143898 * 09.10.25 from Ankleshwar , General electric',300.00,2082.00,NULL,'2025-10-13',NULL,NULL,1),(1697,0,1621,2,'Freight paid to V trans against L.R.4052143898 & bill no. 242410498762 * 13.10.2025',482.00,1600.00,NULL,'2025-10-13',NULL,NULL,1),(1698,0,1622,2,'Freight paid to V trans against L.R.4023009842 & bill no. 242410499038 * 13.10.2025',531.00,1069.00,NULL,'2025-10-13',NULL,NULL,1),(1699,0,1623,2,'Tempo charges paid for Aditya transport A/c Sonal engg bill no. 0878 * 13.10.2025',200.00,869.00,NULL,'2025-10-13',NULL,NULL,1),(1700,0,1624,2,'Freight paid to Aditya transport A/c Sonal Engineering , L.R.no. 3168 * 13.10.2025',300.00,569.00,NULL,'2025-10-13',NULL,NULL,1),(1701,0,1625,2,'Tempo charges paid for Janhavi transport A/c Swad Canning & Yazad Engg Bill no. 0881 & 882 * 13.10.2025\r\n',200.00,369.00,NULL,'2025-10-13',NULL,NULL,1),(1702,0,1626,2,'Freight paid To Janhavi transport A/c Swad for RBS air   , L.R.no. 14737 * 13.10.2025',100.00,269.00,NULL,'2025-10-13',NULL,NULL,1),(1703,0,1627,2,'Freight paid To Janhavi transport A/c Yazad for R.S.engg   , L.R.no. 14595 * 13.10.2025',450.00,-181.00,NULL,'2025-10-13',NULL,NULL,1),(1704,0,1628,2,'Travelling expense paid to Mr. Pravin for the day',120.00,-301.00,NULL,'2025-10-13',NULL,NULL,1),(1705,77,0,1,'UBi',7987.00,9528.00,NULL,'2025-10-29',NULL,NULL,1),(1706,0,1629,2,'Tempo charges paid for , collected from V trans to Godown \r\nAgainst L.R.4132122732 & 4022533891 * 28.10.2025\r\n',500.00,6478.00,NULL,'2025-11-01',NULL,NULL,1),(1707,0,1630,2,'Freight paid to V trans Agains L.R. 4132122732 & Sill no. 242710499787 * 01.11.2025',651.00,5827.00,NULL,'2025-11-01',NULL,NULL,1),(1708,0,1631,2,'Freight service charges paid to V trans Against L.R. 4022533891  & Bill no. 242410518684 * 01.11.2025\r\n',366.00,5461.00,NULL,'2025-11-01',NULL,NULL,1),(1709,0,1632,2,'Tempo charges paid for Yashwant transport A/c Vidya Engineers bill no. 940 * 01.1.2025',200.00,5261.00,NULL,'2025-11-01',NULL,NULL,1),(1710,0,1633,2,'Travelling Expense paid to \r\nMr. Patil for month - Oct-2025\r\n120/-  x 22 days\r\n',2640.00,2621.00,NULL,'2025-11-01',NULL,NULL,1),(1711,0,1634,2,'Tempo charges paid for Shibhakti & Yashwant transport A/c Chudekar & Shree Ganesh Logistics  bill no. 920 & 915 * 28.10.2025\r\n',300.00,2291.00,NULL,'2025-10-28',NULL,NULL,1),(1712,0,1635,2,'Freight paid to Yashwant Transport A/c Shree ganesh For mahalaxmi Generators , L.R. no. \r\n2856 * 28.10.2025\r\n',600.00,1691.00,NULL,'2025-10-28',NULL,NULL,1),(1713,0,1636,2,'Freight Paid To Shivbhakti Transport A/c Chudekar \r\nL.R.no. 6880 * 28.10.2025\r\n',150.00,1541.00,NULL,'2025-10-28',NULL,NULL,1),(1714,0,1637,2,'Tempo charges paid for ,from Godown T Hemant ,collected motor & booked to Bhadra , Darshan transport & Lalji Mulji\r\nA/c Thorat Filteration , Kasturi Egg & Trikroma Ind , Bill no. 921 , 924 & 926 * 29.10.25\r\n',650.00,8878.00,NULL,'2025-10-29',NULL,NULL,1),(1715,0,1638,2,'Freight paid to Bhadra Transport \r\nA/c Thorat ,\r\n L.R. no.5253*29.10.25',400.00,8478.00,NULL,'2025-10-29',NULL,NULL,1),(1716,0,1639,2,'Unloading charges by Forklift at Nasik Goods transport for 11kDC\r\n1 NO.',700.00,7778.00,NULL,'2025-10-30',NULL,NULL,1),(1717,0,1640,2,'Tempo charges paid for Shree nasik Goods A/c Mahindra EPC bill no. 931 * 30.10.2025\r\n',300.00,7478.00,NULL,'2025-10-30',NULL,NULL,1),(1718,0,1641,2,'Freight Paid To Bhavana Roadways A/c Shri Shantinath , \r\nL.R.no. 932 * 30.10.2025\r\n',300.00,7178.00,NULL,'2025-10-30',NULL,NULL,1),(1719,0,1642,2,'Freight paid to Jahnavi Transport L.R.No. 26649 * 30.10.2025 A/c K,B.Machineries ',200.00,6978.00,NULL,'2025-10-30',NULL,NULL,1),(1720,78,0,1,'UBI',4999.00,6840.00,NULL,'2025-11-05',NULL,NULL,1),(1721,0,1643,2,'Travelling expense paid to Mr. Pravin for the day',120.00,2805.00,NULL,'2025-11-08',NULL,NULL,1),(1722,0,1644,2,'Delivery charges by special tempo to Kalamboli A/c Ganesh Transline for Mahalaxmi \r\nbill no. 956 * 06.11.2025\r\n',2200.00,4205.00,NULL,'2025-11-06',NULL,NULL,1),(1723,0,1645,2,'Tempo charges oaid for N.G.Transport A/c BKWT\r\nBill no. 958 * 06.11.2025\r\n',200.00,4005.00,NULL,'2025-11-06',NULL,NULL,1),(1724,0,1646,2,'Travelling Expense Paid To Mr. Pravin For the day\r\n',120.00,3885.00,NULL,'2025-11-06',NULL,NULL,1),(1725,0,1647,2,'Tempo charges paid  for , collected from V Trans to Godown L.R.no. 4023043405 * 04.11.2025\r\n',300.00,3585.00,NULL,'2025-11-07',NULL,NULL,1),(1726,0,1648,2,'Freight paid to V Trans From Basic mktg against L.R.no. 4023043405 * 04.11.2025 & bill no. 2422410522178 * 07.11.2025\r\n',540.00,3045.00,NULL,'2025-11-07',NULL,NULL,1),(1727,0,1649,2,'Travelling expense paid to Mr. Pravin for the day',120.00,2925.00,NULL,'2025-11-07',NULL,NULL,1),(1728,0,1650,2,'Travelling expense paid to Mr. Pravin for the day',120.00,6720.00,NULL,'2025-11-05',NULL,NULL,1),(1729,0,1651,2,'Drinking Water charges paid to Tanvi Water at Godown for Month - Oct-2025',315.00,6405.00,NULL,'2025-11-05',NULL,NULL,1),(1730,0,1652,2,'Tempo charges paid for Darshan Transport A/c Kasturi Engineering \r\nBill no. 948 * 04.11.2025',200.00,1961.00,NULL,'2025-11-04',NULL,NULL,1),(1731,0,1653,2,'Travelling Expense paid to Mr. Pravin for the day',120.00,1841.00,NULL,'2025-11-04',NULL,NULL,1),(1732,0,1654,2,'Freight paid to Aditya Transport A/c Chotiwala  , L..no. 945 * 03.11.2025\r\n',150.00,2471.00,NULL,'2025-11-03',NULL,NULL,1),(1733,0,1655,2,'Travelling expense paid to (Train Fare)  Mr. Pravin for 5 days\r\n28.10.25 To 01.11.25\r\n',150.00,2321.00,NULL,'2025-11-03',NULL,NULL,1),(1734,0,1656,2,'Travelling expense paid to Mr. Pravin for the day\r\n ',120.00,2201.00,NULL,'2025-11-03',NULL,NULL,1),(1735,0,1657,2,'Courier charges paid for mumbai office\r\n',40.00,2161.00,NULL,'2025-11-03',NULL,NULL,1),(1736,79,0,1,'UBImum',8154.00,9882.00,NULL,'2025-11-11',NULL,NULL,1),(1737,0,1658,2,'Tempo charges paid for Kalayatan cargo A/c BES For S.R.\r\nBill no. 2085 * 14.11.2025\r\n',200.00,6482.00,NULL,'2025-11-14',NULL,NULL,1),(1738,0,1659,2,'Unloading charges for 22 nos. from CGL, Bhiwandi',100.00,6382.00,NULL,'2025-11-15',NULL,NULL,1),(1739,0,1660,2,'Courier For Mumbai Office\r\n',40.00,6342.00,NULL,'2025-11-15',NULL,NULL,1),(1740,0,1661,2,'Tempo charges paid for Janhavi Transport A/c Maimoon Transport ,Bill no. 0990 * 13.11.2025',150.00,6682.00,NULL,'2025-11-13',NULL,NULL,1),(1741,0,1662,2,'Delivery charges paid for Kalamboli , A/c Shri Ganesh Transline for 4 nos..,bill no. 0975 * 11.11.2025\r\n',2200.00,7132.00,NULL,'2025-11-12',NULL,NULL,1),(1742,0,1663,2,'Tempo charges paid for Dashmesh transport A/c Cosmic\r\nbill no. 983 * 12.11.2025\r\n',300.00,6832.00,NULL,'2025-11-12',NULL,NULL,1),(1743,0,1664,2,'Tempo charges paid for Darshan Transport A/c Kasturi Engineering , bill no. 0874 * 11.11.2025',300.00,9582.00,NULL,'2025-11-11',NULL,NULL,1),(1744,0,1665,2,'Delivery charges by Auto foe Aditye A/c Chotiwala ,bill no. 0877 * 11.11.2025\r\n',100.00,9482.00,NULL,'2025-11-11',NULL,NULL,1),(1745,0,1666,2,'Freight charges paid to Aditya Transport A/c Chotiwala ,L.R. no. 8869 * 11.11.2025\r\n',150.00,9332.00,NULL,'2025-11-11',NULL,NULL,1),(1746,0,1667,2,'Tempo charges paid for , collected from V.Trans to Godown , L.R.no. 4022534711 * 05.11.2025',400.00,2405.00,NULL,'2025-11-10',NULL,NULL,1),(1747,0,1668,2,'Freight Service charges paid to V trans for 3 nos.from A\'bad Against L.R.4022534711 & Bill no. 242410527948 * 10.11.2025\r\n',177.00,2228.00,NULL,'2025-11-10',NULL,NULL,1),(1748,0,1669,2,'Tempo charges paid for , collected from SCIS TO Godown for 2 nos.15PF4 \r\n',300.00,1928.00,NULL,'2025-11-10',NULL,NULL,1),(1749,0,1670,2,'Tempo charges paid for , collected from SCIS to N.G,Transport A/c National Hydraulics , bill no. 966 * 10.11.2025\r\n',200.00,1728.00,NULL,'2025-11-10',NULL,NULL,1),(1750,0,1671,2,'Tempo charges paid for Darshan transport A/c  Kasturi Engineering  bill no. 1007 Dtd 19.11.2025',300.00,6042.00,NULL,'2025-11-19',NULL,NULL,1),(1751,0,1672,2,'Unloading charges at godown from CGL ,Bhiwandi for 68 nos.',150.00,5892.00,NULL,'2025-11-19',NULL,NULL,1),(1752,0,1673,2,'Tempo charges paid for , collected from V Trand to Godown ,from Amedabad ,L.R.no. 4022535781 * 17.11.25 for 5 nos.',400.00,5492.00,NULL,'2025-11-20',NULL,NULL,1),(1753,0,1674,2,'Freight service charges paid to V trans  against L.R.np. 4022535781 & Bill no. 242410539383 * 20.11.2025\r\n',224.00,5268.00,NULL,'2025-11-20',NULL,NULL,1),(1754,0,1675,2,'Auto fare paid for , collected from \r\nHiren Enterprise',150.00,5118.00,NULL,'2025-11-20',NULL,NULL,1),(1755,0,1676,2,'Unloading charges at Godown \r\nfrom CGL ,Bhiwandi ,for 29 nos.\r\n',200.00,4918.00,NULL,'2025-11-21',NULL,NULL,1),(1756,0,1677,2,'Freight service charges paid to V trans for 2 nos. against L.R.4022536005 * 19.11.25  & \r\nbill no. 242410541885 * 22.11.2025',112.00,4806.00,NULL,'2025-11-22',NULL,NULL,1),(1757,0,1678,2,'Delivery by Special tempo to Kalamboli A/c Ganesh Transline for mahalaxmi Generators \r\nbill no.1025 * 22.11.2025',2200.00,2606.00,NULL,'2025-11-22',NULL,NULL,1),(1758,0,1679,2,'Tempo charges paid for Shivbhakti transport A/c Chudekar ,bill no. 1027 * 22.11.2025\r\n',200.00,2406.00,NULL,'2025-11-22',NULL,NULL,1),(1759,0,1680,2,'Freight paid to Shivbhakti transport A/c Chudekar \r\nL.R.no. 8721 * 22.11.2025',100.00,2306.00,NULL,'2025-11-22',NULL,NULL,1),(1760,0,1681,2,'Courier charges for mumbai office\r\n',40.00,2266.00,NULL,'2025-11-22',NULL,NULL,1),(1761,0,1682,2,'Tempo charges paid to Sai Roadways A/c Yazad engg',300.00,1966.00,NULL,'2025-11-22',NULL,NULL,1),(1762,80,0,1,'PRAKASHPATILAC',2000.00,3516.00,NULL,'2025-11-25',NULL,NULL,1),(1763,0,1683,2,'Tempo charges paid for Bhavana Roadways\r\n(details pending)',200.00,1766.00,NULL,'2025-11-24',NULL,NULL,1),(1764,0,1684,2,'Tempo charges paid for Kalayatan cargo\r\n(details pending )',250.00,1516.00,NULL,'2025-11-24',NULL,NULL,1),(1765,0,1685,2,'Tempo charges paid for , collected from SCIS to godown\r\n(details pending)\r\nfor 1.50KNE4 Flg - 1',200.00,3316.00,NULL,'2025-11-25',NULL,NULL,1),(1766,0,1686,2,'Tempo charges paid for Bhadra Transport A/c Thorat  filteration \r\n',300.00,3016.00,NULL,'2025-11-25',NULL,NULL,1),(1767,0,1687,2,'Freight paid to Bhadra Transport A/c Thorat( details Pending)',800.00,2216.00,NULL,'2025-11-25',NULL,NULL,1),(1768,0,1688,2,'Tempo charges paid for Joglekar Transport A/c Jayshree Corpn\r\n',200.00,2016.00,NULL,'2025-11-25',NULL,NULL,1),(1769,81,0,1,'PRAVINAC',5221.00,6887.00,NULL,'2025-11-27',NULL,NULL,1),(1770,0,1689,2,'Travelling expense paid to Mr. Pravin For 9 days  @30/- per day\r\nfrom 10.11 to 19.11.25 attend at Mumbai office',270.00,1346.00,NULL,'2025-11-29',NULL,NULL,1),(1771,0,1690,2,'Courier charges paid for Mumbai office',40.00,1306.00,NULL,'2025-11-29',NULL,NULL,1),(1772,0,1691,2,'Travelling expense paid to Mr.Pravin for the day\r\n',120.00,1186.00,NULL,'2025-11-29',NULL,NULL,1),(1773,0,1692,2,'Tempo charges paid for , collected from Steel o fsb & V trans  to godown\r\nL.R.no.4023043628 * 24.11.25\r\nfrom basic , gear pump',500.00,3367.00,NULL,'2025-11-28',NULL,NULL,1),(1774,0,1693,2,'Freight paid to V Trans  against L.R. 4023043628 & bill no. 24241054838 * 28.11.2025',581.00,2786.00,NULL,'2025-11-28',NULL,NULL,1),(1775,0,1694,2,'Tempo charges paid for Thane Motor Lorry  & dashmesh Roadlines A/c Kasturi Engg & Cappro Engineers',450.00,2336.00,NULL,'2025-11-28',NULL,NULL,1),(1776,0,1695,2,'Freight paid To Thane Motor Lorry a/c Cappro L.R.no. 6902 * 28.11.2025\r\n',300.00,2036.00,NULL,'2025-11-28',NULL,NULL,1),(1777,0,1696,2,'Tempo charges paid for , Collected From SCIS to Godown\r\n3.70KX2 - 1',300.00,1736.00,NULL,'2025-11-28',NULL,NULL,1),(1778,0,1697,2,'Travelling Expense Paid to Mr. Pravin for the day',120.00,1616.00,NULL,'2025-11-28',NULL,NULL,1),(1779,0,1698,2,'Delivery Charges by Special Tempo to kalamboli A/c Ganesh Transline for 6 Nos.',2400.00,4487.00,NULL,'2025-11-27',NULL,NULL,1),(1780,0,1699,2,'Tempo charges paid For ,Collected from JMT 7 Booked to Shivbhakti A/c Castle Ship',200.00,4287.00,NULL,'2025-11-27',NULL,NULL,1),(1781,0,1700,2,'Tempo charges paid for , Collected from SCIS to Godown for 5.50EF4 Flg - 1',300.00,3987.00,NULL,'2025-11-27',NULL,NULL,1),(1782,0,1701,2,'Travelling Expense paid to Mr. Pravin For the day',120.00,3867.00,NULL,'2025-11-27',NULL,NULL,1),(1783,0,1702,2,'Tempo charges paid for Anaya Transport A/c Intech Pulveriser',200.00,1816.00,NULL,'2025-11-26',NULL,NULL,1),(1784,0,1703,2,'Unloading charges at godown for 18 Nos. from CGL',150.00,1666.00,NULL,'2025-11-26',NULL,NULL,1),(1785,82,0,1,'ubi',8859.00,10045.00,NULL,'2025-12-02',NULL,NULL,1);
/*!40000 ALTER TABLE `mx_credit_debit` ENABLE KEYS */;
UNLOCK TABLES;

--
-- Table structure for table `mx_credit_note`
--

DROP TABLE IF EXISTS `mx_credit_note`;
/*!40101 SET @saved_cs_client     = @@character_set_client */;
/*!40101 SET character_set_client = utf8 */;
CREATE TABLE `mx_credit_note` (
  `creditNoteID` int(11) NOT NULL AUTO_INCREMENT,
  `creditNoteNo` varchar(50) NOT NULL,
  `creditNoteDate` date NOT NULL,
  `entityType` enum('Distributor','Customer','Location') NOT NULL,
  `entityID` int(11) NOT NULL,
  `entityName` varchar(200) DEFAULT NULL,
  `entityGSTIN` varchar(50) DEFAULT NULL,
  `invoiceType` enum('B2B','PNP','Other') NOT NULL,
  `invoiceID` int(11) DEFAULT NULL,
  `invoiceNo` varchar(50) DEFAULT NULL,
  `warehouseID` int(11) DEFAULT NULL,
  `reason` enum('Sales Return','Discount','Rate Difference','Quality Issue','Shortage','Invoice Cancellation','Other') DEFAULT 'Other',
  `reasonDetails` text DEFAULT NULL,
  `subtotal` decimal(15,2) DEFAULT 0.00,
  `discountAmount` decimal(15,2) DEFAULT 0.00,
  `taxableAmount` decimal(15,2) DEFAULT 0.00,
  `cgstRate` decimal(5,2) DEFAULT 9.00,
  `cgstAmount` decimal(15,2) DEFAULT 0.00,
  `sgstRate` decimal(5,2) DEFAULT 9.00,
  `sgstAmount` decimal(15,2) DEFAULT 0.00,
  `igstRate` decimal(5,2) DEFAULT 0.00,
  `igstAmount` decimal(15,2) DEFAULT 0.00,
  `totalAmount` decimal(15,2) NOT NULL,
  `adjustedAmount` decimal(15,2) DEFAULT 0.00,
  `balanceAmount` decimal(15,2) DEFAULT 0.00,
  `creditNoteStatus` enum('Draft','Approved','Partially Adjusted','Fully Adjusted','Cancelled') DEFAULT 'Draft',
  `approvedBy` int(11) DEFAULT NULL,
  `approvedDate` datetime DEFAULT NULL,
  `notes` text DEFAULT NULL,
  `createdBy` int(11) DEFAULT NULL,
  `created` datetime DEFAULT current_timestamp(),
  `modified` datetime DEFAULT NULL ON UPDATE current_timestamp(),
  `status` tinyint(4) DEFAULT 1,
  PRIMARY KEY (`creditNoteID`),
  UNIQUE KEY `creditNoteNo` (`creditNoteNo`),
  KEY `idx_entity` (`entityType`,`entityID`),
  KEY `idx_invoice` (`invoiceType`,`invoiceID`),
  KEY `idx_status` (`creditNoteStatus`)
) ENGINE=InnoDB AUTO_INCREMENT=3 DEFAULT CHARSET=utf8mb4 COLLATE=utf8mb4_unicode_ci;
/*!40101 SET character_set_client = @saved_cs_client */;

--
-- Dumping data for table `mx_credit_note`
--

LOCK TABLES `mx_credit_note` WRITE;
/*!40000 ALTER TABLE `mx_credit_note` DISABLE KEYS */;
INSERT INTO `mx_credit_note` VALUES (1,'CN-20251229-0001','2025-12-29','Location',2,'Kavita Rao',NULL,'PNP',1,'INV-20251225-0001',3,'Invoice Cancellation','Test auto credit note generation',1800.00,0.00,1800.00,9.00,162.00,9.00,162.00,0.00,0.00,2124.00,0.00,2124.00,'Approved',0,'2025-12-29 03:33:59','Auto-generated on PNP invoice cancellation',0,'2025-12-29 03:33:59',NULL,1),(2,'CN-20251229-0002','2025-12-29','Distributor',1,'Sharma Traders','27AABCS1234H1ZX','B2B',1,'INV-2024-0089',1,'Invoice Cancellation','order is cancelled',63500.00,0.00,62500.00,9.00,5715.00,9.00,5715.00,0.00,0.00,74930.00,0.00,74930.00,'Approved',0,'2025-12-29 03:40:28','Auto-generated on invoice cancellation',0,'2025-12-29 03:40:28',NULL,1);
/*!40000 ALTER TABLE `mx_credit_note` ENABLE KEYS */;
UNLOCK TABLES;

--
-- Table structure for table `mx_credit_note_item`
--

DROP TABLE IF EXISTS `mx_credit_note_item`;
/*!40101 SET @saved_cs_client     = @@character_set_client */;
/*!40101 SET character_set_client = utf8 */;
CREATE TABLE `mx_credit_note_item` (
  `itemID` int(11) NOT NULL AUTO_INCREMENT,
  `creditNoteID` int(11) NOT NULL,
  `productID` int(11) DEFAULT NULL,
  `productSKU` varchar(50) DEFAULT NULL,
  `productName` varchar(255) DEFAULT NULL,
  `hsnCode` varchar(20) DEFAULT NULL,
  `quantity` decimal(10,2) DEFAULT 1.00,
  `uom` varchar(20) DEFAULT 'Pcs',
  `unitPrice` decimal(15,2) DEFAULT 0.00,
  `discountPercent` decimal(5,2) DEFAULT 0.00,
  `discountAmount` decimal(15,2) DEFAULT 0.00,
  `taxableAmount` decimal(15,2) DEFAULT 0.00,
  `gstRate` decimal(5,2) DEFAULT 18.00,
  `cgstAmount` decimal(15,2) DEFAULT 0.00,
  `sgstAmount` decimal(15,2) DEFAULT 0.00,
  `igstAmount` decimal(15,2) DEFAULT 0.00,
  `totalAmount` decimal(15,2) DEFAULT 0.00,
  `stockRestored` tinyint(4) DEFAULT 0,
  `status` tinyint(4) DEFAULT 1,
  PRIMARY KEY (`itemID`),
  KEY `creditNoteID` (`creditNoteID`),
  CONSTRAINT `mx_credit_note_item_ibfk_1` FOREIGN KEY (`creditNoteID`) REFERENCES `mx_credit_note` (`creditNoteID`) ON DELETE CASCADE
) ENGINE=InnoDB AUTO_INCREMENT=4 DEFAULT CHARSET=utf8mb4 COLLATE=utf8mb4_unicode_ci;
/*!40101 SET character_set_client = @saved_cs_client */;

--
-- Dumping data for table `mx_credit_note_item`
--

LOCK TABLES `mx_credit_note_item` WRITE;
/*!40000 ALTER TABLE `mx_credit_note_item` DISABLE KEYS */;
INSERT INTO `mx_credit_note_item` VALUES (1,2,1,'BP-VERTEX-04','Bullpadel Vertex 04 Comfort','72163300',2.00,'Pcs',18500.00,0.00,0.00,37000.00,18.00,3330.00,3330.00,0.00,43660.00,1,1),(2,2,4,'BP-BAG-PRO','Bullpadel Pro Racket Bag','73041110',4.00,'Pcs',4500.00,0.00,0.00,18000.00,18.00,1620.00,1620.00,0.00,21240.00,1,1),(3,2,5,'BP-BALL-3P','Bullpadel Premium Balls (3 Pack)','73041910',10.00,'Pcs',850.00,0.00,0.00,8500.00,18.00,765.00,765.00,0.00,10030.00,1,1);
/*!40000 ALTER TABLE `mx_credit_note_item` ENABLE KEYS */;
UNLOCK TABLES;

--
-- Table structure for table `mx_currency`
--

DROP TABLE IF EXISTS `mx_currency`;
/*!40101 SET @saved_cs_client     = @@character_set_client */;
/*!40101 SET character_set_client = utf8 */;
CREATE TABLE `mx_currency` (
  `currencyID` int(11) NOT NULL AUTO_INCREMENT,
  `orgID` int(11) NOT NULL DEFAULT 0,
  `currencyName` varchar(100) DEFAULT NULL,
  `rate` decimal(7,2) NOT NULL DEFAULT 0.00,
  `isDefault` int(11) NOT NULL DEFAULT 0,
  `status` tinyint(1) NOT NULL DEFAULT 1,
  PRIMARY KEY (`currencyID`)
) ENGINE=InnoDB AUTO_INCREMENT=7 DEFAULT CHARSET=utf8 COLLATE=utf8_unicode_ci;
/*!40101 SET character_set_client = @saved_cs_client */;

--
-- Dumping data for table `mx_currency`
--

LOCK TABLES `mx_currency` WRITE;
/*!40000 ALTER TABLE `mx_currency` DISABLE KEYS */;
INSERT INTO `mx_currency` VALUES (1,1,'INR',1.00,0,1),(2,2,'INR',1.00,0,1),(3,3,'INR',1.00,0,1),(4,4,'INR',0.00,0,1),(5,5,'INR',1.00,1,1),(6,1,'EURO',1.00,0,0);
/*!40000 ALTER TABLE `mx_currency` ENABLE KEYS */;
UNLOCK TABLES;

--
-- Table structure for table `mx_customer`
--

DROP TABLE IF EXISTS `mx_customer`;
/*!40101 SET @saved_cs_client     = @@character_set_client */;
/*!40101 SET character_set_client = utf8 */;
CREATE TABLE `mx_customer` (
  `customerID` int(11) NOT NULL AUTO_INCREMENT,
  `orgID` int(11) NOT NULL DEFAULT 0,
  `customerName` varchar(200) DEFAULT NULL,
  `addressLine` varchar(400) DEFAULT NULL,
  `postalCode` varchar(30) DEFAULT NULL,
  `emailID` varchar(100) DEFAULT NULL,
  `contactPerson` varchar(100) DEFAULT NULL,
  `phoneNo` varchar(30) DEFAULT NULL,
  `stateID` int(11) DEFAULT 0,
  `cityName` varchar(100) DEFAULT NULL,
  `gstNumber` varchar(50) DEFAULT NULL,
  `panNumber` varchar(50) DEFAULT NULL,
  `isActive` int(11) NOT NULL DEFAULT 1 COMMENT '1=active , 0=deactive',
  `status` tinyint(1) NOT NULL DEFAULT 1,
  PRIMARY KEY (`customerID`)
) ENGINE=InnoDB AUTO_INCREMENT=10 DEFAULT CHARSET=utf8 COLLATE=utf8_unicode_ci;
/*!40101 SET character_set_client = @saved_cs_client */;

--
-- Dumping data for table `mx_customer`
--

LOCK TABLES `mx_customer` WRITE;
/*!40000 ALTER TABLE `mx_customer` DISABLE KEYS */;
INSERT INTO `mx_customer` VALUES (1,0,'Shiv laminates',NULL,NULL,NULL,NULL,NULL,24,NULL,NULL,NULL,1,1),(2,1,'Rohan Mehta','12 Palm Grove, Bandra West','400050','rohan.mehta@gmail.com','Rohan Mehta','9876543001',1,'Mumbai',NULL,'ABCPM1234A',1,1),(3,1,'Ananya Krishnan','45 Lake View Apartments','560001','ananya.k@gmail.com','Ananya Krishnan','9876543002',2,'Bangalore',NULL,'ABCPK2345B',1,1),(4,1,'Karan Malhotra','78 Green Park Colony','110001','karan.m@outlook.com','Karan Malhotra','9876543003',3,'Delhi',NULL,'ABCPM3456C',1,1),(5,1,'Pooja Sharma','23 Riverside Enclave','411001','pooja.s@yahoo.com','Pooja Sharma','9876543004',1,'Pune',NULL,'ABCPS4567D',1,1),(6,1,'Siddharth Nair','56 Techno Park Road','682001','sid.nair@gmail.com','Siddharth Nair','9876543005',4,'Kochi',NULL,'ABCPN5678E',1,1),(7,1,'Divya Reddy','89 Film Nagar','500001','divya.r@gmail.com','Divya Reddy','9876543006',5,'Hyderabad',NULL,'ABCPR6789F',1,1),(8,1,'Arjun Kapoor','34 Civil Lines','380001','arjun.k@gmail.com','Arjun Kapoor','9876543007',6,'Ahmedabad',NULL,'ABCPK7890G',1,1),(9,1,'Snehal Desai','67 Marine Drive','400020','snehal.d@gmail.com','Snehal Desai','9876543008',1,'Mumbai',NULL,'ABCPD8901H',1,1);
/*!40000 ALTER TABLE `mx_customer` ENABLE KEYS */;
UNLOCK TABLES;

--
-- Table structure for table `mx_debit_note`
--

DROP TABLE IF EXISTS `mx_debit_note`;
/*!40101 SET @saved_cs_client     = @@character_set_client */;
/*!40101 SET character_set_client = utf8 */;
CREATE TABLE `mx_debit_note` (
  `debitNoteID` int(11) NOT NULL AUTO_INCREMENT,
  `debitNoteNo` varchar(50) NOT NULL,
  `debitNoteDate` date NOT NULL,
  `entityType` enum('Distributor','Customer','Location') NOT NULL,
  `entityID` int(11) NOT NULL,
  `entityName` varchar(200) DEFAULT NULL,
  `entityGSTIN` varchar(50) DEFAULT NULL,
  `invoiceType` enum('B2B','PNP','Other') NOT NULL,
  `invoiceID` int(11) DEFAULT NULL,
  `invoiceNo` varchar(50) DEFAULT NULL,
  `warehouseID` int(11) DEFAULT NULL,
  `reason` enum('Additional Charges','Rate Correction','Shipping','Handling','Interest','Other') DEFAULT 'Other',
  `reasonDetails` text DEFAULT NULL,
  `subtotal` decimal(15,2) DEFAULT 0.00,
  `discountAmount` decimal(15,2) DEFAULT 0.00,
  `taxableAmount` decimal(15,2) DEFAULT 0.00,
  `cgstRate` decimal(5,2) DEFAULT 9.00,
  `cgstAmount` decimal(15,2) DEFAULT 0.00,
  `sgstRate` decimal(5,2) DEFAULT 9.00,
  `sgstAmount` decimal(15,2) DEFAULT 0.00,
  `igstRate` decimal(5,2) DEFAULT 0.00,
  `igstAmount` decimal(15,2) DEFAULT 0.00,
  `totalAmount` decimal(15,2) NOT NULL,
  `collectedAmount` decimal(15,2) DEFAULT 0.00,
  `balanceAmount` decimal(15,2) DEFAULT 0.00,
  `debitNoteStatus` enum('Draft','Approved','Partially Collected','Fully Collected','Cancelled') DEFAULT 'Draft',
  `approvedBy` int(11) DEFAULT NULL,
  `approvedDate` datetime DEFAULT NULL,
  `notes` text DEFAULT NULL,
  `createdBy` int(11) DEFAULT NULL,
  `created` datetime DEFAULT current_timestamp(),
  `modified` datetime DEFAULT NULL ON UPDATE current_timestamp(),
  `status` tinyint(4) DEFAULT 1,
  PRIMARY KEY (`debitNoteID`),
  UNIQUE KEY `debitNoteNo` (`debitNoteNo`),
  KEY `idx_entity` (`entityType`,`entityID`),
  KEY `idx_invoice` (`invoiceType`,`invoiceID`),
  KEY `idx_status` (`debitNoteStatus`)
) ENGINE=InnoDB DEFAULT CHARSET=utf8mb4 COLLATE=utf8mb4_unicode_ci;
/*!40101 SET character_set_client = @saved_cs_client */;

--
-- Dumping data for table `mx_debit_note`
--

LOCK TABLES `mx_debit_note` WRITE;
/*!40000 ALTER TABLE `mx_debit_note` DISABLE KEYS */;
/*!40000 ALTER TABLE `mx_debit_note` ENABLE KEYS */;
UNLOCK TABLES;

--
-- Table structure for table `mx_debit_note_item`
--

DROP TABLE IF EXISTS `mx_debit_note_item`;
/*!40101 SET @saved_cs_client     = @@character_set_client */;
/*!40101 SET character_set_client = utf8 */;
CREATE TABLE `mx_debit_note_item` (
  `itemID` int(11) NOT NULL AUTO_INCREMENT,
  `debitNoteID` int(11) NOT NULL,
  `productID` int(11) DEFAULT NULL,
  `productSKU` varchar(50) DEFAULT NULL,
  `productName` varchar(255) DEFAULT NULL,
  `hsnCode` varchar(20) DEFAULT NULL,
  `quantity` decimal(10,2) DEFAULT 1.00,
  `uom` varchar(20) DEFAULT 'Pcs',
  `unitPrice` decimal(15,2) DEFAULT 0.00,
  `discountPercent` decimal(5,2) DEFAULT 0.00,
  `discountAmount` decimal(15,2) DEFAULT 0.00,
  `taxableAmount` decimal(15,2) DEFAULT 0.00,
  `gstRate` decimal(5,2) DEFAULT 18.00,
  `cgstAmount` decimal(15,2) DEFAULT 0.00,
  `sgstAmount` decimal(15,2) DEFAULT 0.00,
  `igstAmount` decimal(15,2) DEFAULT 0.00,
  `totalAmount` decimal(15,2) DEFAULT 0.00,
  `stockDeducted` tinyint(4) DEFAULT 0,
  `status` tinyint(4) DEFAULT 1,
  PRIMARY KEY (`itemID`),
  KEY `debitNoteID` (`debitNoteID`),
  CONSTRAINT `mx_debit_note_item_ibfk_1` FOREIGN KEY (`debitNoteID`) REFERENCES `mx_debit_note` (`debitNoteID`) ON DELETE CASCADE
) ENGINE=InnoDB DEFAULT CHARSET=utf8mb4 COLLATE=utf8mb4_unicode_ci;
/*!40101 SET character_set_client = @saved_cs_client */;

--
-- Dumping data for table `mx_debit_note_item`
--

LOCK TABLES `mx_debit_note_item` WRITE;
/*!40000 ALTER TABLE `mx_debit_note_item` DISABLE KEYS */;
/*!40000 ALTER TABLE `mx_debit_note_item` ENABLE KEYS */;
UNLOCK TABLES;

--
-- Table structure for table `mx_distributor`
--

DROP TABLE IF EXISTS `mx_distributor`;
/*!40101 SET @saved_cs_client     = @@character_set_client */;
/*!40101 SET character_set_client = utf8 */;
CREATE TABLE `mx_distributor` (
  `distributorID` int(11) NOT NULL AUTO_INCREMENT,
  `distributorCode` varchar(20) NOT NULL,
  `companyName` varchar(200) NOT NULL,
  `tradeName` varchar(200) DEFAULT NULL,
  `contactPerson` varchar(100) DEFAULT NULL,
  `designation` varchar(100) DEFAULT NULL,
  `mobile` varchar(20) DEFAULT NULL,
  `phone` varchar(20) DEFAULT NULL,
  `email` varchar(150) DEFAULT NULL,
  `website` varchar(200) DEFAULT NULL,
  `distributorType` enum('Distributor','Dealer','Retailer','Institutional','Government') DEFAULT 'Distributor',
  `businessType` enum('Proprietorship','Partnership','LLP','Pvt Ltd','Public Ltd','Government') DEFAULT 'Proprietorship',
  `gstin` varchar(15) DEFAULT NULL,
  `panNo` varchar(10) DEFAULT NULL,
  `tanNo` varchar(10) DEFAULT NULL,
  `cinNo` varchar(25) DEFAULT NULL,
  `billingAddress` text DEFAULT NULL,
  `billingCity` varchar(100) DEFAULT NULL,
  `billingState` varchar(100) DEFAULT NULL,
  `billingStateCode` varchar(2) DEFAULT NULL,
  `billingPincode` varchar(6) DEFAULT NULL,
  `shippingAddress` text DEFAULT NULL,
  `shippingCity` varchar(100) DEFAULT NULL,
  `shippingState` varchar(100) DEFAULT NULL,
  `shippingStateCode` varchar(2) DEFAULT NULL,
  `shippingPincode` varchar(6) DEFAULT NULL,
  `sameAsBilling` tinyint(4) DEFAULT 1,
  `creditLimit` decimal(15,2) DEFAULT 0.00,
  `creditDays` int(11) DEFAULT 30,
  `creditStatus` enum('Active','On Hold','Blocked','COD Only') DEFAULT 'Active',
  `currentOutstanding` decimal(15,2) DEFAULT 0.00,
  `priceListID` int(11) DEFAULT NULL,
  `baseDiscount` decimal(5,2) DEFAULT 0.00,
  `territoryID` int(11) DEFAULT NULL,
  `salesPersonID` int(11) DEFAULT NULL,
  `bankName` varchar(100) DEFAULT NULL,
  `bankBranch` varchar(100) DEFAULT NULL,
  `accountNo` varchar(30) DEFAULT NULL,
  `ifscCode` varchar(15) DEFAULT NULL,
  `isActive` tinyint(4) DEFAULT 1,
  `status` tinyint(4) DEFAULT 1,
  `createdBy` int(11) DEFAULT NULL,
  `created` datetime DEFAULT current_timestamp(),
  `modified` datetime DEFAULT NULL ON UPDATE current_timestamp(),
  PRIMARY KEY (`distributorID`),
  UNIQUE KEY `distributorCode` (`distributorCode`),
  KEY `idx_company` (`companyName`),
  KEY `idx_gstin` (`gstin`),
  KEY `idx_credit_status` (`creditStatus`),
  KEY `idx_territory` (`territoryID`)
) ENGINE=InnoDB AUTO_INCREMENT=6 DEFAULT CHARSET=utf8mb4 COLLATE=utf8mb4_unicode_ci;
/*!40101 SET character_set_client = @saved_cs_client */;

--
-- Dumping data for table `mx_distributor`
--

LOCK TABLES `mx_distributor` WRITE;
/*!40000 ALTER TABLE `mx_distributor` DISABLE KEYS */;
INSERT INTO `mx_distributor` VALUES (1,'DST-001','Padel Sports India',NULL,'Arjun Mehta',NULL,'9876543210','022-12345678','arjun@padelsportsindia.com',NULL,'Distributor','Proprietorship','27AABCS1234H1ZX','AABCS1234H',NULL,NULL,'Unit 5, Sports Complex, Bandra West','Mumbai','Maharashtra',NULL,'400069',NULL,NULL,NULL,NULL,NULL,1,500000.00,30,'Active',50070.00,NULL,0.00,NULL,NULL,NULL,NULL,NULL,NULL,1,1,NULL,'2025-12-29 00:36:29','2025-12-29 03:40:29'),(2,'DST-002','GameOn Sports Academy',NULL,'Priya Sharma',NULL,'9988776655','022-87654321','priya@gameonsports.in',NULL,'Retailer','Proprietorship','27AABCP5678G2ZY','AABCP5678G',NULL,NULL,'123 FC Road, Shivajinagar','Pune','Maharashtra',NULL,'400601',NULL,NULL,NULL,NULL,NULL,1,300000.00,15,'Active',75000.00,NULL,0.00,NULL,NULL,NULL,NULL,NULL,NULL,1,1,NULL,'2025-12-29 00:36:29','2025-12-29 00:44:10'),(3,'DST-003','Gujarat Padel Club',NULL,'Rohan Patel',NULL,'9123456789','079-23456789','rohan@gujaratpadel.com',NULL,'Institutional','Proprietorship','24AABCG9012F3ZZ','AABCG9012F',NULL,NULL,'Sports Arena, SG Highway','Ahmedabad','Gujarat',NULL,'380015',NULL,NULL,NULL,NULL,NULL,1,750000.00,45,'On Hold',450000.00,NULL,0.00,NULL,NULL,NULL,NULL,NULL,NULL,1,1,NULL,'2025-12-29 00:36:29','2025-12-29 00:44:10'),(4,'DST-004','Delhi Racket Sports',NULL,'Vikram Singh',NULL,'9876123456','011-34567890','vikram@delhiracket.com',NULL,'Dealer','Proprietorship','07AABCD3456E4ZA','AABCD3456E',NULL,NULL,'B-42 Connaught Place','New Delhi','Delhi',NULL,'110005',NULL,NULL,NULL,NULL,NULL,1,200000.00,15,'Active',0.00,NULL,0.00,NULL,NULL,NULL,NULL,NULL,NULL,1,1,NULL,'2025-12-29 00:36:29','2025-12-29 00:44:10'),(5,'DST-005','South Sports Distributors',NULL,'Karthik Rao',NULL,'9445566778','044-45678901','karthik@southsports.in',NULL,'Distributor','Proprietorship','33AABCS7890D5ZB','AABCS7890D',NULL,NULL,'MG Road, Indiranagar','Bangalore','Tamil Nadu',NULL,'600040',NULL,NULL,NULL,NULL,NULL,1,1000000.00,60,'Active',280000.00,NULL,0.00,NULL,NULL,NULL,NULL,NULL,NULL,1,1,NULL,'2025-12-29 00:36:29','2025-12-29 00:44:10');
/*!40000 ALTER TABLE `mx_distributor` ENABLE KEYS */;
UNLOCK TABLES;

--
-- Table structure for table `mx_distributor_contact`
--

DROP TABLE IF EXISTS `mx_distributor_contact`;
/*!40101 SET @saved_cs_client     = @@character_set_client */;
/*!40101 SET character_set_client = utf8 */;
CREATE TABLE `mx_distributor_contact` (
  `contactID` int(11) NOT NULL AUTO_INCREMENT,
  `distributorID` int(11) NOT NULL,
  `contactName` varchar(100) NOT NULL,
  `designation` varchar(100) DEFAULT NULL,
  `department` enum('Purchase','Accounts','Logistics','Management','Other') DEFAULT 'Purchase',
  `mobile` varchar(20) DEFAULT NULL,
  `email` varchar(150) DEFAULT NULL,
  `isPrimary` tinyint(4) DEFAULT 0,
  `status` tinyint(4) DEFAULT 1,
  PRIMARY KEY (`contactID`),
  KEY `distributorID` (`distributorID`),
  CONSTRAINT `mx_distributor_contact_ibfk_1` FOREIGN KEY (`distributorID`) REFERENCES `mx_distributor` (`distributorID`) ON DELETE CASCADE
) ENGINE=InnoDB DEFAULT CHARSET=utf8mb4 COLLATE=utf8mb4_unicode_ci;
/*!40101 SET character_set_client = @saved_cs_client */;

--
-- Dumping data for table `mx_distributor_contact`
--

LOCK TABLES `mx_distributor_contact` WRITE;
/*!40000 ALTER TABLE `mx_distributor_contact` DISABLE KEYS */;
/*!40000 ALTER TABLE `mx_distributor_contact` ENABLE KEYS */;
UNLOCK TABLES;

--
-- Table structure for table `mx_distributor_contract`
--

DROP TABLE IF EXISTS `mx_distributor_contract`;
/*!40101 SET @saved_cs_client     = @@character_set_client */;
/*!40101 SET character_set_client = utf8 */;
CREATE TABLE `mx_distributor_contract` (
  `contractID` int(11) NOT NULL AUTO_INCREMENT,
  `contractNo` varchar(50) NOT NULL,
  `distributorID` int(11) NOT NULL,
  `contractType` enum('Rate Contract','Annual Agreement','Volume Commitment','Exclusive') DEFAULT 'Rate Contract',
  `validFrom` date NOT NULL,
  `validTo` date NOT NULL,
  `paymentTerms` text DEFAULT NULL,
  `deliveryTerms` text DEFAULT NULL,
  `specialTerms` text DEFAULT NULL,
  `targetValue` decimal(15,2) DEFAULT 0.00,
  `targetQty` decimal(15,2) DEFAULT 0.00,
  `achievedValue` decimal(15,2) DEFAULT 0.00,
  `achievedQty` decimal(15,2) DEFAULT 0.00,
  `contractDiscount` decimal(5,2) DEFAULT 0.00,
  `targetAchievementBonus` decimal(5,2) DEFAULT 0.00,
  `contractStatus` enum('Draft','Active','Expired','Terminated','Renewed') DEFAULT 'Draft',
  `status` tinyint(4) DEFAULT 1,
  `createdBy` int(11) DEFAULT NULL,
  `created` datetime DEFAULT current_timestamp(),
  PRIMARY KEY (`contractID`),
  UNIQUE KEY `contractNo` (`contractNo`),
  KEY `distributorID` (`distributorID`),
  KEY `idx_status` (`contractStatus`),
  KEY `idx_validity` (`validFrom`,`validTo`),
  CONSTRAINT `mx_distributor_contract_ibfk_1` FOREIGN KEY (`distributorID`) REFERENCES `mx_distributor` (`distributorID`)
) ENGINE=InnoDB DEFAULT CHARSET=utf8mb4 COLLATE=utf8mb4_unicode_ci;
/*!40101 SET character_set_client = @saved_cs_client */;

--
-- Dumping data for table `mx_distributor_contract`
--

LOCK TABLES `mx_distributor_contract` WRITE;
/*!40000 ALTER TABLE `mx_distributor_contract` DISABLE KEYS */;
/*!40000 ALTER TABLE `mx_distributor_contract` ENABLE KEYS */;
UNLOCK TABLES;

--
-- Table structure for table `mx_distributor_contract_item`
--

DROP TABLE IF EXISTS `mx_distributor_contract_item`;
/*!40101 SET @saved_cs_client     = @@character_set_client */;
/*!40101 SET character_set_client = utf8 */;
CREATE TABLE `mx_distributor_contract_item` (
  `itemID` int(11) NOT NULL AUTO_INCREMENT,
  `contractID` int(11) NOT NULL,
  `productID` int(11) NOT NULL,
  `contractRate` decimal(15,2) NOT NULL,
  `minQty` decimal(10,2) DEFAULT 0.00,
  `maxQty` decimal(10,2) DEFAULT NULL,
  `status` tinyint(4) DEFAULT 1,
  PRIMARY KEY (`itemID`),
  KEY `contractID` (`contractID`),
  CONSTRAINT `mx_distributor_contract_item_ibfk_1` FOREIGN KEY (`contractID`) REFERENCES `mx_distributor_contract` (`contractID`) ON DELETE CASCADE
) ENGINE=InnoDB DEFAULT CHARSET=utf8mb4 COLLATE=utf8mb4_unicode_ci;
/*!40101 SET character_set_client = @saved_cs_client */;

--
-- Dumping data for table `mx_distributor_contract_item`
--

LOCK TABLES `mx_distributor_contract_item` WRITE;
/*!40000 ALTER TABLE `mx_distributor_contract_item` DISABLE KEYS */;
/*!40000 ALTER TABLE `mx_distributor_contract_item` ENABLE KEYS */;
UNLOCK TABLES;

--
-- Table structure for table `mx_distributor_ledger`
--

DROP TABLE IF EXISTS `mx_distributor_ledger`;
/*!40101 SET @saved_cs_client     = @@character_set_client */;
/*!40101 SET character_set_client = utf8 */;
CREATE TABLE `mx_distributor_ledger` (
  `ledgerID` bigint(20) NOT NULL AUTO_INCREMENT,
  `distributorID` int(11) NOT NULL,
  `transactionDate` date NOT NULL,
  `transactionType` enum('Opening','Invoice','Payment','Credit Note','Debit Note','Adjustment','Interest') NOT NULL,
  `referenceType` varchar(50) DEFAULT NULL,
  `referenceID` int(11) DEFAULT NULL,
  `referenceNo` varchar(50) DEFAULT NULL,
  `debitAmount` decimal(15,2) DEFAULT 0.00,
  `creditAmount` decimal(15,2) DEFAULT 0.00,
  `balanceAmount` decimal(15,2) DEFAULT 0.00,
  `narration` text DEFAULT NULL,
  `createdBy` int(11) DEFAULT NULL,
  `created` datetime DEFAULT current_timestamp(),
  PRIMARY KEY (`ledgerID`),
  KEY `distributorID` (`distributorID`),
  KEY `idx_trans_date` (`transactionDate`),
  KEY `idx_reference` (`referenceType`,`referenceID`),
  CONSTRAINT `mx_distributor_ledger_ibfk_1` FOREIGN KEY (`distributorID`) REFERENCES `mx_distributor` (`distributorID`)
) ENGINE=InnoDB DEFAULT CHARSET=utf8mb4 COLLATE=utf8mb4_unicode_ci;
/*!40101 SET character_set_client = @saved_cs_client */;

--
-- Dumping data for table `mx_distributor_ledger`
--

LOCK TABLES `mx_distributor_ledger` WRITE;
/*!40000 ALTER TABLE `mx_distributor_ledger` DISABLE KEYS */;
/*!40000 ALTER TABLE `mx_distributor_ledger` ENABLE KEYS */;
UNLOCK TABLES;

--
-- Table structure for table `mx_driver_management`
--

DROP TABLE IF EXISTS `mx_driver_management`;
/*!40101 SET @saved_cs_client     = @@character_set_client */;
/*!40101 SET character_set_client = utf8 */;
CREATE TABLE `mx_driver_management` (
  `driverManagementID` int(11) NOT NULL AUTO_INCREMENT,
  `userID` int(11) NOT NULL DEFAULT 0,
  `dmDate` date DEFAULT NULL,
  `fromTime` datetime DEFAULT NULL,
  `toTime` datetime DEFAULT NULL,
  `otherExpense` text DEFAULT NULL,
  `expenseAmt` decimal(11,2) NOT NULL DEFAULT 0.00,
  `overtimeHrs` float(11,2) NOT NULL DEFAULT 0.00,
  `totalOvertimePay` float(11,2) NOT NULL DEFAULT 0.00,
  `dinnerAllowance` float(11,2) NOT NULL DEFAULT 0.00,
  `taxiAllowance` float(11,2) NOT NULL DEFAULT 0.00,
  `sunAllowance` float(11,2) NOT NULL DEFAULT 0.00,
  `totalPay` float(11,2) NOT NULL DEFAULT 0.00,
  `supportingDoc` varchar(150) DEFAULT NULL,
  `recordType` tinyint(1) NOT NULL DEFAULT 0,
  `isVerify` tinyint(1) NOT NULL DEFAULT 0,
  `isSettled` tinyint(4) NOT NULL DEFAULT 0,
  `status` tinyint(1) NOT NULL DEFAULT 1,
  PRIMARY KEY (`driverManagementID`)
) ENGINE=InnoDB AUTO_INCREMENT=917 DEFAULT CHARSET=utf8mb4 COLLATE=utf8mb4_general_ci;
/*!40101 SET character_set_client = @saved_cs_client */;

--
-- Dumping data for table `mx_driver_management`
--

LOCK TABLES `mx_driver_management` WRITE;
/*!40000 ALTER TABLE `mx_driver_management` DISABLE KEYS */;
INSERT INTO `mx_driver_management` VALUES (1,1,'2023-05-19','2023-05-19 09:00:00','2023-05-19 23:00:00','Parking',120.00,4.00,300.00,150.00,0.00,0.00,570.00,'parking-19-05-2023.pdf',3,1,0,0),(2,1,'2023-05-20','2023-05-20 09:00:00','2023-05-20 22:00:00',NULL,0.00,3.00,225.00,150.00,0.00,0.00,375.00,NULL,3,1,0,0),(3,1,'2023-05-22','2023-05-22 09:00:00','2023-05-22 21:00:00',NULL,0.00,2.00,150.00,0.00,0.00,0.00,150.00,NULL,3,1,0,0),(4,1,'2023-05-24','2023-05-24 09:00:00','2023-05-24 20:00:00','Parking',100.00,1.00,75.00,0.00,0.00,0.00,175.00,'parking-24-05-2023.pdf',3,1,0,0),(5,1,'2023-05-27','2023-05-27 09:00:00','2023-05-28 00:00:00',NULL,0.00,5.00,375.00,150.00,100.00,0.00,625.00,NULL,3,1,0,0),(6,1,'2023-05-29','2023-05-29 09:00:00','2023-05-29 21:00:00',NULL,0.00,2.00,150.00,0.00,0.00,0.00,150.00,NULL,3,1,0,0),(7,1,'2023-06-03','2023-06-03 09:00:00','2023-06-03 20:00:00',NULL,0.00,1.00,75.00,0.00,0.00,0.00,75.00,NULL,3,1,0,0),(8,1,'2023-06-06','2023-06-06 09:00:00','2023-06-06 21:00:00',NULL,0.00,2.00,150.00,0.00,0.00,0.00,150.00,NULL,3,1,0,0),(9,1,'2023-06-09','2023-06-09 07:00:00','2023-06-09 20:00:00',NULL,0.00,3.00,225.00,0.00,0.00,0.00,225.00,NULL,3,1,0,0),(10,1,'2023-06-10','2023-06-10 09:00:00','2023-06-10 20:00:00',NULL,0.00,1.00,75.00,0.00,0.00,0.00,75.00,NULL,3,1,0,0),(11,1,'2023-06-11','2023-06-11 09:00:00','2023-06-11 20:00:00','Petrol Expenses',5600.00,0.00,0.00,0.00,0.00,600.00,6200.00,'parking-11-06-2023.pdf',3,1,0,0),(12,1,'2023-06-13','2023-06-13 09:00:00','2023-06-13 21:00:00',NULL,0.00,2.00,150.00,0.00,0.00,0.00,150.00,NULL,3,1,0,0),(13,1,'2023-06-15','2023-06-15 08:00:00','2023-06-15 20:00:00',NULL,0.00,2.00,150.00,0.00,0.00,0.00,150.00,NULL,3,1,0,0),(14,1,'2023-06-17','2023-06-17 09:00:00','2023-06-17 23:00:00',NULL,0.00,4.00,300.00,150.00,0.00,0.00,450.00,NULL,3,1,0,0),(15,1,'2023-08-10','2023-08-10 10:00:00','2023-08-10 21:00:00',NULL,0.00,1.00,75.00,0.00,0.00,0.00,75.00,NULL,3,1,0,0),(16,1,'2023-08-12','2023-08-12 10:00:00','2023-08-13 00:00:00',NULL,0.00,4.00,300.00,150.00,100.00,0.00,550.00,NULL,3,1,0,0),(17,1,'2023-08-14','2023-08-14 10:00:00','2023-08-14 22:00:00',NULL,0.00,2.00,150.00,150.00,0.00,0.00,300.00,NULL,3,1,0,0),(18,1,'2023-08-15','2023-08-15 10:00:00','2023-08-15 20:00:00',NULL,600.00,0.00,0.00,0.00,0.00,0.00,600.00,NULL,3,1,0,0),(19,1,'2023-08-17','2023-08-17 10:00:00','2023-08-17 21:00:00',NULL,0.00,1.00,75.00,0.00,0.00,0.00,75.00,NULL,3,1,0,0),(20,1,'2023-08-19','2023-08-19 10:00:00','2023-08-19 21:00:00',NULL,0.00,1.00,75.00,0.00,0.00,0.00,75.00,NULL,3,1,0,0),(21,1,'2023-08-22','2023-08-22 10:00:00','2023-08-22 21:00:00',NULL,0.00,1.00,75.00,0.00,0.00,0.00,75.00,NULL,3,1,0,0),(22,1,'2023-08-25','2023-08-25 10:00:00','2023-08-25 22:00:00',NULL,0.00,2.00,150.00,150.00,0.00,0.00,300.00,NULL,3,1,0,0),(23,1,'2023-08-27','2023-08-27 00:00:00','2023-08-27 00:00:00',NULL,0.00,0.00,0.00,0.00,0.00,0.00,0.00,NULL,3,1,0,0),(24,1,'2023-08-28','2023-08-28 10:00:00','2023-08-28 22:00:00',NULL,0.00,2.00,150.00,150.00,0.00,0.00,300.00,NULL,3,1,0,0),(25,1,'2023-08-26','2023-08-26 09:00:00','2023-08-27 01:00:00',NULL,0.00,6.00,450.00,150.00,100.00,0.00,700.00,NULL,3,1,0,0),(26,1,'2023-08-29','2023-08-29 10:00:00','2023-08-29 21:00:00',NULL,0.00,1.00,75.00,0.00,0.00,0.00,75.00,NULL,3,1,0,0),(27,1,'2023-08-30','2023-08-30 10:00:00','2023-08-30 23:00:00',NULL,0.00,3.00,225.00,150.00,0.00,0.00,375.00,NULL,3,1,0,0),(28,1,'2023-08-31','2023-08-31 09:00:00','2023-09-01 01:00:00','Car Parking Expenses',100.00,6.00,450.00,150.00,100.00,0.00,800.00,'parking-expenses.pdf',3,1,0,0),(29,1,'2023-09-01','2023-09-01 10:00:00','2023-09-02 00:00:00',NULL,0.00,4.00,300.00,150.00,100.00,0.00,550.00,NULL,3,1,0,0),(30,1,'2023-09-02','2023-09-02 09:00:00','2023-09-03 01:00:00',NULL,0.00,6.00,450.00,150.00,100.00,0.00,700.00,NULL,3,1,0,0),(31,1,'2023-09-04','2023-09-04 10:00:00','2023-09-04 23:00:00',NULL,0.00,3.00,225.00,150.00,0.00,0.00,375.00,NULL,3,1,0,0),(32,1,'2023-09-05','2023-09-05 09:00:00','2023-09-05 21:00:00',NULL,0.00,2.00,150.00,0.00,0.00,0.00,150.00,NULL,3,1,0,0),(33,1,'2023-09-06','2023-09-06 10:00:00','2023-09-06 22:00:00',NULL,0.00,2.00,150.00,150.00,0.00,0.00,300.00,NULL,3,1,0,0),(34,1,'2023-09-07','0000-00-00 00:00:00','0000-00-00 00:00:00','Taxi fare (No supporting document)',155.00,0.00,0.00,0.00,0.00,0.00,155.00,NULL,3,1,0,0),(35,1,'2023-09-08','0000-00-00 00:00:00','0000-00-00 00:00:00','Tyre pumcher & Service',650.00,0.00,0.00,0.00,0.00,0.00,650.00,'tyre-pumpcher-service.pdf',3,1,0,0),(36,1,'2023-09-09','2023-09-09 09:00:00','2023-09-10 00:00:00',NULL,0.00,5.00,375.00,150.00,100.00,0.00,625.00,NULL,3,1,0,0),(37,1,'2023-09-12','2023-09-12 09:00:00','2023-09-12 21:00:00',NULL,0.00,2.00,150.00,0.00,0.00,0.00,150.00,NULL,3,1,0,0),(38,1,'2023-09-14','2023-09-14 10:00:00','2023-09-14 23:00:00',NULL,0.00,3.00,225.00,150.00,0.00,0.00,375.00,NULL,3,1,0,0),(39,1,'2023-09-16','2023-09-16 09:00:00','2023-09-17 01:00:00',NULL,0.00,6.00,450.00,150.00,100.00,0.00,700.00,NULL,3,1,0,0),(40,1,'2023-09-17','0000-00-00 00:00:00','0000-00-00 00:00:00',NULL,0.00,0.00,0.00,0.00,0.00,0.00,0.00,NULL,3,1,0,0),(41,1,'2024-02-15','2024-02-15 10:00:00','2024-02-16 01:00:00',NULL,0.00,5.00,375.00,150.00,100.00,0.00,625.00,NULL,3,1,0,0),(42,1,'2024-02-04','2024-02-04 10:00:00','2024-02-04 18:00:00',NULL,0.00,0.00,0.00,0.00,0.00,600.00,600.00,NULL,3,1,0,0),(45,1,'2024-03-23','2024-03-23 10:00:00','2024-03-23 20:00:00',NULL,0.00,0.00,0.00,0.00,0.00,0.00,0.00,NULL,1,0,0,0),(46,1,'2024-03-24','2024-03-24 10:00:00','2024-03-24 20:00:00',NULL,0.00,0.00,0.00,0.00,0.00,600.00,600.00,NULL,1,0,0,0),(47,1,'2024-03-25','2024-03-25 20:00:00','2024-03-25 00:00:00',NULL,0.00,0.00,0.00,0.00,0.00,0.00,0.00,NULL,1,0,0,0),(48,1,'2024-03-26','2024-03-26 10:00:00','2024-03-26 20:00:00',NULL,0.00,0.00,0.00,0.00,0.00,0.00,0.00,NULL,3,1,0,0),(49,1,'2024-03-27','2024-03-27 10:00:00',NULL,NULL,0.00,0.00,0.00,0.00,0.00,0.00,0.00,NULL,1,0,0,0),(54,1,'2024-03-28','2024-03-28 10:00:00','2024-03-28 20:00:00',NULL,0.00,0.00,0.00,0.00,0.00,0.00,0.00,NULL,1,0,0,0),(55,1,'2024-03-29','2024-03-29 10:00:00','2024-03-29 20:00:00',NULL,0.00,0.00,0.00,0.00,0.00,0.00,0.00,NULL,1,0,0,0),(56,1,'2024-03-30','2024-03-30 10:00:00','2024-03-30 20:00:00',NULL,0.00,0.00,0.00,0.00,0.00,0.00,0.00,NULL,1,0,0,0),(57,1,'2024-03-31','2024-03-31 10:00:00','2024-03-31 20:00:00',NULL,0.00,0.00,0.00,0.00,0.00,600.00,600.00,NULL,1,0,0,0),(58,1,'2024-04-01','2024-04-01 10:00:00','2024-04-01 23:00:00',NULL,0.00,3.00,225.00,150.00,0.00,0.00,375.00,NULL,3,1,1,1),(59,1,'2024-04-02','2024-04-02 09:00:00','2024-04-02 20:00:00',NULL,0.00,1.00,75.00,0.00,0.00,0.00,75.00,NULL,3,1,1,1),(60,1,'2024-04-03','2024-04-03 10:00:00','2024-04-03 20:00:00',NULL,0.00,0.00,0.00,0.00,0.00,0.00,0.00,NULL,3,1,0,1),(61,1,'2024-04-04','2024-04-04 09:00:00','2024-04-04 20:00:00','Parking Charges',45.00,1.00,75.00,0.00,0.00,0.00,120.00,NULL,3,1,1,1),(62,1,'2024-04-05','2024-04-05 10:00:00','2024-04-05 21:45:35',NULL,0.00,1.76,131.00,0.00,0.00,0.00,131.00,NULL,3,1,1,1),(63,1,'2024-04-05','2024-04-05 21:45:44','2024-04-06 08:54:02',NULL,0.00,1.14,85.00,150.00,100.00,0.00,335.00,NULL,2,1,1,1),(64,1,'2024-04-06','2024-04-06 09:00:00','2024-04-07 00:00:00',NULL,0.00,5.00,375.00,150.00,100.00,0.00,625.00,NULL,2,1,0,0),(65,1,'2024-04-06','2024-04-06 08:55:08','2024-04-06 23:43:00',NULL,0.00,4.80,359.00,150.00,0.00,0.00,509.00,NULL,2,1,1,1),(66,1,'2024-04-07','2024-04-07 00:09:14','2024-04-07 20:00:00',NULL,0.00,0.00,0.00,0.00,0.00,600.00,600.00,NULL,2,1,0,0),(67,1,'2024-04-08','2024-04-08 10:00:00','2024-04-08 20:00:00',NULL,0.00,0.00,0.00,0.00,0.00,0.00,0.00,NULL,3,1,0,1),(68,1,'2024-04-09','2024-04-09 10:00:00','2024-04-09 23:00:00',NULL,0.00,3.00,225.00,150.00,0.00,0.00,375.00,NULL,3,1,1,1),(69,1,'2024-04-10','2024-04-10 10:00:00','2024-04-10 20:00:00',NULL,0.00,0.00,0.00,0.00,0.00,0.00,0.00,NULL,3,1,0,1),(70,1,'2024-04-11','2024-04-11 10:00:00','2024-04-11 20:00:00','Atria Mall Parking',150.00,0.00,0.00,0.00,0.00,0.00,150.00,'parking-bill-11-04-2024.pdf',3,1,1,1),(71,1,'2024-04-12','2024-04-12 10:00:00','2024-04-12 20:00:00',NULL,0.00,0.00,0.00,0.00,0.00,0.00,0.00,NULL,3,1,0,1),(72,1,'2024-04-13','2024-04-13 10:00:00','2024-04-13 23:46:00',NULL,0.00,3.77,282.00,150.00,0.00,0.00,432.00,NULL,3,1,1,1),(73,1,'2024-04-14','2024-04-14 17:00:00','2024-04-14 20:00:00',NULL,0.00,0.00,0.00,0.00,0.00,0.00,0.00,NULL,3,1,0,1),(74,1,'2024-04-15','2024-04-15 10:00:00','2024-04-15 20:00:00',NULL,0.00,0.00,0.00,0.00,0.00,0.00,0.00,NULL,3,1,0,1),(75,1,'2024-04-16','2024-04-16 10:00:00','2024-04-16 20:00:00',NULL,0.00,0.00,0.00,0.00,0.00,0.00,0.00,NULL,3,1,0,1),(76,1,'2024-04-17','2024-04-17 10:00:00','2024-04-17 20:00:00',NULL,0.00,0.00,0.00,0.00,0.00,0.00,0.00,NULL,3,1,0,1),(77,1,'2024-04-18','2024-04-18 10:00:00','2024-04-18 20:00:00',NULL,0.00,0.00,0.00,0.00,0.00,0.00,0.00,NULL,3,1,0,1),(78,1,'2024-04-19','2024-04-19 10:00:00','2024-04-19 20:00:00',NULL,0.00,0.00,0.00,0.00,0.00,0.00,0.00,NULL,3,1,0,1),(79,1,'2024-04-18','2024-04-19 09:00:00','2024-04-19 20:00:00',NULL,0.00,1.00,75.00,0.00,0.00,0.00,75.00,NULL,3,1,1,1),(80,1,'2024-04-20','2024-04-20 09:01:44','2024-04-20 20:00:00',NULL,0.00,0.97,72.00,0.00,0.00,0.00,72.00,NULL,2,1,1,1),(81,1,'2024-04-21','2024-04-21 10:00:00','2024-04-21 20:00:00',NULL,0.00,0.00,0.00,0.00,0.00,600.00,600.00,NULL,3,1,0,0),(82,1,'2024-04-22','2024-04-22 10:00:00','2024-04-22 20:00:00',NULL,0.00,0.00,0.00,0.00,0.00,0.00,0.00,NULL,3,1,0,1),(83,1,'2024-04-23','2024-04-23 09:05:09','2024-04-23 20:00:00',NULL,0.00,0.91,68.00,0.00,0.00,0.00,68.00,NULL,2,1,1,1),(84,1,'2024-04-24','2024-04-24 10:00:00','2024-04-25 00:15:00',NULL,0.00,4.25,318.00,150.00,100.00,0.00,568.00,NULL,3,1,1,1),(85,1,'2024-04-25','2024-04-25 09:03:49','2024-04-25 20:00:00',NULL,0.00,0.94,70.00,0.00,0.00,0.00,70.00,NULL,2,1,1,1),(86,1,'2024-04-26','2024-04-26 10:00:00','2024-04-27 00:22:02','Parking Bill of  Skoda',50.00,4.37,327.00,150.00,100.00,0.00,627.00,'parking-26-04-2024.jpg',3,1,1,1),(87,1,'2024-04-27','2024-04-27 10:00:00','2024-04-27 20:00:00',NULL,0.00,0.00,0.00,0.00,0.00,0.00,0.00,NULL,3,1,0,1),(88,1,'2024-04-28','2024-04-28 18:00:00','2024-04-28 22:00:00',NULL,0.00,0.00,0.00,0.00,0.00,450.00,450.00,NULL,3,1,1,1),(89,1,'2024-04-29','2024-04-29 10:00:00','2024-04-29 23:57:23',NULL,0.00,3.96,296.00,150.00,0.00,0.00,446.00,NULL,3,1,1,1),(90,1,'2024-04-30','2024-04-30 10:00:00','2024-04-30 20:00:00',NULL,0.00,0.00,0.00,0.00,0.00,0.00,0.00,NULL,3,1,0,1),(91,1,'2024-05-01','2024-05-01 10:05:02','2024-05-01 20:05:10',NULL,0.00,0.00,0.00,0.00,0.00,0.00,0.00,NULL,2,1,0,1),(92,1,'2024-05-02','2024-05-02 10:00:00','2024-05-02 20:00:00',NULL,0.00,0.00,0.00,0.00,0.00,0.00,0.00,NULL,3,1,0,1),(93,1,'2024-05-03','2024-05-03 10:00:00','2024-05-03 22:28:21',NULL,0.00,2.47,185.00,150.00,0.00,0.00,335.00,NULL,3,1,1,1),(94,1,'2024-05-04','2024-05-04 10:00:00','2024-05-05 02:02:58',NULL,0.00,6.05,453.00,150.00,100.00,0.00,703.00,NULL,3,1,1,1),(95,1,'2024-05-05','2024-05-05 17:03:06','2024-05-05 20:00:00',NULL,0.00,0.00,0.00,0.00,0.00,0.00,0.00,NULL,2,1,1,1),(96,1,'2024-05-06','2024-05-06 10:00:00','2024-05-06 20:00:00',NULL,0.00,0.00,0.00,0.00,0.00,0.00,0.00,NULL,3,1,0,1),(97,1,'2024-05-07','2024-05-07 10:00:00','2024-05-07 21:27:56',NULL,0.00,1.47,109.00,0.00,0.00,0.00,109.00,NULL,3,1,1,1),(98,1,'2024-05-08','2024-05-08 10:00:00','2024-05-08 20:00:00',NULL,0.00,0.00,0.00,0.00,0.00,0.00,0.00,NULL,3,1,0,1),(99,1,'2024-05-09','2024-05-09 09:01:05','2024-05-09 20:00:00',NULL,0.00,0.98,73.00,0.00,0.00,0.00,73.00,NULL,2,1,1,1),(100,1,'2024-05-10','2024-05-10 10:00:00','2024-05-11 00:38:37',NULL,0.00,4.64,348.00,150.00,100.00,0.00,598.00,NULL,3,1,1,1),(101,1,'2024-05-11','2024-05-11 10:00:00','2024-05-11 23:31:18',NULL,0.00,3.52,264.00,150.00,0.00,0.00,414.00,NULL,2,1,1,1),(102,1,'2024-05-12','2024-05-12 10:00:00','2024-05-12 20:00:00',NULL,0.00,0.00,0.00,0.00,0.00,600.00,600.00,NULL,3,1,0,0),(103,1,'2024-05-13','2024-05-13 09:18:24','2024-05-14 01:53:57',NULL,0.00,6.59,494.00,150.00,100.00,0.00,744.00,NULL,2,1,1,1),(104,1,'2024-05-14','2024-05-14 10:00:19','2024-05-14 20:00:00',NULL,0.00,-0.01,0.00,0.00,0.00,0.00,0.00,NULL,2,1,0,1),(105,1,'2024-05-15','2024-05-15 10:00:00','2024-05-15 20:00:00',NULL,0.00,0.00,0.00,0.00,0.00,0.00,0.00,NULL,3,1,0,1),(106,1,'2024-05-16','2024-05-16 10:00:00','2024-05-16 23:33:06',NULL,0.00,3.55,266.00,150.00,0.00,0.00,416.00,NULL,3,1,1,1),(107,1,'2024-05-17','2024-05-17 10:00:00','2024-05-18 02:57:27',NULL,0.00,6.96,521.00,150.00,100.00,0.00,771.00,NULL,3,1,1,1),(108,1,'2024-05-18','2024-05-18 10:01:39','2024-05-19 03:39:06',NULL,0.00,7.62,571.00,150.00,100.00,0.00,821.00,NULL,2,1,1,1),(109,1,'2024-05-19','2024-05-19 03:39:15','2024-05-19 20:00:00',NULL,0.00,0.00,0.00,0.00,0.00,600.00,600.00,NULL,2,1,0,0),(110,1,'2024-05-20','2024-05-20 10:00:00','2024-05-20 20:00:00',NULL,0.00,0.00,0.00,0.00,0.00,0.00,0.00,NULL,3,1,0,1),(111,1,'2024-05-21','2024-05-21 09:00:49','2024-05-21 20:00:00',NULL,0.00,0.99,73.00,0.00,0.00,0.00,73.00,NULL,2,1,1,1),(112,1,'2024-05-22','2024-05-22 10:00:00','2024-05-22 20:00:00',NULL,0.00,0.00,0.00,0.00,0.00,0.00,0.00,NULL,3,1,0,1),(113,1,'2024-05-23','2024-05-23 08:59:42','2024-05-23 20:00:00',NULL,0.00,1.01,75.00,0.00,0.00,0.00,75.00,NULL,2,1,1,1),(114,1,'2024-05-24','2024-05-24 10:00:00','2024-05-24 22:53:17',NULL,0.00,2.89,216.00,150.00,0.00,0.00,366.00,NULL,3,1,1,1),(115,1,'2024-05-25','2024-05-25 10:00:00','2024-05-26 00:09:46',NULL,0.00,4.16,312.00,150.00,100.00,0.00,562.00,NULL,3,1,1,1),(116,1,'2024-05-26','2024-05-26 10:00:00','2024-05-26 20:00:00',NULL,0.00,0.00,0.00,0.00,0.00,600.00,600.00,NULL,3,1,1,1),(117,1,'2024-05-27','2024-05-27 10:00:00','2024-05-27 20:00:00',NULL,0.00,0.00,0.00,0.00,0.00,0.00,0.00,NULL,3,1,0,1),(118,1,'2024-05-28','2024-05-28 10:00:00','2024-05-28 23:03:16',NULL,0.00,3.05,229.00,150.00,0.00,0.00,379.00,NULL,3,1,1,1),(119,1,'2024-05-29','2024-05-29 10:00:00','2024-05-29 20:00:00',NULL,0.00,0.00,0.00,0.00,0.00,0.00,0.00,NULL,3,1,0,1),(120,1,'2024-05-30','2024-05-30 10:00:00','2024-05-30 22:39:20','Airport Parking Expenses',250.00,2.66,199.00,150.00,0.00,0.00,599.00,'parking-bill-29-05-2024.pdf',3,1,1,1),(121,1,'2024-05-31','2024-05-31 10:00:00','2024-05-31 20:00:00',NULL,0.00,0.00,0.00,0.00,0.00,0.00,0.00,NULL,3,1,0,1),(122,1,'2024-06-01','2024-06-01 10:00:00','2024-06-01 21:42:19',NULL,0.00,1.71,127.00,0.00,0.00,0.00,127.00,NULL,3,1,1,1),(123,1,'2024-08-20','2024-08-20 09:00:00','2024-08-20 18:00:00',NULL,0.00,0.00,0.00,0.00,0.00,0.00,0.00,NULL,3,1,1,1),(124,1,'2024-06-03','2024-06-03 10:00:00','2024-06-03 21:16:22',NULL,0.00,1.27,95.00,0.00,0.00,0.00,95.00,NULL,3,1,1,1),(125,1,'2024-06-04','2024-06-04 10:00:00','2024-06-04 20:00:00',NULL,0.00,0.00,0.00,0.00,0.00,0.00,0.00,NULL,3,1,0,1),(126,1,'2024-06-05','2024-06-05 10:00:00','2024-06-05 23:37:25',NULL,0.00,3.62,271.00,150.00,0.00,0.00,421.00,NULL,3,1,0,1),(127,1,'2024-06-06','2024-06-06 10:00:00','2024-06-06 20:00:00',NULL,0.00,0.00,0.00,0.00,0.00,0.00,0.00,NULL,3,1,0,1),(128,1,'2024-06-07','2024-06-07 10:00:00','2024-06-07 20:00:00','Parking charges  paid at phoenix Palladium of Vehicle No MH01DT0331.',150.00,0.00,0.00,0.00,0.00,0.00,150.00,'parking-bill-07-06-2024.jpg',3,1,1,1),(129,1,'2024-06-08','2024-06-08 10:00:00','2024-06-08 20:00:00',NULL,0.00,0.00,0.00,0.00,0.00,0.00,0.00,NULL,3,1,0,1),(130,1,'2024-06-09','2024-06-09 10:00:00','2024-06-09 20:00:00',NULL,0.00,0.00,0.00,0.00,0.00,600.00,600.00,NULL,3,1,0,0),(131,1,'2024-06-10','2024-06-10 10:00:00','2024-06-10 22:53:42',NULL,0.00,2.89,217.00,150.00,0.00,0.00,367.00,NULL,3,1,1,1),(132,1,'2024-06-11','2024-06-11 08:59:38','2024-06-12 00:01:00',NULL,0.00,5.02,376.00,150.00,100.00,0.00,626.00,NULL,2,1,1,1),(133,1,'2024-06-12','2024-06-12 10:00:00','2024-06-13 00:50:10',NULL,0.00,4.84,362.00,150.00,100.00,0.00,612.00,NULL,2,1,1,1),(134,1,'2024-06-13','2024-06-13 10:00:17','2024-06-13 23:30:57',NULL,0.00,3.51,263.00,150.00,0.00,0.00,413.00,NULL,2,1,1,1),(135,1,'2024-06-14','2024-06-14 10:00:00','2024-06-14 20:00:00',NULL,0.00,0.00,0.00,0.00,0.00,0.00,0.00,NULL,3,1,0,1),(136,1,'2024-06-15','2024-06-15 10:00:00','2024-06-15 21:34:29',NULL,0.00,1.57,118.00,0.00,0.00,0.00,118.00,NULL,3,1,1,1),(137,1,'2024-06-16','2024-06-16 10:00:00','2024-06-16 20:00:00',NULL,0.00,0.00,0.00,0.00,0.00,600.00,600.00,NULL,3,1,0,0),(138,1,'2024-06-17','2024-06-17 10:00:00','2024-06-17 20:00:00',NULL,0.00,0.00,0.00,0.00,0.00,0.00,0.00,NULL,3,1,0,1),(139,1,'2024-06-18','2024-06-18 10:00:00','2024-06-18 20:00:00',NULL,0.00,0.00,0.00,0.00,0.00,0.00,0.00,NULL,3,1,0,1),(140,1,'2024-06-19','2024-06-19 10:00:00','2024-06-19 20:00:00',NULL,0.00,0.00,0.00,0.00,0.00,0.00,0.00,NULL,3,1,0,1),(141,1,'2024-06-20','2024-06-20 10:00:00','2024-06-20 20:00:00',NULL,0.00,0.00,0.00,0.00,0.00,0.00,0.00,NULL,3,1,0,1),(142,1,'2024-06-21','2024-06-21 10:00:00','2024-06-21 20:00:00',NULL,0.00,0.00,0.00,0.00,0.00,0.00,0.00,NULL,3,1,0,1),(143,1,'2024-06-22','2024-06-22 09:00:00','2024-06-22 22:00:00',NULL,0.00,3.00,225.00,150.00,0.00,0.00,375.00,NULL,3,1,0,1),(144,1,'2024-06-23','2024-06-23 10:00:00','2024-06-23 20:00:00',NULL,0.00,0.00,0.00,0.00,0.00,600.00,600.00,NULL,3,1,0,1),(145,1,'2024-06-24','2024-06-24 10:00:00','2024-06-24 23:00:00',NULL,0.00,3.00,225.00,150.00,0.00,0.00,375.00,NULL,3,1,1,1),(146,1,'2024-06-25','2024-06-25 10:00:00','2024-06-25 20:00:00',NULL,0.00,0.00,0.00,0.00,0.00,0.00,0.00,NULL,1,0,0,1),(147,1,'2024-06-26','2024-06-26 09:00:00','2024-06-26 20:00:00',NULL,0.00,1.00,75.00,0.00,0.00,0.00,75.00,NULL,3,1,1,1),(148,1,'2024-06-27','2024-06-27 09:00:00','2024-06-27 22:40:00',NULL,0.00,3.67,274.00,150.00,0.00,0.00,424.00,NULL,3,1,1,1),(149,1,'2024-06-28','2024-06-28 10:00:00','2024-06-29 02:55:23',NULL,0.00,6.92,519.00,150.00,100.00,0.00,769.00,NULL,3,1,1,1),(150,1,'2024-06-29','2024-06-29 10:00:00','2024-06-29 20:00:00',NULL,0.00,0.00,0.00,0.00,0.00,0.00,0.00,NULL,3,1,0,1),(151,1,'2024-06-30','2024-06-30 10:00:00','2024-06-30 23:15:02','Tax fare paid and Rs.500 advanced given by Paritosh sir to Dilkush. ',160.00,0.00,0.00,0.00,0.00,600.00,760.00,NULL,3,1,1,1),(152,1,'2024-07-01','2024-07-01 10:00:00','2024-07-01 21:53:00',NULL,0.00,1.88,141.00,0.00,0.00,0.00,141.00,NULL,3,1,1,1),(153,1,'2024-07-02','2024-07-02 09:00:16','2024-07-02 22:00:00',NULL,0.00,3.00,224.00,150.00,0.00,0.00,374.00,NULL,2,1,1,1),(154,1,'2024-07-03','2024-07-03 10:00:00','2024-07-03 23:59:00',NULL,0.00,3.98,298.00,150.00,100.00,0.00,548.00,NULL,3,1,1,1),(155,1,'2024-07-04','2024-07-04 09:00:00','2024-07-04 23:24:14',NULL,0.00,4.40,330.00,150.00,0.00,0.00,480.00,NULL,3,1,1,1),(156,1,'2024-07-05','2024-07-05 10:00:00','2024-07-05 20:00:00',NULL,0.00,0.00,0.00,0.00,0.00,0.00,0.00,NULL,3,1,0,1),(157,1,'2024-07-06','2024-07-06 09:00:48','2024-07-07 00:55:52',NULL,0.00,5.92,443.00,150.00,100.00,0.00,693.00,NULL,2,1,1,1),(158,1,'2024-07-07','2024-07-07 09:00:52','2024-07-07 22:12:00',NULL,0.00,0.00,0.00,0.00,0.00,600.00,600.00,NULL,2,1,1,0),(159,1,'2024-07-08','2024-07-08 10:00:00','2024-07-08 20:00:00',NULL,0.00,0.00,0.00,0.00,0.00,0.00,0.00,NULL,1,0,0,1),(160,1,'2024-07-09','2024-07-09 10:00:00','2024-07-09 20:00:00',NULL,0.00,0.00,0.00,0.00,0.00,0.00,0.00,NULL,1,0,0,1),(161,1,'2024-07-10','2024-07-10 10:00:00','2024-07-10 20:00:00',NULL,0.00,0.00,0.00,0.00,0.00,0.00,0.00,NULL,1,0,0,1),(162,1,'2024-07-11','2024-07-11 09:05:52','2024-07-11 20:00:00',NULL,0.00,0.90,67.00,0.00,0.00,0.00,67.00,NULL,2,1,1,1),(163,1,'2024-07-12','2024-07-12 10:00:00','2024-07-12 20:00:00',NULL,0.00,0.00,0.00,0.00,0.00,0.00,0.00,NULL,1,0,0,1),(164,1,'2024-07-13','2024-07-13 10:00:00','2024-07-14 02:21:36',NULL,0.00,6.36,476.00,150.00,100.00,0.00,727.00,NULL,3,1,0,1),(165,1,'2024-07-14','2024-07-14 10:00:00','2024-07-14 20:00:00',NULL,0.00,0.00,0.00,0.00,0.00,600.00,600.00,NULL,1,0,0,0),(166,1,'2024-07-15','2024-07-15 10:00:00','2024-07-15 20:00:00',NULL,0.00,0.00,0.00,0.00,0.00,0.00,0.00,NULL,3,1,0,1),(167,1,'2024-07-16','2024-07-16 10:00:00','2024-07-16 20:00:00',NULL,0.00,0.00,0.00,0.00,0.00,0.00,0.00,NULL,1,0,0,1),(168,1,'2024-07-17','2024-07-17 10:00:00','2024-07-17 20:00:00',NULL,0.00,0.00,0.00,0.00,0.00,0.00,0.00,NULL,1,0,0,1),(169,1,'2024-07-18','2024-07-18 10:00:00','2024-07-18 20:00:00',NULL,0.00,0.00,0.00,0.00,0.00,0.00,0.00,NULL,1,0,0,1),(170,1,'2024-07-19','2024-07-19 10:00:00','2024-07-19 20:00:00',NULL,0.00,0.00,0.00,0.00,0.00,0.00,0.00,NULL,1,0,0,1),(171,1,'2024-07-20','2024-07-20 10:00:00','2024-07-20 20:00:00',NULL,0.00,0.00,0.00,0.00,0.00,0.00,0.00,NULL,1,0,0,1),(172,1,'2024-07-21','2024-07-21 10:00:00','2024-07-21 20:00:00',NULL,0.00,0.00,0.00,0.00,0.00,600.00,600.00,NULL,1,0,0,0),(173,1,'2024-07-22','2024-07-22 10:00:00','2024-07-22 20:00:00',NULL,0.00,0.00,0.00,0.00,0.00,0.00,0.00,NULL,1,0,0,1),(174,1,'2024-07-23','2024-07-23 10:00:00','2024-07-23 20:00:00',NULL,0.00,0.00,0.00,0.00,0.00,0.00,0.00,NULL,1,0,0,1),(175,1,'2024-07-24','2024-07-24 10:00:00','2024-07-24 20:00:00',NULL,0.00,0.00,0.00,0.00,0.00,0.00,0.00,NULL,1,0,0,1),(176,1,'2024-07-25','2024-07-25 10:00:00','2024-07-25 20:00:00',NULL,0.00,0.00,0.00,0.00,0.00,0.00,0.00,NULL,1,0,0,1),(177,1,'2024-07-26','2024-07-26 10:00:00','2024-07-26 20:00:00',NULL,0.00,0.00,0.00,0.00,0.00,0.00,0.00,NULL,1,0,0,1),(178,1,'2024-07-27','2024-07-27 10:00:00','2024-07-27 20:00:00',NULL,0.00,0.00,0.00,0.00,0.00,0.00,0.00,NULL,1,0,0,1),(179,1,'2024-07-28','2024-07-28 10:00:00','2024-07-28 20:00:00',NULL,0.00,0.00,0.00,0.00,0.00,600.00,600.00,NULL,1,0,0,0),(180,1,'2024-07-29','2024-07-29 10:00:00','2024-07-29 20:00:00',NULL,0.00,0.00,0.00,0.00,0.00,0.00,0.00,NULL,1,0,0,1),(181,1,'2024-07-30','2024-07-30 10:00:00','2024-07-30 20:00:00',NULL,0.00,0.00,0.00,0.00,0.00,0.00,0.00,NULL,1,0,0,1),(182,1,'2024-07-31','2024-07-31 10:00:00','2024-07-31 20:00:00',NULL,0.00,0.00,0.00,0.00,0.00,0.00,0.00,NULL,1,0,0,1),(183,1,'2024-08-01','2024-08-01 10:00:00','2024-08-01 20:00:00',NULL,0.00,0.00,0.00,0.00,0.00,0.00,0.00,NULL,1,0,0,1),(184,1,'2024-08-02','2024-08-02 10:00:00','2024-08-02 20:00:00',NULL,0.00,0.00,0.00,0.00,0.00,0.00,0.00,NULL,1,0,0,1),(185,1,'2024-08-03','2024-08-03 10:00:00','2024-08-03 20:00:00',NULL,0.00,0.00,0.00,0.00,0.00,0.00,0.00,NULL,1,0,0,1),(186,1,'2024-08-04','2024-08-04 10:00:00','2024-08-04 20:00:00',NULL,0.00,0.00,0.00,0.00,0.00,600.00,600.00,NULL,1,0,0,0),(187,1,'2024-08-05','2024-08-05 10:00:00','2024-08-05 20:00:00',NULL,0.00,0.00,0.00,0.00,0.00,0.00,0.00,NULL,1,0,0,1),(188,1,'2024-08-06','2024-08-06 10:00:00','2024-08-06 20:00:00',NULL,0.00,0.00,0.00,0.00,0.00,0.00,0.00,NULL,1,0,0,1),(189,1,'2024-08-07','2024-08-07 10:00:00','2024-08-07 20:00:00',NULL,0.00,0.00,0.00,0.00,0.00,0.00,0.00,NULL,1,0,0,1),(190,1,'2024-08-08','2024-08-08 10:00:00','2024-08-08 20:00:00',NULL,0.00,0.00,0.00,0.00,0.00,0.00,0.00,NULL,1,0,0,1),(191,1,'2024-08-09','2024-08-09 10:00:00','2024-08-09 20:00:00',NULL,0.00,0.00,0.00,0.00,0.00,0.00,0.00,NULL,1,0,0,1),(192,1,'2024-08-10','2024-08-10 10:00:00','2024-08-10 20:00:00',NULL,0.00,0.00,0.00,0.00,0.00,0.00,0.00,NULL,1,0,0,1),(193,1,'2024-08-11','2024-08-11 10:00:00','2024-08-11 20:00:00',NULL,0.00,0.00,0.00,0.00,0.00,600.00,600.00,NULL,1,0,0,0),(194,1,'2024-08-12','2024-08-12 10:00:00','2024-08-12 20:00:00',NULL,0.00,0.00,0.00,0.00,0.00,0.00,0.00,NULL,1,0,0,1),(195,1,'2024-08-13','2024-08-13 10:00:00','2024-08-13 20:00:00',NULL,0.00,0.00,0.00,0.00,0.00,0.00,0.00,NULL,1,0,0,1),(196,1,'2024-08-14','2024-08-14 10:00:00','2024-08-14 20:00:00',NULL,0.00,0.00,0.00,0.00,0.00,0.00,0.00,NULL,1,0,0,1),(197,1,'2024-08-15','2024-08-15 10:00:00','2024-08-15 20:00:00',NULL,0.00,0.00,0.00,0.00,0.00,0.00,0.00,NULL,1,0,0,1),(198,1,'2024-08-16','2024-08-16 10:00:00','2024-08-16 20:00:00',NULL,0.00,0.00,0.00,0.00,0.00,0.00,0.00,NULL,1,0,0,1),(199,1,'2024-08-17','2024-08-17 10:00:00','2024-08-17 20:00:00',NULL,0.00,0.00,0.00,0.00,0.00,0.00,0.00,NULL,1,0,0,1),(200,1,'2024-08-18','2024-08-18 10:00:00','2024-08-18 20:00:00',NULL,0.00,0.00,0.00,0.00,0.00,600.00,600.00,NULL,1,0,0,0),(201,1,'2024-08-19','2024-08-19 10:00:00','2024-08-19 20:00:00',NULL,0.00,0.00,0.00,0.00,0.00,0.00,0.00,NULL,1,0,0,1),(202,1,'2024-08-20','2024-08-20 10:00:00','2024-08-20 20:00:00',NULL,0.00,0.00,0.00,0.00,0.00,0.00,0.00,NULL,1,0,0,1),(203,1,'2024-08-21','2024-08-21 10:00:00','2024-08-21 20:00:00',NULL,0.00,0.00,0.00,0.00,0.00,0.00,0.00,NULL,1,0,0,1),(204,1,'2024-08-22','2024-08-22 10:00:00','2024-08-22 20:00:00',NULL,0.00,0.00,0.00,0.00,0.00,0.00,0.00,NULL,1,0,0,1),(205,1,'2024-08-23','2024-08-23 10:00:00','2024-08-23 20:00:00',NULL,0.00,0.00,0.00,0.00,0.00,0.00,0.00,NULL,1,0,0,1),(206,1,'2024-08-24','2024-08-24 10:00:00','2024-08-24 20:00:00',NULL,0.00,0.00,0.00,0.00,0.00,0.00,0.00,NULL,1,0,0,1),(207,1,'2024-08-25','2024-08-25 10:00:00','2024-08-25 20:00:00',NULL,0.00,0.00,0.00,0.00,0.00,600.00,600.00,NULL,1,0,0,0),(208,1,'2024-08-26','2024-08-26 10:00:00','2024-08-26 20:00:00',NULL,0.00,0.00,0.00,0.00,0.00,0.00,0.00,NULL,1,0,0,1),(209,1,'2024-08-27','2024-08-27 10:00:00','2024-08-27 20:00:00',NULL,0.00,0.00,0.00,0.00,0.00,0.00,0.00,NULL,1,0,0,1),(210,1,'2024-08-28','2024-08-28 10:00:00','2024-08-28 20:00:00',NULL,0.00,0.00,0.00,0.00,0.00,0.00,0.00,NULL,1,0,0,1),(211,1,'2024-08-29','2024-08-29 10:00:00','2024-08-29 20:00:00',NULL,0.00,0.00,0.00,0.00,0.00,0.00,0.00,NULL,1,0,0,1),(212,1,'2024-08-30','2024-08-30 10:00:00','2024-08-30 20:00:00',NULL,0.00,0.00,0.00,0.00,0.00,0.00,0.00,NULL,1,0,0,1),(213,1,'2024-08-31','2024-08-31 10:00:00','2024-08-31 20:00:00',NULL,0.00,0.00,0.00,0.00,0.00,0.00,0.00,NULL,1,0,0,1),(214,1,'2024-09-01','2024-09-01 10:00:00','2024-09-01 20:00:00',NULL,0.00,0.00,0.00,0.00,0.00,600.00,600.00,NULL,1,0,0,0),(215,1,'2024-09-02','2024-09-02 10:00:00','2024-09-02 20:00:00',NULL,0.00,0.00,0.00,0.00,0.00,0.00,0.00,NULL,1,0,0,1),(216,1,'2024-09-03','2024-09-03 10:00:00','2024-09-03 20:00:00',NULL,0.00,0.00,0.00,0.00,0.00,0.00,0.00,NULL,1,0,0,1),(217,1,'2024-09-04','2024-09-04 10:00:00','2024-09-04 20:00:00',NULL,0.00,0.00,0.00,0.00,0.00,0.00,0.00,NULL,1,0,0,1),(218,1,'2024-09-05','2024-09-05 10:00:00','2024-09-05 20:00:00',NULL,0.00,0.00,0.00,0.00,0.00,0.00,0.00,NULL,1,0,0,1),(219,1,'2024-09-06','2024-09-06 10:00:00','2024-09-06 20:00:00',NULL,0.00,0.00,0.00,0.00,0.00,0.00,0.00,NULL,1,0,0,1),(220,1,'2024-09-07','2024-09-07 10:00:00','2024-09-07 20:00:00',NULL,0.00,0.00,0.00,0.00,0.00,0.00,0.00,NULL,1,0,0,1),(221,1,'2024-09-08','2024-09-08 10:00:00','2024-09-08 20:00:00',NULL,0.00,0.00,0.00,0.00,0.00,600.00,600.00,NULL,1,0,0,0),(222,1,'2024-09-09','2024-09-09 10:00:00','2024-09-09 20:00:00',NULL,0.00,0.00,0.00,0.00,0.00,0.00,0.00,NULL,1,0,0,1),(223,1,'2024-09-10','2024-09-10 10:00:00','2024-09-10 20:00:00',NULL,0.00,0.00,0.00,0.00,0.00,0.00,0.00,NULL,1,0,0,1),(224,1,'2024-09-11','2024-09-11 10:00:00','2024-09-11 20:00:00',NULL,0.00,0.00,0.00,0.00,0.00,0.00,0.00,NULL,1,0,0,1),(225,1,'2024-09-12','2024-09-12 10:00:00','2024-09-12 20:00:00',NULL,0.00,0.00,0.00,0.00,0.00,0.00,0.00,NULL,1,0,0,1),(226,1,'2024-09-13','2024-09-13 10:00:00','2024-09-13 20:00:00',NULL,0.00,0.00,0.00,0.00,0.00,0.00,0.00,NULL,1,0,0,1),(227,1,'2024-09-14','2024-09-14 10:00:00','2024-09-14 20:00:00',NULL,0.00,0.00,0.00,0.00,0.00,0.00,0.00,NULL,1,0,0,1),(228,1,'2024-09-15','2024-09-15 10:00:00','2024-09-15 20:00:00',NULL,0.00,0.00,0.00,0.00,0.00,600.00,600.00,NULL,1,0,0,0),(229,1,'2024-09-16','2024-09-16 10:00:00','2024-09-16 20:00:00','Parking - Kohinoor Mall',45.00,0.00,0.00,0.00,0.00,0.00,45.00,'parking-16-09-2024-2.pdf',1,0,0,1),(230,1,'2024-09-17','2024-09-17 10:00:00','2024-09-17 20:00:00',NULL,0.00,0.00,0.00,0.00,0.00,0.00,0.00,NULL,1,0,0,1),(231,1,'2024-09-18','2024-09-18 10:00:00','2024-09-18 20:00:00',NULL,0.00,0.00,0.00,0.00,0.00,0.00,0.00,NULL,1,0,0,1),(232,1,'2024-09-19','2024-09-19 10:00:00','2024-09-19 20:00:00',NULL,0.00,0.00,0.00,0.00,0.00,0.00,0.00,NULL,1,0,0,1),(233,1,'2024-09-20','2024-09-20 10:00:00','2024-09-20 20:00:00',NULL,0.00,0.00,0.00,0.00,0.00,0.00,0.00,NULL,1,0,0,1),(234,1,'2024-09-21','2024-09-21 10:00:00','2024-09-22 01:00:00','Pumcher - MG Hector...331 (New Kampala Service Station, Pedder Road)',200.00,5.00,375.00,150.00,100.00,0.00,825.00,'tyre-pumcher-mg-hector-21-09-2024-2.pdf',1,0,0,1),(235,1,'2024-09-22','2024-09-22 10:00:00','2024-09-22 20:00:00',NULL,0.00,0.00,0.00,0.00,0.00,600.00,600.00,NULL,1,0,0,0),(236,1,'2024-09-23','2024-09-23 10:00:00','2024-09-23 20:00:00',NULL,0.00,0.00,0.00,0.00,0.00,0.00,0.00,NULL,1,0,0,1),(237,1,'2024-09-25','2024-09-25 10:00:00','2024-09-25 20:00:00',NULL,0.00,0.00,0.00,0.00,0.00,0.00,0.00,NULL,1,0,0,1),(238,1,'2024-09-26','2024-09-26 10:00:00','2024-09-26 20:00:00',NULL,0.00,0.00,0.00,0.00,0.00,0.00,0.00,NULL,1,0,0,1),(239,1,'2024-09-27','2024-09-27 10:00:00','2024-09-27 20:00:00',NULL,0.00,0.00,0.00,0.00,0.00,0.00,0.00,NULL,1,0,0,1),(240,1,'2024-09-17','2024-09-17 10:00:00','2024-09-17 10:00:00',NULL,0.00,0.00,0.00,0.00,0.00,0.00,0.00,NULL,2,1,0,0),(241,1,'2024-09-21','2024-09-21 10:00:00','2024-09-22 01:00:00','cash paid for pumcher of MG Hector',200.00,5.00,375.00,150.00,100.00,0.00,825.00,'tyre-pumcher-mg-hector-21-09-2024.pdf',2,1,0,0),(242,1,'2024-09-23','2024-09-23 10:00:00','2024-09-23 22:00:00',NULL,0.00,2.00,150.00,150.00,0.00,0.00,300.00,NULL,2,1,0,0),(243,1,'2024-09-16','2024-09-16 10:00:00','2024-09-16 21:00:00','Parking Kohinoor Mall',45.00,1.00,75.00,0.00,0.00,0.00,120.00,'parking-16-09-2024.pdf',2,1,0,0),(244,1,'2024-09-28','2024-09-28 10:00:00','2024-09-28 20:00:00',NULL,0.00,0.00,0.00,0.00,0.00,0.00,0.00,NULL,1,0,0,1),(245,2,'2024-09-29','2024-09-29 10:00:00','2024-09-29 20:00:00',NULL,0.00,0.00,0.00,0.00,0.00,600.00,600.00,NULL,1,0,0,1),(246,1,'2024-09-30','2024-09-30 10:00:00','2024-09-30 20:00:00',NULL,0.00,0.00,0.00,0.00,0.00,0.00,0.00,NULL,1,0,0,1),(247,2,'2024-09-30','2024-09-30 10:00:00','2024-09-30 20:00:00',NULL,0.00,0.00,0.00,0.00,100.00,0.00,100.00,NULL,1,0,0,1),(248,1,'2024-10-01','2024-10-01 10:00:00','2024-10-01 20:00:00',NULL,0.00,0.00,0.00,0.00,0.00,0.00,0.00,NULL,1,0,0,1),(249,2,'2024-10-01','2024-10-01 10:00:00','2024-10-01 20:00:00',NULL,0.00,0.00,0.00,0.00,100.00,0.00,100.00,NULL,1,0,0,1),(250,1,'2024-10-02','2024-10-02 10:00:00','2024-10-02 20:00:00',NULL,0.00,0.00,0.00,0.00,0.00,0.00,0.00,NULL,1,0,0,1),(251,2,'2024-10-02','2024-10-02 10:00:00','2024-10-02 20:00:00',NULL,0.00,0.00,0.00,0.00,100.00,0.00,100.00,NULL,1,0,0,1),(252,1,'2024-10-03','2024-10-03 10:00:00','2024-10-03 20:00:00',NULL,0.00,0.00,0.00,0.00,0.00,0.00,0.00,NULL,1,0,0,1),(253,2,'2024-10-03','2024-10-03 10:00:00','2024-10-03 20:00:00',NULL,0.00,0.00,0.00,0.00,100.00,0.00,100.00,NULL,1,0,0,1),(254,1,'2024-10-04','2024-10-04 10:00:00','2024-10-04 20:00:00',NULL,0.00,0.00,0.00,0.00,0.00,0.00,0.00,NULL,1,0,0,1),(255,2,'2024-10-04','2024-10-04 10:00:00','2024-10-04 20:00:00',NULL,0.00,0.00,0.00,0.00,100.00,0.00,100.00,NULL,1,0,0,1),(256,1,'2024-10-05','2024-10-05 10:00:00','2024-10-05 20:00:00',NULL,0.00,0.00,0.00,0.00,0.00,0.00,0.00,NULL,1,0,0,1),(257,2,'2024-10-06','2024-10-06 10:00:00','2024-10-06 20:00:00',NULL,0.00,0.00,0.00,0.00,0.00,600.00,600.00,NULL,1,0,0,1),(258,1,'2024-10-07','2024-10-07 10:00:00','2024-10-07 20:00:00',NULL,0.00,0.00,0.00,0.00,0.00,0.00,0.00,NULL,1,0,0,1),(259,2,'2024-10-07','2024-10-07 10:00:00','2024-10-07 20:00:00',NULL,0.00,0.00,0.00,0.00,100.00,0.00,100.00,NULL,1,0,0,1),(260,1,'2024-10-08','2024-10-08 10:00:00','2024-10-08 20:00:00',NULL,0.00,0.00,0.00,0.00,0.00,0.00,0.00,NULL,1,0,0,1),(261,2,'2024-09-20','2024-09-20 19:00:00','2024-09-20 23:00:00',NULL,0.00,-6.00,0.00,100.00,100.00,0.00,200.00,NULL,2,0,0,1),(262,2,'2024-09-11','2024-09-11 20:00:00','2024-09-12 01:00:00',NULL,0.00,-5.00,0.00,100.00,100.00,0.00,200.00,NULL,3,1,0,1),(263,2,'2024-10-06','2024-10-06 09:00:00','2024-10-06 08:15:00',NULL,0.00,0.00,0.00,0.00,0.00,0.00,0.00,NULL,2,1,0,1),(264,1,'2024-09-27','2024-09-27 10:00:00','2024-09-27 23:00:00',NULL,0.00,3.00,225.00,150.00,0.00,0.00,375.00,NULL,2,1,0,0),(265,1,'2024-09-28','2024-09-28 10:00:00','2024-09-28 22:00:00',NULL,0.00,2.00,150.00,150.00,0.00,0.00,300.00,NULL,2,1,0,0),(266,1,'2024-09-29','2024-09-29 10:00:00','2024-09-29 22:00:00','Sunday',0.00,0.00,0.00,0.00,0.00,600.00,600.00,NULL,2,1,0,1),(267,1,'2024-10-03','2024-10-03 10:00:00','2024-10-03 23:00:00',NULL,0.00,3.00,225.00,150.00,0.00,0.00,375.00,NULL,2,1,0,0),(268,1,'2024-10-05','2024-10-05 10:00:00','2024-10-05 23:59:00',NULL,0.00,3.98,298.00,150.00,100.00,0.00,548.00,NULL,2,1,0,0),(269,1,'2024-10-09','2024-10-09 10:00:00','2024-10-09 20:00:00',NULL,0.00,0.00,0.00,0.00,0.00,0.00,0.00,NULL,1,0,0,1),(270,2,'2024-10-09','2024-10-09 10:00:00','2024-10-09 20:00:00',NULL,0.00,0.00,0.00,0.00,100.00,0.00,100.00,NULL,1,0,0,1),(271,1,'2024-10-10','2024-10-10 10:00:00','2024-10-10 20:00:00',NULL,0.00,0.00,0.00,0.00,0.00,0.00,0.00,NULL,1,0,0,1),(272,2,'2024-10-10','2024-10-10 10:00:00','2024-10-10 20:00:00',NULL,0.00,0.00,0.00,0.00,100.00,0.00,100.00,NULL,1,0,0,1),(273,1,'2024-10-11','2024-10-11 10:00:00','2024-10-11 20:00:00',NULL,0.00,0.00,0.00,0.00,0.00,0.00,0.00,NULL,1,0,0,1),(274,2,'2024-10-11','2024-10-11 10:00:00','2024-10-11 20:00:00',NULL,0.00,0.00,0.00,0.00,100.00,0.00,100.00,NULL,1,0,0,1),(275,1,'2024-10-12','2024-10-12 10:00:00','2024-10-12 20:00:00','Har for Dussera',250.00,0.00,0.00,0.00,0.00,0.00,250.00,NULL,1,0,0,1),(276,2,'2024-10-13','2024-10-13 10:00:00','2024-10-13 20:00:00',NULL,0.00,0.00,0.00,0.00,0.00,600.00,600.00,NULL,1,0,0,1),(277,1,'2024-10-14','2024-10-14 10:00:00','2024-10-14 20:00:00',NULL,0.00,0.00,0.00,0.00,0.00,0.00,0.00,NULL,1,0,0,1),(278,2,'2024-10-14','2024-10-14 10:00:00','2024-10-14 20:00:00',NULL,0.00,0.00,0.00,0.00,100.00,0.00,100.00,NULL,1,0,0,1),(279,1,'2024-10-15','2024-10-15 10:00:00','2024-10-15 20:00:00',NULL,0.00,0.00,0.00,0.00,0.00,0.00,0.00,NULL,1,0,0,1),(280,2,'2024-10-15','2024-10-15 10:00:00','2024-10-15 20:00:00',NULL,0.00,0.00,0.00,0.00,100.00,0.00,100.00,NULL,1,0,0,1),(281,1,'2024-10-16','2024-10-16 10:00:00','2024-10-16 20:00:00',NULL,0.00,0.00,0.00,0.00,0.00,0.00,0.00,NULL,1,0,0,1),(282,2,'2024-10-16','2024-10-16 10:00:00','2024-10-16 20:00:00',NULL,0.00,0.00,0.00,0.00,100.00,0.00,100.00,NULL,1,0,0,1),(283,1,'2024-10-17','2024-10-17 10:00:00','2024-10-17 20:00:00',NULL,0.00,0.00,0.00,0.00,0.00,0.00,0.00,NULL,1,0,0,1),(284,2,'2024-10-17','2024-10-17 10:00:00','2024-10-17 20:00:00',NULL,0.00,0.00,0.00,0.00,100.00,0.00,100.00,NULL,1,0,0,1),(285,1,'2024-10-18','2024-10-18 10:00:00','2024-10-18 20:00:00',NULL,0.00,0.00,0.00,0.00,0.00,0.00,0.00,NULL,1,0,0,1),(286,2,'2024-10-18','2024-10-18 10:00:00','2024-10-18 20:00:00',NULL,0.00,0.00,0.00,0.00,100.00,0.00,100.00,NULL,1,0,0,1),(287,1,'2024-10-19','2024-10-19 10:00:00','2024-10-19 20:00:00',NULL,0.00,0.00,0.00,0.00,0.00,0.00,0.00,NULL,1,0,0,1),(288,2,'2024-10-20','2024-10-20 10:00:00','2024-10-20 20:00:00',NULL,0.00,0.00,0.00,0.00,0.00,600.00,600.00,NULL,1,0,0,1),(289,1,'2024-10-21','2024-10-21 10:00:00','2024-10-21 20:00:00',NULL,0.00,0.00,0.00,0.00,0.00,0.00,0.00,NULL,1,0,0,1),(290,2,'2024-10-21','2024-10-21 10:00:00','2024-10-21 20:00:00',NULL,0.00,0.00,0.00,0.00,100.00,0.00,100.00,NULL,1,0,0,1),(291,1,'2024-10-22','2024-10-22 10:00:00','2024-10-22 20:00:00',NULL,0.00,0.00,0.00,0.00,0.00,0.00,0.00,NULL,1,0,0,1),(292,2,'2024-10-22','2024-10-22 10:00:00','2024-10-22 20:00:00',NULL,0.00,0.00,0.00,0.00,100.00,0.00,100.00,NULL,1,0,0,1),(293,1,'2024-10-23','2024-10-23 10:00:00','2024-10-23 23:00:00',NULL,0.00,3.00,225.00,150.00,0.00,0.00,375.00,NULL,1,0,0,1),(294,2,'2024-10-23','2024-10-23 10:00:00','2024-10-23 20:00:00',NULL,0.00,0.00,0.00,0.00,100.00,0.00,100.00,NULL,1,0,0,1),(295,1,'2024-09-16','2024-09-16 10:00:00','2024-09-16 21:00:00','Parking',45.00,1.00,75.00,0.00,0.00,0.00,120.00,'parking-16-09-2024-1.pdf',2,1,0,0),(296,1,'2024-09-17','2024-09-17 10:00:00','2024-09-17 00:00:00',NULL,0.00,0.00,0.00,0.00,0.00,0.00,0.00,NULL,2,1,0,0),(297,1,'2024-09-21','2024-09-21 10:00:00','2024-09-10 01:00:00','Pumcher of MG Hector ...331',200.00,0.00,0.00,0.00,0.00,0.00,200.00,'tyre-pumcher-mg-hector-21-09-2024-1.pdf',2,1,0,0),(298,1,'2024-09-23','2024-09-23 10:00:00','2024-09-23 22:00:00',NULL,0.00,2.00,150.00,150.00,0.00,0.00,300.00,NULL,2,1,0,0),(299,1,'2024-10-09','2024-10-09 10:00:00','2024-10-09 23:30:00',NULL,0.00,3.50,262.00,150.00,0.00,0.00,412.00,NULL,2,1,0,0),(300,1,'2024-10-12','2024-10-12 00:00:00','2024-10-12 00:00:00','Har for Dussera - Holiday',250.00,0.00,0.00,0.00,0.00,0.00,250.00,NULL,2,1,0,0),(301,1,'2024-10-16','2024-10-16 10:00:00','2024-10-16 22:00:00',NULL,0.00,2.00,150.00,150.00,0.00,0.00,300.00,NULL,2,1,0,0),(302,1,'2024-10-17','2024-10-17 09:00:00','2024-10-17 20:00:00',NULL,0.00,1.00,75.00,0.00,0.00,0.00,75.00,NULL,2,1,0,0),(303,1,'2024-10-18','2024-10-18 10:00:00','2024-10-19 01:00:00',NULL,0.00,5.00,375.00,150.00,100.00,0.00,625.00,NULL,2,1,0,0),(304,1,'2024-10-19','2024-10-19 10:00:00','2024-10-20 05:00:00',NULL,0.00,9.00,675.00,150.00,100.00,0.00,925.00,NULL,2,1,0,0),(305,1,'2024-10-22','2024-10-22 10:00:00','2024-10-22 23:00:00',NULL,0.00,3.00,225.00,150.00,0.00,0.00,375.00,NULL,2,1,0,0),(306,1,'2024-10-24','2024-10-24 10:00:00','2024-10-24 20:00:00','Parking at Nathibai Thakarshi Road',70.00,0.00,0.00,0.00,0.00,0.00,70.00,'parking-thakarshi-road-24-10-2024.pdf',3,1,0,1),(307,2,'2024-10-24','2024-10-24 10:00:00','2024-10-24 20:00:00',NULL,0.00,0.00,0.00,0.00,100.00,0.00,100.00,NULL,1,0,0,1),(308,1,'2024-10-25','2024-10-25 10:00:00','2024-10-25 20:00:00',NULL,0.00,0.00,0.00,0.00,0.00,0.00,0.00,NULL,1,0,0,1),(309,2,'2024-10-25','2024-10-25 10:00:00','2024-10-25 20:00:00',NULL,0.00,0.00,0.00,0.00,100.00,0.00,100.00,NULL,1,0,0,1),(310,1,'2024-10-26','2024-10-26 10:00:00','2024-10-27 04:01:01',NULL,0.00,8.02,601.00,150.00,100.00,0.00,851.00,NULL,3,1,0,1),(311,1,'2024-10-27','2024-10-27 04:01:15',NULL,NULL,0.00,0.00,0.00,0.00,0.00,0.00,0.00,NULL,2,1,0,1),(312,2,'2024-10-27','2024-10-27 10:00:00','2024-10-27 20:00:00',NULL,0.00,0.00,0.00,0.00,0.00,600.00,600.00,NULL,1,0,0,1),(313,1,'2024-10-28','2024-10-28 10:00:00','2024-10-28 20:00:00',NULL,0.00,0.00,0.00,0.00,0.00,0.00,0.00,NULL,1,0,0,1),(314,2,'2024-10-28','2024-10-28 10:00:00','2024-10-28 19:00:00',NULL,0.00,-1.00,0.00,0.00,100.00,0.00,100.00,NULL,1,0,0,1),(315,1,'2024-10-29','2024-10-29 10:00:00','2024-10-29 20:00:00',NULL,0.00,0.00,0.00,0.00,0.00,0.00,0.00,NULL,1,0,0,1),(316,2,'2024-10-29','2024-10-29 09:00:00','2024-10-29 19:00:00',NULL,0.00,0.00,0.00,0.00,100.00,0.00,100.00,NULL,1,0,0,1),(317,1,'2024-10-30','2024-10-30 10:00:00','2024-10-30 23:53:00',NULL,0.00,3.88,291.00,150.00,0.00,0.00,441.00,NULL,1,0,0,1),(318,2,'2024-10-30','2024-10-30 09:00:00','2024-10-30 19:00:00',NULL,0.00,0.00,0.00,0.00,100.00,0.00,100.00,NULL,1,0,0,1),(319,1,'2024-10-31','2024-10-31 10:00:00','2024-10-31 20:00:00','Holiday \r\nMG - Tyre pumpcher (Oyal Tyre Service)',200.00,0.00,0.00,0.00,0.00,0.00,200.00,'oyal-tyre-service-31-10-2024.pdf',1,0,1,1),(320,2,'2024-10-31','2024-10-31 09:00:00','2024-10-31 19:00:00',NULL,0.00,0.00,0.00,0.00,100.00,0.00,100.00,NULL,1,0,0,1),(321,1,'2024-11-01','2024-11-01 10:00:00','2024-11-01 20:00:00','Holiday',600.00,0.00,0.00,0.00,0.00,0.00,600.00,NULL,1,0,1,1),(322,2,'2024-11-01','2024-11-01 09:00:00','2024-11-01 19:00:00',NULL,0.00,0.00,0.00,0.00,100.00,0.00,100.00,NULL,1,0,0,1),(323,1,'2024-11-02','2024-11-02 10:00:00','2024-11-02 20:00:00','Holiday',600.00,0.00,0.00,0.00,0.00,0.00,600.00,NULL,1,0,1,1),(324,2,'2024-11-03','2024-11-03 09:00:00','2024-11-03 19:00:00',NULL,0.00,0.00,0.00,0.00,0.00,600.00,600.00,NULL,1,0,0,1),(325,1,'2024-11-04','2024-11-04 10:00:00','2024-11-04 22:00:00','MG Hector puncher',950.00,2.00,150.00,150.00,0.00,0.00,1250.00,'oyal-tyre-service-04-11-2024.pdf',1,0,1,1),(326,2,'2024-11-04','2024-11-04 09:00:00','2024-11-04 19:00:00',NULL,0.00,0.00,0.00,0.00,100.00,0.00,100.00,NULL,1,0,0,1),(327,1,'2024-11-05','2024-11-05 10:00:00','2024-11-05 20:00:00',NULL,0.00,0.00,0.00,0.00,0.00,0.00,0.00,NULL,1,0,0,1),(328,2,'2024-11-05','2024-11-05 09:00:00','2024-11-05 19:00:00',NULL,0.00,0.00,0.00,0.00,100.00,0.00,100.00,NULL,1,0,0,1),(329,1,'2024-11-06','2024-11-06 10:00:00','2024-11-06 20:00:00',NULL,0.00,0.00,0.00,0.00,0.00,0.00,0.00,NULL,1,0,0,1),(330,2,'2024-11-06','2024-11-06 09:00:00','2024-11-06 19:00:00',NULL,0.00,0.00,0.00,0.00,100.00,0.00,100.00,NULL,1,0,0,1),(331,1,'2024-11-07','2024-11-07 10:00:00','2024-11-07 20:00:00',NULL,0.00,0.00,0.00,0.00,0.00,0.00,0.00,NULL,1,0,0,1),(332,2,'2024-11-07','2024-11-07 09:00:00','2024-11-07 19:00:00',NULL,0.00,0.00,0.00,0.00,100.00,0.00,100.00,NULL,1,0,0,1),(333,1,'2024-11-08','2024-11-08 10:00:00','2024-11-08 23:00:00',NULL,0.00,3.00,225.00,150.00,0.00,0.00,375.00,NULL,1,0,1,1),(334,2,'2024-11-08','2024-11-08 09:00:00','2024-11-08 19:00:00',NULL,0.00,0.00,0.00,0.00,100.00,0.00,100.00,NULL,1,0,0,1),(335,1,'2024-11-09','2024-11-09 10:00:00','2024-11-09 22:00:00',NULL,0.00,2.00,150.00,150.00,0.00,0.00,300.00,NULL,1,0,1,1),(336,2,'2024-11-10','2024-11-10 09:00:00','2024-11-10 19:00:00',NULL,0.00,0.00,0.00,0.00,0.00,600.00,600.00,NULL,1,0,0,1),(337,1,'2024-11-11','2024-11-11 10:00:00','2024-11-11 20:00:00',NULL,0.00,0.00,0.00,0.00,0.00,0.00,0.00,NULL,1,0,0,1),(338,2,'2024-11-11','2024-11-11 09:00:00','2024-11-11 19:00:00',NULL,0.00,0.00,0.00,0.00,100.00,0.00,100.00,NULL,1,0,0,1),(339,1,'2024-11-12','2024-11-12 10:00:00','2024-11-12 20:00:00',NULL,0.00,0.00,0.00,0.00,0.00,0.00,0.00,NULL,1,0,0,1),(340,2,'2024-11-12','2024-11-12 09:00:00','2024-11-12 19:00:00',NULL,0.00,0.00,0.00,0.00,100.00,0.00,100.00,NULL,1,0,0,1),(341,1,'2024-11-13','2024-11-13 10:00:00','2024-11-13 20:00:00',NULL,0.00,0.00,0.00,0.00,0.00,0.00,0.00,NULL,1,0,0,1),(342,2,'2024-11-13','2024-11-13 09:00:00','2024-11-13 19:00:00',NULL,0.00,0.00,0.00,0.00,100.00,0.00,100.00,NULL,1,0,0,1),(343,1,'2024-11-14','2024-11-14 10:00:00','2024-11-14 20:00:00',NULL,0.00,0.00,0.00,0.00,0.00,0.00,0.00,NULL,1,0,0,1),(344,2,'2024-11-14','2024-11-14 09:00:00','2024-11-14 19:00:00',NULL,0.00,0.00,0.00,0.00,100.00,0.00,100.00,NULL,1,0,0,1),(345,1,'2024-11-15','2024-11-15 10:00:00','2024-11-15 20:00:00',NULL,0.00,0.00,0.00,0.00,0.00,0.00,0.00,NULL,1,0,0,1),(346,2,'2024-11-15','2024-11-15 09:00:00','2024-11-15 19:00:00',NULL,0.00,0.00,0.00,0.00,100.00,0.00,100.00,NULL,1,0,0,1),(347,1,'2024-11-16','2024-11-16 10:00:00','2024-11-16 20:00:00',NULL,0.00,0.00,0.00,0.00,0.00,0.00,0.00,NULL,1,0,0,1),(348,2,'2024-11-17','2024-11-17 07:00:00','2024-11-17 10:00:00',NULL,0.00,0.00,0.00,0.00,0.00,0.00,0.00,NULL,1,0,0,1),(349,1,'2024-11-18','2024-11-18 10:00:00','2024-11-18 20:00:00',NULL,0.00,0.00,0.00,0.00,0.00,0.00,0.00,NULL,1,0,0,1),(350,2,'2024-11-18','2024-11-18 09:00:00','2024-11-18 19:00:00',NULL,0.00,0.00,0.00,0.00,100.00,0.00,100.00,NULL,1,0,0,1),(351,1,'2024-11-19','2024-11-19 10:00:00','2024-11-20 03:00:00',NULL,0.00,7.00,525.00,150.00,100.00,0.00,775.00,NULL,1,0,1,1),(352,2,'2024-11-19','2024-11-19 09:00:00','2024-11-19 20:30:00',NULL,0.00,1.50,112.00,0.00,100.00,0.00,212.00,NULL,1,0,0,1),(353,1,'2024-11-20','2024-11-20 10:00:00','2024-11-20 23:59:00','Holiday - 4hrs OT',0.00,3.98,298.00,150.00,100.00,0.00,548.00,NULL,1,0,1,1),(354,2,'2024-11-20','2024-11-20 09:00:00','2024-11-20 19:00:00',NULL,0.00,0.00,0.00,0.00,100.00,0.00,100.00,NULL,1,0,0,1),(355,1,'2024-11-21','2024-11-21 10:00:00','2024-11-21 20:00:00',NULL,0.00,0.00,0.00,0.00,0.00,0.00,0.00,NULL,1,0,0,1),(356,2,'2024-11-21','2024-11-21 09:00:00','2024-11-21 19:00:00',NULL,0.00,0.00,0.00,0.00,100.00,0.00,100.00,NULL,1,0,0,1),(357,1,'2024-11-22','2024-11-22 10:00:00','2024-11-22 23:59:00',NULL,0.00,3.98,298.00,150.00,100.00,0.00,548.00,NULL,1,0,1,1),(358,2,'2024-11-22','2024-11-22 09:00:00','2024-11-22 19:00:00',NULL,0.00,0.00,0.00,0.00,100.00,0.00,100.00,NULL,1,0,0,1),(359,1,'2024-11-23','2024-11-23 10:00:00','2024-11-24 01:00:00',NULL,0.00,5.00,375.00,150.00,100.00,0.00,625.00,NULL,1,0,1,1),(360,2,'2024-11-24','2024-11-24 09:00:00','2024-11-24 19:00:00',NULL,0.00,0.00,0.00,0.00,0.00,600.00,600.00,NULL,1,0,0,1),(361,1,'2024-11-25','2024-11-25 10:00:00','2024-11-25 20:00:00',NULL,0.00,0.00,0.00,0.00,0.00,0.00,0.00,NULL,1,0,0,1),(362,2,'2024-11-25','2024-11-25 09:00:00','2024-11-25 20:00:00',NULL,0.00,1.00,75.00,0.00,100.00,0.00,175.00,NULL,1,0,0,1),(363,1,'2024-11-26','2024-11-26 10:00:00','2024-11-26 23:00:00',NULL,0.00,3.00,225.00,150.00,0.00,0.00,375.00,NULL,1,0,1,1),(364,2,'2024-11-26','2024-11-26 09:00:00','2024-11-26 19:00:00',NULL,0.00,0.00,0.00,0.00,100.00,0.00,100.00,NULL,1,0,0,1),(365,1,'2024-11-27','2024-11-27 10:00:00','2024-11-27 22:00:00',NULL,0.00,2.00,150.00,150.00,0.00,0.00,300.00,NULL,1,0,1,1),(366,2,'2024-11-27','2024-11-27 09:00:00','2024-11-27 19:00:00',NULL,0.00,0.00,0.00,0.00,100.00,0.00,100.00,NULL,1,0,0,1),(367,1,'2024-11-28','2024-11-28 10:00:00','2024-11-28 23:00:00','Parking at Inderpasth Shoping  Center (Borivali)',100.00,3.00,225.00,150.00,0.00,0.00,475.00,'parking-bill-28-11-2024.pdf',1,0,1,1),(368,2,'2024-11-28','2024-11-28 09:00:00','2024-11-28 20:00:00',NULL,0.00,1.00,75.00,0.00,100.00,0.00,175.00,NULL,1,0,0,1),(369,1,'2024-11-29','2024-11-29 10:00:00','2024-11-29 20:00:00',NULL,0.00,0.00,0.00,0.00,0.00,0.00,0.00,NULL,1,0,0,1),(370,2,'2024-11-29','2024-11-29 09:00:00','2024-11-29 19:00:00',NULL,0.00,0.00,0.00,0.00,0.00,0.00,0.00,NULL,1,0,0,1),(371,2,'2024-11-26','2024-10-26 09:00:00','2024-10-26 23:00:00',NULL,0.00,4.00,300.00,100.00,0.00,0.00,400.00,NULL,3,1,0,1),(372,1,'2024-11-30','2024-11-30 10:00:00','2024-11-30 20:00:00',NULL,0.00,0.00,0.00,0.00,0.00,0.00,0.00,NULL,1,0,0,1),(373,2,'2024-12-01','2024-12-01 09:00:00','2024-12-01 19:00:00',NULL,0.00,0.00,0.00,0.00,0.00,0.00,0.00,NULL,1,0,0,1),(374,1,'2024-12-02','2024-12-02 10:00:00','2024-12-02 22:00:00',NULL,0.00,2.00,150.00,150.00,0.00,0.00,300.00,NULL,1,0,0,1),(375,2,'2024-12-02','2024-12-02 09:00:00','2024-12-02 19:00:00',NULL,0.00,0.00,0.00,0.00,0.00,0.00,0.00,NULL,1,0,0,1),(376,1,'2024-12-03','2024-12-03 10:00:00','2024-12-03 20:00:00',NULL,0.00,0.00,0.00,0.00,0.00,0.00,0.00,NULL,1,0,0,1),(377,2,'2024-12-03','2024-12-03 09:00:00','2024-12-03 19:00:00',NULL,0.00,0.00,0.00,0.00,0.00,0.00,0.00,NULL,1,0,0,1),(378,1,'2024-12-04','2024-12-04 10:00:00','2024-12-04 20:00:00',NULL,0.00,0.00,0.00,0.00,0.00,0.00,0.00,NULL,1,0,0,1),(379,2,'2024-12-04','2024-12-04 09:00:00','2024-12-04 19:00:00',NULL,0.00,0.00,0.00,0.00,0.00,0.00,0.00,NULL,1,0,0,1),(380,1,'2024-12-05','2024-12-05 10:00:00','2024-12-05 20:00:00',NULL,0.00,0.00,0.00,0.00,0.00,0.00,0.00,NULL,1,0,0,1),(381,2,'2024-12-05','2024-12-05 09:00:00','2024-12-05 19:00:00',NULL,0.00,0.00,0.00,0.00,0.00,0.00,0.00,NULL,1,0,0,1),(382,1,'2024-12-06','2024-12-06 10:00:00','2024-12-06 20:00:00',NULL,0.00,0.00,0.00,0.00,0.00,0.00,0.00,NULL,1,0,0,1),(383,2,'2024-12-06','2024-12-06 09:00:00','2024-12-06 19:00:00',NULL,0.00,0.00,0.00,0.00,0.00,0.00,0.00,NULL,1,0,0,1),(384,1,'2024-12-07','2024-12-07 10:00:00','2024-12-08 02:00:00','OT till 2am ',0.00,6.00,450.00,150.00,100.00,0.00,700.00,NULL,1,0,0,1),(385,2,'2024-12-08','2024-12-08 09:00:00','2024-12-08 19:00:00',NULL,0.00,0.00,0.00,0.00,0.00,0.00,0.00,NULL,1,0,0,1),(386,1,'2024-12-09','2024-12-09 10:00:00','2024-12-09 22:00:00',NULL,0.00,2.00,150.00,150.00,0.00,0.00,300.00,NULL,1,0,0,1),(387,2,'2024-12-09','2024-12-09 09:00:00','2024-12-09 19:00:00',NULL,0.00,0.00,0.00,0.00,0.00,0.00,0.00,NULL,1,0,0,1),(388,1,'2024-12-10','2024-12-10 10:00:00','2024-12-10 23:00:00',NULL,0.00,3.00,225.00,150.00,0.00,0.00,375.00,NULL,1,0,1,1),(389,2,'2024-12-10','2024-12-10 09:00:00','2024-12-10 19:00:00',NULL,0.00,0.00,0.00,0.00,0.00,0.00,0.00,NULL,1,0,0,1),(390,1,'2024-12-11','2024-12-11 10:00:00','2024-12-11 23:59:00',NULL,0.00,3.98,298.00,150.00,100.00,0.00,548.00,NULL,1,0,1,1),(391,2,'2024-12-11','2024-12-11 09:00:00','2024-12-11 19:00:00',NULL,0.00,0.00,0.00,0.00,0.00,0.00,0.00,NULL,1,0,0,1),(392,1,'2024-12-12','2024-12-12 10:00:00','2024-12-12 20:00:00',NULL,0.00,0.00,0.00,0.00,0.00,0.00,0.00,NULL,1,0,0,1),(393,2,'2024-12-12','2024-12-12 09:00:00','2024-12-12 19:00:00',NULL,0.00,0.00,0.00,0.00,0.00,0.00,0.00,NULL,1,0,0,1),(394,1,'2024-12-13','2024-12-13 10:00:00','2024-12-13 23:00:00',NULL,0.00,3.00,225.00,150.00,0.00,0.00,375.00,NULL,1,0,1,1),(395,2,'2024-12-13','2024-12-13 09:00:00','2024-12-13 19:00:00',NULL,0.00,0.00,0.00,0.00,0.00,0.00,0.00,NULL,1,0,0,1),(396,1,'2024-12-14','2024-12-14 10:00:00','2024-12-14 22:00:00',NULL,0.00,2.00,150.00,150.00,0.00,0.00,300.00,NULL,1,0,1,1),(397,2,'2024-12-15','2024-12-15 09:00:00','2024-12-15 23:00:00',NULL,0.00,4.00,300.00,100.00,0.00,0.00,400.00,NULL,1,0,1,1),(398,1,'2024-12-16','2024-12-16 10:00:00','2024-12-16 20:00:00',NULL,0.00,0.00,0.00,0.00,0.00,0.00,0.00,NULL,1,0,0,1),(399,2,'2024-12-16','2024-12-16 09:00:00','2024-12-16 19:00:00',NULL,0.00,0.00,0.00,0.00,0.00,0.00,0.00,NULL,1,0,0,1),(400,1,'2024-12-17','2024-12-17 10:00:00','2024-12-17 23:59:00',NULL,0.00,3.98,298.00,150.00,100.00,0.00,548.00,NULL,1,0,1,1),(401,2,'2024-12-17','2024-12-17 09:00:00','2024-12-17 19:00:00',NULL,0.00,0.00,0.00,0.00,0.00,0.00,0.00,NULL,1,0,0,1),(402,1,'2024-12-18','2024-12-18 10:00:00','2024-12-18 20:00:00',NULL,0.00,0.00,0.00,0.00,0.00,0.00,0.00,NULL,1,0,0,1),(403,2,'2024-12-18','2024-12-18 09:00:00','2024-12-18 19:00:00',NULL,0.00,0.00,0.00,0.00,0.00,0.00,0.00,NULL,1,0,0,1),(404,1,'2024-12-19','2024-12-19 10:00:00','2024-12-19 23:00:00',NULL,0.00,3.00,225.00,150.00,0.00,0.00,375.00,NULL,1,0,1,1),(405,2,'2024-12-19','2024-12-19 09:00:00','2024-12-19 21:00:00',NULL,0.00,2.00,150.00,0.00,0.00,0.00,150.00,NULL,1,0,1,1),(406,1,'2024-12-20','2024-12-20 06:00:00','2024-12-21 01:00:00',NULL,0.00,9.00,675.00,150.00,100.00,0.00,925.00,NULL,1,0,1,1),(407,2,'2024-12-20','2024-12-20 09:00:00','2024-12-20 19:00:00',NULL,0.00,0.00,0.00,0.00,0.00,0.00,0.00,NULL,1,0,0,1),(408,1,'2024-12-21','2024-12-21 10:00:00','2024-12-21 20:00:00',NULL,0.00,0.00,0.00,0.00,0.00,0.00,0.00,NULL,1,0,0,1),(409,2,'2024-12-22','2024-12-22 09:00:00','2024-12-22 19:00:00',NULL,0.00,0.00,0.00,0.00,0.00,0.00,0.00,NULL,1,0,0,1),(410,1,'2024-12-23','2024-12-23 10:00:00','2024-12-24 03:00:00',NULL,0.00,7.00,525.00,150.00,100.00,0.00,775.00,NULL,1,0,1,1),(411,2,'2024-12-23','2024-12-23 09:00:00','2024-12-23 19:00:00',NULL,0.00,0.00,0.00,0.00,0.00,0.00,0.00,NULL,1,0,0,1),(412,1,'2024-12-24','2024-12-24 10:00:00','2024-12-24 20:00:00',NULL,0.00,0.00,0.00,0.00,0.00,0.00,0.00,NULL,1,0,0,1),(413,2,'2024-12-24','2024-12-24 09:00:00','2024-12-24 19:00:00',NULL,0.00,0.00,0.00,0.00,0.00,0.00,0.00,NULL,1,0,0,1),(414,1,'2024-12-25','2024-12-25 10:00:00','2024-12-25 20:00:00',NULL,0.00,0.00,0.00,0.00,0.00,0.00,0.00,NULL,1,0,0,1),(415,2,'2024-12-25','2024-12-25 09:00:00','2024-12-25 19:00:00',NULL,0.00,0.00,0.00,0.00,0.00,0.00,0.00,NULL,1,0,0,1),(416,1,'2024-12-26','2024-12-26 10:00:00','2024-12-26 20:00:00',NULL,0.00,0.00,0.00,0.00,0.00,0.00,0.00,NULL,1,0,0,1),(417,2,'2024-12-26','2024-12-26 09:00:00','2024-12-26 19:00:00',NULL,0.00,0.00,0.00,0.00,0.00,0.00,0.00,NULL,1,0,0,1),(418,1,'2024-12-27','2024-12-27 10:00:00','2024-12-27 20:00:00',NULL,0.00,0.00,0.00,0.00,0.00,0.00,0.00,NULL,1,0,0,1),(419,2,'2024-12-27','2024-12-27 09:00:00','2024-12-27 19:00:00',NULL,0.00,0.00,0.00,0.00,0.00,0.00,0.00,NULL,1,0,0,1),(420,1,'2024-12-28','2024-12-28 10:00:00','2024-12-29 01:00:00','Mumbai Airport Parking 28.12.2024',250.00,5.00,375.00,150.00,100.00,0.00,875.00,'airport-parking-28-12-2024.pdf',1,0,1,1),(421,2,'2024-12-29','2024-12-29 09:00:00','2024-12-29 23:59:00','PUC and Rs.500 advance taken by suraj from sir',135.00,4.98,373.00,100.00,0.00,0.00,608.00,NULL,1,0,1,1),(422,1,'2024-12-30','2024-12-30 10:00:00','2024-12-30 21:00:00',NULL,0.00,1.00,75.00,0.00,0.00,0.00,75.00,NULL,1,0,1,1),(423,2,'2024-12-30','2024-12-30 09:00:00','2024-12-30 19:00:00',NULL,0.00,0.00,0.00,0.00,0.00,0.00,0.00,NULL,1,0,0,1),(424,1,'2024-12-31','2024-12-31 10:00:00','2025-01-01 01:00:00',NULL,0.00,5.00,375.00,150.00,100.00,0.00,625.00,NULL,1,0,1,1),(425,2,'2024-12-31','2024-12-31 09:00:00','2024-12-31 23:59:00',NULL,0.00,4.98,373.00,100.00,0.00,0.00,473.00,NULL,1,0,1,1),(426,1,'2025-01-01','2025-01-01 10:00:00','2025-01-01 20:00:00',NULL,0.00,0.00,0.00,0.00,0.00,0.00,0.00,NULL,1,0,0,1),(427,2,'2025-01-01','2025-01-01 09:00:00','2025-01-01 19:00:00',NULL,0.00,0.00,0.00,0.00,0.00,0.00,0.00,NULL,1,0,0,1),(428,1,'2025-01-02','2025-01-02 10:00:00','2025-01-03 01:00:00',NULL,0.00,5.00,375.00,150.00,100.00,0.00,625.00,NULL,1,0,0,1),(429,2,'2025-01-02','2025-01-02 09:00:00','2025-01-02 19:00:00',NULL,0.00,0.00,0.00,0.00,0.00,0.00,0.00,NULL,1,0,0,1),(430,1,'2025-01-03','2025-01-03 10:00:00','2025-01-04 01:00:00',NULL,0.00,5.00,375.00,150.00,100.00,0.00,625.00,NULL,1,0,0,1),(431,2,'2025-01-03','2025-01-03 09:00:00','2025-01-03 19:00:00',NULL,0.00,0.00,0.00,0.00,0.00,0.00,0.00,NULL,1,0,0,1),(432,1,'2025-01-04','2025-01-04 10:00:00','2025-01-04 23:00:00',NULL,0.00,3.00,225.00,150.00,0.00,0.00,375.00,NULL,1,0,0,1),(433,2,'2025-01-05','2025-01-05 09:00:00','2025-01-05 19:00:00',NULL,0.00,0.00,0.00,0.00,0.00,0.00,0.00,NULL,1,0,0,1),(434,1,'2025-01-06','2025-01-06 10:00:00','2025-01-06 20:00:00',NULL,0.00,0.00,0.00,0.00,0.00,0.00,0.00,NULL,1,0,0,1),(435,2,'2025-01-06','2025-01-06 09:00:00','2025-01-06 19:00:00',NULL,0.00,0.00,0.00,0.00,0.00,0.00,0.00,NULL,1,0,0,1),(436,1,'2025-01-07','2025-01-07 10:00:00','2025-01-07 20:00:00',NULL,0.00,0.00,0.00,0.00,0.00,0.00,0.00,NULL,1,0,0,1),(437,2,'2025-01-07','2025-01-07 09:00:00','2025-01-07 19:00:00',NULL,0.00,0.00,0.00,0.00,0.00,0.00,0.00,NULL,1,0,0,1),(438,1,'2025-01-08','2025-01-08 10:00:00','2025-01-08 23:00:00',NULL,0.00,3.00,225.00,150.00,0.00,0.00,375.00,NULL,1,0,0,1),(439,2,'2025-01-08','2025-01-08 09:00:00','2025-01-08 19:00:00',NULL,0.00,0.00,0.00,0.00,0.00,0.00,0.00,NULL,1,0,0,1),(440,1,'2025-01-09','2025-01-09 10:00:00','2025-01-09 21:00:00',NULL,0.00,1.00,75.00,0.00,0.00,0.00,75.00,NULL,1,0,1,1),(441,2,'2025-01-09','2025-01-09 09:00:00','2025-01-09 19:00:00',NULL,0.00,0.00,0.00,0.00,0.00,0.00,0.00,NULL,1,0,0,1),(442,1,'2025-01-10','2025-01-10 07:00:00','2025-01-10 21:00:00',NULL,0.00,4.00,300.00,0.00,0.00,0.00,300.00,NULL,1,0,1,1),(443,2,'2025-01-10','2025-01-10 09:00:00','2025-01-10 19:00:00',NULL,0.00,0.00,0.00,0.00,0.00,0.00,0.00,NULL,1,0,0,1),(444,1,'2025-01-11','2025-01-11 10:00:00','2025-01-11 20:00:00',NULL,0.00,0.00,0.00,0.00,0.00,0.00,0.00,NULL,1,0,0,1),(445,2,'2025-01-12','2025-01-12 09:00:00','2025-01-12 19:00:00',NULL,0.00,0.00,0.00,0.00,0.00,0.00,0.00,NULL,1,0,0,1),(446,1,'2025-01-13','2025-01-13 10:00:00','2025-01-13 20:00:00',NULL,0.00,0.00,0.00,0.00,0.00,0.00,0.00,NULL,1,0,0,1),(447,2,'2025-01-13','2025-01-13 09:00:00','2025-01-13 19:00:00',NULL,0.00,0.00,0.00,0.00,0.00,0.00,0.00,NULL,1,0,0,1),(448,1,'2025-01-14','2025-01-14 10:00:00','2025-01-14 20:00:00',NULL,0.00,0.00,0.00,0.00,0.00,0.00,0.00,NULL,1,0,0,1),(449,2,'2025-01-14','2025-01-14 09:00:00','2025-01-14 19:00:00',NULL,0.00,0.00,0.00,0.00,0.00,0.00,0.00,NULL,1,0,0,1),(450,1,'2025-01-15','2025-01-15 10:00:00',NULL,NULL,0.00,0.00,0.00,0.00,0.00,0.00,0.00,NULL,1,0,0,1),(451,2,'2025-01-15','2025-01-15 09:00:00',NULL,NULL,0.00,0.00,0.00,0.00,0.00,0.00,0.00,NULL,1,0,0,1),(452,1,'2025-01-16','2025-01-16 10:00:00','2025-01-16 22:00:00',NULL,0.00,2.00,150.00,150.00,0.00,0.00,300.00,NULL,1,0,1,1),(453,2,'2025-01-16','2025-01-16 09:00:00','2025-01-16 19:00:00',NULL,0.00,0.00,0.00,0.00,0.00,0.00,0.00,NULL,1,0,0,1),(454,1,'2025-01-17','2025-01-17 10:00:00','2025-01-18 03:00:00','PUC - MH...4985',150.00,7.00,525.00,150.00,100.00,0.00,925.00,'anil-agrawal-puc-17-01-2025.pdf',1,0,1,1),(455,2,'2025-01-17','2025-01-17 09:00:00','2025-01-17 19:00:00',NULL,0.00,0.00,0.00,0.00,0.00,0.00,0.00,NULL,1,0,0,1),(456,1,'2025-01-18','2025-01-18 10:00:00','2025-01-18 23:59:00',NULL,0.00,3.98,298.00,150.00,100.00,0.00,548.00,NULL,1,0,1,1),(457,2,'2025-01-19','2025-01-19 09:00:00','2025-01-19 19:00:00',NULL,0.00,0.00,0.00,0.00,0.00,0.00,0.00,NULL,1,0,0,1),(458,1,'2025-01-20','2025-01-20 10:00:00',NULL,NULL,0.00,0.00,0.00,0.00,0.00,0.00,0.00,NULL,1,0,0,1),(459,2,'2025-01-20','2025-01-20 09:00:00',NULL,NULL,0.00,0.00,0.00,0.00,0.00,0.00,0.00,NULL,1,0,0,1),(460,1,'2025-01-21','2025-01-21 10:00:00','2025-01-21 20:00:00',NULL,0.00,0.00,0.00,0.00,0.00,0.00,0.00,NULL,1,0,0,1),(461,2,'2025-01-21','2025-01-21 09:00:00','2025-01-21 19:00:00',NULL,0.00,0.00,0.00,0.00,0.00,0.00,0.00,NULL,1,0,0,1),(462,1,'2025-01-22','2025-01-22 10:00:00','2025-01-23 01:00:00',NULL,0.00,5.00,375.00,150.00,100.00,0.00,625.00,NULL,1,0,1,1),(463,2,'2025-01-22','2025-01-22 09:00:00','2025-01-22 19:00:00',NULL,0.00,0.00,0.00,0.00,0.00,0.00,0.00,NULL,1,0,0,1),(464,1,'2025-01-23','2025-01-23 10:00:00','2025-01-23 21:00:00','Jio World Car Parking',100.00,1.00,75.00,0.00,0.00,0.00,175.00,'jio-world-car-parking-23-01-2025.pdf',1,0,1,1),(465,2,'2025-01-23','2025-01-23 09:00:00','2025-01-23 19:00:00',NULL,0.00,0.00,0.00,0.00,0.00,0.00,0.00,NULL,1,0,0,1),(466,1,'2025-01-24','2025-01-24 10:00:00','2025-01-24 22:00:00',NULL,0.00,2.00,150.00,150.00,0.00,0.00,300.00,NULL,1,0,1,1),(467,2,'2025-01-24','2025-01-24 09:00:00','2025-01-24 19:00:00',NULL,0.00,0.00,0.00,0.00,0.00,0.00,0.00,NULL,1,0,0,1),(468,1,'2025-01-25','2025-01-25 10:00:00','2025-01-26 02:00:00',NULL,0.00,6.00,450.00,150.00,100.00,0.00,700.00,NULL,1,0,1,1),(469,2,'2025-01-26','2025-01-26 09:00:00','2025-01-26 19:00:00','Holiday',600.00,0.00,0.00,0.00,0.00,0.00,600.00,NULL,1,0,0,1),(470,1,'2025-01-27','2025-01-27 10:00:00','2025-01-28 01:00:00','MG -MH...4985 (Pumcher Service) and Rs.500 advance taken from Sir',1250.00,5.00,375.00,150.00,100.00,0.00,1875.00,'oyal-tyre-service-27-01-2025.pdf',1,0,1,1),(471,2,'2025-01-27','2025-01-27 09:00:00','2025-01-27 19:00:00',NULL,0.00,0.00,0.00,0.00,0.00,0.00,0.00,NULL,1,0,0,1),(472,1,'2025-01-28','2025-01-28 10:00:00','2025-01-28 23:00:00',NULL,0.00,3.00,225.00,150.00,0.00,0.00,375.00,NULL,1,0,1,1),(473,2,'2025-01-28','2025-01-28 09:00:00','2025-01-28 19:00:00',NULL,0.00,0.00,0.00,0.00,0.00,0.00,0.00,NULL,1,0,0,1),(474,1,'2025-01-29','2025-01-29 10:00:00','2025-01-29 20:00:00',NULL,0.00,0.00,0.00,0.00,0.00,0.00,0.00,NULL,1,0,0,1),(475,2,'2025-01-29','2025-01-29 09:00:00','2025-01-29 19:00:00',NULL,0.00,0.00,0.00,0.00,0.00,0.00,0.00,NULL,1,0,0,1),(476,1,'2025-01-30','2025-01-30 10:00:00','2025-01-30 20:00:00',NULL,0.00,0.00,0.00,0.00,0.00,0.00,0.00,NULL,1,0,0,1),(477,2,'2025-01-30','2025-01-30 09:00:00','2025-01-30 19:00:00',NULL,0.00,0.00,0.00,0.00,0.00,0.00,0.00,NULL,1,0,0,1),(478,1,'2025-01-31','2025-01-31 10:00:00','2025-01-31 23:00:00',NULL,0.00,3.00,225.00,150.00,0.00,0.00,375.00,NULL,1,0,1,1),(479,2,'2025-01-31','2025-01-31 09:00:00','2025-01-31 19:00:00',NULL,0.00,0.00,0.00,0.00,0.00,0.00,0.00,NULL,1,0,0,1),(480,1,'2025-02-01','2025-02-01 10:00:00','2025-02-02 01:00:00',NULL,0.00,5.00,375.00,150.00,100.00,0.00,625.00,NULL,1,0,0,1),(481,2,'2025-02-02','2025-02-02 09:00:00','2025-02-02 20:00:00',NULL,0.00,1.00,75.00,0.00,0.00,0.00,75.00,NULL,1,0,0,1),(482,1,'2025-02-03','2025-02-03 10:00:00','2025-02-03 20:00:00',NULL,0.00,0.00,0.00,0.00,0.00,0.00,0.00,NULL,1,0,0,1),(483,2,'2025-02-03','2025-02-03 09:00:00','2025-02-03 19:00:00',NULL,0.00,0.00,0.00,0.00,0.00,0.00,0.00,NULL,1,0,0,1),(484,1,'2025-02-04','2025-02-04 10:00:00','2025-02-04 20:00:00',NULL,0.00,0.00,0.00,0.00,0.00,0.00,0.00,NULL,1,0,0,1),(485,2,'2025-02-04','2025-02-04 09:00:00','2025-02-04 19:00:00',NULL,0.00,0.00,0.00,0.00,0.00,0.00,0.00,NULL,1,0,0,1),(486,1,'2025-02-05','2025-02-05 10:00:00','2025-02-05 20:00:00',NULL,0.00,0.00,0.00,0.00,0.00,0.00,0.00,NULL,1,0,0,1),(487,2,'2025-02-05','2025-02-05 09:00:00','2025-02-05 19:00:00',NULL,0.00,0.00,0.00,0.00,0.00,0.00,0.00,NULL,1,0,0,1),(488,1,'2025-02-06','2025-02-06 10:00:00','2025-02-06 20:00:00','MG02...4985 - Car Wash kampala Service Station',1200.00,0.00,0.00,0.00,0.00,0.00,1200.00,'kampala-service-station-06-02-2025-car-wash.pdf',1,0,0,1),(489,2,'2025-02-06','2025-02-06 09:00:00','2025-02-06 19:00:00',NULL,0.00,0.00,0.00,0.00,0.00,0.00,0.00,NULL,1,0,0,1),(490,1,'2025-02-07','2025-02-07 10:00:00','2025-02-07 20:00:00',NULL,0.00,0.00,0.00,0.00,0.00,0.00,0.00,NULL,1,0,0,1),(491,2,'2025-02-07','2025-02-07 09:00:00','2025-02-07 19:00:00',NULL,0.00,0.00,0.00,0.00,0.00,0.00,0.00,NULL,1,0,0,1),(492,1,'2025-02-08','2025-02-08 10:00:00','2025-02-09 02:00:00',NULL,0.00,6.00,450.00,150.00,100.00,0.00,700.00,NULL,1,0,1,1),(493,2,'2025-02-09','2025-02-09 09:00:00','2025-02-09 19:00:00',NULL,0.00,0.00,0.00,0.00,0.00,0.00,0.00,NULL,1,0,0,1),(494,1,'2025-02-10','2025-02-10 10:00:00','2025-02-10 23:00:00',NULL,0.00,3.00,225.00,150.00,0.00,0.00,375.00,NULL,1,0,1,1),(495,2,'2025-02-10','2025-02-10 09:00:00','2025-02-10 19:00:00',NULL,0.00,0.00,0.00,0.00,0.00,0.00,0.00,NULL,1,0,0,1),(496,1,'2025-02-11','2025-02-11 10:00:00','2025-02-11 20:00:00',NULL,0.00,0.00,0.00,0.00,0.00,0.00,0.00,NULL,1,0,0,1),(497,2,'2025-02-11','2025-02-11 09:00:00','2025-02-11 20:00:00',NULL,0.00,1.00,75.00,0.00,0.00,0.00,75.00,NULL,1,0,0,1),(498,1,'2025-02-12','2025-02-12 10:00:00','2025-02-12 20:00:00',NULL,0.00,0.00,0.00,0.00,0.00,0.00,0.00,NULL,1,0,0,1),(499,2,'2025-02-12','2025-02-12 09:00:00','2025-02-12 19:00:00',NULL,0.00,0.00,0.00,0.00,0.00,0.00,0.00,NULL,1,0,0,1),(500,1,'2025-02-13','2025-02-13 10:00:00','2025-02-14 01:00:00',NULL,0.00,5.00,375.00,150.00,100.00,0.00,625.00,NULL,1,0,1,1),(501,2,'2025-02-13','2025-02-13 09:00:00','2025-02-13 19:00:00',NULL,0.00,0.00,0.00,0.00,0.00,0.00,0.00,NULL,1,0,0,1),(502,1,'2025-02-14','2025-02-14 10:00:00','2025-02-14 20:00:00',NULL,0.00,0.00,0.00,0.00,0.00,0.00,0.00,NULL,1,0,0,1),(503,2,'2025-02-14','2025-02-14 09:00:00','2025-02-14 19:00:00',NULL,0.00,0.00,0.00,0.00,0.00,0.00,0.00,NULL,1,0,0,1),(504,1,'2025-02-15','2025-02-15 10:00:00','2025-02-15 23:59:00',NULL,0.00,3.98,298.00,150.00,100.00,0.00,548.00,NULL,1,0,1,1),(505,2,'2025-02-16','2025-02-16 09:00:00','2025-02-16 19:00:00',NULL,0.00,0.00,0.00,0.00,0.00,0.00,0.00,NULL,1,0,0,1),(506,1,'2025-02-17','2025-02-17 10:00:00','2025-02-17 20:00:00',NULL,0.00,0.00,0.00,0.00,0.00,0.00,0.00,NULL,1,0,0,1),(507,2,'2025-02-17','2025-02-17 09:00:00','2025-02-17 19:00:00',NULL,0.00,0.00,0.00,0.00,0.00,0.00,0.00,NULL,1,0,0,1),(508,1,'2025-02-02','2025-02-02 21:00:00','2025-02-02 23:59:00',NULL,0.00,0.00,0.00,0.00,0.00,0.00,0.00,NULL,2,1,0,1),(509,1,'2025-02-18','2025-02-18 10:00:00','2025-02-18 20:00:00',NULL,0.00,0.00,0.00,0.00,0.00,0.00,0.00,NULL,1,0,0,1),(510,2,'2025-02-18','2025-02-18 09:00:00','2025-02-18 19:00:00',NULL,0.00,0.00,0.00,0.00,0.00,0.00,0.00,NULL,1,0,0,1),(511,1,'2025-02-19','2025-02-19 10:00:00','2025-02-19 20:00:00',NULL,0.00,0.00,0.00,0.00,0.00,0.00,0.00,NULL,1,0,0,1),(512,2,'2025-02-19','2025-02-19 09:00:00','2025-02-19 20:00:00',NULL,0.00,1.00,75.00,0.00,0.00,0.00,75.00,NULL,1,0,0,1),(513,1,'2025-02-20','2025-02-20 10:00:00','2025-02-20 21:00:00',NULL,0.00,1.00,75.00,0.00,0.00,0.00,75.00,NULL,1,0,1,1),(514,2,'2025-02-20','2025-02-20 09:00:00','2025-02-20 19:00:00',NULL,0.00,0.00,0.00,0.00,0.00,0.00,0.00,NULL,1,0,0,1),(515,1,'2025-02-21','2025-02-21 10:00:00','2025-02-21 20:00:00','PUC - MG Hector ...33',170.00,0.00,0.00,0.00,0.00,0.00,170.00,'anil-kejriwal-mg-hector-puc-21-02-2025.pdf',1,0,1,1),(516,2,'2025-02-21','2025-02-21 09:00:00','2025-02-21 19:00:00',NULL,0.00,0.00,0.00,0.00,0.00,0.00,0.00,NULL,1,0,0,1),(517,1,'2025-02-22','2025-02-22 10:00:00','2025-02-23 02:00:00',NULL,0.00,6.00,450.00,150.00,100.00,0.00,700.00,NULL,1,0,1,1),(518,2,'2025-02-23','2025-02-23 09:00:00','2025-02-23 21:00:00',NULL,0.00,2.00,150.00,0.00,0.00,0.00,150.00,NULL,1,0,0,1),(519,1,'2025-02-24','2025-02-24 10:00:00','2025-02-24 20:00:00',NULL,0.00,0.00,0.00,0.00,0.00,0.00,0.00,NULL,1,0,0,1),(520,2,'2025-02-24','2025-02-24 09:00:00','2025-02-24 19:00:00',NULL,0.00,0.00,0.00,0.00,0.00,0.00,0.00,NULL,1,0,0,1),(521,1,'2025-02-25','2025-02-25 10:00:00','2025-02-25 20:00:00',NULL,0.00,0.00,0.00,0.00,0.00,0.00,0.00,NULL,1,0,0,1),(522,2,'2025-02-25','2025-02-25 09:00:00','2025-02-25 19:00:00',NULL,0.00,0.00,0.00,0.00,0.00,0.00,0.00,NULL,1,0,0,1),(523,1,'2025-02-26','2025-02-26 10:00:00','2025-02-26 23:00:00','Holiday - 3hrs',600.00,3.00,225.00,150.00,0.00,0.00,975.00,NULL,1,0,1,1),(524,2,'2025-02-26','2025-02-26 09:00:00','2025-02-26 19:00:00','Holiday',0.00,0.00,0.00,0.00,0.00,0.00,0.00,NULL,1,0,0,1),(525,1,'2025-02-27','2025-02-27 10:00:00','2025-02-27 23:59:00',NULL,0.00,3.98,298.00,150.00,100.00,0.00,548.00,NULL,1,0,1,1),(526,2,'2025-02-27','2025-02-27 09:00:00','2025-02-27 19:00:00',NULL,0.00,0.00,0.00,0.00,0.00,0.00,0.00,NULL,1,0,0,1),(527,1,'2025-02-28','2025-02-28 10:00:00','2025-02-28 23:00:00',NULL,0.00,3.00,225.00,150.00,0.00,0.00,375.00,NULL,1,0,1,1),(528,2,'2025-02-28','2025-02-28 09:00:00',NULL,NULL,0.00,0.00,0.00,0.00,0.00,0.00,0.00,NULL,1,0,0,1),(529,1,'2025-03-06','2025-03-06 10:00:00','2025-03-06 23:00:00',NULL,0.00,3.00,225.00,150.00,0.00,0.00,375.00,NULL,2,1,0,1),(530,1,'2025-03-08','2025-03-08 10:00:00','2025-03-08 23:59:00',NULL,0.00,3.98,298.00,150.00,100.00,0.00,548.00,NULL,1,1,0,1),(531,1,'2025-03-16','2025-03-16 10:00:00','2025-03-16 20:00:00',NULL,0.00,0.00,0.00,0.00,0.00,600.00,600.00,NULL,1,1,0,1),(540,1,'2025-03-17','2025-03-17 10:00:00','2025-03-17 20:00:00',NULL,0.00,0.00,0.00,0.00,0.00,0.00,0.00,NULL,1,0,0,1),(541,2,'2025-03-17','2025-03-17 09:00:00','2025-03-17 19:00:00',NULL,0.00,0.00,0.00,0.00,0.00,0.00,0.00,NULL,1,0,0,1),(542,1,'2025-03-18','2025-03-18 10:00:00','2025-03-18 23:00:00',NULL,0.00,3.00,225.00,150.00,0.00,0.00,375.00,NULL,1,0,0,1),(543,2,'2025-03-18','2025-03-18 09:00:00','2025-03-18 19:00:00',NULL,0.00,0.00,0.00,0.00,0.00,0.00,0.00,NULL,1,0,0,1),(544,1,'2025-03-19','2025-03-19 10:00:00','2025-03-19 23:59:00',NULL,0.00,3.98,298.00,150.00,100.00,0.00,548.00,NULL,1,0,0,1),(545,2,'2025-03-19','2025-03-19 09:00:00','2025-03-19 20:00:00',NULL,0.00,1.00,75.00,0.00,0.00,0.00,75.00,NULL,1,0,1,1),(546,1,'2025-03-20','2025-03-20 10:00:00','2025-03-20 22:59:13',NULL,0.00,2.99,224.00,150.00,0.00,0.00,374.00,NULL,1,0,0,1),(547,2,'2025-03-20','2025-03-20 09:00:00','2025-03-20 20:00:00',NULL,0.00,1.00,75.00,0.00,0.00,0.00,75.00,NULL,1,0,1,1),(548,1,'2025-03-21','2025-03-21 10:00:00','2025-03-21 20:00:00',NULL,0.00,0.00,0.00,0.00,0.00,0.00,0.00,NULL,1,0,0,1),(549,2,'2025-03-21','2025-03-21 09:00:00','2025-03-21 20:00:00',NULL,0.00,1.00,75.00,0.00,0.00,0.00,75.00,NULL,1,0,1,1),(550,1,'2025-03-22','2025-03-22 10:00:00','2025-03-23 01:52:41',NULL,0.00,5.88,440.00,150.00,100.00,0.00,690.00,NULL,1,0,0,1),(551,2,'2025-03-23','2025-03-23 09:00:00','2025-03-23 20:00:00',NULL,0.00,1.00,75.00,0.00,0.00,0.00,75.00,NULL,1,0,1,1),(552,1,'2025-03-23','2025-03-23 23:59:49','2025-03-23 00:00:00','Sunday',600.00,0.00,0.00,0.00,0.00,0.00,600.00,NULL,2,1,0,1),(553,1,'2025-03-24','2025-03-24 10:00:00','2025-03-24 20:00:00',NULL,0.00,0.00,0.00,0.00,0.00,0.00,0.00,NULL,1,0,0,1),(554,2,'2025-03-24','2025-03-24 09:00:00','2025-03-24 19:00:00',NULL,0.00,0.00,0.00,0.00,0.00,0.00,0.00,NULL,1,0,0,1),(555,1,'2025-03-25','2025-03-25 10:00:00','2025-03-25 23:58:28',NULL,0.00,3.97,298.00,150.00,0.00,0.00,448.00,NULL,1,0,0,1),(556,2,'2025-03-25','2025-03-25 09:00:00','2025-03-25 19:00:00',NULL,0.00,0.00,0.00,0.00,0.00,0.00,0.00,NULL,1,0,0,1),(557,1,'2025-03-26','2025-03-26 10:00:00','2025-03-26 20:00:00',NULL,0.00,0.00,0.00,0.00,0.00,0.00,0.00,NULL,1,0,0,1),(558,2,'2025-03-26','2025-03-26 09:00:00','2025-03-26 19:00:00',NULL,0.00,0.00,0.00,0.00,0.00,0.00,0.00,NULL,1,0,0,1),(559,1,'2025-03-27','2025-03-27 10:00:00','2025-03-27 23:24:42',NULL,0.00,3.41,255.00,150.00,0.00,0.00,405.00,NULL,1,0,0,1),(560,2,'2025-03-27','2025-03-27 09:00:00','2025-03-27 19:00:00',NULL,0.00,0.00,0.00,0.00,0.00,0.00,0.00,NULL,1,0,0,1),(561,1,'2025-03-28','2025-03-28 10:00:00','2025-03-28 22:56:00',NULL,0.00,2.93,220.00,150.00,0.00,0.00,370.00,NULL,1,0,0,1),(562,2,'2025-03-28','2025-03-28 09:00:00','2025-03-28 19:00:00',NULL,0.00,0.00,0.00,0.00,0.00,0.00,0.00,NULL,1,0,0,1),(563,1,'2025-03-29','2025-03-29 06:50:19','2025-03-29 22:32:30',NULL,0.00,5.70,427.00,150.00,0.00,0.00,577.00,NULL,2,1,0,1),(564,2,'2025-03-30','2025-03-30 09:00:00','2025-03-30 19:00:00',NULL,0.00,0.00,0.00,0.00,0.00,0.00,0.00,NULL,1,0,0,1),(565,1,'2025-03-31','2025-03-31 10:00:00','2025-03-31 21:00:00',NULL,0.00,1.00,75.00,0.00,0.00,0.00,75.00,NULL,1,0,0,1),(566,2,'2025-03-31','2025-03-31 09:00:00','2025-03-31 19:00:00',NULL,0.00,0.00,0.00,0.00,0.00,0.00,0.00,NULL,1,0,0,1),(567,1,'2025-04-01','2025-04-01 10:00:00','2025-04-01 22:00:00',NULL,0.00,2.00,150.00,150.00,0.00,0.00,300.00,NULL,1,0,0,1),(568,2,'2025-04-01','2025-04-01 09:00:00','2025-04-01 19:00:00',NULL,0.00,0.00,0.00,0.00,0.00,0.00,0.00,NULL,1,0,0,1),(569,1,'2025-04-02','2025-04-02 10:00:00','2025-04-02 23:41:55',NULL,0.00,3.70,277.00,150.00,0.00,0.00,427.00,NULL,1,0,1,1),(570,2,'2025-04-02','2025-04-02 09:00:00','2025-04-02 19:00:00',NULL,0.00,0.00,0.00,0.00,0.00,0.00,0.00,NULL,1,0,0,1),(571,1,'2025-04-03','2025-04-03 10:00:00','2025-04-03 20:00:00',NULL,0.00,0.00,0.00,0.00,0.00,0.00,0.00,NULL,1,0,0,1),(572,2,'2025-04-03','2025-04-03 09:00:00','2025-04-03 20:00:00',NULL,0.00,1.00,75.00,0.00,0.00,0.00,75.00,NULL,1,0,0,1),(573,1,'2025-03-07','2025-03-07 10:00:00','2025-03-08 02:00:00',NULL,0.00,6.00,450.00,150.00,100.00,0.00,700.00,NULL,1,1,1,1),(574,1,'2025-03-10','2025-03-10 10:00:00','2025-03-10 21:00:00',NULL,0.00,1.00,75.00,0.00,0.00,0.00,75.00,NULL,1,1,0,1),(575,1,'2025-03-15','2025-03-15 10:00:00','2025-03-15 22:59:00',NULL,0.00,2.98,223.00,150.00,0.00,0.00,373.00,NULL,1,1,1,1),(576,1,'2025-04-04','2025-04-04 10:00:00','2025-04-04 22:11:15',NULL,0.00,2.19,164.00,150.00,0.00,0.00,314.00,NULL,1,0,1,1),(577,2,'2025-04-04','2025-04-04 09:00:00','2025-04-04 19:00:00',NULL,0.00,0.00,0.00,0.00,0.00,0.00,0.00,NULL,1,0,0,1),(578,1,'2025-04-05','2025-04-05 10:00:00','2025-04-06 13:00:00',NULL,0.00,17.00,1275.00,150.00,100.00,0.00,1525.00,NULL,1,0,0,1),(579,2,'2025-04-06','2025-04-06 09:00:00','2025-04-06 19:00:00',NULL,0.00,0.00,0.00,0.00,0.00,0.00,0.00,NULL,1,0,0,1),(580,1,'2025-04-07','2025-04-07 10:00:00','2025-04-08 01:03:34',NULL,0.00,5.06,379.00,150.00,100.00,0.00,629.00,NULL,1,0,1,1),(581,2,'2025-04-07','2025-04-07 09:00:00','2025-04-07 19:00:00',NULL,0.00,0.00,0.00,0.00,0.00,0.00,0.00,NULL,1,0,0,1),(582,1,'2025-04-08','2025-04-08 10:00:00','2025-04-08 23:09:37',NULL,0.00,3.16,237.00,150.00,0.00,0.00,387.00,NULL,1,0,1,1),(583,2,'2025-04-08','2025-04-08 09:00:00','2025-04-08 19:00:00',NULL,0.00,0.00,0.00,0.00,0.00,0.00,0.00,NULL,1,0,0,1),(584,1,'2025-04-09','2025-04-09 10:00:00','2025-04-09 23:14:30',NULL,0.00,3.24,243.00,150.00,0.00,0.00,393.00,NULL,1,0,1,1),(585,2,'2025-04-09','2025-04-09 09:00:00','2025-04-09 19:00:00',NULL,0.00,0.00,0.00,0.00,0.00,0.00,0.00,NULL,1,0,0,1),(586,1,'2025-04-10','2025-04-10 09:05:20','2025-04-10 20:00:00',NULL,0.00,0.91,68.00,0.00,0.00,0.00,68.00,NULL,2,1,1,1),(587,2,'2025-04-10','2025-04-10 09:00:00','2025-04-10 19:00:00',NULL,0.00,0.00,0.00,0.00,0.00,0.00,0.00,NULL,1,0,0,1),(588,1,'2025-04-11','2025-04-11 10:00:00','2025-04-11 22:06:08',NULL,0.00,2.10,157.00,150.00,0.00,0.00,307.00,NULL,1,0,1,1),(589,2,'2025-04-11','2025-04-11 09:00:00','2025-04-11 20:00:00',NULL,0.00,1.00,75.00,0.00,0.00,0.00,75.00,NULL,1,0,1,1),(590,1,'2025-04-12','2025-04-12 10:00:00','2025-04-13 01:00:00',NULL,0.00,5.00,375.00,150.00,100.00,0.00,625.00,NULL,1,0,1,1),(591,2,'2025-04-13','2025-04-13 09:00:00','2025-04-13 19:00:00',NULL,0.00,0.00,0.00,0.00,0.00,0.00,0.00,NULL,1,0,0,1),(592,1,'2025-04-14','2025-04-14 10:00:00','2025-04-14 23:00:00',NULL,0.00,3.00,225.00,150.00,0.00,0.00,375.00,NULL,1,0,1,1),(593,2,'2025-04-14','2025-04-14 09:00:00','2025-04-14 19:00:00',NULL,0.00,0.00,0.00,0.00,0.00,0.00,0.00,NULL,1,0,0,1),(594,1,'2025-04-15','2025-04-15 10:00:00','2025-04-15 20:00:00',NULL,0.00,0.00,0.00,0.00,0.00,0.00,0.00,NULL,1,0,0,1),(595,2,'2025-04-15','2025-04-15 09:00:00','2025-04-15 19:00:00',NULL,0.00,0.00,0.00,0.00,0.00,0.00,0.00,NULL,1,0,0,1),(596,1,'2025-04-16','2025-04-16 10:00:00','2025-04-16 22:10:09',NULL,0.00,2.17,162.00,150.00,0.00,0.00,312.00,NULL,1,0,1,1),(597,2,'2025-04-16','2025-04-16 09:00:00','2025-04-16 19:00:00',NULL,0.00,0.00,0.00,0.00,0.00,0.00,0.00,NULL,1,0,0,1),(598,1,'2025-04-17','2025-04-17 10:00:00','2025-04-17 23:11:44',NULL,0.00,3.20,239.00,150.00,0.00,0.00,389.00,NULL,1,0,1,1),(599,2,'2025-04-17','2025-04-17 09:00:00','2025-04-17 19:00:00',NULL,0.00,0.00,0.00,0.00,0.00,0.00,0.00,NULL,1,0,0,1),(600,1,'2025-04-18','2025-04-18 10:00:00','2025-04-18 21:58:32',NULL,0.00,1.98,148.00,0.00,0.00,0.00,148.00,NULL,1,0,1,1),(601,2,'2025-04-18','2025-04-18 09:00:00','2025-04-18 19:00:00',NULL,0.00,0.00,0.00,0.00,0.00,0.00,0.00,NULL,1,0,0,1),(602,1,'2025-04-19','2025-04-19 10:00:00','2025-04-20 03:21:09',NULL,0.00,7.35,551.00,150.00,100.00,0.00,801.00,NULL,1,0,1,1),(603,2,'2025-04-20','2025-04-20 09:00:00','2025-04-20 21:00:00',NULL,0.00,2.00,150.00,0.00,0.00,0.00,150.00,NULL,1,0,1,1),(604,1,'2025-04-21','2025-04-21 10:00:00','2025-04-21 20:00:00',NULL,0.00,0.00,0.00,0.00,0.00,0.00,0.00,NULL,1,0,0,1),(605,2,'2025-04-21','2025-04-21 09:00:00','2025-04-21 19:00:00',NULL,0.00,0.00,0.00,0.00,0.00,0.00,0.00,NULL,1,0,0,1),(606,1,'2025-04-22','2025-04-22 10:00:00','2025-04-22 20:00:00',NULL,0.00,0.00,0.00,0.00,0.00,0.00,0.00,NULL,1,0,0,1),(607,2,'2025-04-22','2025-04-22 09:00:00','2025-04-22 19:00:00',NULL,0.00,0.00,0.00,0.00,0.00,0.00,0.00,NULL,1,0,0,1),(608,1,'2025-04-23','2025-04-23 10:00:00','2025-04-24 01:09:27',NULL,0.00,5.16,386.00,150.00,100.00,0.00,636.00,NULL,1,0,0,1),(609,2,'2025-04-23','2025-04-23 09:00:00',NULL,NULL,0.00,0.00,0.00,0.00,0.00,0.00,0.00,NULL,1,0,0,1),(610,1,'2025-04-24','2025-04-24 10:00:00','2025-04-24 23:07:10',NULL,0.00,3.12,233.00,150.00,0.00,0.00,383.00,NULL,1,0,0,1),(611,2,'2025-04-24','2025-04-24 09:00:00','2025-04-24 19:00:00',NULL,0.00,0.00,0.00,0.00,0.00,0.00,0.00,NULL,1,0,0,1),(612,1,'2025-04-25','2025-04-25 10:00:00','2025-04-26 01:04:11',NULL,0.00,5.07,380.00,150.00,100.00,0.00,630.00,NULL,1,0,0,1),(613,2,'2025-04-25','2025-04-25 09:00:00','2025-04-25 19:00:00',NULL,0.00,0.00,0.00,0.00,0.00,0.00,0.00,NULL,1,0,0,1),(614,1,'2025-04-26','2025-04-26 10:00:00','2025-04-27 01:00:00',NULL,0.00,5.00,375.00,150.00,100.00,0.00,625.00,NULL,1,0,0,1),(615,2,'2025-04-27','2025-04-27 09:00:00','2025-04-27 19:00:00',NULL,0.00,0.00,0.00,0.00,0.00,0.00,0.00,NULL,1,0,0,1),(616,1,'2025-04-28','2025-04-28 10:00:00','2025-04-28 23:08:09',NULL,0.00,3.14,235.00,150.00,0.00,0.00,385.00,NULL,1,0,1,1),(617,2,'2025-04-28','2025-04-28 09:00:00','2025-04-28 19:00:00',NULL,0.00,0.00,0.00,0.00,0.00,0.00,0.00,NULL,1,0,0,1),(618,1,'2025-04-29','2025-04-29 10:00:00','2025-04-29 23:13:56',NULL,0.00,3.23,242.00,150.00,0.00,0.00,392.00,NULL,1,0,1,1),(619,2,'2025-04-29','2025-04-29 09:00:00','2025-04-29 19:00:00',NULL,0.00,0.00,0.00,0.00,0.00,0.00,0.00,NULL,1,0,0,1),(620,1,'2025-04-30','2025-04-30 10:00:00','2025-05-01 00:07:22',NULL,0.00,4.12,309.00,150.00,100.00,0.00,559.00,NULL,1,0,1,1),(621,2,'2025-04-30','2025-04-30 09:00:00','2025-04-30 19:00:00',NULL,0.00,0.00,0.00,0.00,0.00,0.00,0.00,NULL,1,0,0,1),(622,1,'2025-05-01','2025-05-01 10:00:00','2025-05-01 21:01:23','Holiday - Maharashtra Day',600.00,1.02,76.00,0.00,0.00,0.00,676.00,NULL,1,0,1,1),(623,2,'2025-05-01','2025-05-01 09:00:00','2025-05-01 19:00:00',NULL,0.00,0.00,0.00,0.00,0.00,0.00,0.00,NULL,1,0,0,1),(624,1,'2025-05-02','2025-05-02 10:00:00','2025-05-03 01:33:14',NULL,0.00,5.55,416.00,150.00,100.00,0.00,666.00,NULL,1,0,1,1),(625,2,'2025-05-02','2025-05-02 09:00:00','2025-05-02 19:00:00',NULL,0.00,0.00,0.00,0.00,0.00,0.00,0.00,NULL,1,0,0,1),(626,1,'2025-05-03','2025-05-03 10:00:00','2025-05-04 02:20:40',NULL,0.00,6.34,475.00,150.00,100.00,0.00,725.00,NULL,1,0,1,1),(627,2,'2025-05-04','2025-05-04 09:00:00','2025-05-04 19:00:00',NULL,0.00,0.00,0.00,0.00,0.00,0.00,0.00,NULL,1,0,0,1),(628,1,'2025-05-05','2025-05-05 10:00:00','2025-05-05 22:04:46',NULL,0.00,2.08,155.00,150.00,0.00,0.00,305.00,NULL,1,0,1,1),(629,2,'2025-05-05','2025-05-05 09:00:00','2025-05-05 19:00:00',NULL,0.00,0.00,0.00,0.00,0.00,0.00,0.00,NULL,1,0,0,1),(630,1,'2025-05-06','2025-05-06 10:00:00','2025-05-06 20:00:00',NULL,0.00,0.00,0.00,0.00,0.00,0.00,0.00,NULL,1,0,0,1),(631,2,'2025-05-06','2025-05-06 09:00:00','2025-05-06 19:00:00',NULL,0.00,0.00,0.00,0.00,0.00,0.00,0.00,NULL,1,0,0,1),(632,1,'2025-05-07','2025-05-07 10:00:00','2025-05-07 20:00:00',NULL,0.00,0.00,0.00,0.00,0.00,0.00,0.00,NULL,1,0,0,1),(633,2,'2025-05-07','2025-05-07 09:00:00','2025-05-07 19:00:00',NULL,0.00,0.00,0.00,0.00,0.00,0.00,0.00,NULL,1,0,0,1),(634,1,'2025-05-08','2025-05-08 10:00:00','2025-05-08 23:00:00',NULL,0.00,3.00,225.00,150.00,0.00,0.00,375.00,NULL,1,0,1,1),(635,2,'2025-05-08','2025-05-08 09:00:00','2025-05-08 19:00:00',NULL,0.00,0.00,0.00,0.00,0.00,0.00,0.00,NULL,1,0,0,1),(636,1,'2025-05-09','2025-05-09 10:00:00','2025-05-10 01:30:34',NULL,0.00,5.51,413.00,150.00,100.00,0.00,663.00,NULL,1,0,1,1),(637,2,'2025-05-09','2025-05-09 09:00:00','2025-05-09 19:00:00',NULL,0.00,0.00,0.00,0.00,0.00,0.00,0.00,NULL,1,0,0,1),(638,1,'2025-05-10','2025-05-10 10:00:00','2025-05-11 01:27:24',NULL,0.00,5.46,409.00,150.00,100.00,0.00,659.00,NULL,1,0,1,1),(639,1,'2025-05-11','2025-05-11 01:27:28',NULL,NULL,0.00,0.00,0.00,0.00,0.00,0.00,0.00,NULL,2,1,0,1),(640,2,'2025-05-11','2025-05-11 09:00:00','2025-05-11 19:00:00',NULL,0.00,0.00,0.00,0.00,0.00,0.00,0.00,NULL,1,0,0,1),(641,1,'2025-05-12','2025-05-12 10:00:00','2025-05-13 06:50:19','Nasik - 1000 advance',-2200.00,10.84,812.00,150.00,100.00,0.00,-1137.00,NULL,1,0,0,1),(642,2,'2025-05-12','2025-05-12 09:00:00','2025-05-12 19:00:00',NULL,0.00,0.00,0.00,0.00,0.00,0.00,0.00,NULL,1,0,0,1),(643,1,'2025-05-13','2025-05-13 10:00:00','2025-05-13 20:00:00',NULL,0.00,0.00,0.00,0.00,0.00,0.00,0.00,NULL,1,0,0,1),(644,2,'2025-05-13','2025-05-13 09:00:00','2025-05-13 19:00:00',NULL,0.00,0.00,0.00,0.00,0.00,0.00,0.00,NULL,1,0,0,1),(645,1,'2025-05-14','2025-05-14 10:00:00','2025-05-14 20:00:00',NULL,0.00,0.00,0.00,0.00,0.00,0.00,0.00,NULL,1,0,0,1),(646,2,'2025-05-14','2025-05-14 09:00:00','2025-05-14 19:00:00',NULL,0.00,0.00,0.00,0.00,0.00,0.00,0.00,NULL,1,0,0,1),(647,1,'2025-05-15','2025-05-15 10:00:00','2025-05-15 20:00:00',NULL,0.00,0.00,0.00,0.00,0.00,0.00,0.00,NULL,1,0,0,1),(648,2,'2025-05-15','2025-05-15 09:00:00','2025-05-15 19:00:00',NULL,0.00,0.00,0.00,0.00,0.00,0.00,0.00,NULL,1,0,0,1),(649,1,'2025-05-16','2025-05-16 10:00:00','2025-05-16 23:59:00',NULL,0.00,3.98,298.00,150.00,100.00,0.00,548.00,NULL,1,0,1,1),(650,2,'2025-05-16','2025-05-16 09:00:00','2025-05-16 19:00:00',NULL,0.00,0.00,0.00,0.00,0.00,0.00,0.00,NULL,1,0,0,1),(651,1,'2025-05-17','2025-05-17 10:00:00','2025-05-17 20:00:00',NULL,0.00,0.00,0.00,0.00,0.00,0.00,0.00,NULL,1,0,0,1),(652,2,'2025-05-18','2025-05-18 09:00:00','2025-05-18 19:00:00',NULL,0.00,0.00,0.00,0.00,0.00,0.00,0.00,NULL,1,0,0,1),(653,1,'2025-05-19','2025-05-19 10:00:00','2025-05-19 20:00:00',NULL,0.00,0.00,0.00,0.00,0.00,0.00,0.00,NULL,1,0,0,1),(654,2,'2025-05-19','2025-05-19 09:00:00','2025-05-19 19:00:00',NULL,0.00,0.00,0.00,0.00,0.00,0.00,0.00,NULL,1,0,0,1),(655,1,'2025-04-05','2025-04-05 00:00:00','2025-04-05 00:00:00','Holiday - Lonavala ',600.00,0.00,0.00,0.00,0.00,0.00,600.00,NULL,2,1,0,1),(656,1,'2025-04-06','2025-04-06 00:00:00','2025-04-06 00:00:00','Holiday - Lonavala',600.00,0.00,0.00,0.00,0.00,0.00,600.00,NULL,2,1,0,1),(657,2,'2025-03-15','2025-03-15 09:00:00','2025-03-15 19:00:00',NULL,0.00,0.00,0.00,0.00,0.00,600.00,600.00,NULL,3,1,1,1),(658,2,'2025-04-05','2025-04-05 09:00:00','2025-04-05 19:00:00',NULL,0.00,0.00,0.00,0.00,0.00,600.00,600.00,NULL,3,1,1,1),(659,2,'2025-05-03','2025-05-03 09:00:00','2025-05-03 19:00:00',NULL,0.00,0.00,0.00,0.00,0.00,600.00,600.00,NULL,3,1,1,1),(660,1,'2025-05-20','2025-05-20 10:00:00','2025-05-20 20:00:00',NULL,0.00,0.00,0.00,0.00,0.00,0.00,0.00,NULL,1,0,0,1),(661,2,'2025-05-20','2025-05-20 09:00:00','2025-05-20 19:00:00',NULL,0.00,0.00,0.00,0.00,0.00,0.00,0.00,NULL,1,0,0,1),(662,1,'2025-05-21','2025-05-21 10:00:00','2025-05-21 20:00:00',NULL,0.00,0.00,0.00,0.00,0.00,0.00,0.00,NULL,1,0,0,1),(663,2,'2025-05-21','2025-05-21 09:00:00','2025-05-21 19:00:00',NULL,0.00,0.00,0.00,0.00,0.00,0.00,0.00,NULL,1,0,0,1),(664,1,'2025-05-22','2025-05-22 10:00:00','2025-05-22 23:27:39',NULL,0.00,3.46,259.00,150.00,0.00,0.00,409.00,NULL,1,0,1,1),(665,2,'2025-05-22','2025-05-22 09:00:00','2025-05-22 19:00:00',NULL,0.00,0.00,0.00,0.00,0.00,0.00,0.00,NULL,1,0,0,1),(666,1,'2025-05-23','2025-05-23 10:00:00','2025-05-23 23:59:00',NULL,0.00,3.98,298.00,150.00,100.00,0.00,548.00,NULL,1,0,1,1),(667,2,'2025-05-23','2025-05-23 09:00:00','2025-05-23 19:00:00',NULL,0.00,0.00,0.00,0.00,0.00,0.00,0.00,NULL,1,0,0,1),(668,1,'2025-05-24','2025-05-24 10:00:00','2025-05-24 20:00:00',NULL,0.00,0.00,0.00,0.00,0.00,0.00,0.00,NULL,1,0,0,1),(669,1,'2025-05-26','2025-05-26 10:00:00','2025-05-26 20:00:00',NULL,0.00,0.00,0.00,0.00,0.00,0.00,0.00,NULL,1,0,0,1),(670,2,'2025-05-26','2025-05-26 09:00:00','2025-05-26 19:00:00',NULL,0.00,0.00,0.00,0.00,0.00,0.00,0.00,NULL,1,0,0,1),(671,1,'2025-05-27','2025-05-27 10:00:00','2025-05-27 20:00:00',NULL,0.00,0.00,0.00,0.00,0.00,0.00,0.00,NULL,1,0,0,1),(672,2,'2025-05-27','2025-05-27 09:00:00','2025-05-27 19:00:00',NULL,0.00,0.00,0.00,0.00,0.00,0.00,0.00,NULL,1,0,0,1),(673,1,'2025-05-28','2025-05-28 10:00:00','2025-05-28 20:00:00',NULL,0.00,0.00,0.00,0.00,0.00,0.00,0.00,NULL,1,0,0,1),(674,2,'2025-05-28','2025-05-28 09:00:00','2025-05-28 19:00:00',NULL,0.00,0.00,0.00,0.00,0.00,0.00,0.00,NULL,1,0,0,1),(675,1,'2025-05-29','2025-05-29 07:00:00','2025-05-29 20:00:00','Parking',180.00,3.00,225.00,0.00,0.00,0.00,405.00,'parking-29-5-2025.jpg',1,0,1,1),(676,2,'2025-05-29','2025-05-29 09:00:00','2025-05-29 19:00:00',NULL,0.00,0.00,0.00,0.00,0.00,0.00,0.00,NULL,1,0,0,1),(677,1,'2025-05-30','2025-05-30 10:00:00','2025-05-30 20:00:00',NULL,0.00,0.00,0.00,0.00,0.00,0.00,0.00,NULL,1,0,0,1),(678,2,'2025-05-30','2025-05-30 09:00:00','2025-08-20 19:00:00',NULL,0.00,1968.00,147600.00,100.00,100.00,0.00,147800.00,NULL,1,0,0,1),(679,1,'2025-05-19','2025-05-19 10:00:00','2025-06-19 22:00:00',NULL,0.00,746.00,55950.00,150.00,100.00,0.00,56200.00,NULL,2,1,0,1),(680,1,'2025-05-31','2025-05-31 10:00:00','2025-06-01 02:00:00',NULL,0.00,6.00,450.00,150.00,100.00,0.00,700.00,NULL,2,1,1,1),(681,1,'2025-06-01','2025-06-01 00:00:00','2025-06-01 00:00:00','Sunday',0.00,0.00,0.00,0.00,0.00,0.00,0.00,NULL,2,1,0,1),(682,1,'2025-06-03','2025-06-03 00:00:00','2025-06-03 00:00:00','Nashik',0.00,0.00,0.00,0.00,0.00,0.00,0.00,NULL,2,1,0,1),(683,1,'2025-06-04','2025-06-04 00:00:00','2025-06-04 00:00:00','Nashik - Dinner',0.00,0.00,0.00,0.00,0.00,0.00,0.00,NULL,2,1,0,1),(684,1,'2025-06-05','2025-06-05 10:00:00','2025-06-05 23:59:00',NULL,0.00,3.98,298.00,150.00,100.00,0.00,548.00,NULL,2,1,1,1),(685,1,'2025-06-06','2025-06-06 10:00:00','2025-06-06 22:00:00',NULL,0.00,2.00,150.00,150.00,0.00,0.00,300.00,NULL,2,1,1,1),(686,1,'2025-06-07','2025-06-07 10:00:00','2025-06-07 23:00:00',NULL,0.00,3.00,225.00,150.00,0.00,0.00,375.00,NULL,2,1,1,1),(687,1,'2025-06-08','2025-06-08 10:00:00','2025-06-08 22:00:00',NULL,0.00,0.00,0.00,0.00,0.00,600.00,600.00,NULL,2,1,1,1),(688,1,'2025-06-10','2025-06-10 10:00:00','2025-06-11 04:00:00',NULL,0.00,8.00,600.00,150.00,100.00,0.00,850.00,NULL,2,1,1,1),(689,1,'2025-06-13','2025-06-13 10:00:00','2025-06-14 04:00:00',NULL,0.00,8.00,600.00,150.00,100.00,0.00,850.00,NULL,2,1,1,1),(690,1,'2025-06-16','2025-06-16 10:00:00','2025-06-16 22:00:00',NULL,0.00,2.00,150.00,150.00,0.00,0.00,300.00,NULL,2,1,1,1),(691,1,'2025-06-22','2025-06-22 00:00:00','2025-06-22 00:00:00','Sunday',600.00,0.00,0.00,0.00,0.00,0.00,600.00,NULL,2,1,1,1),(692,1,'2025-06-23','2025-06-23 10:00:00','2025-06-24 01:00:00',NULL,0.00,5.00,375.00,150.00,100.00,0.00,625.00,NULL,2,1,1,1),(693,1,'2025-06-24','2025-06-24 10:00:00','2025-06-24 22:00:00',NULL,0.00,2.00,150.00,150.00,0.00,0.00,300.00,NULL,2,1,1,1),(694,1,'2025-06-25','2025-06-25 10:00:00','2025-06-26 02:00:00','Balance with Dilkhush - 2000/-',-2000.00,6.00,450.00,150.00,100.00,0.00,-1300.00,NULL,2,1,0,1),(695,1,'2025-07-30','2025-07-30 10:00:00','2025-07-30 20:00:00',NULL,0.00,0.00,0.00,0.00,0.00,0.00,0.00,NULL,1,0,0,1),(696,2,'2025-07-30','2025-07-30 10:00:00','2025-07-30 21:00:00',NULL,0.00,1.00,75.00,0.00,0.00,0.00,75.00,NULL,3,1,1,1),(697,1,'2025-08-06','2025-08-06 10:00:00','2025-08-06 20:00:00',NULL,0.00,0.00,0.00,0.00,0.00,0.00,0.00,NULL,1,0,0,1),(698,2,'2025-08-06','2025-08-06 09:00:00','2025-08-06 19:00:00',NULL,0.00,0.00,0.00,0.00,0.00,0.00,0.00,NULL,1,0,0,1),(699,2,'2025-06-13','2025-06-13 09:00:00','2025-06-13 21:00:00',NULL,0.00,2.00,150.00,0.00,0.00,0.00,150.00,NULL,2,1,1,1),(700,2,'2025-06-12','2025-06-12 09:00:00','2025-06-12 21:00:00',NULL,0.00,2.00,150.00,0.00,0.00,0.00,150.00,NULL,2,1,1,1),(701,2,'2025-06-15','2025-06-15 08:00:00','2025-06-15 19:00:00','Sunday',0.00,1.00,75.00,0.00,0.00,0.00,75.00,NULL,2,1,1,1),(702,2,'2025-06-29','2025-06-29 09:00:00','2025-06-29 20:00:00','Sunday',0.00,1.00,75.00,0.00,0.00,0.00,75.00,NULL,2,1,1,1),(703,2,'2025-07-13','2025-07-13 10:00:00','2025-07-13 23:59:00','Sunday',0.00,3.98,298.00,100.00,0.00,0.00,398.00,NULL,2,1,1,1),(704,2,'2025-07-28','2025-07-28 10:00:00','2025-07-28 22:00:00',NULL,0.00,2.00,150.00,100.00,0.00,0.00,250.00,NULL,2,1,1,1),(705,2,'2025-07-31','2025-07-31 09:00:00','2025-07-31 20:00:00',NULL,0.00,1.00,75.00,0.00,0.00,0.00,75.00,NULL,2,1,1,1),(706,2,'2025-08-05','2025-08-05 10:00:00','2025-08-05 23:00:00',NULL,0.00,3.00,225.00,100.00,0.00,0.00,325.00,NULL,2,1,1,1),(707,2,'2025-08-08','2025-08-08 09:00:00','2025-08-08 19:00:00',NULL,0.00,0.00,0.00,0.00,0.00,0.00,0.00,NULL,2,1,1,1),(708,1,'2025-08-11','2025-08-11 10:00:00','2025-08-11 20:00:00',NULL,0.00,0.00,0.00,0.00,0.00,0.00,0.00,NULL,1,0,0,1),(709,2,'2025-08-11','2025-08-11 09:00:00','2025-08-11 19:00:00',NULL,0.00,0.00,0.00,0.00,0.00,0.00,0.00,NULL,1,0,0,1),(710,1,'2025-08-12','2025-08-12 10:00:00','2025-08-12 20:00:00',NULL,0.00,0.00,0.00,0.00,0.00,0.00,0.00,NULL,1,0,0,1),(711,2,'2025-08-12','2025-08-12 09:00:00','2025-08-12 19:00:00',NULL,0.00,0.00,0.00,0.00,0.00,0.00,0.00,NULL,1,0,0,1),(712,1,'2025-08-13','2025-08-13 10:00:00','2025-08-13 20:00:00',NULL,0.00,0.00,0.00,0.00,0.00,0.00,0.00,NULL,1,0,0,1),(713,2,'2025-08-13','2025-08-13 09:00:00','2025-08-13 20:00:00',NULL,0.00,1.00,75.00,0.00,0.00,0.00,75.00,NULL,1,0,0,1),(714,1,'2025-08-14','2025-08-14 10:00:00','2025-08-14 20:00:00',NULL,0.00,0.00,0.00,0.00,0.00,0.00,0.00,NULL,1,0,0,1),(715,2,'2025-08-14','2025-08-14 09:00:00','2025-08-14 19:00:00',NULL,0.00,0.00,0.00,0.00,0.00,0.00,0.00,NULL,1,0,0,1),(716,1,'2025-08-15','2025-08-15 10:00:00','2025-08-15 20:00:00',NULL,0.00,0.00,0.00,0.00,0.00,0.00,0.00,NULL,1,0,0,1),(717,2,'2025-08-15','2025-08-15 09:00:00','2025-08-15 19:00:00','Holiday',600.00,0.00,0.00,0.00,0.00,0.00,600.00,NULL,1,0,1,1),(718,1,'2025-08-16','2025-08-16 10:00:00','2025-08-16 20:00:00',NULL,0.00,0.00,0.00,0.00,0.00,0.00,0.00,NULL,1,0,0,1),(719,2,'2025-08-17','2025-08-17 09:00:00','2025-08-17 19:00:00',NULL,0.00,0.00,0.00,0.00,0.00,0.00,0.00,NULL,1,0,0,1),(720,1,'2025-08-18','2025-08-18 10:00:00','2025-08-18 20:00:00',NULL,0.00,0.00,0.00,0.00,0.00,0.00,0.00,NULL,1,0,0,1),(721,2,'2025-08-18','2025-08-18 09:00:00','2025-08-18 19:00:00',NULL,0.00,0.00,0.00,0.00,0.00,0.00,0.00,NULL,1,0,0,1),(722,1,'2025-08-19','2025-08-19 10:00:00','2025-08-19 20:00:00',NULL,0.00,0.00,0.00,0.00,0.00,0.00,0.00,NULL,1,0,0,1),(723,2,'2025-08-19','2025-08-19 09:00:00','2025-08-19 19:00:00',NULL,0.00,0.00,0.00,0.00,0.00,0.00,0.00,NULL,1,0,0,1),(724,1,'2025-08-20','2025-08-20 10:00:00','2025-08-20 20:00:00',NULL,0.00,0.00,0.00,0.00,0.00,0.00,0.00,NULL,1,0,0,1),(725,2,'2025-08-20','2025-08-20 09:00:00','2025-08-20 19:00:00',NULL,0.00,0.00,0.00,0.00,0.00,0.00,0.00,NULL,1,0,0,1),(726,1,'2025-08-21','2025-08-21 10:00:00','2025-08-21 20:00:00',NULL,0.00,0.00,0.00,0.00,0.00,0.00,0.00,NULL,1,0,0,1),(727,2,'2025-08-21','2025-08-21 09:00:00','2025-08-21 19:00:00',NULL,0.00,0.00,0.00,0.00,0.00,0.00,0.00,NULL,1,0,0,1),(728,1,'2025-08-22','2025-08-22 10:00:00','2025-08-22 20:00:00',NULL,0.00,0.00,0.00,0.00,0.00,0.00,0.00,NULL,1,0,0,1),(729,2,'2025-08-22','2025-08-22 09:00:00','2025-08-22 23:00:00',NULL,0.00,4.00,300.00,100.00,0.00,0.00,400.00,NULL,3,1,1,1),(730,1,'2025-08-23','2025-08-23 10:00:00','2025-08-23 20:00:00',NULL,0.00,0.00,0.00,0.00,0.00,0.00,0.00,NULL,1,0,0,1),(731,2,'2025-08-24','2025-08-24 09:00:00','2025-08-24 19:00:00',NULL,0.00,0.00,0.00,0.00,0.00,0.00,0.00,NULL,1,0,0,1),(732,1,'2025-08-25','2025-08-25 10:00:00','2025-08-25 20:00:00',NULL,0.00,0.00,0.00,0.00,0.00,0.00,0.00,NULL,1,0,0,1),(733,2,'2025-08-25','2025-08-25 09:00:00','2025-08-25 19:00:00',NULL,0.00,0.00,0.00,0.00,0.00,0.00,0.00,NULL,1,0,0,1),(734,1,'2025-08-26','2025-08-26 10:00:00','2025-08-26 20:00:00',NULL,0.00,0.00,0.00,0.00,0.00,0.00,0.00,NULL,1,0,0,1),(735,2,'2025-08-26','2025-08-26 09:00:00','2025-08-26 19:00:00',NULL,0.00,0.00,0.00,0.00,0.00,0.00,0.00,NULL,1,0,0,1),(736,1,'2025-08-27','2025-08-27 10:00:00','2025-08-27 20:00:00',NULL,0.00,0.00,0.00,0.00,0.00,0.00,0.00,NULL,1,0,0,1),(737,2,'2025-08-27','2025-08-27 09:00:00','2025-08-27 20:00:00',NULL,0.00,1.00,75.00,0.00,0.00,0.00,75.00,NULL,3,1,1,1),(738,1,'2025-08-28','2025-08-28 10:00:00','2025-08-28 20:00:00',NULL,0.00,0.00,0.00,0.00,0.00,0.00,0.00,NULL,1,0,0,1),(739,2,'2025-08-28','2025-08-28 09:00:00','2025-08-28 19:00:00',NULL,0.00,0.00,0.00,0.00,0.00,0.00,0.00,NULL,1,0,0,1),(740,1,'2025-08-29','2025-08-29 10:00:00','2025-08-29 20:00:00',NULL,0.00,0.00,0.00,0.00,0.00,0.00,0.00,NULL,1,0,0,1),(741,2,'2025-08-29','2025-08-29 09:00:00','2025-08-29 19:00:00',NULL,0.00,0.00,0.00,0.00,0.00,0.00,0.00,NULL,1,0,0,1),(742,1,'2025-08-30','2025-08-30 10:00:00','2025-08-30 20:00:00',NULL,0.00,0.00,0.00,0.00,0.00,0.00,0.00,NULL,1,0,0,1),(743,2,'2025-08-31','2025-08-31 09:00:00','2025-08-31 19:00:00',NULL,0.00,0.00,0.00,0.00,0.00,0.00,0.00,NULL,1,0,0,1),(744,1,'2025-09-01','2025-09-01 10:00:00','2025-09-01 23:00:00',NULL,0.00,3.00,225.00,150.00,0.00,0.00,375.00,NULL,3,1,1,1),(745,2,'2025-09-01','2025-09-01 09:00:00','2025-09-01 19:00:00',NULL,0.00,0.00,0.00,0.00,0.00,0.00,0.00,NULL,1,0,0,1),(746,1,'2025-09-02','2025-09-02 10:00:00','2025-09-02 20:00:00',NULL,0.00,0.00,0.00,0.00,0.00,0.00,0.00,NULL,1,0,0,1),(747,2,'2025-09-02','2025-09-02 09:00:00','2025-09-02 19:00:00',NULL,0.00,0.00,0.00,0.00,0.00,0.00,0.00,NULL,1,0,0,1),(748,1,'2025-09-03','2025-09-03 10:00:00','2025-09-03 20:00:00',NULL,0.00,0.00,0.00,0.00,0.00,0.00,0.00,NULL,1,0,0,1),(749,2,'2025-09-03','2025-09-03 09:00:00','2025-09-03 19:00:00',NULL,0.00,0.00,0.00,0.00,0.00,0.00,0.00,NULL,1,0,0,1),(750,1,'2025-09-04','2025-09-04 10:00:00','2025-09-04 23:59:00',NULL,0.00,3.98,298.00,150.00,100.00,0.00,548.00,NULL,3,1,1,1),(751,2,'2025-09-04','2025-09-04 09:00:00','2025-09-04 19:00:00',NULL,0.00,0.00,0.00,0.00,0.00,0.00,0.00,NULL,1,0,0,1),(752,1,'2025-09-05','2025-09-05 10:00:00','2025-09-06 02:00:00',NULL,0.00,6.00,450.00,150.00,100.00,0.00,700.00,NULL,3,1,1,1),(753,2,'2025-09-05','2025-09-05 09:00:00','2025-09-05 19:00:00',NULL,0.00,0.00,0.00,0.00,0.00,0.00,0.00,NULL,1,0,0,1),(754,1,'2025-09-06','2025-09-06 10:00:00','2025-09-06 20:00:00','Holiday',0.00,0.00,0.00,0.00,0.00,0.00,0.00,NULL,1,0,0,1),(755,2,'2025-09-07','2025-09-07 09:00:00','2025-09-07 19:00:00',NULL,0.00,0.00,0.00,0.00,0.00,0.00,0.00,NULL,1,0,0,1),(756,1,'2025-09-08','2025-09-08 10:00:00','2025-09-09 01:00:00',NULL,0.00,5.00,375.00,150.00,100.00,0.00,625.00,NULL,3,1,1,1),(757,2,'2025-09-08','2025-09-08 09:00:00','2025-09-08 19:00:00',NULL,0.00,0.00,0.00,0.00,0.00,0.00,0.00,NULL,1,0,0,1),(758,1,'2025-09-09','2025-09-09 10:00:00','2025-09-09 20:00:00',NULL,0.00,0.00,0.00,0.00,0.00,0.00,0.00,NULL,1,0,0,1),(759,2,'2025-09-09','2025-09-09 09:00:00','2025-09-09 19:00:00',NULL,0.00,0.00,0.00,0.00,0.00,0.00,0.00,NULL,1,0,0,1),(760,1,'2025-09-10','2025-09-10 10:00:00','2025-09-10 20:00:00',NULL,0.00,0.00,0.00,0.00,0.00,0.00,0.00,NULL,1,0,0,1),(761,2,'2025-09-10','2025-09-10 09:00:00','2025-09-10 19:00:00',NULL,0.00,0.00,0.00,0.00,0.00,0.00,0.00,NULL,1,0,0,1),(762,1,'2025-09-11','2025-09-11 10:00:00','2025-09-11 22:00:00',NULL,0.00,2.00,150.00,150.00,0.00,0.00,300.00,NULL,3,1,1,1),(763,2,'2025-09-11','2025-09-11 09:00:00','2025-09-11 19:00:00',NULL,0.00,0.00,0.00,0.00,0.00,0.00,0.00,NULL,1,0,0,1),(764,1,'2025-09-12','2025-09-12 10:00:00','2025-09-13 05:00:00',NULL,0.00,9.00,675.00,150.00,100.00,0.00,925.00,NULL,3,1,1,1),(765,2,'2025-09-12','2025-09-12 09:00:00','2025-09-12 19:00:00',NULL,0.00,0.00,0.00,0.00,0.00,0.00,0.00,NULL,1,0,0,1),(766,1,'2025-09-13','2025-09-13 10:00:00','2025-09-13 20:00:00',NULL,0.00,0.00,0.00,0.00,0.00,0.00,0.00,NULL,1,0,0,1),(767,2,'2025-09-14','2025-09-14 09:00:00','2025-09-14 19:00:00',NULL,0.00,0.00,0.00,0.00,0.00,0.00,0.00,NULL,1,0,0,1),(768,1,'2025-09-15','2025-09-15 10:00:00','2025-09-15 20:00:00',NULL,0.00,0.00,0.00,0.00,0.00,0.00,0.00,NULL,3,1,0,1),(769,2,'2025-09-15','2025-09-15 09:00:00','2025-09-15 19:00:00',NULL,0.00,0.00,0.00,0.00,0.00,0.00,0.00,NULL,1,0,0,1),(770,1,'2025-09-16','2025-09-16 10:00:00','2025-09-16 20:00:00',NULL,0.00,0.00,0.00,0.00,0.00,0.00,0.00,NULL,3,1,0,1),(771,2,'2025-09-16','2025-09-16 09:00:00','2025-09-16 19:00:00',NULL,0.00,0.00,0.00,0.00,0.00,0.00,0.00,NULL,1,0,0,1),(772,1,'2025-09-17','2025-09-17 07:00:00','2025-09-17 20:00:00','Nashik ( Rs.1000 Balance with Dilkhush)',-790.00,3.00,225.00,0.00,0.00,0.00,-565.00,NULL,3,1,0,1),(773,2,'2025-09-17','2025-09-17 09:00:00','2025-09-17 19:00:00',NULL,0.00,0.00,0.00,0.00,0.00,0.00,0.00,NULL,1,0,0,1),(774,1,'2025-09-18','2025-09-18 10:00:00','2025-09-18 23:00:00','Nashik',0.00,3.00,225.00,150.00,0.00,0.00,375.00,NULL,3,1,1,1),(775,2,'2025-09-18','2025-09-18 09:00:00','2025-09-18 19:00:00',NULL,0.00,0.00,0.00,0.00,0.00,0.00,0.00,NULL,1,0,0,1),(776,1,'2025-09-19','2025-09-19 10:00:00','2025-09-19 23:59:00',NULL,0.00,3.98,298.00,150.00,100.00,0.00,548.00,NULL,1,0,0,1),(777,2,'2025-09-19','2025-09-19 09:00:00','2025-09-19 19:00:00',NULL,0.00,0.00,0.00,0.00,0.00,0.00,0.00,NULL,1,0,0,1),(778,1,'2025-05-22','2025-05-22 10:00:00','2025-05-22 23:00:00',NULL,0.00,3.00,225.00,150.00,0.00,0.00,375.00,NULL,2,1,0,0),(779,1,'2025-05-23','2025-06-23 10:00:00','2025-05-23 23:59:00',NULL,0.00,0.00,0.00,0.00,0.00,0.00,0.00,NULL,2,1,0,0),(780,1,'2025-06-26','2025-06-26 10:00:00','2025-06-26 21:00:00',NULL,0.00,1.00,75.00,0.00,0.00,0.00,75.00,NULL,2,1,1,1),(781,1,'2025-06-28','2025-06-28 07:00:00','2025-06-28 20:00:00',NULL,0.00,3.00,225.00,0.00,0.00,0.00,225.00,NULL,2,1,1,1),(782,1,'2025-09-20','2025-09-20 10:00:00','2025-09-20 20:00:00',NULL,0.00,0.00,0.00,0.00,0.00,0.00,0.00,NULL,1,0,0,1),(783,2,'2025-09-21','2025-09-21 09:00:00','2025-09-21 19:00:00',NULL,0.00,0.00,0.00,0.00,0.00,0.00,0.00,NULL,1,0,0,1),(784,1,'2025-09-22','2025-09-22 10:00:00','2025-09-22 23:00:00',NULL,0.00,3.00,225.00,150.00,0.00,0.00,375.00,NULL,1,0,0,1),(785,2,'2025-09-22','2025-09-22 09:00:00','2025-09-22 19:00:00',NULL,0.00,0.00,0.00,0.00,0.00,0.00,0.00,NULL,1,0,0,1),(786,1,'2025-09-23','2025-09-23 10:00:00','2025-09-23 22:00:00',NULL,0.00,2.00,150.00,150.00,0.00,0.00,300.00,NULL,1,0,0,1),(787,2,'2025-09-23','2025-09-23 09:00:00','2025-09-23 19:00:00',NULL,0.00,0.00,0.00,0.00,0.00,0.00,0.00,NULL,1,0,0,1),(788,1,'2025-09-24','2025-09-24 10:00:00','2025-09-24 23:00:00',NULL,0.00,3.00,225.00,150.00,0.00,0.00,375.00,NULL,1,0,0,1),(789,2,'2025-09-24','2025-09-24 09:00:00','2025-09-24 19:00:00',NULL,0.00,0.00,0.00,0.00,0.00,0.00,0.00,NULL,1,0,0,1),(790,1,'2025-09-25','2025-09-25 10:00:00','2025-09-25 23:00:00','Phoenix Palladium Parking MG ...331',200.00,3.00,225.00,150.00,0.00,0.00,575.00,'phoenix-palladium-331-parking-25-9-2025.pdf',1,0,0,1),(791,2,'2025-09-25','2025-09-25 09:00:00','2025-09-25 19:00:00',NULL,0.00,0.00,0.00,0.00,0.00,0.00,0.00,NULL,1,0,0,1),(792,1,'2025-09-26','2025-09-26 10:00:00','2025-09-26 20:00:00',NULL,0.00,0.00,0.00,0.00,0.00,0.00,0.00,NULL,1,0,0,1),(793,2,'2025-09-26','2025-09-26 09:00:00','2025-09-26 19:00:00',NULL,0.00,0.00,0.00,0.00,0.00,0.00,0.00,NULL,1,0,0,1),(794,1,'2025-09-27','2025-09-27 10:00:00','2025-09-27 22:00:00',NULL,0.00,2.00,150.00,150.00,0.00,0.00,300.00,NULL,3,1,0,1),(795,2,'2025-09-28','2025-09-28 09:00:00','2025-09-28 19:00:00',NULL,0.00,0.00,0.00,0.00,0.00,0.00,0.00,NULL,1,0,0,1),(796,1,'2025-09-29','2025-09-29 10:00:00','2025-09-29 20:00:00',NULL,0.00,0.00,0.00,0.00,0.00,0.00,0.00,NULL,1,0,0,1),(797,2,'2025-09-29','2025-09-29 09:00:00','2025-09-29 19:00:00',NULL,0.00,0.00,0.00,0.00,0.00,0.00,0.00,NULL,1,0,0,1),(798,1,'2025-09-30','2025-09-30 10:00:00','2025-09-30 20:00:00',NULL,0.00,0.00,0.00,0.00,0.00,0.00,0.00,NULL,1,0,0,1),(799,2,'2025-09-30','2025-09-30 09:00:00','2025-09-30 19:00:00',NULL,0.00,0.00,0.00,0.00,0.00,0.00,0.00,NULL,1,0,0,1),(800,1,'2025-10-01','2025-10-01 10:00:00','2025-10-01 22:00:00',NULL,0.00,2.00,150.00,150.00,0.00,0.00,300.00,NULL,3,1,0,1),(801,2,'2025-10-01','2025-10-01 09:00:00','2025-10-01 19:00:00',NULL,0.00,0.00,0.00,0.00,0.00,0.00,0.00,NULL,1,0,0,1),(802,1,'2025-10-02','2025-10-02 10:00:00','2025-10-02 20:00:00','Holiday',0.00,0.00,0.00,0.00,0.00,0.00,0.00,NULL,1,0,0,1),(803,2,'2025-10-02','2025-10-02 09:00:00','2025-10-02 19:00:00',NULL,0.00,0.00,0.00,0.00,0.00,0.00,0.00,NULL,1,0,0,1),(804,1,'2025-10-03','2025-10-03 10:00:00','2025-10-03 20:00:00',NULL,0.00,0.00,0.00,0.00,0.00,0.00,0.00,NULL,1,0,0,1),(805,2,'2025-10-03','2025-10-03 09:00:00','2025-10-03 19:00:00',NULL,0.00,0.00,0.00,0.00,0.00,0.00,0.00,NULL,1,0,0,1),(806,1,'2025-09-21','2025-09-21 10:00:00','2025-09-22 03:00:00',NULL,0.00,0.00,0.00,0.00,0.00,0.00,0.00,NULL,2,1,0,1),(807,1,'2025-10-04','2025-10-04 10:00:00','2025-10-05 02:00:00',NULL,0.00,6.00,450.00,150.00,100.00,0.00,700.00,NULL,3,1,0,1),(808,2,'2025-10-05','2025-10-05 09:00:00','2025-10-05 19:00:00',NULL,0.00,0.00,0.00,0.00,0.00,0.00,0.00,NULL,1,0,0,1),(809,1,'2025-10-06','2025-10-06 10:00:00','2025-10-06 20:00:00',NULL,0.00,0.00,0.00,0.00,0.00,0.00,0.00,NULL,1,0,0,1),(810,2,'2025-10-06','2025-10-06 09:00:00','2025-10-06 19:00:00',NULL,0.00,0.00,0.00,0.00,0.00,0.00,0.00,NULL,1,0,0,1),(811,1,'2025-10-07','2025-10-07 10:00:00','2025-10-07 23:00:00',NULL,0.00,3.00,225.00,150.00,0.00,0.00,375.00,NULL,3,1,0,1),(812,2,'2025-10-07','2025-10-07 09:00:00','2025-10-07 19:00:00',NULL,0.00,0.00,0.00,0.00,0.00,0.00,0.00,NULL,1,0,0,1),(813,1,'2025-10-08','2025-10-08 10:00:00','2025-10-08 20:00:00',NULL,0.00,0.00,0.00,0.00,0.00,0.00,0.00,NULL,1,0,0,1),(814,2,'2025-10-08','2025-10-08 09:00:00','2025-10-08 19:00:00',NULL,0.00,0.00,0.00,0.00,0.00,0.00,0.00,NULL,1,0,0,1),(815,1,'2025-10-09','2025-10-09 10:00:00','2025-10-09 23:59:00',NULL,0.00,3.98,298.00,150.00,100.00,0.00,548.00,NULL,3,1,0,1),(816,2,'2025-10-09','2025-10-09 09:00:00','2025-10-09 19:00:00',NULL,0.00,0.00,0.00,0.00,0.00,0.00,0.00,NULL,1,0,0,1),(817,1,'2025-10-10','2025-10-10 10:00:00','2025-10-10 23:00:00',NULL,0.00,3.00,225.00,150.00,0.00,0.00,375.00,NULL,3,1,0,1),(818,2,'2025-10-10','2025-10-10 09:00:00','2025-10-10 19:00:00',NULL,0.00,0.00,0.00,0.00,0.00,0.00,0.00,NULL,1,0,0,1),(819,1,'2025-10-11','2025-10-11 10:00:00','2025-10-11 22:00:00',NULL,0.00,2.00,150.00,150.00,0.00,0.00,300.00,NULL,3,1,0,1),(820,2,'2025-10-12','2025-10-12 09:00:00','2025-10-12 19:00:00',NULL,0.00,0.00,0.00,0.00,0.00,0.00,0.00,NULL,1,0,0,1),(821,1,'2025-10-13','2025-10-13 10:00:00','2025-10-13 20:00:00',NULL,0.00,0.00,0.00,0.00,0.00,0.00,0.00,NULL,1,0,0,1),(822,2,'2025-10-13','2025-10-13 09:00:00','2025-10-13 19:00:00',NULL,0.00,0.00,0.00,0.00,0.00,0.00,0.00,NULL,1,0,0,1),(823,1,'2025-10-14','2025-10-14 10:00:00','2025-10-14 20:00:00',NULL,0.00,0.00,0.00,0.00,0.00,0.00,0.00,NULL,1,0,0,1),(824,2,'2025-10-14','2025-10-14 09:00:00','2025-10-14 19:00:00',NULL,0.00,0.00,0.00,0.00,0.00,0.00,0.00,NULL,1,0,0,1),(825,1,'2025-10-15','2025-10-15 10:00:00','2025-10-15 20:00:00',NULL,0.00,0.00,0.00,0.00,0.00,0.00,0.00,NULL,1,0,0,1),(826,2,'2025-10-15','2025-10-15 09:00:00','2025-10-15 19:00:00',NULL,0.00,0.00,0.00,0.00,0.00,0.00,0.00,NULL,1,0,0,1),(827,1,'2025-10-16','2025-10-16 10:00:00','2025-10-16 20:00:00',NULL,0.00,0.00,0.00,0.00,0.00,0.00,0.00,NULL,1,0,0,1),(828,2,'2025-10-16','2025-10-16 09:00:00','2025-10-16 19:00:00',NULL,0.00,0.00,0.00,0.00,0.00,0.00,0.00,NULL,1,0,0,1),(829,1,'2025-10-17','2025-10-17 10:00:00','2025-10-17 23:59:00',NULL,0.00,3.98,298.00,150.00,100.00,0.00,548.00,NULL,1,0,0,1),(830,2,'2025-10-17','2025-10-17 09:00:00','2025-10-17 19:00:00',NULL,0.00,0.00,0.00,0.00,0.00,0.00,0.00,NULL,1,0,0,1),(831,1,'2025-10-18','2025-10-18 10:00:00','2025-10-19 04:00:00',NULL,0.00,8.00,600.00,150.00,100.00,0.00,850.00,NULL,1,0,0,1),(832,2,'2025-10-19','2025-10-19 09:00:00','2025-10-19 19:00:00',NULL,0.00,0.00,0.00,0.00,0.00,0.00,0.00,NULL,1,0,0,1),(833,1,'2025-10-20','2025-10-20 10:00:00','2025-10-21 04:00:00','Holiday\r\n2000/- balance with dilkhush.',-2000.00,8.00,600.00,150.00,100.00,0.00,-1150.00,NULL,1,0,0,1),(834,2,'2025-10-20','2025-10-20 09:00:00','2025-10-20 19:00:00',NULL,0.00,0.00,0.00,0.00,0.00,0.00,0.00,NULL,1,0,0,1),(835,1,'2025-10-21','2025-10-21 10:00:00','2025-10-22 03:00:00','Holiday',0.00,7.00,525.00,150.00,100.00,0.00,775.00,NULL,1,0,0,1),(836,2,'2025-10-21','2025-10-21 09:00:00','2025-10-21 19:00:00',NULL,0.00,0.00,0.00,0.00,0.00,0.00,0.00,NULL,1,0,0,1),(837,1,'2025-10-22','2025-10-22 10:00:00','2025-10-22 20:00:00','Holiday',0.00,0.00,0.00,0.00,0.00,0.00,0.00,NULL,1,0,0,1),(838,2,'2025-10-22','2025-10-22 09:00:00','2025-10-22 19:00:00',NULL,0.00,0.00,0.00,0.00,0.00,0.00,0.00,NULL,1,0,0,1),(839,1,'2025-10-23','2025-10-23 10:00:00','2025-10-23 20:00:00','Holiday',0.00,0.00,0.00,0.00,0.00,0.00,0.00,NULL,1,0,0,1),(840,2,'2025-10-23','2025-10-23 09:00:00','2025-10-23 19:00:00',NULL,0.00,0.00,0.00,0.00,0.00,0.00,0.00,NULL,1,0,0,1),(841,1,'2025-10-24','2025-10-24 10:00:00','2025-10-24 23:00:00',NULL,0.00,3.00,225.00,150.00,0.00,0.00,375.00,NULL,3,1,0,1),(842,2,'2025-10-24','2025-10-24 09:00:00','2025-10-24 19:00:00',NULL,0.00,0.00,0.00,0.00,0.00,0.00,0.00,NULL,1,0,0,1),(843,1,'2025-10-25','2025-10-25 10:00:00','2025-10-25 20:00:00',NULL,0.00,0.00,0.00,0.00,0.00,0.00,0.00,NULL,1,0,0,1),(844,2,'2025-10-26','2025-10-26 09:00:00','2025-10-26 19:00:00',NULL,0.00,0.00,0.00,0.00,0.00,0.00,0.00,NULL,1,0,0,1),(845,1,'2025-10-27','2025-10-27 00:00:00','2025-10-27 00:00:00','Puncher',200.00,0.00,0.00,0.00,0.00,0.00,200.00,NULL,3,1,0,1),(846,2,'2025-10-27','2025-10-27 09:00:00','2025-10-27 19:00:00',NULL,0.00,0.00,0.00,0.00,0.00,0.00,0.00,NULL,1,0,0,1),(847,1,'2025-10-28','2025-10-28 10:00:00','2025-10-29 01:00:00',NULL,0.00,5.00,375.00,150.00,100.00,0.00,625.00,NULL,3,1,1,1),(848,2,'2025-10-28','2025-10-28 09:00:00','2025-10-28 19:00:00',NULL,0.00,0.00,0.00,0.00,0.00,0.00,0.00,NULL,1,0,0,1),(849,1,'2025-10-29','2025-10-29 10:00:00','2025-10-29 22:00:00',NULL,0.00,2.00,150.00,150.00,0.00,0.00,300.00,NULL,3,1,1,1),(850,2,'2025-10-29','2025-10-29 09:00:00','2025-10-29 19:00:00',NULL,0.00,0.00,0.00,0.00,0.00,0.00,0.00,NULL,1,0,0,1),(851,1,'2025-10-30','2025-10-30 10:00:00','2025-10-30 20:00:00',NULL,0.00,0.00,0.00,0.00,0.00,0.00,0.00,NULL,1,0,0,1),(852,2,'2025-10-30','2025-10-30 09:00:00','2025-10-30 19:00:00',NULL,0.00,0.00,0.00,0.00,0.00,0.00,0.00,NULL,1,0,0,1),(853,1,'2025-10-31','2025-10-31 10:00:00','2025-11-01 03:00:00',NULL,0.00,7.00,525.00,150.00,100.00,0.00,775.00,NULL,3,1,1,1),(854,2,'2025-10-31','2025-10-31 09:00:00','2025-10-31 19:00:00',NULL,0.00,0.00,0.00,0.00,0.00,0.00,0.00,NULL,1,0,0,1),(855,1,'2025-11-01','2025-11-01 10:00:00','2025-11-02 01:04:00',NULL,0.00,5.07,380.00,150.00,100.00,0.00,630.00,NULL,3,1,1,1),(856,2,'2025-11-02','2025-11-02 09:00:00','2025-11-02 19:00:00',NULL,0.00,0.00,0.00,0.00,0.00,0.00,0.00,NULL,1,0,0,1),(857,1,'2025-11-03','2025-11-03 10:00:00','2025-11-03 20:00:00',NULL,0.00,0.00,0.00,0.00,0.00,0.00,0.00,NULL,1,0,0,1),(858,2,'2025-11-03','2025-11-03 09:00:00','2025-11-03 19:00:00',NULL,0.00,0.00,0.00,0.00,0.00,0.00,0.00,NULL,1,0,0,1),(859,1,'2025-11-04','2025-11-04 10:00:00','2025-11-04 20:00:00',NULL,0.00,0.00,0.00,0.00,0.00,0.00,0.00,NULL,1,0,0,1),(860,2,'2025-11-04','2025-11-04 09:00:00','2025-11-04 19:00:00',NULL,0.00,0.00,0.00,0.00,0.00,0.00,0.00,NULL,1,0,0,1),(861,1,'2025-11-05','2025-11-05 10:00:00','2025-11-05 22:00:00',NULL,0.00,2.00,150.00,150.00,0.00,0.00,300.00,NULL,3,1,1,1),(862,2,'2025-11-05','2025-11-05 09:00:00','2025-11-05 19:00:00',NULL,0.00,0.00,0.00,0.00,0.00,0.00,0.00,NULL,1,0,0,1),(863,1,'2025-11-06','2025-11-06 10:00:00','2025-11-06 20:00:00',NULL,0.00,0.00,0.00,0.00,0.00,0.00,0.00,NULL,1,0,0,1),(864,2,'2025-11-06','2025-11-06 09:00:00','2025-11-06 19:00:00',NULL,0.00,0.00,0.00,0.00,0.00,0.00,0.00,NULL,1,0,0,1),(865,1,'2025-11-07','2025-11-07 10:00:00','2025-11-08 02:00:00',NULL,0.00,6.00,450.00,150.00,100.00,0.00,700.00,NULL,3,1,1,1),(866,2,'2025-11-07','2025-11-07 09:00:00','2025-11-07 19:00:00',NULL,0.00,0.00,0.00,0.00,0.00,0.00,0.00,NULL,1,0,0,1),(867,1,'2025-11-08','2025-11-08 10:00:00','2025-11-09 01:00:00',NULL,0.00,5.00,375.00,150.00,100.00,0.00,625.00,NULL,3,1,1,1),(868,2,'2025-11-09','2025-11-09 09:00:00','2025-11-09 19:00:00',NULL,0.00,0.00,0.00,0.00,0.00,0.00,0.00,NULL,1,0,0,1),(869,1,'2025-11-10','2025-11-10 08:00:00','2025-11-10 20:00:00',NULL,0.00,2.00,150.00,0.00,0.00,0.00,150.00,NULL,1,0,1,1),(870,2,'2025-11-10','2025-11-10 09:00:00','2025-11-10 19:00:00',NULL,0.00,0.00,0.00,0.00,0.00,0.00,0.00,NULL,1,0,0,1),(871,1,'2025-11-11','2025-11-11 10:00:00','2025-11-11 21:00:00',NULL,0.00,1.00,75.00,0.00,0.00,0.00,75.00,NULL,3,1,1,1),(872,2,'2025-11-11','2025-11-11 09:00:00','2025-11-11 19:00:00',NULL,0.00,0.00,0.00,0.00,0.00,0.00,0.00,NULL,1,0,0,1),(873,1,'2025-11-12','2025-11-12 10:00:00','2025-11-13 01:00:00',NULL,0.00,5.00,375.00,150.00,100.00,0.00,625.00,NULL,3,1,1,1),(874,2,'2025-11-12','2025-11-12 09:00:00','2025-11-12 19:00:00',NULL,0.00,0.00,0.00,0.00,0.00,0.00,0.00,NULL,1,0,0,1),(875,1,'2025-11-13','2025-11-13 10:00:00','2025-11-13 23:59:00',NULL,0.00,3.98,298.00,150.00,100.00,0.00,548.00,NULL,1,0,1,1),(876,2,'2025-11-13','2025-11-13 09:00:00','2025-11-13 20:00:00',NULL,0.00,1.00,75.00,0.00,0.00,0.00,75.00,NULL,3,1,0,1),(877,1,'2025-10-26','2025-10-26 00:00:00','2025-10-26 00:00:00','Sunday',0.00,0.00,0.00,0.00,0.00,0.00,0.00,NULL,2,1,0,1),(878,1,'2025-11-14','2025-11-14 07:00:00','2025-11-14 20:00:00','1500 balance with dilkhush',-1500.00,3.00,225.00,0.00,0.00,0.00,-1275.00,NULL,1,0,0,1),(879,2,'2025-11-14','2025-11-14 09:00:00','2025-11-14 19:00:00',NULL,0.00,0.00,0.00,0.00,0.00,0.00,0.00,NULL,1,0,0,1),(880,1,'2025-11-15','2025-11-15 10:00:00','2025-11-15 21:00:00',NULL,0.00,1.00,75.00,0.00,0.00,0.00,75.00,NULL,1,0,1,1),(881,2,'2025-11-16','2025-11-16 09:00:00','2025-11-16 19:00:00',NULL,0.00,0.00,0.00,0.00,0.00,0.00,0.00,NULL,1,0,0,1),(882,1,'2025-11-17','2025-11-17 10:00:00','2025-11-17 23:00:00',NULL,0.00,3.00,225.00,150.00,0.00,0.00,375.00,NULL,1,0,1,1),(883,2,'2025-11-17','2025-11-17 09:00:00','2025-11-17 19:00:00',NULL,0.00,0.00,0.00,0.00,0.00,0.00,0.00,NULL,1,0,0,1),(884,1,'2025-11-16','2025-11-16 00:00:00','2025-11-16 00:00:00','Holiday',0.00,0.00,0.00,0.00,0.00,0.00,0.00,NULL,2,1,0,1),(885,1,'2025-11-18','2025-11-18 00:00:00','2025-11-18 00:00:00',NULL,0.00,0.00,0.00,0.00,0.00,0.00,0.00,NULL,1,0,0,1),(886,2,'2025-11-18','2025-11-18 09:00:00','2025-11-18 19:00:00',NULL,0.00,0.00,0.00,0.00,0.00,0.00,0.00,NULL,1,0,0,1),(887,1,'2025-11-19','2025-11-19 10:00:00','2025-11-19 20:00:00',NULL,0.00,0.00,0.00,0.00,0.00,0.00,0.00,NULL,1,0,0,1),(888,2,'2025-11-19','2025-11-19 09:00:00','2025-11-19 19:00:00',NULL,0.00,0.00,0.00,0.00,0.00,0.00,0.00,NULL,1,0,0,1),(889,1,'2025-11-20','2025-11-20 00:00:00','2025-11-20 00:00:00',NULL,0.00,0.00,0.00,0.00,0.00,0.00,0.00,NULL,1,0,0,1),(890,2,'2025-11-20','2025-11-20 09:00:00','2025-11-20 19:00:00',NULL,0.00,0.00,0.00,0.00,0.00,0.00,0.00,NULL,1,0,0,1),(891,1,'2025-11-21','2025-11-21 10:00:00','2025-11-21 20:00:00',NULL,0.00,0.00,0.00,0.00,0.00,0.00,0.00,NULL,1,0,0,1),(892,2,'2025-11-21','2025-11-21 09:00:00','2025-11-21 19:00:00',NULL,0.00,0.00,0.00,0.00,0.00,0.00,0.00,NULL,1,0,0,1),(893,1,'2025-11-22','2025-11-22 10:00:00','2025-11-22 20:00:00',NULL,0.00,0.00,0.00,0.00,0.00,0.00,0.00,NULL,1,0,0,1),(894,2,'2025-11-23','2025-11-23 09:00:00','2025-11-23 19:00:00',NULL,0.00,0.00,0.00,0.00,0.00,0.00,0.00,NULL,1,0,0,1),(895,1,'2025-11-24','2025-11-24 10:00:00','2025-11-24 20:00:00',NULL,0.00,0.00,0.00,0.00,0.00,0.00,0.00,NULL,1,0,0,1),(896,2,'2025-11-24','2025-11-24 09:00:00','2025-11-24 19:00:00',NULL,0.00,0.00,0.00,0.00,0.00,0.00,0.00,NULL,1,0,0,1),(897,1,'2025-11-25','2025-11-25 10:00:00','2025-11-25 20:00:00',NULL,0.00,0.00,0.00,0.00,0.00,0.00,0.00,NULL,1,0,0,1),(898,2,'2025-11-25','2025-11-25 09:00:00','2025-11-25 19:00:00',NULL,0.00,0.00,0.00,0.00,0.00,0.00,0.00,NULL,1,0,0,1),(899,1,'2025-11-26','2025-11-26 10:00:00','2025-11-26 20:00:00',NULL,0.00,0.00,0.00,0.00,0.00,0.00,0.00,NULL,1,0,0,1),(900,2,'2025-11-26','2025-11-26 09:00:00','2025-11-26 19:00:00',NULL,0.00,0.00,0.00,0.00,0.00,0.00,0.00,NULL,1,0,0,1),(901,1,'2025-11-27','2025-11-27 10:00:00','2025-11-27 20:00:00',NULL,0.00,0.00,0.00,0.00,0.00,0.00,0.00,NULL,1,0,0,1),(902,2,'2025-11-27','2025-11-27 09:00:00','2025-11-27 19:00:00',NULL,0.00,0.00,0.00,0.00,0.00,0.00,0.00,NULL,1,0,0,1),(903,1,'2025-11-28','2025-11-28 10:00:00','2025-11-28 20:00:00',NULL,0.00,0.00,0.00,0.00,0.00,0.00,0.00,NULL,1,0,0,1),(904,2,'2025-11-28','2025-11-28 09:00:00','2025-11-28 19:00:00',NULL,0.00,0.00,0.00,0.00,0.00,0.00,0.00,NULL,1,0,0,1),(905,1,'2025-11-29','2025-11-29 10:00:00','2025-11-29 20:00:00',NULL,0.00,0.00,0.00,0.00,0.00,0.00,0.00,NULL,1,0,0,1),(906,2,'2025-11-30','2025-11-30 09:00:00','2025-11-30 19:00:00',NULL,0.00,0.00,0.00,0.00,0.00,0.00,0.00,NULL,1,0,0,1),(907,1,'2025-12-01','2025-12-01 10:00:00','2025-12-01 20:00:00',NULL,0.00,0.00,0.00,0.00,0.00,0.00,0.00,NULL,1,0,0,1),(908,2,'2025-12-01','2025-12-01 09:00:00','2025-12-01 19:00:00',NULL,0.00,0.00,0.00,0.00,0.00,0.00,0.00,NULL,1,0,0,1),(909,1,'2025-12-02','2025-12-02 10:00:00','2025-12-02 20:00:00',NULL,0.00,0.00,0.00,0.00,0.00,0.00,0.00,NULL,1,0,0,1),(910,2,'2025-12-02','2025-12-02 09:00:00','2025-12-02 19:00:00',NULL,0.00,0.00,0.00,0.00,0.00,0.00,0.00,NULL,1,0,0,1),(911,1,'2025-12-03','2025-12-03 10:00:00','2025-12-03 20:00:00',NULL,0.00,0.00,0.00,0.00,0.00,0.00,0.00,NULL,1,0,0,1),(912,2,'2025-12-03','2025-12-03 09:00:00','2025-12-03 19:00:00',NULL,0.00,0.00,0.00,0.00,0.00,0.00,0.00,NULL,1,0,0,1),(913,1,'2025-12-04','2025-12-04 10:00:00','2025-12-04 20:00:00',NULL,0.00,0.00,0.00,0.00,0.00,0.00,0.00,NULL,1,0,0,1),(914,2,'2025-12-04','2025-12-04 09:00:00','2025-12-04 19:00:00',NULL,0.00,0.00,0.00,0.00,0.00,0.00,0.00,NULL,1,0,0,1),(915,1,'2025-12-05','2025-12-05 10:00:00',NULL,NULL,0.00,0.00,0.00,0.00,0.00,0.00,0.00,NULL,1,0,0,1),(916,2,'2025-12-05','2025-12-05 09:00:00',NULL,NULL,0.00,0.00,0.00,0.00,0.00,0.00,0.00,NULL,1,0,0,1);
/*!40000 ALTER TABLE `mx_driver_management` ENABLE KEYS */;
UNLOCK TABLES;

--
-- Table structure for table `mx_expense_entry`
--

DROP TABLE IF EXISTS `mx_expense_entry`;
/*!40101 SET @saved_cs_client     = @@character_set_client */;
/*!40101 SET character_set_client = utf8 */;
CREATE TABLE `mx_expense_entry` (
  `expenseEntryID` int(11) NOT NULL AUTO_INCREMENT,
  `creditDebitID` int(11) NOT NULL DEFAULT 0,
  `expenseTypeID` int(11) DEFAULT 0,
  `expenseEntryDate` date DEFAULT NULL,
  `amount` decimal(10,2) DEFAULT NULL,
  `particulars` text DEFAULT NULL,
  `fileAttachment` varchar(255) DEFAULT NULL,
  `status` tinyint(1) NOT NULL DEFAULT 1,
  PRIMARY KEY (`expenseEntryID`)
) ENGINE=InnoDB AUTO_INCREMENT=1704 DEFAULT CHARSET=utf8 COLLATE=utf8_general_ci;
/*!40101 SET character_set_client = @saved_cs_client */;

--
-- Dumping data for table `mx_expense_entry`
--

LOCK TABLES `mx_expense_entry` WRITE;
/*!40000 ALTER TABLE `mx_expense_entry` DISABLE KEYS */;
INSERT INTO `mx_expense_entry` VALUES (1,2,2,'2024-03-18',300.00,'Tempo charges paid for Janhavi Transport & Prabhat A/c Bakul & Hindustan Fluid\r\nBill no. 2163 & 2166 * 18.03.2024','image.png',0),(2,3,1,'2024-03-18',300.00,'Freight Paid To Janhavi transport A/C Hindustan \r\nL.R.No. 75801 * 18.03.2024','image-1.png',0),(3,4,1,'2024-03-18',210.00,'Freight Paid To Janhavi transport A/C Hindustan 	L.R.No. 75801 * 18.03.2024\r\n','image-2.png',0),(4,5,2,'2024-03-18',150.00,'Tempo charges ,collected from Hemant To Godown','image-3.png',0),(5,6,2,'2024-03-19',300.00,'Tempo charges paid foe ,collected from Aman International & bked to Bhavana Roadways A/c Pomp Square	bill no. 2173 * 19.03.2024\r\n','image-4.png',0),(6,7,1,'2024-03-19',340.00,'Freight paid to Bhavana Roadways A/c Pumps Suare	L.R.No.8508962 * 19.03.2024\r\n','image-5.png',0),(7,8,2,'2024-03-19',120.00,'Travelling Expense For The day To Mr.Pravin\r\n','image-6.png',0),(8,9,2,'2024-03-20',1000.00,'Tempo charges paid for VRL Aa/c Nadi Airtechnics For 43 Nos.(4 trips)	Bill no. 2175 * 20.03.2024\r\n','image-9.png',0),(9,10,2,'2024-03-20',400.00,'Tempo charges paid for VRL Aa/c Nadi Airtechnics For 43 Nos.(4 trips)	Bill no. 2175 * 20.03.2024\r\n','image-10.png',0),(10,11,2,'2024-03-20',120.00,'Travelling Expense For The day\r\n','image-11.png',0),(11,16,2,'2024-04-01',200.00,'Temp charges paid for Yashwant Transport A/c ganesh transline For 1 no. Alternator Ref bill no. 03 * 01.04.2024',NULL,1),(12,17,1,'2024-04-01',600.00,'Freight Charges paid to Yashwant Transport A/c Ganesh Transline  Ref.L.R.No.45688 * 01.04.2024','yashwant-transport-service-01-04-2024.pdf',1),(13,18,4,'2024-04-01',400.00,'Tempo charges paid for Ramesh transport & Arihant A/c Indl Equip & Harish Tex   Ref. Bill no. 002 & 004 * 01.04.2024',NULL,1),(14,19,3,'2024-04-01',120.00,'Traveliing Expense paid Mr.Pravin For The day 01.04.24',NULL,1),(15,20,4,'2024-04-02',250.00,'Tempo charges paid for Maha Batco A/c Shah agency ref Bill no. 008 * 02.04.2024',NULL,1),(16,21,3,'2024-04-02',120.00,'Travelling Expenses Paidto Mr.Pravin For 02.04.2024',NULL,1),(17,22,4,'2024-04-04',450.00,'Tempo charges paid for V trans , Vineet transport & Prabhat Roadways A/c Bakul aromatic , Apex Associates & Shanbhag  Ref : Bill No. 015  + 017  & 021 * 04.04.2024',NULL,1),(18,23,1,'2024-04-04',200.00,'Freight Paid to Prabhat Roadways A/c Bakul Aromatic  Ref.L.R.No. BH/368 * 04.04.2024',NULL,1),(19,24,3,'2024-04-04',240.00,'TRAVELLING EXPENSE PAID TO Mr.Pravin For 2 Days i.e. 03.04 & 04.04.24',NULL,1),(20,25,2,'2024-04-05',200.00,'Temp Charges paid for Yashwant Transport a/c Rajmohan transport & Bharat Transport Ref : Bill no. 032 & 033 * 05.04.2024',NULL,1),(21,26,1,'2024-04-05',1200.00,'Freight Paid to Yashwant transport As above  Ref. L.R.No. 45786 & 45785 * 04.04.2024','yashwant-transport-service-05-04-2024.pdf',1),(22,27,4,'2024-04-05',400.00,'Tempo charges paid for Prabhat Roadways & Inland  A/c  Bakul aromatic & Neo machine Ref : bill no. 28 & 29 Dtd. 05.04.2024',NULL,1),(23,28,1,'2024-04-05',300.00,'Freight Charges paid to M/s prabhat Roadways a/c Bakul  ref L.R.No. MA/203 * 05.04.2024','prabhat-roadways-05-04-2024.pdf',1),(24,29,4,'2024-04-05',300.00,'Tempo Charges Paid For , Collected From SCIS to Godown ',NULL,1),(25,30,4,'2024-04-05',200.00,'Tempo charges paid for Vtrans A/c BES  Ref bill no. 034 * 05.04.2024',NULL,1),(26,31,3,'2024-04-05',120.00,'Travelling expense paid to Mr.Pravin for 05.04.224',NULL,1),(27,32,4,'2024-04-06',400.00,'Tempo charges paid for, collected from Bhavana Roadways from BES  Re/L.R.No. 85899630 * 03.04.2024',NULL,1),(28,33,1,'2024-04-06',400.00,'Freight paid to Bhavana Roadways For 9.30EN4 - 1 NO.Ref: MR no. 2302601 * 06.04.2024','bhavna-roadways-06-04-2024.pdf',1),(29,34,2,'2024-04-06',280.00,'Amt paid for Drinking Water Batla at godown for month - Mar-24 ','tanvi-water-supplied-06-04-2024.pdf',1),(30,35,6,'2024-04-06',40.00,'Courier charges for Mumbai office',NULL,1),(31,36,3,'2024-04-06',120.00,'Travelling expense paid to mr. Pravin for 06.04.2024',NULL,1),(32,38,4,'2024-04-08',350.00,'Tempo charges paid for ,collected from Vtrans & JMT  TO YOGESHWAR Warehouse\r\nref l.r.no. 40821816 * 05.04.2024 From BES, BILL NO. G/036 * 05.04.2024',NULL,1),(33,39,1,'2024-04-08',160.00,'Freight Service charges paid to V trans from Aslali\r\nCR no. 40045746 * 08.04.2024','v-trans-08-04-2024.pdf',1),(34,40,4,'2024-04-08',2000.00,'Delivery charges of Special tempo to Charkop ,Kandivali\r\nA/c Naik Brass \r\nref bill no. 045 * 08.04.2024\r\n',NULL,1),(35,41,3,'2024-04-08',120.00,'Travelling expenses paid to Mr. Pravin for the day',NULL,1),(36,42,4,'2024-04-09',250.00,'Tempo charges paid for Arihant Transport A/c LL Mfg., \r\nbill no. 056 * 09.04.2024',NULL,1),(37,43,3,'2024-04-10',120.00,'Travelling Expense Paid to Mr.Pravin For the Day',NULL,1),(38,44,4,'2024-04-11',200.00,'Tempo charges paid for Janhavi Transport A/c Goods Transfer to Mumbai',NULL,1),(39,45,1,'2024-04-11',450.00,'Freight Charges paid to Janhavi transport from Bhiwandi to Mumbai ',NULL,1),(40,46,3,'2024-04-11',120.00,'Travelling expenses paid to Mr.Pravin for the day',NULL,1),(41,47,4,'2024-04-12',1400.00,'Delivery charges by Special tempo to Kalamboli \' Panvel A/c Waris Generators for          2 Nos. Alternators',NULL,1),(42,48,3,'2024-04-12',120.00,'Travelling Expenses paid to Mr. Pravin for the day',NULL,1),(43,49,2,'2024-04-13',700.00,'Unloading Charges By Forkliftfor 2 nos.160PF4\r\nFrom CGl ',NULL,1),(44,50,4,'2024-04-13',200.00,'Auto fare charges paid tor ,collected from JMT &Booked to Janhavi Transport A/c RV Blower',NULL,1),(45,51,2,'2024-04-13',40.00,'Courier charges paid for Mumbai Office',NULL,1),(46,52,4,'2024-04-13',120.00,'Travelling expense pad to Mr. \r\n Pravin For the Day\r\n\r\n',NULL,1),(47,55,3,'2024-04-18',120.00,'Travelling Expense paid to Mr.Pravin for the day',NULL,1),(48,56,3,'2024-04-17',120.00,'Travelling Expense paid to Mr. Pravin For the day',NULL,1),(49,58,4,'2024-04-15',500.00,'Tempo charges paid for collected from Shree Nandwana & deliverd to Alfa pumps A/c Gumpro  Ref nill no. 077 * 15.04.2024',NULL,1),(50,59,1,'2024-04-15',420.00,'Freight paid to shree Nandwana transport from Dhruv Ref L.R. no. 1569396 * 13.04.2024','shree-nandwana-transport-1569396-13-04-2024.pdf',1),(51,60,4,'2024-04-15',200.00,'Tempo charges paid for Aditya transport A/c Chotiwala  Ref : bill no. 079 * 15.04.2024 ',NULL,1),(52,61,1,'2024-04-15',300.00,'Freight paid to Aditya transport A/c Chotiwala  Ref : L.R. no. 2963 * 15.04.2024','aditya-transport-2963-15-04-2024.pdf',1),(53,62,3,'2024-04-15',120.00,'Travelling expense paid to Mr. Pravin for the day',NULL,1),(54,63,4,'2024-04-19',300.00,'Tempo charges paid for ,collected fro Vtrans to Godown from BES, Ahmedabad',NULL,1),(55,64,1,'2024-04-19',150.00,'freight service charges paid to v trans From BES  REF L.R NO. 40822039 * 16.04 & CR NO. 40118949 * 19.04.2024','v-trans-40118949-19-04-2024.pdf',1),(56,65,1,'2024-04-19',110.00,'freight service charges paid to v trans From BES  REF L.R NO. 40822078 * 17.04 & CR NO. 40118980 * 19.04.2024','v-trans-40118980-19-04-2024.pdf',1),(57,66,2,'2024-04-19',700.00,'Loading charge by Forklift at yogeshwar for 215hp - , special tempo to Daman',NULL,1),(58,67,4,'2024-04-19',200.00,'Tempo charges paid for, collected from Hemant trading to Godown For 9.30KE4 - 2 Nos..',NULL,1),(59,68,4,'2024-04-19',200.00,'Tempo charges paid for Aditya transport A/c Chotiwala Ref : bill no. 102 * 19.04.2024',NULL,1),(60,69,1,'2024-04-19',300.00,'Freight charges paid to Aditya transport A/c Chotiwala  Ref L.R. no. 9088 * 19.04.2024','aditya-tansport-9088-19-04-2024.pdf',1),(61,70,3,'2024-04-19',240.00,'Travelling Expense Paid to Mr.Pravin For 2 Days i.e. 19.04 & 20.04.2024',NULL,1),(62,71,6,'2024-04-19',40.00,'Courier charges paid for Mumbai',NULL,1),(63,72,1,'2024-04-16',150.00,'FREIGHT PAID TO jANHAVI TRANSPORT A/c C.J.Trading  Ref : L.R.No. 95311 * 16.04.2024','janhavi-transport-95311-16-04-2024.pdf',1),(64,73,4,'2024-04-16',500.00,'Tempo charges paid for Bhavana Roadways , Janhavi transport , Shah Roadways  & Om ravt Transport A/c Shah Agencies , Bulsara co. , Dhruv & C.j.trading             \r\n Ref Bill 82 , 84 , 85 & 86 * 16.04.2024',NULL,1),(65,74,2,'2024-04-16',400.00,'Loading charges for 22PF4 FLG - 4 NOS. ',NULL,1),(66,75,3,'2024-04-16',120.00,'TRAVELLING EXPENSE TO MR.PRAVI FOR THE DAY',NULL,1),(67,76,4,'2024-04-22',200.00,'Tempo charges paid for Thane motor A/c ICE Ton  Ref : Bill no. 116 * 22.04.2024',NULL,1),(68,77,2,'2024-04-22',300.00,'Loading charges at yogeshwar  for 100 nos. GF6705 a/C fILLON  Ref : bill no.111 * 22.04.2024',NULL,1),(69,78,3,'2024-04-22',120.00,'travelling expense paid to mr.Pravin for the day',NULL,1),(70,79,4,'2024-04-23',200.00,'Tempo charges paid for Arco Express A/c Siddhant Carbo chem Ref Bill no. 120 * 23.04.2024',NULL,1),(71,80,3,'2024-04-23',120.00,'Travelling expense paid to Mr.Pravin for the day\r\n',NULL,1),(72,81,4,'2024-04-24',200.00,'Tempo charges paid for , collected from Hemant & booked to Jignesh A/c  Gumpro  ref bill no. 125 * 24.04.2024','jignesh-roadlines-39185-24-04-2024.pdf',1),(73,82,1,'2024-04-24',210.00,'Freight charges paid to Jignesh A/c Gumpro \r\nRef : L.R.no. 39185 * 24.04.2024',NULL,1),(74,83,2,'2024-04-24',700.00,'Loading Charges By Forklift For 75KZ6 SR  - 1no. A/c BES For Ventana ',NULL,1),(75,84,4,'2024-04-24',500.00,'Tempo charges paid for\r\n V Trans A/c BEs For Ventana \r\nRef bill no. G/239 * 24.04.2024',NULL,1),(76,85,2,'2024-04-24',700.00,'Unloading Charges by Forklift For 75KZ6 SR - 1 at v trans\r\nA/c BEES For Ventana ',NULL,1),(77,86,3,'2024-04-24',120.00,'Travelling Expense paid to Mr. Pravin for the day',NULL,1),(78,87,4,'2024-04-25',800.00,'Tempo charges paid for V trans (2 Trips)  A/c Nadi Ref : bill no. 128 & 129 * 25.04.2024',NULL,1),(79,88,4,'2024-04-25',500.00,'Tempo charges paid for ,collected from V trans  & bked to T.K.transport A/c Sonal engg  + Yogeshwar godown\r\nbill no. 133 * 25.04.2024',NULL,1),(80,89,1,'2024-04-25',310.00,'FreIght services charges paid to V trans From BES \r\nref L.R.no. 40822161 * 22.04.24 & CR no. 40158934 * 25.04.2024','v-trans-40158-934-25-04-2024.pdf',1),(81,90,1,'2024-04-25',410.00,'Freight charges paid to T.K.Transport A/c Sonal Engg \r\nRef. L.R. no. 7410 * 25.04.2024','t-k-transport-7410-25-04-2024.pdf',1),(82,91,4,'2024-04-25',200.00,'Tempo Charges paid for Shah Roadways A/c Shah Agencies \r\nRef : bill no. 130 * 25.04.2024',NULL,1),(83,92,3,'2024-04-25',120.00,'Travelling Expense paid to Mr. Pravin for the day',NULL,1),(84,93,6,'2024-04-25',30.00,'Courier for Mumbai Office \r\n','anjani-courier-1695916560-25-04-2024.pdf',1),(85,94,4,'2024-04-26',700.00,'Tempo charges paid for V trans A/c BES \r\nREF : BILL NO., 140 * 26.04.2024',NULL,1),(86,95,3,'2024-04-26',120.00,'Travelling Expense paid to Mr.Pravin for the day',NULL,1),(87,96,4,'2024-04-27',300.00,'Tempo charges paid for Arihant Transport a/c  Harish Tex \r\nRef > Bill no. 038 * 27.04.2024',NULL,1),(88,97,4,'2024-04-27',200.00,'Tempo charges paid for T.K Transport & Hari Om \r\nA/c Vasai electricals & Industrial Equip\r\nBill no.141 & 142 * 27.04.2024',NULL,1),(89,98,3,'2024-04-27',120.00,'Travelling expense paid to Mr.Pravin for he day',NULL,1),(90,99,6,'2024-04-27',40.00,'Courier charges for Mumbai office',NULL,1),(91,102,4,'2024-04-29',300.00,'Tempo charges paid for , collected from Vtrans ',NULL,1),(92,103,1,'2024-04-29',110.00,'Freight service paid to V trans\r\nRef : L.R.no. 40822257 * 26.04.2024 & CR No. 40178051 * 29.04.2024',NULL,1),(93,104,4,'2024-04-29',200.00,'Tempo charges paid to Aditya \r\ntransport',NULL,1),(94,105,1,'2024-04-29',300.00,'Freight paid to Aditya transport Ref : L.R. no. 9543 * 29.04.2024',NULL,1),(95,106,3,'2024-04-29',120.00,'Travelling expense paid to Mr. Pravin for the day',NULL,1),(96,107,3,'2024-04-30',120.00,'TRAVELLING EXPENSE PAID TO MR.PRAVIN',NULL,1),(97,108,4,'2024-05-02',200.00,'Tempo charges paid for ,\r\ncollected from Hemant trading To Godown',NULL,1),(98,109,4,'2024-05-02',400.00,'Tempo charges paid for delivery to Mark Engg ',NULL,1),(99,110,4,'2024-05-02',300.00,'Tempo charges paid for Janhavi Transport ^ Bhiwandi Tarapur',NULL,1),(100,111,1,'2024-05-02',300.00,'Freight paid to Janhavi Transport For Good transfer ffor Mumbai Ref L.R. no. 7247 * 02.05.2024',NULL,1),(101,112,4,'2024-05-02',200.00,'Tempo charges paid for V trans & Shiv bhakti Transport',NULL,1),(102,113,3,'2024-05-02',120.00,'Travelling Expense Paid to Mr.Pravin For the day',NULL,1),(103,114,4,'2024-05-03',200.00,'Tempo charges paid for Yashwant transport A/c Mahalaxmi Generators Ref bill no. 167 * 03.05.2024',NULL,1),(104,115,1,'2024-05-03',600.00,'Freight Paid to Yashwant Transport A/c Mahalaxmi Generators Ref: L.R.no. 64276 * 03.05.2024','yashwant-tranport-03-05-2024.pdf',1),(105,116,3,'2024-05-03',120.00,'Travelling Expense paid to Mr.Pravin For the day',NULL,1),(106,117,4,'2024-05-04',300.00,'Tempo charges paid for Lalji Mulji Transport A/c Saral pharma  Ref : bill no. 166 * 04.05.2024',NULL,1),(107,118,2,'2024-05-04',525.00,'Drinking water charges bill for Month - April 24 paid to Tanvi Water supplier at Godown\r\nRs.35/- X 15 Bottle \r\nRef : bill no. 353 * 30.04.2024','tanvi-water-bill-30-04-2024.pdf',1),(108,119,1,'2024-05-04',150.00,'Freight paid to Aditya Transport A/c Chotiwala  Ref: L.R.no. 9767 * 04.05.2024',NULL,1),(109,120,3,'2024-05-04',3000.00,'Travelling Expense Paid to Mr.Patil For Month- April 24',NULL,1),(110,121,6,'2024-05-04',40.00,'Courier charges paid for Mumbai',NULL,1),(111,122,3,'2024-05-04',120.00,'Travelling Expense paid to Mr.Pravin For the day',NULL,1),(112,125,4,'2024-05-06',300.00,'Tempo charges paid for , Collected from SCIS TO Godown',NULL,1),(113,126,4,'2024-05-06',200.00,'Tempo charges paid Vtrans A/c Prakash Process \r\nRef : boll no. 180 * 06.05.2024',NULL,1),(114,127,4,'2024-05-06',600.00,'Tempo charges paid or , Collected from V trans To Godown ,  & Collected from JMT & Bked TO NEW GAJANAN A/C uNIQUE TECHNOLOGY Ref : Bill no. \r\n182 * 06.05.2024\r\n',NULL,1),(115,128,1,'2024-05-06',1070.00,'Freight charges paid to V- trans from Ahmedabad , 11EF4 Flg - 1 no.\r\nRef L.R.no. 40822432 * 03.05.2024 & CR No. 40224025 * 06.05.2024\r\n',NULL,1),(116,129,1,'2024-05-06',300.00,'Freight paid to New Gajanan A.c Unique Technology \r\nL.R.no. 18898 * 06.05.2024 ','new-gajanan-transport-18898-06-05-2024.pdf',1),(117,130,4,'2024-05-06',200.00,'Tempo charges paid for V trans A/c BES   Ref : Bill no. \r\n172 * 06.05.2024',NULL,1),(118,131,3,'2024-05-06',120.00,'Travelling Expense paid to Mr.Pravin for the day',NULL,1),(119,132,4,'2024-05-07',150.00,'Auto Fare paid for collected from Hiren & booked to Janhavi  Transport A/c Omega Services ',NULL,1),(120,133,1,'2024-05-07',150.00,'Freight paid to Janhavi transport A/c Omega\r\nRef : L.R no. 10272 * 07.05.2024\r\n','janvhi-transport-10272-07-05-2024.pdf',1),(121,134,1,'2024-05-07',120.00,'Courier / freight paid to Anjani Courier A/c Allweiller \r\nDocket no. 1695917623 * 07.05.2024\r\n','anjani-courier-service-1695917623-07-05-2024.pdf',1),(122,135,3,'2024-05-07',120.00,'Travelling expense paid to  Mr.Pravin for the day',NULL,1),(123,136,4,'2024-05-08',400.00,'Tempo charges paid for V trans  , Bhiwandi  & Aditya \r\nA/c Chotiwala  , BES  & Hindustan Sales \r\nBILL NO. 193 , 192 & 195  * 08.05.2024',NULL,1),(124,137,1,'2024-05-08',150.00,'Freight Paid to Aditya transport A/c Chitiwala \r\nRef : L.R. no. 9916 * 08.05.2024','aditya-transport-service-9916-08-05-2024.pdf',1),(125,138,3,'2024-05-08',120.00,'Travelling Expense Paid to Mr. Pravin  for the day',NULL,1),(126,139,4,'2024-05-09',300.00,'Tempo charges paid for VRL \r\nA/c Shri Balaji Industries\r\nRef : Bill no, 196 * 09.05.2024',NULL,1),(127,140,1,'2024-05-08',160.00,'Freight paid to Shri Nandwana Transport From Dhruv. Vapi For 1 No. Gear Box A/x Shri Balaji','shree-nandwana-transport-1510444-08-05-2024.pdf',1),(128,141,3,'2024-05-09',120.00,'Travelling Expense Paid to Mr.Pravin for the day',NULL,1),(129,142,4,'2024-05-10',150.00,'Tempo charges paid for \r\nT.K.Transport A/c Krugar , Shahpur\r\nbill no. 207 * 10.05.2024',NULL,1),(130,143,1,'2024-05-10',1000.00,'Freight Paid to T.K.Transport \r\nA/c Krugar \r\nL.R.No. 7609 * 10.05.2024','t-k-transport-7609-10-05-2024.pdf',1),(131,144,3,'2024-05-10',120.00,'Travelling Expense Paid to Mr.Pravin For The Day',NULL,1),(132,145,3,'2024-05-11',120.00,'Travelling expenses paid to Mr.Pravin  for the day',NULL,1),(133,146,6,'2024-05-11',40.00,'Courier charges paid for Mumbai',NULL,1),(134,148,4,'2024-05-15',250.00,'Tempo charges paid for Bombay Tarapore  Logistics A/c Shivshakti  \r\nRef : bill no. 223 *  15.05.2024',NULL,1),(135,149,1,'2024-05-15',200.00,'Freight paid to Satkar motor , Returned from Cosmic Electrical , Chiplun\r\n3.70En4 - 1\r\nRef.: L.R.no. 1777 * 09.05.2024',NULL,1),(136,150,3,'2024-05-15',360.00,'Travelling Expenses paid to Mr.Pravin For 3 days ,\r\n13.05 To 15.05.2024',NULL,1),(137,151,4,'2024-05-16',250.00,'Tempo charges paid for Shre ayyappa transport A/c FFP Ltd.\r\nRef : bill no. 225 * 16.05.2024',NULL,1),(138,152,1,'2024-05-16',100.00,'Freight paid to Janhavi transport A/c Jaydeep  Engg\r\nRef l.R.No. 17228 * 16.05.2024',NULL,1),(139,153,3,'2024-05-16',120.00,'Travelling Expense paid to Mr.Pravin for the day',NULL,1),(140,154,4,'2024-05-17',300.00,'Tempo charges paid for V Trans A/c BES \r\nRef: Bill no. 235 * 17.05.2024\r\n',NULL,1),(141,155,3,'2024-05-17',120.00,'Travelling expense Paid to Mr.Pravin for The Day',NULL,1),(142,156,4,'2024-05-18',200.00,'Tempo charges paid ffor Yashwant transport  To mahalaxmi Generators ,kalamboli A/c  Cargopedia \r\nbill no. 237 * 18.05.2024',NULL,1),(143,157,1,'2024-05-18',1200.00,'Freight paid to Yashwant transport A/c Cargopedia \r\nRef : L.R.no. 65473 * 18.05.2024',NULL,1),(144,158,6,'2024-05-18',40.00,'Courier charges paid for mumbai',NULL,1),(145,159,3,'2024-05-18',120.00,'Travelling expense paid to Mr.Pravin for the day',NULL,1),(146,160,4,'2024-05-21',400.00,'Tempo charges paid for , collected from V trans & Bked To janhavi & bal to Godown',NULL,1),(147,161,1,'2024-05-21',140.00,'Freight Service charges paid to V trans from Aslali for 5 nos.\r\nRef L.R.no. 40822750 * 17.05.2024 & CR No. 40323082 * 21.05.2024',NULL,1),(148,162,1,'2024-05-21',110.00,'Freight Service charges paid to V trans from Aslali for 1 nos.\r\nRef L.R.no. 40822747 * 17.05.2024 & CR No. 40323095 * 21.05.2024',NULL,1),(149,163,1,'2024-05-21',150.00,'FREIGHT CHARGES PAID TO JANHAVI TRANSPORT A/C PRAKASH INTERNATIONAL\r\nRef : L.R. no. 18797 * 21.05.2024',NULL,1),(150,164,4,'2024-05-21',300.00,'Tempo charges paid for Shree Nandwana  A/c Dhruv Agencies\r\nBill no. 241 * 21.05.2024\r\n',NULL,1),(151,165,4,'2024-05-21',250.00,'Tempo charges paid for Kalayatan cargo & Darshan transport A/c Kasturi Engg & BES For S.R.Metering\r\nbill no. G/496 & 242 * 21.05.2024\r\n',NULL,1),(152,166,3,'2024-05-21',120.00,'Travelling Expense Paid To Mr. Pravin for the day',NULL,1),(153,167,4,'2024-05-22',2000.00,'Delivery charges by special Tempo to Kalamboli \r\nA/c Ganesh transline',NULL,1),(154,168,4,'2024-05-22',150.00,'Tempo charges paid for Janhavi transport A/c RE Blowers',NULL,1),(155,169,2,'2024-05-23',700.00,'Unloading charges at Yogeshwar From CGL , Nagar \r\nThru.BGT Ffor 13 Nos.',NULL,1),(156,170,4,'2024-05-24',400.00,'Tempo charges paid for V rans & Gujarat transport  A/c \r\nApex Associate & Mamta \r\nRef : bill no. 264 & 266 * 24.05.2024',NULL,1),(157,171,1,'2024-05-24',300.00,'Freight paid to Janhavi transport A/c GOODS Transfer\r\nRef :.LR.no. 25042 * 24.05.2024\r\n',NULL,1),(158,172,1,'2024-05-24',200.00,'Freight charges paid to Janhavi transport A/c B.K, Machineries\r\nRef L.R.no. 23882 * 24.05.2024\r\n',NULL,1),(159,173,3,'2024-05-24',120.00,'Travelling Expenses paid to Mr.Pravin For the day',NULL,1),(160,174,4,'2024-05-25',400.00,'Tempo charges paid for V trans  , Vineet & Kalayatan cargo A/c BES For S.R. JSB & bes\r\nBill no.274, G/553 & 273 * 25.05.2024',NULL,1),(161,175,3,'2024-05-25',120.00,'Travelling expense paid to Mr.pravin for the day',NULL,1),(162,176,4,'2024-05-27',350.00,'Tempo charges paid for ,\r\nCollected from Vtrans & Kandpile Transport & Kept at Godown\r\nL.r. No. To Be recd ',NULL,1),(163,177,1,'2024-05-27',150.00,'Freight Service charges paid to v trans From Aslali',NULL,1),(164,178,1,'2024-05-27',110.00,'Freight Service charges paid to v trans From Aslali',NULL,1),(165,179,1,'2024-05-27',150.00,'Freight Charges paid to Kandpile Transport From JSB',NULL,1),(166,180,4,'2024-05-27',200.00,'Tempo charges paid for , Collected from Hemant To godown A/c aqua pump',NULL,1),(167,181,4,'2024-05-27',400.00,'Tempo cahrges paid for aditya transport & Prabhat Roadways A/c Aloke alloys & Bakul',NULL,1),(168,182,1,'2024-05-27',200.00,'Freight charges paid to aditya Transport A/c Aloke alloys',NULL,1),(169,183,1,'2024-05-27',200.00,'Freight charges paid to Prabhat Roadways A/c Bakul',NULL,1),(170,184,4,'2024-05-27',1000.00,'Tempo charges paid for V trans A/c Nadi',NULL,1),(171,185,2,'2024-05-27',600.00,'Loading & Unloading Charges for 20Nos.\r\n15KP2 Flg - 20 nos.',NULL,1),(172,186,2,'2024-05-27',700.00,'Unloading Charges By Forklift For 22 Nos. From CGL ',NULL,1),(173,187,3,'2024-05-27',120.00,'Travelling Expenses paid to Mr.Pravin for the day',NULL,1),(174,188,4,'2024-05-28',500.00,'Tempo charges paid for ACPL\r\nA/c Allweiller ',NULL,0),(175,189,2,'2024-05-28',300.00,'Loading & unloading Charges For 5 nos.15PF4 flg -',NULL,0),(176,190,4,'2024-05-28',200.00,'Tempo charges paid for Bhavana Roadways ',NULL,0),(177,191,3,'2024-05-28',120.00,'Travelling expense paid to Mr.pravin for the day',NULL,0),(178,193,4,'2024-05-27',350.00,'Tempo charges paid for , collected from V trans & Kandpile transport  to Yogeshwar Warehouse\r\nL.R no. 4917 * 23.05& 40822832 , 40822886 * 22.05.24',NULL,0),(179,194,1,'2024-05-27',150.00,'Freight service charges paid to V trans \r\nRef : CR no. 40361860 * 27.05.2024',NULL,0),(180,195,1,'2024-05-27',110.00,'Freight service charges paid to V trans \r\nRef : CR no. 40361941 * 27.05.2024',NULL,0),(181,196,1,'2024-05-27',150.00,'Freight charges paid to Kandpile \r\nL.R. no. 4917 * 23.05.2024',NULL,0),(182,197,4,'2024-05-27',1000.00,'Tempo charges paid for V trans A/c Nadi Airtechics\r\nbill no. 0279 * 27.05.2024\r\n',NULL,0),(183,198,2,'2024-05-27',600.00,'Loading & unloading charges for 20 nos.\r\nat Vtrans A/c Nadi',NULL,0),(184,199,2,'2024-05-27',700.00,'Unloading Charges by Forklift At Yogeshwar For 22 Nos. From CGL ,Nagar, Thru. BGT',NULL,0),(185,200,4,'2024-05-27',400.00,'Tempo charges paid for Aditya transport & Prabhat Roadways A/c Bakul & Aloke\r\nBill no. 276 & 277 * 17.05.2024',NULL,0),(186,201,1,'2024-05-27',200.00,'Freight paid to Aditya transport A/c aloke alloys \r\nL.R.No. 7452 * 27.05.2024',NULL,0),(187,202,1,'2024-05-27',200.00,'Freight paid to Prabhat transport A/c Bakul\r\nL.R.No. 5462 * 27.05.2024',NULL,0),(188,203,4,'2024-05-27',200.00,'Tempo charges paid for , collected from Hemant to Godown',NULL,0),(189,204,3,'2024-05-27',120.00,'Travelling Expense paid to  Mr.pravin for the day',NULL,0),(190,205,4,'2024-05-28',500.00,'Tempo charges paid for ACPL \r\nA/c Allweiller \r\nBill no. 288 * 28.05.2024',NULL,1),(191,206,2,'2024-05-28',300.00,'Loading & Unloading For 5 Nos A/c Allweiller',NULL,1),(192,207,4,'2024-05-28',200.00,'Tempo charges paid for Bhavna Roadways \r\nA/c akshar , Bill no. 0294 * 28.05.2024',NULL,1),(193,208,3,'2024-05-29',120.00,'Travelling Expense paid to  Mr.Pravin for the day',NULL,1),(194,209,4,'2024-05-29',300.00,'Tempo charges paid for , Collected from Hanuman power To Godown',NULL,1),(195,210,4,'2024-05-29',300.00,'Tempo charges paid for Aditya transport \r\nA/c Chotiwala  Bill no. 0293 * 28.05.2024',NULL,1),(196,211,1,'2024-05-29',200.00,'Freight paid to Aditya transport A/c Chotiwala \r\nL.R. no. 2041 * 29.05.2024',NULL,1),(197,212,2,'2024-05-29',200.00,'Unloading Charges at Yogeshwar For 35 Nos .From CGL ,Bhiwandi',NULL,1),(198,213,3,'2024-05-29',120.00,'Travelling Expense paid to Mr.Pravin  For the day\r\n',NULL,1),(199,214,4,'2024-05-30',200.00,'Tempo charges paid for V trans A/c BES  \r\nBILL NO. 0301 * 30.05.2024\r\n',NULL,1),(200,215,4,'2024-05-30',200.00,'Tempo charges paid for Janhavi Transport A/c Goods transfer to Mumbai',NULL,1),(201,216,1,'2024-05-30',450.00,'Freight paid to Janhavi Transport For 3 Nos. To Mumbai\r\nL.r No. 28547 * 30.05.2024\r\n',NULL,1),(202,217,4,'2024-05-31',200.00,'Tempo charges paid for Aditya transport & Thane motor \r\na/c Patankar service & Chotiwala ',NULL,1),(203,218,1,'2024-05-31',150.00,'Freight charges paid to rhane motor \r\nL.R no. 6768 * 31.05.2024',NULL,1),(204,219,1,'2024-05-31',150.00,'Freight charges paid to Aditya Transport \r\nL.R no. 2157 * 31.05.2024',NULL,1),(205,220,4,'2024-05-31',150.00,'Delivery charges paid for collected from v tran to Godown by Rickshaw',NULL,1),(206,221,1,'2024-05-31',110.00,'Freight Service charges paid to V trans L.R. no. 40822984 * 28.05 & CR No. 40399524 * 31.05.2024',NULL,1),(207,222,2,'2024-06-03',300.00,'Unloading charges paid for 15 nos. from CGL , BHIWANDI',NULL,1),(208,223,4,'2024-06-04',250.00,'Tempo charges paid for Shree ayyappa Transport a/c FFP\r\nbill no. 0320 * 04.06.2024\r\n',NULL,1),(209,224,4,'2024-06-04',200.00,'Tempo charges paid for ACPL a/c Allweiller\r\nbill no. 0326 * 04.06.2024\r\n',NULL,1),(210,226,2,'2024-06-05',420.00,'Drinking water bill for month \r\nmay - 24 , at Godown\r\nPaid to Tanvo Water Supplier ',NULL,1),(211,227,4,'2024-06-05',500.00,'Tempo charges paid for , Collected From V trans To Godown\r\nRef L.R.No.40823113 , 40835154 & 40823134 1.06.2024 from Aslali\r\n',NULL,1),(212,228,1,'2024-06-05',2460.00,'Freight charges paid to V trans \r\nfor L.R.no. 40835154 \r\nCR No. 40424726 * 05.06.2024',NULL,1),(213,229,1,'2024-06-05',120.00,'Freight service charges paid to v trans for L.R.no. 40823134 & CTno. 40424707 * 05.06.2024',NULL,1),(214,230,1,'2024-06-05',260.00,'Freight service charges paid to v trans for L.R.no. 408231113 & CR no. 40424686 * 05.06.2024',NULL,1),(215,231,4,'2024-06-05',200.00,'Tempo charges paid for Janhavi Transport A/c naik Brass \r\nBill no. 332 * 05.06.2024\r\n',NULL,1),(216,232,1,'2024-06-05',800.00,'Freight service Charges paid to jahnavi transport a/c Naik Brass  .\r\nL.R.No. 33085 * 05.06.2024\r\n',NULL,1),(217,233,4,'2024-06-05',200.00,'Tempo charges paid for , collected from Htren Enterprise & Bked to Nombay Tarapur\r\nBill no. 331 * 06.06.2024\r\n',NULL,1),(218,234,1,'2024-06-05',200.00,'Freight Paid to Bombay tarapur A/c AArti Drugs \r\nL.R.No. 26753 * 05.06.2024\r\n',NULL,1),(219,235,3,'2024-06-05',3095.00,'Travelling expense paid to Mt.Patil For Month - May 24\r\nRs.120/- x 24 Days  2880/- + Rs.215/- Ticket Fare for \r\nMumbai Office\r\n',NULL,1),(220,236,3,'2024-06-05',120.00,'Travelling expense paid to Mr.Pravin For The Day\r\n',NULL,1),(221,237,4,'2024-06-06',250.00,'Tempo Charges Paid for Deccan Queen a/c Vardhman steel \r\nBill no. 337 * 06.06.2024\r\n',NULL,1),(222,238,4,'2024-06-06',200.00,'Tempo charges opaid for Yashwant transport A/c Mahalaxmi Generators\r\nBill no. 339 * 06.06.2024\r\n',NULL,1),(223,239,1,'2024-06-06',600.00,'Freight paid To Yashwant A/c Mahalaxmi \r\nl.r.No. 71549 * 06.06.2024\r\n',NULL,1),(224,240,2,'2024-06-06',700.00,'Loading Charges By Forklift \r\nat godown A/c RCF\r\n',NULL,1),(225,241,2,'2024-06-06',200.00,'Loading Charges at Godown \r\nA/c RDF\r\n',NULL,1),(226,242,3,'2024-06-06',120.00,'Travelling Expense paid to \r\nMr.Pravin For the day',NULL,1),(227,243,4,'2024-06-07',500.00,'Tempo charges , 2Trips \r\npaid for Shree Ayyappa A/c FFP\r\nBill no. 0321 * 07.06.2024\r\n',NULL,1),(228,244,4,'2024-06-07',200.00,'Tempo charges paid for Janhavi Transport A/c P & C Engg\r\nBill no. 0344 * 07.06.2024\r\n',NULL,1),(229,245,2,'2024-06-07',300.00,'Loading & Unloading Charges at Shree Ayyappa For 13 Nos\r\nA/c FFP\r\n',NULL,1),(230,246,3,'2024-06-07',120.00,'Travelling expense paid fto Mr.Pravin For the day\r\n',NULL,1),(231,247,4,'2024-06-08',400.00,'Tempo charges paid for V trans A/c BES\r\nBILL NO. 350 * 08.06.2024\r\n',NULL,1),(232,248,2,'2024-06-08',200.00,'Loading & Unloading At Vtrans\r\nFor 12 Nos. A/c BES\r\n',NULL,1),(233,249,6,'2024-06-08',40.00,'Courier charges paid for Mumbai\r\n',NULL,1),(234,250,3,'2024-06-08',120.00,'Travelling Expense paid to \r\nMr.Patil For the day',NULL,1),(235,251,4,'2024-06-01',300.00,'Tempo charges paid for \r\nShree Nandwana  a/c Dhruv Agencies \r\nBill no. 313 * 01.06.2024\r\n',NULL,1),(236,253,4,'2024-06-14',300.00,'Tempo charges paid for ,From godown to Hanumaan power & bked to N.G,Transport \r\nA/c D.P.Pulveriser \r\nbill no. 386 * 10.06.2024\r\n',NULL,1),(237,254,1,'2024-06-14',150.00,'Freight paid to Janhavi transport for goods transfer (pump) to mumbai Office\r\n',NULL,1),(238,255,3,'2024-06-14',120.00,'Travelling expense paid to Mr.Pravin for the day',NULL,1),(239,256,3,'2024-06-15',120.00,'Travelling expense paid to Mr.Pravin for the day\r\n',NULL,1),(240,257,2,'2024-06-10',600.00,'Unloading charges paid for 42 nos.at Yogeshwar from CGL , bHIWANDI\r\n',NULL,1),(241,258,4,'2024-06-10',250.00,'Tempo Charges paid for Kalayatan Cargo A/c BES For S.R, Metering\r\nBill no. G/679 * 10.06.2024\r\n',NULL,1),(242,259,3,'2024-06-10',120.00,'Travelling Expense paid to Mr.Pravin for the day\r\n',NULL,1),(243,260,4,'2024-06-11',300.00,'Tempo charges paid for , Collected from Hanuman power To Godown',NULL,1),(244,261,4,'2024-06-11',200.00,'Tempo charges paid for Chintamani Transport A/c \r\nNector Projects\r\n\r\n',NULL,1),(245,262,4,'2024-06-11',200.00,'Tempo charges paid for \r\nYashwant transport A/c Waris Generators\r\nbill no. 364 - 11.06.2024\r\n',NULL,1),(246,263,1,'2024-06-11',600.00,'Freight paid to Yashwant Transport A/c waris\r\nL.R.No.71649 * 11.06.2024\r\n',NULL,1),(247,264,3,'2024-06-11',120.00,'Travelling Expense Paid to \r\nMr. Pravin For the day\r\n',NULL,1),(248,265,4,'2024-06-12',350.00,'Tempo charges paid for Janhavi Transport & Shree Ayyappa A/c FFP & Prati Indu\r\nBill no. 0373 & 374 * 12.06.2024\r\n\r\n',NULL,1),(249,266,1,'2024-06-12',200.00,'Freight paid to Janhavi transport A/c Prati Industries \r\nL.R.no. 41405 * 12.06.2024\r\n',NULL,1),(250,267,4,'2024-06-12',300.00,'Tempo charges paid for Dashmesh  Roadlines  A/c Cosm,ic',NULL,1),(251,268,3,'2024-06-12',120.00,'Travelling expense paid to Mr.Pravin for the day\r\n',NULL,1),(252,269,4,'2024-06-13',200.00,'Tempo charges paid for Kalayatan Cargo A./c BES For \r\nS.R.Metering\r\nBill no. G711 & 712 * 13.06.2024\r\n',NULL,1),(253,270,3,'2024-06-13',120.00,'Travelling expense paid to Mr.Pravin Fot The day\r\n',NULL,1),(254,271,3,'2024-06-17',120.00,'Travelling Expense paid to Mr.Pravin for the day',NULL,1),(255,272,4,'2024-06-18',350.00,'Tempo charges paid for ,Collected from  hanuman power To Shivbhakti & bal return to Godown\r\nA/c Sonal Engg Bill no. 394 * 18.06.2024\r\n',NULL,1),(256,273,1,'2024-06-18',200.00,'Freight paid to Shivbhakti  transport a/c Sonal engg \r\nRef : L.R.No. 16242 * 18.06.2024',NULL,1),(257,274,4,'2024-06-18',2200.00,'Delivery changes by Special Tempo \r\na/c Naik Brass Bill no. 399 * 18.06.2024\r\n',NULL,1),(258,275,4,'2024-06-18',200.00,'Tempo charges paid for  V Trans A/c BES \r\nBill no. 404 * 18.06.2024\r\n',NULL,1),(259,276,3,'2024-06-18',120.00,'Travelling Expense paid to \r\nMr.Pravin for the day\r\n',NULL,1),(260,277,4,'2024-06-19',200.00,'Tempo charges paid for Shree Ayyappa Transport A/c FFP\r\nBill no. 409 * 19.06.2024\r\n',NULL,1),(261,278,4,'2024-06-19',200.00,'Tempo charges paid for V Trans A/c BES  Bill no. 416 * 19.06.2024\r\n',NULL,1),(262,279,3,'2024-06-19',120.00,'Travelling expense paid to Mr.\r\nPravin For The day\r\n',NULL,1),(263,280,4,'2024-06-20',300.00,'TEMPO CHARGES PAID FOR JANHAVI TRANSPORT & SHAH ROADWAYS A/C  Trumark Enterprise & Shah Agencies\r\nBill no. 415 & 416 * 20.06.2024',NULL,1),(264,281,1,'2024-06-20',500.00,'Freight Paid To Janhavi Transport A/c Trumark \r\nL.R.No. 48485 * * 20.06.2024\r\n','ganesh-scan_2024-06-25_1.pdf',1),(265,282,3,'2024-06-20',120.00,'Travelling Expense Paid To Mr.Pravin For the day\r\n',NULL,1),(266,283,3,'2024-06-21',120.00,'Travelling Expense pad to Mr.Pravin For The Day\r\n',NULL,1),(267,284,4,'2024-06-22',200.00,'Tempo charges paid for , Collected from Hemant Trading to Godown\r\nA/c Shivshakti\r\n',NULL,1),(268,285,3,'2024-06-22',120.00,'Travelling expense paid to Mr.\r\nPravin for the day\r\n',NULL,1),(269,287,1,'2024-06-24',110.00,'freight service charges paid to V trans for 0.18KEG4Flg - 2 nos.against L.R no. 40823525 * 20.06.2024\r\nCR no. 40552176 * 24.06.2024\r\n',NULL,1),(270,288,1,'2024-06-24',150.00,'Freight paid Janhavi transport \r\nA/c Atlas Swirch\r\nL.R. no. 53471 * 24.06.2024\r\n',NULL,1),(271,289,3,'2024-06-24',120.00,'Travelling expense paid to Mr.Pravin  for the day',NULL,1),(272,290,4,'2024-06-25',500.00,'Tempo charges paid for V trans A/c BES (2 Trips )\r\nbill no. 431 * 25.06.2024\r\n',NULL,1),(273,291,4,'2024-06-25',200.00,'Tempo charges paid for Janhavi Transport A/c Jupiter \r\nDelivery to Prat i(Replacement)\r\n',NULL,1),(274,292,1,'2024-06-25',200.00,'Freight Paid to Janhavi Transport A/c Prati \r\nL.R.no.54470 * 25.06.2024\r\n',NULL,1),(275,293,3,'2024-06-25',120.00,'Travelling expense paid to Mr. Pravin for the day\r\n',NULL,1),(276,294,4,'2024-06-26',700.00,'Tempo Charges paid for ,Collected from Makharia to Godown For Siemens 0.37KPG4Flg - 10\r\n',NULL,1),(277,295,4,'2024-06-26',200.00,'Tempo charges paid for Kalayatan Cargo A/c Raj Enterprise \r\nBill no. 444 * 26.06.2024\r\n',NULL,1),(278,296,6,'2024-06-26',50.00,'Courier charges for Ahmedabad office\r\n',NULL,1),(279,297,3,'2024-06-26',120.00,'Travelling expense paid to Mr.Pravin for the day\r\n',NULL,1),(280,298,4,'2024-06-27',300.00,'Tempo Charges paid for Aditya transport & Prabhat Roadways A/c Bakul Aromatic  & Chotiwala \r\nbill no. 449 , 450 & 452        \r\n*27.06.2024',NULL,1),(281,299,1,'2024-06-27',500.00,'Freight paid to Prabhat Roadways A/c bakul \r\nL.R.No. NH/8460 * 27.06.2024\r\n',NULL,1),(282,300,1,'2024-06-27',300.00,'Freight Paid To Aditya Transport A/c Chotiwala \r\nL.R.No. 5056 * 27.06.2024',NULL,1),(283,301,4,'2024-06-27',200.00,'Tempo charges paid for ACPL a/c Allweiller \r\nBill no.451 * 27.06.2024\r\n',NULL,1),(284,302,3,'2024-06-27',120.00,'Travelling expense paid to \r\nMr.Pravin for the day',NULL,1),(285,303,4,'2024-06-28',300.00,'Tempo charges paid for ,collected from Vtrans \r\n15KE2FCF\r\nL.R.NO.40823606 * 24.06.2024\r\n\r\n',NULL,1),(286,304,1,'2024-06-28',150.00,'Freight service charges p[aid to V Trans \r\nCR no. 40584568 * 28.06.2024\r\n',NULL,1),(287,305,4,'2024-06-28',450.00,'Tempo charges paid for Yashwant Transport & Shiv bhakti A/c Girish Enterprise & Chudekar\r\nbill no.458 & 459 * 28.06.2024\r\n',NULL,1),(288,306,1,'2024-06-28',200.00,'Freight Paid to Shiv bhakti  Transport \r\nL.R.no. 5070 * 28.06.2024\r\n',NULL,1),(289,307,4,'2024-06-28',200.00,'Tempo charges paid for , collected from Hemant \r\n3.70EF4 - 2 & bked to Bhiwandi Tarapur A/c Hindustan sales\r\nbill no.460 * 28.06.2024\r\n',NULL,1),(290,308,3,'2024-06-28',120.00,'Travelling Expense paid to Mr. Pravin for the day\r\n',NULL,1),(291,309,4,'2024-06-29',200.00,'Tempo charges paid for V Trans  A/c Filter Machine\r\nbill no. 468 * 29.06.2024\r\n',NULL,1),(292,310,6,'2024-06-29',40.00,'Courier charges for Mumbai',NULL,1),(293,311,3,'2024-06-29',2520.00,'Travelling expense paid to Mr.Patil for Month - June-24\r\n(Rs120/- x 21 days)\r\n',NULL,1),(294,312,4,'2024-07-01',200.00,'Delivery charges by Auto for , collected from Hanuman power to Chintamani A/c G.M.Engg \r\nbill no. 472 * 01.07.2024\r\n',NULL,1),(295,313,4,'2024-07-01',300.00,'Tempo charges paid for  Shiv bhakti & Bhiwandi Tarapur A/c Shree Krupa & Hindustan Sales \r\nbill no. 475 &        * 01.07.2024\r\n',NULL,1),(296,314,3,'2024-07-01',120.00,'Travelling Expense Paid to Mr. Pravin for the day',NULL,1),(297,315,4,'2024-07-02',200.00,'Tempo charges paid for ACPL A/v Allweiller \r\nBill no. 477 * 02.07.2024\r\n',NULL,1),(298,316,3,'2024-07-02',120.00,'Travelling expense paid to Mr.Pravin for the day\r\n',NULL,1),(299,317,4,'2024-07-03',400.00,'Tempo charges paid for V trans A/c BES\r\nBill no. 488 * 03.07.2024',NULL,1),(300,318,4,'2024-07-03',200.00,'Tempo charges paid for , collected from Hemant trading  to Janhavi transport \r\n2.20PF2 - 1\r\nbill no. 483 * 02.07.2024\r\n',NULL,1),(301,319,3,'2024-07-03',120.00,'Travelling Expense paid to \r\nMr. Pravin for the day\r\n',NULL,1),(302,320,2,'2024-07-04',859.00,'Mobile phone Recharge for Pravin 7387232747/ Airtel\r\nFor 84 Days',NULL,1),(303,321,4,'2024-07-04',300.00,'Tempo charges paid for Delivery & collected from Janhavi + Aditya trans Transport A/c Shah Ele & Chotiwala\r\nbill no. 489 & 503 * 04.07.2024',NULL,1),(304,322,1,'2024-07-04',300.00,'Freight paid to Janhavi transport A/c Shah Electric\r\nL.R.no. 61624 * 04.07.2024',NULL,1),(305,323,1,'2024-07-04',200.00,'Freight paid to Janhavi transport ,For 5.50EN2 \r\nreturned from Prati\r\nL.R.no. 61566 * 04.07.2024\r\n',NULL,1),(306,324,1,'2024-07-04',300.00,'Freight paid to Aditya transport A/c Chotiwala \r\nL.R.no. 61566 * 04.07.2024\r\n',NULL,1),(307,325,4,'2024-07-04',500.00,'Delivery charges by tempo to Alpha Pumps A/c Gumpro\r\nbill no. 499 * 04.07.2024\r\n',NULL,1),(308,326,4,'2024-07-04',200.00,'Tempo charges paid for V trans A/c BES \r\nBill no. 501 * 04.07.2024\r\n',NULL,1),(309,327,3,'2024-07-04',120.00,'Travelling expense paid to Mr. Pravin for the day\r\n',NULL,1),(310,328,4,'2024-07-05',200.00,'Tempo charges paid for V trans A/c BES\r\nBill no. 508 * 05.07.2024\r\n',NULL,1),(311,329,3,'2024-07-05',120.00,'Travelling expense paid to \r\nMr.Pravin for the day\r\n',NULL,1),(312,330,4,'2024-07-06',500.00,'Tempo charges paid ,collected from Makharia to Godown \r\n0.37KPG4Flg - 4',NULL,1),(313,331,4,'2024-07-06',200.00,'Tempo charges paid for Shivbhakti transport A/c Patil Industries , Ghansoli\r\nbill no.510 * 05.07.2024\r\n',NULL,1),(314,332,1,'2024-07-06',250.00,'Freight paid to Shivbhakti transport A/c Patil industries\r\nL.R.no. 6039 * 06.07.2024\r\n',NULL,1),(315,333,3,'2024-07-06',120.00,'Travelling expense paid to \r\nMr.Pravin for the day\r\n',NULL,1),(316,335,4,'2024-07-08',200.00,'tEMPO CHARGESP ACPL A/c Allwieller \r\nRef Bill no. 0511 * 08.07.2024\r\n',NULL,1),(317,336,1,'2024-07-08',210.00,'Freight Paid to J.D. roadlines \r\nFrom Indian Ele., Pune\r\nL.r. No/.1666108 * 06.07.2024',NULL,1),(318,337,4,'2024-07-09',300.00,'Tempo charges paid for ACPL & Yashwant Transport A/c \r\nNetzsch & Shri krupa & Bakulelectrical \r\nbill no. 521 & 527 & 522* 09.07.2024',NULL,1),(319,338,1,'2024-07-09',400.00,'Freight paid to Yashwant transport A/c Bakul\r\nRef . L R, no, 4646 * 09.07.2024',NULL,1),(320,339,4,'2024-07-09',200.00,'Tempo charges paid for , collected from Hemant & Bked to Janhavi Transport A/c Riva Techno\r\nbill no. ',NULL,1),(321,340,3,'2024-07-09',120.00,'Travelling expense paid to Mr. Pravin fir the day\r\n',NULL,1),(322,341,4,'2024-07-10',300.00,'Tempo charges paid for ACPL & Bhiwandi Tarapur A/c Hindustan Sales & Allweiller\r\nBill no. 530 & 532 * 10.07.2024',NULL,1),(323,342,2,'2024-07-10',315.00,'Amt paid for Drinking water batla For  Yogeshwar godown\r\nRs.35 x 9',NULL,1),(324,343,3,'2024-07-10',120.00,'Travelling Expense paid to Mr.Pravin for the day\r\n',NULL,1),(325,344,4,'2024-07-11',300.00,'Tempo charges paid for V TRANS A/c Nadi \r\nBill no. 541 * 11.07.2024\r\n',NULL,1),(326,345,4,'2024-07-11',200.00,'Tempo charges paid for Bhavana Roadways A/c BES \r\nFor Del PD\r\nbill no. 935 * 11.07.2024\r\n',NULL,1),(327,346,3,'2024-07-11',120.00,'Travelling expense paid to Mr. Pravin for the day',NULL,1),(328,347,4,'2024-07-12',300.00,'Tempo charges paid for Goods returned from Bhavana Roadways A/c Dhruv',NULL,1),(329,348,3,'2024-07-12',120.00,'Travelling expense paid to Mr. Pravin for the day',NULL,1),(330,349,3,'2024-07-13',120.00,'Travelling Expense paid to Mr. Pravin for the day',NULL,1),(331,350,6,'2024-07-13',40.00,'Courier charges paid for Mumbai',NULL,1),(332,351,4,'2024-07-15',300.00,'Tempo charges paid for  Bhiwandi Tarapur & Shree Ayappa transport A/c Hindustan Sales & FFP',NULL,1),(333,352,2,'2024-07-15',600.00,'Loading charges at Yoigeshwar for 63 nos\r\nSpecial Tempo for BES \r\n.',NULL,1),(334,353,3,'2024-07-15',120.00,'Travelling Expense paid to Mr. Pravin For the day',NULL,1),(335,354,3,'2024-07-16',120.00,'Travelling expense paid to Mr.Pravin for the day',NULL,1),(336,355,3,'2024-07-17',120.00,'Travelling Expense paid to Mr.\r\nPravin for the day',NULL,1),(337,356,4,'2024-07-18',300.00,'Tempo charges paid for Nagpur Goods\r\nA/c Vardhaman Steel\r\nBill no. 574 * 18.07.2024',NULL,1),(338,357,4,'2024-07-18',250.00,'Tempo charges Paid for Kalayatan & ACPL \r\na/C  ferro care & BES For S.R.\r\n',NULL,1),(339,358,3,'2024-07-18',120.00,'Travelling expense paid to Mr.Prtavin for the day',NULL,1),(340,359,4,'2024-07-19',200.00,'Tempo charges paid for Anaya Transport A/c Intech Pulveriser\r\nBill no. 582 * 19.07.2024',NULL,1),(341,360,4,'2024-07-19',300.00,'Tempo charges Paid or ACPL & Kalayatan \r\nA/c Allweiller & Raj Enterprise \r\nbill no. 580 & 581 * 19.07.2024 ',NULL,1),(342,361,3,'2024-07-19',120.00,'Travelling expense paid to Mr.Pravin for the day',NULL,1),(343,362,6,'2024-07-20',40.00,'Courier charges paid for\r\nMumbai office',NULL,1),(344,363,3,'2024-07-20',120.00,'Travelling expense paid to Mr.Pravin  for the day',NULL,1),(345,365,3,'2024-07-22',120.00,'Travelling expense paid to Mr.Pravin for the day\r\n',NULL,1),(346,366,4,'2024-07-23',300.00,'Tempo charges paid for Yashwant transport & Aditya transport A/c Chotiwala & Ashrith Logistic\r\nBILL NO. 596 &    * 23.07.2024\r\n',NULL,1),(347,367,1,'2024-07-23',600.00,'Freight paid to Yashwant transport A/c Ashrith \r\nL.R.no. 11212 * 23.07.2024\r\n',NULL,1),(348,368,1,'2024-07-23',300.00,'Freight paid to Aditya Transport A/c Chotiwala\r\nL.R, no, 9626 * 23.07.2024\r\n',NULL,1),(349,369,3,'2024-07-23',120.00,'Travelling expense paid to Mr.Pravin for the day\r\n',NULL,1),(350,370,4,'2024-07-24',500.00,'Tempo charges paid for V trans A/c Nadi\r\nA/c Bill no. 601 * 24.07.2024\r\n',NULL,1),(351,371,3,'2024-07-24',120.00,'Travelling expense paid to Mr.\r\nPravin for the day\r\n',NULL,1),(352,372,3,'2024-07-25',120.00,'Travelling expense paid to Mr.Pravin for the day',NULL,1),(353,373,4,'2024-07-26',200.00,'Tempo charges paid for V tans A/c BES  \r\nBILL NO. 613 * 26.07.2024\r\n',NULL,1),(354,374,3,'2024-07-26',120.00,'travelling Expense paid to Mr.Pravin For the day\r\n',NULL,1),(355,375,2,'2024-07-27',700.00,'Unloading charges at yogeshwar by Fork lift for 2 Nos. , from CGL\r\n\r\n',NULL,1),(356,376,3,'2024-07-27',1500.00,'Travelling Expense paid to Mr.Patil as advance for Month- july 24\r\n',NULL,1),(357,377,6,'2024-07-27',40.00,'Courier charges paid for Mumbai Office',NULL,1),(358,378,3,'2024-07-27',120.00,'Travelling Expense paid to Mr.Pravin For the day\r\n',NULL,1),(359,380,4,'2024-07-29',800.00,'Tempo charges paid for VTrans A/c BES \r\nBill no. 520 * 29.07.2024',NULL,1),(360,381,3,'2024-07-29',120.00,'Travelling expense paid to\r\nMr. Pravin for the day\r\n ',NULL,1),(361,382,2,'2024-07-30',1000.00,'\r\n\r\n\r\n\r\n\r\nUnloading charges at ACPL Forklift for 4 nos.15KDC6 From CGL',NULL,1),(362,383,4,'2024-07-30',500.00,'Tempo charges paid for ACPL \r\nA/c Allweiller\r\nbill no. 622 * 30.07.2024\r\n',NULL,1),(363,384,4,'2024-07-30',400.00,'Tempo charges paid for Bhavana & V Trans A/c \r\nBES For Del pd & Nadi\r\nbill no. G/1070 & 621 * 300.07.2024\r\n',NULL,1),(364,385,4,'2024-07-30',250.00,'Tempo charges paid for Prem ganga & Janhavi Transport\r\nbill no. Spiral & Kalpana \r\nbill no. 625 & 627 * 30.07.2024\r\n',NULL,1),(365,386,1,'2024-07-30',100.00,'Freight paid to Janhavi transport A/c Kalpana \r\nLK.R.no. 80946 * 30.07.2024\r\n',NULL,1),(366,387,3,'2024-07-30',120.00,'Travelling expense paid to \r\nMr. Pravin for the day\r\n',NULL,1),(367,388,4,'2024-07-31',500.00,'Tempo charges paid for , Collected from Hemanyt Trading & Booked to ARC For 2.20PN4  + Rajesh Roadlines  A/c Siddharth \r\nbill no. 625 * 31.07.2024 ',NULL,1),(368,389,4,'2024-07-31',300.00,'Tempo charges paid for ACPL A/c Delta Pd \r\nbill no., 826 * 31.07.2024\r\n',NULL,1),(369,390,3,'2024-07-31',120.00,'Travelling expense paid to Mr. Pravin for the day\r\n',NULL,1),(370,391,4,'2024-08-01',400.00,'Tempo charges paid for , collected from Hanuman power & delivered to Batco\r\nbill no. 634 * 31.07.2024\r\n',NULL,1),(371,392,4,'2024-08-01',2200.00,'Delivery charges by special Tempo To Kalamboli ,Mahalaxmi Generators A/c Patil Venture bill nop.645 * 01.08.2024\r\n',NULL,1),(372,393,4,'2024-08-01',300.00,'Tempo charges paid for Janhavi Transport & Bhavana  A/c Salaman  & BES bill no. 0647 & G/1091 * 01.08.2024\r\n\r\n \r\n ',NULL,1),(373,394,1,'2024-08-01',100.00,'Freight paid to Janhavi Transport A/c Salman \r\nL.R. No. 82648 * 01.08.2024\r\n',NULL,1),(374,395,3,'2024-08-01',120.00,'Travelling Expense paid to Mr. Pravin For the day\r\n+',NULL,1),(375,396,2,'2024-08-02',600.00,'Unloading Charges at Yogeshwar For 127 Nos. from CGHL Thru. BGT & Surendra\r\n ',NULL,1),(376,397,2,'2024-08-02',700.00,'Unloading Charges at Yogeshwar By Forklift\r\nfor 1 no. 30KDC\r\n ',NULL,1),(377,398,4,'2024-08-02',150.00,'Tempo charges paid for Bhavana Roadways \r\nA/x Maxima  Bill no., 651 * 02.08.2024\r\n ',NULL,1),(378,399,1,'2024-08-02',300.00,'Freight Paid to Bhavana Roadways A/c maxima \r\nL.R. No.8736801 * 02.08.2024\r\n ','bhavna-roadways-8736801-02-08-2024.pdf',1),(379,400,3,'2024-08-02',120.00,'Travelling expense paid to \r\nMr. Pravin for the day\r\n ',NULL,1),(380,401,4,'2024-08-03',200.00,'Tempo charges paid for  ACPL A/c Yash Machinery\r\nBill no. 658 * 03.08.2024\r\n',NULL,1),(381,402,2,'2024-08-03',315.00,'Amt paid for Drinking Water Batla At Yogeshwar \r\nPaid for 9 Nos. x Rs.35\r\nPaid to Tanvi Water Suppliers\r\n ','tanvi-water-supplier-03-08-2024.pdf',1),(382,403,3,'2024-08-03',1740.00,'Bal Amt Of Travelling Expense paid to Mr. patil , Bhiwandi\r\nTotal Rs.3240/- Less 1500/- \r\n[paid in advance} Paid  for\r\n 27 Days','travelling-expense-paid-patil-03-08-2024.pdf',1),(383,404,3,'2024-08-03',120.00,'Travelling expense paid tp Mr. Pravin for the day',NULL,1),(384,405,6,'2024-08-03',40.00,'Courier charges paid for Mumbai \r\n',NULL,1),(385,406,5,'2024-08-05',450.00,'Tempo charges paid for Aditya transport & ARC\r\n(DETAILS PENDING)',NULL,1),(386,407,1,'2024-08-05',300.00,'Freight paid to Aditya transport A/c Chotiwala','aditya-transport-10080-05-8-2024.pdf',1),(387,408,2,'2024-08-05',300.00,'Loading & unloading  for 1 no. at ARC\r\n',NULL,1),(388,409,4,'2024-08-05',300.00,'Tempo charges paid for , collected from V tran to Godown',NULL,1),(389,410,1,'2024-08-05',240.00,'Freight service charges paid to V trans for 3 nos.',NULL,1),(390,411,4,'2024-08-05',600.00,'Tempo charges paid for , collected from Makharia & bked to V Trans & Prem Ganga  A/c Spiral\r\n',NULL,1),(391,412,2,'2024-08-05',700.00,'Loading Charges By Forklift for 30KDC ',NULL,1),(392,413,3,'2024-08-05',120.00,'Travelling expense paid to Mr. Pravin for the day',NULL,1),(393,414,4,'2024-08-06',2200.00,'Delivery charges by special tempo to Taloja, A/c Hikal',NULL,0),(394,415,4,'2024-08-06',400.00,'Tempo charges  paid for \r\nDeccan Queen Transport',NULL,0),(395,419,4,'2024-08-05',450.00,'Tempo charges paid for Aditya transport & ARC\r\nA/c BES For Assam Petro & Chotiwala bill no. 663 , 665 & 623 * 05.08.2024\r\n ',NULL,0),(396,420,1,'2024-08-05',300.00,'Freight paid to Aditya Transport A/c Chotiwal;a \r\nL.R. no. 10080 * 05.08.2024\r\n',NULL,0),(397,421,2,'2024-08-05',300.00,'Loading & Unloading Charges \r\nfor 7.50KDC At ARC\r\nREF BIOLL NO. 623 * 05.08.2024\r\n',NULL,0),(398,422,4,'2024-08-05',300.00,'Tempo charges Paid for , collected from Vtrans\r\nto Godown\r\nL.R.no. 40824484 * 31.07.2024\r\n ',NULL,0),(399,423,1,'2024-08-05',240.00,'Freight service charges paid to V tyrans \r\nCR NO, 40837099 *  05.08.2024\r\n',NULL,0),(400,424,4,'2024-08-05',600.00,'Tempo Charges for collected From Makharia & Booked to Premganga Transport A/c Spiral \r\nbill no. 667 * 05.08.2024\r\n',NULL,0),(401,425,2,'2024-08-05',700.00,'Loading charges for 30KDC - 1 By Forklift \r\nA/c BES , Bill no. 1070 */ 05.08.2024\r\n',NULL,0),(402,426,3,'2024-08-05',120.00,'Travelling Expense paid to \r\nMr. Pravin For the day ',NULL,0),(403,427,4,'2024-08-06',2200.00,'Delivery charges by special temp[o A/c Hikal Ltd.\r\nbill no. 669* 05.08.2024',NULL,1),(404,428,4,'2024-08-06',200.00,'Tempo charges paid for , collected from JD to Godown\r\nL.R.no. 1666290 * 05.08.2024 from Sharp sales - bill no. 1534 * 05.08.2024',NULL,1),(405,429,1,'2024-08-06',420.00,'Freight paid to JD from Pune \r\nL.R no. 1666290 * 05.080.2024',NULL,1),(406,430,4,'2024-08-06',400.00,'Tempo charges paid for Deccan Queen transport A/c\r\nBill n o. 671 * 06.08.2024\r\n ',NULL,1),(407,431,3,'2024-08-06',120.00,'Travelling expense paid to \r\nMr. Pravin  for the day',NULL,1),(408,432,4,'2024-08-07',3000.00,'Deliveery charges by Special Tempo to Mahul , Chembur M,umbai A/c HPCL \r\nBill no.677 * 06.08.2024\r\n',NULL,1),(409,433,4,'2024-08-07',1100.00,'Tempo charges paid for ,goods returned from Taloja,\r\nfrom Hikal , motor not recd by customer for some issue\r\nbill no. 669 * 05.08.2024\r\n  ',NULL,1),(410,434,4,'2024-08-07',200.00,'Tempo charges ACPL A/c  RAYGM Engr, Pune\r\nbill no. 672 * 07.08.2024\r\n',NULL,1),(411,435,1,'2024-08-07',3000.00,'FREIGHT PAID TO ACPL \r\nA/c RAYGM Engrs\r\nL.R no. 2403\r\n7104762 * 07.08.2024\r\n','apcl-24037104762-07-08-2024.pdf',1),(412,436,4,'2024-08-07',200.00,'Tempo charges paid for Shiv Bhakti A/c  Chudekar\r\nbill no. 680 & 682 * 07.08.2024',NULL,1),(413,437,1,'2024-08-07',500.00,'Freight paid to ShivBhakti Transport A/c Chudekar \r\nL.R.no. 18073. * 07.08.2024\r\n','shiv-bhakti-tempo-18073-07-08-2024.pdf',1),(414,438,4,'2024-08-07',600.00,'Tempo charges paid for collected from Makharia\r\n',NULL,1),(415,439,3,'2024-08-07',120.00,'Travelling expense paid to Mr. Pravin for the day\r\n',NULL,1),(416,440,4,'2024-08-08',400.00,'Tempo charges paid for \r\nDarshan ttrasnsport  , Yahwant transport & Janhavi A/c Kasturi engg  , Bakul Aromatic & mumbai office\r\nbvill no. 687  & 688 * 08.08.2024\r\n',NULL,1),(417,441,1,'2024-08-08',300.00,'Freight Paid To Yashwant Transport a/c bakul \r\nL.R.no. 409 * 08.08.2024\r\n\r\n','yashwant-transport-409-08-08-2024.pdf',1),(418,442,1,'2024-08-08',150.00,'Freight paid to Janhavi Transport to Mumbai Office \r\nL.R.no. 87703 * 08.08.2024\r\n','janvhi-transport-87703-08-08-2024.pdf',1),(419,443,1,'2024-08-08',1373.00,'Freight paid to ACPL \r\nfrom Shanbhag engg \r\nL.R.no. 2438600021 * 05.08.2024\r\n',NULL,1),(420,444,2,'2024-08-08',140.00,'Amt paid for sundry expense,\r\nPurchase of packing material \r\npurchase from Hari Om Hardware',NULL,1),(421,445,3,'2024-08-08',120.00,'Travelling expense paid to Mr. Pravin for the day',NULL,1),(422,446,4,'2024-08-09',100.00,'Tempo charges paid for Shiv bhakti transport \r\nA/c Chudekar\r\nbill no. for GF6782 - 4 NOS.\r\n',NULL,1),(423,447,1,'2024-08-09',400.00,'Freight paid to Shiov Bhakti Transport A/c Chudekar\r\nL.R.no. 18373 * 09.08.2024\r\n','shiv-bhakti-tempo-18373-09-08-2024.pdf',1),(424,448,3,'2024-08-09',120.00,'Travelling erxpense paid to Mr.Pravin for the day\r\n',NULL,1),(425,449,4,'2024-08-10',400.00,'Tempo charges paid for Delivery & collected motor from SCIS To Godown\r\n',NULL,1),(426,450,4,'2024-08-10',200.00,'Tempo charges paid for Janhavi  transport A/c Unoin pump \r\nbill no.  GF6782 - 3 NOS.\r\n',NULL,1),(427,451,6,'2024-08-10',40.00,'Courier charges for Mumbai office\r\n',NULL,1),(428,452,3,'2024-08-10',120.00,'Travelling expense paid to Mr.Pravin for the day\r\n',NULL,1),(429,453,4,'2024-08-12',200.00,'Tempo charges paid for Kalayatan Cargo \r\nA/c BES For S.R. metering \r\nBill no. 1161 * 12.08.2024\r\n',NULL,1),(430,454,4,'2024-08-12',400.00,'Tempo charges Paid for , Collected from Bhavana Roadways to Godown',NULL,1),(431,455,3,'2024-08-12',120.00,'Travelling Expense paid to Mr. Pravin For The day\r\n',NULL,1),(432,456,3,'2024-08-13',120.00,'Travelling expense paid to Mr. pravin for the day',NULL,1),(433,457,4,'2024-08-14',200.00,'Tempo charges paid for V Trans \r\nA/c Basic mktg\r\nbill no. 719 * 14.08.2024 ',NULL,1),(434,458,4,'2024-08-14',300.00,'Tempo charges paid for \r\nArihant A/c LL Equipment \r\nbill no. 716 * 14.08.2024\r\n',NULL,1),(435,459,3,'2024-08-14',120.00,'Travelling paid to Mr. Pravin  for the day\r\n',NULL,1),(436,460,4,'2024-08-16',2000.00,'Delivery Charges by Special Tempo To Hikal \r\nBill no. 669 * 05.08.2024',NULL,1),(437,461,4,'2024-08-16',250.00,'Tempo charges paid for Janhavi Transport & Aditya \r\nA/c Vidya Enguineers & Chotiwala \r\nbill no. 0723 & 0726 * 16.08.2024\r\n',NULL,1),(438,462,1,'2024-08-16',600.00,'Freight Paid To Janhavi Transportr A/c Vidya engineers \r\nL.R. no.93239 * 16.08.2024\r\n','janvhi-transport-93239-16-08-2024.pdf',1),(439,463,1,'2024-08-16',150.00,'Freight paid to Aditya Transport \r\nA/c Chotiwala\r\nL.,R. no. 3004 * 16.08.2024\r\n','aditya-transport-service-3004-16-08-2024.pdf',1),(440,464,2,'2024-08-16',300.00,'Unloading charges at Yogeshwar  for 1 no. motor from CGL Thru. BGT',NULL,1),(441,465,2,'2024-08-16',200.00,'Loading charges at yogeshwar for 1 no. loose pump ',NULL,1),(442,466,3,'2024-08-16',120.00,'Travelling expense paid to Mr. Pravin for the day\r\n',NULL,1),(443,467,4,'2024-08-17',200.00,'Tempo charges paid for Yashwant transport a/c Waris Generators\r\nBill no. 735 * 17.08.2024\r\n',NULL,1),(444,468,1,'2024-08-17',600.00,'Freight paid to Yashwant transport A/c Waris \r\nl.r.nO. 6005 * 17.08.2024\r\n','yashwant-transport-service-6005-17-08-2024.pdf',1),(445,469,4,'2024-08-17',300.00,'Tempo charges paid for Ajanta Transport A/c Adarsh Enterprise\r\nbill no. 737  * 17.08.2024\r\n',NULL,1),(446,470,6,'2024-08-17',40.00,'Courier charges for Mumbai Office',NULL,1),(447,471,3,'2024-08-17',120.00,'Travelling Expense Paid To \r\nMr. Pravin For The Day\r\n',NULL,1),(448,472,3,'2024-08-19',120.00,'Travelling expense paid to Mr. Pravin for the day',NULL,1),(449,473,4,'2024-08-20',300.00,'Tempo charges paid for Solapur Goods A/c Loni Mechanical\r\nBill no.  ',NULL,1),(450,474,4,'2024-08-20',200.00,'Tempo charges paid for V Trans A/c BES Bill no. 0742 * 20.08.2024',NULL,1),(451,475,3,'2024-08-20',120.00,'Travelling Expense paid to Mr. Pravin For The Day',NULL,1),(452,476,4,'2024-08-21',2000.00,'Delivery charge by Special Tempo to Kalamboli Aa/c Suvarna & Model Logistics \r\nBill no. 753 & 754 * 21.08.24\r\n',NULL,1),(453,477,1,'2024-08-21',100.00,'Freight Paid to Shiv bhakti\r\nTransport A/c Chudekar\r\nL.R. No.. 2208 * 21.08.2024','shivbhakti-temo-2208-21-08-2024.pdf',1),(454,478,3,'2024-08-21',120.00,'Travelling Expenses Paid To Mr. Pravin For the Day\r\n',NULL,1),(455,479,3,'2024-08-22',120.00,'Travelling expense paid to Mr. Pravin for the day',NULL,1),(456,480,4,'2024-08-23',250.00,'Tempo charges paid for Gajanan Transport & Hari Om transport \r\nA/c Unique Technology & Kalina Engg\r\nBill no. 0763 & 0764 * 23.08.2024\r\n',NULL,1),(457,481,3,'2024-08-23',120.00,'Travelling Expense paid to Mr. Pravin for the day',NULL,1),(458,482,4,'2024-08-24',400.00,'Tempo charges paid for , collected from V trans  & \r\nShree Nandwana transport\r\nto Godown \r\n',NULL,1),(459,483,1,'2024-08-24',110.00,'Freight service charges paid to V trans \r\nL.R. no.40824898 & CR No. 40964591 * 24.08.2024\r\n','v-trans-t013089-24-08-2024.pdf',1),(460,484,1,'2024-08-24',270.00,'Freight paid ti Shree Nandwana transport \r\nl/r no. 1574979 * 22.08.2024\r\n','shree-nandwana-transport-1574979-22-08-2024.pdf',1),(461,485,4,'2024-08-24',300.00,'Tempo charges paid for Solapur Goods transport A/c Loni Mechanical\r\nbill no. 766 * 24.08.2024\r\n',NULL,1),(462,486,1,'2024-08-24',150.00,'Freight paid to Aditya transport A/c Chotiwala Foods\r\nL.R. no. 3375 * 24.08.2024\r\n','aditya-transport-3375-24-08-2024.pdf',1),(463,487,4,'2024-08-24',300.00,'Tempo charges paid v TRANS & Aditya Transport\r\nA/c bill no. 767 & \r\n24.08.2024\r\n',NULL,1),(464,488,6,'2024-08-24',40.00,'Courier charges Mumbai Office ',NULL,1),(465,489,3,'2024-08-24',120.00,'Travelling Expense Paid to Mr. Pravin For the Day',NULL,1),(466,491,2,'2024-08-26',700.00,'Unloading charges by Forklift\r\nfor 4 nos. at yogeshwar\r\nfrom CGL\r\n ',NULL,1),(467,492,4,'2024-08-26',400.00,'Tempo charges paid for Aditya & V Trans \r\n',NULL,1),(468,493,1,'2024-08-26',300.00,'Freight paid to Aditya Transport for 2 nos.\r\n',NULL,1),(469,494,3,'2024-08-26',120.00,'Travelling expense p[aid to Mr. Pravin for the day\r\n',NULL,1),(470,495,4,'2024-08-28',300.00,'Tempo chargers paid for , collected from V trans & Booked to Prem ganga Transport\r\n(details pending )\r\n\r\n',NULL,1),(471,496,1,'2024-08-28',100.00,'Freight service charges paid to V trans  for 1 no.','v-trans-t015135-28-08-2024.pdf',1),(472,497,4,'2024-08-28',300.00,'Tempo charges paid for New Gajanan & Shiv Bhakti Transport\r\n(Details Pending)',NULL,1),(473,498,1,'2024-08-28',300.00,'Freight charges paid to Shiv bhakti transport \r\n(details pending)','shivbhakti-tempo-2959-28-08-2024.pdf',1),(474,499,3,'2024-08-28',120.00,'Travelling Expense paid to Mr. Pravin for the day',NULL,1),(475,500,4,'2024-08-29',250.00,'Tempo charges paid for Anaya Transport  A/c \r\n',NULL,1),(476,501,4,'2024-08-29',300.00,' Tempo charges paid for Shivbhakti & Shah Roadways\r\n',NULL,1),(477,502,1,'2024-08-28',500.00,'Freight paid to Shiv bhakti  a/c\r\n5 Nos.\r\n ',NULL,1),(478,503,3,'2024-08-29',120.00,'Travelling Expense paid to Mr. pravin for the day\r\n',NULL,1),(479,504,4,'2024-08-30',300.00,'Tempo charges paid for \r\nSolapur Goods transport \r\nA/c Loni mechanical',NULL,1),(480,505,4,'2024-08-30',400.00,'Tempo charges paid for , collected from SCIS & BKED To Darshan Transport \r\nA/c Gautam Enterprise\r\n ',NULL,1),(481,506,1,'2024-08-30',300.00,'Freight charges paid to Darshan transport A/c Gautam Enterprise ',NULL,1),(482,507,4,'2024-08-30',250.00,'Tempo charges paid for VTran\r\n& Janhavi Transport\r\nA/c Bhoomi Enterprise\r\n( Details Incomplete)\r\n ',NULL,1),(483,508,4,'2024-08-30',300.00,'Tempo chargers paid for Lalji Mulji Transport A/c \r\n(details pending )\r\n ',NULL,1),(484,509,3,'2024-08-30',120.00,'Travelling Expense paid to Mr.Pravin for the day\r\n',NULL,1),(485,510,3,'2024-08-31',2640.00,'Travelling expense paid to Mr. Patil for month -  Aug - 24\r\n(Details Pending )\r\n',NULL,1),(486,511,4,'2024-08-31',400.00,'Tempo charges paid for delivered  to Mark Engg ,\r\nDapoda\r\n7.50KNE4 - 3\r\n',NULL,1),(487,512,4,'2024-08-31',500.00,'Tempo charges paid for , Collected from Makharia  To Yogeshwar Godown\r\nA/c Milton Roy\r\n',NULL,1),(488,513,4,'2024-08-31',200.00,'Tempo charges paid for Shiv Bhakti Transport \r\n','shivbhakti-tempo-3336-31-08-2024.pdf',1),(489,514,1,'2024-08-31',200.00,'Freight paid to Siv Bhakti\r\n(Details Pending )\r\n',NULL,1),(490,515,2,'2024-08-31',700.00,'Unloading Charges for 4 Nos. Forklift\r\n',NULL,1),(491,516,3,'2024-08-31',120.00,'Travelling Expense Paid to\r\nMr. Pravin for the day\r\n',NULL,1),(492,517,6,'2024-08-31',40.00,'Courier charges for Mumbai\r\n',NULL,1),(493,520,4,'2024-09-02',200.00,'Tempo charges paid for ACPL \r\nA/c Netzsch\r\nbill no. 812 * 02.09.2024\r\n',NULL,1),(494,521,2,'2024-09-02',245.00,'Drinking water charges paid for godown\r\n@35 x 7 Batla\r\npaid to Tanvi Water Supplier\r\nFor Aug - 24\r\n','tanvi-water-supplier-02-09-2024.pdf',1),(495,522,3,'2024-09-02',120.00,'Travelling expense paid to Mr. pravin for the day\r\n',NULL,1),(496,523,4,'2024-09-03',300.00,'Tempo charges paid for , collected from SCIS TO Godown',NULL,1),(497,524,4,'2024-09-03',250.00,'Tempo charges paid for Bombay Roha Transport \r\nA/c Finesac\r\nbill 0815 * 03.09.2024\r\n',NULL,1),(498,525,2,'2024-09-03',1200.00,'Loading charges at Yogeshwar for 27 nos. motor A/c BES For Reliance \r\n',NULL,1),(499,526,1,'2024-09-03',1249.00,'Freight paid to V Trans\r\nA/c Reliance \r\nbill no. BES for G/1299 * 02.09.2024\r\n',NULL,1),(500,527,4,'2024-09-03',200.00,'Tempo charges p[aid for V TRANS A/c Prakash process\r\nbill no. 822 * 03.09.2024\r\n',NULL,1),(501,528,4,'2024-09-03',200.00,'Tempo charges p[aid for V TRANS A/c BES\r\nbill no. 823 * 03.09.2024',NULL,1),(502,529,3,'2024-09-03',120.00,'Travelling Expense paid to Mr. \r\nPravin for the day',NULL,1),(503,530,4,'2024-09-04',300.00,'Tempo charges paid for Nasik Goods Transport A/c Noble Petrochem\r\nbill no. 824 * 04.09.2024\r\n',NULL,1),(504,531,3,'2024-09-04',120.00,'Travelling Expense Paid To Mr. Pravin for the day',NULL,1),(505,532,4,'2024-09-05',300.00,'Tempo charges paid for V trans  & yashwant Transport A/c Invent Enterprise & Mahalaxmi \r\nBill no. 829 & 831 * 05.09.2024\r\n',NULL,1),(506,533,1,'2024-09-05',600.00,'Freight paid to Yashwant transport A/c Mahalaxmi Generators \r\nL.R. no. 7511 * 05.09.2024\r\n','yashwant-transport-7511-05-09-2024.pdf',1),(507,534,3,'2024-09-05',120.00,'Travelling expense paid to Mr. Pravin  for the day\r\n',NULL,1),(508,535,4,'2024-09-06',200.00,'Tempo charges paid for \r\nShiv bhakti & Aditya transport A/c Chudekar Engg & Chotiwala\r\nbill no. 836 & 837 * 06.09.2024\r\n',NULL,1),(509,536,1,'2024-09-06',300.00,'Freight paid to Shivbhakti transport A/c Chudekar \r\nl.r.no. 6074 * 06.09.2024\r\n','shivbhakti-tempo-6074-06-09-2024.pdf',1),(510,537,1,'2024-09-06',300.00,'Freight paid to Aditya Transport A/c Chotiwala \r\nl.r.no. 6471 * 06.09.2024\r\n','aditya-transport-6471-06-09-2024.pdf',1),(511,538,2,'2024-09-06',40.00,'Amt paid for Nut Bolts','hari-om-hardware-06-09-2024.pdf',1),(512,539,3,'2024-09-06',120.00,'Travelling Expense Paid to Mr. Pravin for the day\r\n',NULL,1),(513,540,4,'2024-09-09',300.00,'Tempo charges paid for Bhavana Ropadways & New Gajanan  Transport A/c Vayuvent & Del Pd \r\nBill no. G/13\r\n42 & ',NULL,1),(514,541,1,'2024-09-09',100.00,'Freight paid to New Gajajnan A/c ayuvent \r\nR.no. 20860 * 09.09.2024\r\n','new-gajanan-transport-20860-09-09-2024.pdf',1),(515,542,3,'2024-09-09',120.00,'Travelling Expense paid to \r\nMr.Pravin for the day\r\n',NULL,1),(516,543,4,'2024-09-10',500.00,'Tempo charges paid for V trans (2 Trips)  \r\nA/c BES  BILL NO. 847 * 10.09.2024\r\n',NULL,1),(517,544,3,'2024-09-10',120.00,'Travelling expense paid to Mr. Pravin for the day\r\n',NULL,1),(518,545,4,'2024-09-11',500.00,'Tempo charges paid for , Collected From Makharia A/c Milton Roy\r\n',NULL,1),(519,546,4,'2024-09-11',300.00,'Tempo charges paid for ,Collected from V trans & bked to Janavi transport \r\nA/c Shah Electric\r\n5.50KNE2Flg_112',NULL,1),(520,547,1,'2024-09-11',110.00,'Freight service chargers paid to V Trans From BES ,\r\nA/C Shah Electric \r\nL.r. no. 40975557 * 06.09.2024\r\nCR No. 41076019 * 11.09.2027\r\n','v-trans-t003075-11-09-2024.pdf',1),(521,548,4,'2024-09-11',3300.00,'Delivery charges by special tempo to Mahalaxmi .kalamboli A/c Ashrith \r\nfor 90 nos. Alternators\r\n',NULL,1),(522,549,4,'2024-09-11',200.00,'Tempo charges paid for V tyrans A/c KKC From Shyam Co.',NULL,1),(523,550,4,'2024-09-11',400.00,'Tempo charges paid for \r\nfrom Godown to Hanumam power ,collected & bked to Prabhat Roadways A/c  Sealant & Gasket\r\nbill no. 858 * 11.09.20324\r\n',NULL,1),(524,551,4,'2024-09-11',250.00,'Tempo charges paid for \r\nAnup Transport A/c Kruger ventilation, Shahpur\r\nbill no. 863 * 11.09.2024\r\n',NULL,1),(525,552,1,'2024-09-11',610.00,'Freight paid to Anup transport \r\nA/c Kruger \r\nL.R.no. 5595 * 11.09.2024\r\n','anup-transport-5595-11-09-2024.pdf',1),(526,553,4,'2024-09-11',100.00,'Auto Rickshaw Fare fpr lalji Mullji Transport \r\nA/c  B.G Enterprise\r\n\r\n',NULL,1),(527,554,3,'2024-09-11',120.00,'Travelling expense paid to  Mr. Pravin  for the day',NULL,1),(528,555,1,'2024-09-11',350.00,'Freight paid to Lalji Mulji transport A/c B.G. Enterprise\r\n',NULL,1),(529,556,4,'2024-09-12',200.00,'Tempo charges paid for \r\nBhavana Roadways  A/c Del pd pumps\r\nBill no. G/1366/12.09.2024',NULL,1),(530,557,1,'2024-09-12',150.00,'Freight charges paid to Janhavi transport A/c VMS Engineers\r\nL.R.no. 11957 * 12.09.2024','janavhi-transport-11957-12-09-2024.pdf',1),(531,558,3,'2024-09-12',120.00,'Travelling Expense paid to Mr. Pravin for the day',NULL,1),(532,559,4,'2024-09-13',300.00,'Tempo charges paid for Kalayatan cargo \r\nA/c S.R.metering \r\nBill no. G/376 * 13.09.2024',NULL,1),(533,560,1,'2024-09-13',100.00,'Freight paid to Janhavi transport A/c K.B. Machine\r\nL.R.no. 13227 * 13.09.2024','janavhi-transport-13227-13-09-2024.pdf',1),(534,561,3,'2024-09-13',120.00,'Travelling Expense Paid to Mr. Pravin for the day',NULL,1),(535,562,4,'2024-09-14',200.00,'Tempo charges paid for \r\nV trans A/c BES \r\nBill no. 880 * 14.09.2024\r\n',NULL,1),(536,563,3,'2024-09-14',1000.00,'Travelling Expense As Advance paid TO Mr.PATIL \r\nFor month - Sep[t 24',NULL,1),(537,564,6,'2024-09-14',40.00,'Courier charges paid for Mumbai',NULL,1),(538,565,3,'2024-09-14',120.00,'Travelling expense paid to Mr. Pravin for the day',NULL,1),(539,567,4,'2024-09-20',400.00,'Tempo charges paid for \r\nJanhavi transport , Solapur Goods & Anaya\r\nBill no. 904 + 905& 903 *  20.09.2024\r\n',NULL,1),(540,568,1,'2024-09-20',150.00,'Freight paid to Janhavi transport A/c mumbai transfer\r\nL.R.no.16950 * 20.09.2024\r\n',NULL,1),(541,569,3,'2024-09-20',120.00,'Travelling expense ppaid to Mr. Pravin for the day\r\n',NULL,1),(542,570,4,'2024-09-18',200.00,'Tempo charges paid for \r\nShree Roadways \r\nA/c Ankita Enterprise\r\n',NULL,1),(543,571,4,'2024-09-18',500.00,'Tempo charges paid for ,\r\ncollected from CGL .Bhiwandi  to Godown ,. Satkar  & Aditya Transport A/c\r\nChotiwala  & jayshree Corpn\r\nbil no., 889  & ',NULL,1),(544,572,2,'2024-09-18',200.00,'Unloading Charges at yogeshwar For 7 Nos.\r\nAlternators  from CGL ,nagar\r\n',NULL,1),(545,573,1,'2024-09-18',600.00,'Freight paid to Aditya Transport A/c Chotiwala \r\nL.R.No.6875 * 18.09.2024\r\nbill no.888 * 18.09.2024\r\n\r\n',NULL,1),(546,574,4,'2024-09-16',400.00,'Tempo Charges paid for \r\nV Trans A/c BES \r\nBill no. 881 * 16.09.2024\r\n',NULL,1),(547,575,3,'2024-09-16',120.00,'Travelling expense paid to \r\nMr. Pravin For the day\r\n',NULL,1),(548,576,4,'2024-09-17',300.00,'Tempo charges paid for ,\r\ncollected from V Trans & bked to Shivbhakti Transport\r\nA/c Vidya Engineers\r\n',NULL,1),(549,577,1,'2024-09-17',130.00,'Freight service charges paid to V trans for 4 nos.0.75PF2\r\n',NULL,1),(550,578,1,'2024-09-17',600.00,'Freight paid to Shiv bhakti \r\nTransport\r\nL.R.no. 7493 * 17.09.2024\r\n',NULL,1),(551,579,4,'2024-09-21',200.00,'Tempo charges Paid for\r\nCollected from V trans & bked to ACPL\r\nA/c Instant Procurement\r\nBill no. 901 * 20.09.2024\r\n',NULL,1),(552,580,1,'2024-09-21',110.00,'Freight service charges paid to V Trans From BES,\r\n3.70PN4flg - 1 no.\r\nL.R.no.40975814 & \r\nCR No. 45048292 * 21.09.2024\r\n',NULL,1),(553,581,4,'2024-09-21',200.00,'Tempo charges paid for \r\nJanhavi Transport A/C\r\nNaik Brass\r\nbill no. 904 * 21.09.2024\r\n ',NULL,1),(554,582,1,'2024-09-21',800.00,'Freight paid to Janhavi Transport A/c Naik Brass\r\nL.R.no.20626 * 21.09.2024\r\n',NULL,1),(555,583,6,'2024-09-21',40.00,'Courier charges paid for Mumbai',NULL,1),(556,584,3,'2024-09-21',120.00,'Travelling expense paid to Mr. Pravin for the day\r\n',NULL,1),(557,585,4,'2024-09-19',2100.00,'Delivery charges by special Tempo  to Mahalaxmi  ,Kalamboli For 4 Nos.\r\nA/c Ashrith , Ganesh Transline & Zainel Cargo',NULL,1),(558,586,4,'2024-09-19',300.00,'Tempo charges paid for ,\r\nCollected from SCIS to Godown\r\n',NULL,1),(559,589,4,'2024-09-23',200.00,'Tempo charges paid for ,\r\ncollected from Hemant trading to Yogeshwar \r\n0.75PF4_IIC\r\n',NULL,1),(560,590,4,'2024-09-23',200.00,'Tempo charges paid fgor Shree Nasik Goods A/c Noble\r\nbill no. 912 * 23.098.2024\r\n ',NULL,1),(561,591,3,'2024-09-23',120.00,'Travelling expense paid to Mr. Pravin for the day\r\n',NULL,1),(562,592,4,'2024-09-24',200.00,'Tempo charges paid for New Gajanan \r\nTransport A/c D.P.Furniture\r\nbill no. 921 * 24.0.2024\r\n\r\n ',NULL,1),(563,593,3,'2024-09-24',120.00,'Travelling expense paid to Mr.Pravin \r\nfor the day\r\n',NULL,1),(564,594,3,'2024-09-25',120.00,'Travelling Expense paid to Mr. Pravin for the day',NULL,1),(565,595,4,'2024-09-26',300.00,'Tempo charges paid for , collected from V trans \r\nfor 1.50KNE4 - 4',NULL,1),(566,596,1,'2024-09-26',120.00,'Freight Service charges paid ton V trans , L.R. no. 40975963 * 24.09.2024\r\nCR No. 45066306 * 26.09.2024\r\n',NULL,1),(567,597,4,'2024-09-26',200.00,'Tempo charges Paid for Janhavi Transport A/c Mumbai transfer\r\n ',NULL,1),(568,598,1,'2024-09-26',300.00,'Freight paid to Janhavi transport \r\nFor 2 nos.\r\nL.R.no. 21854 * 26.09.2024\r\n',NULL,1),(569,599,1,'2024-09-26',150.00,'Freight paid to Janhavi Transport \r\nfor 1 No.\r\nL.R.no. 23056 * 26.09.2024\r\n',NULL,1),(570,600,3,'2024-09-26',120.00,'Travelling expense paid to Mr. Pravin\r\nfor the day\r\n ',NULL,1),(571,601,4,'2024-09-27',600.00,'Tempo charges paid for \r\ncollected from Makharia Machinery\r\nfor Siemens 0.5hp - 7 nos. , ',NULL,1),(572,602,4,'2024-09-27',2400.00,'Delivery charges by special Tempo \r\nto Mahalaxmi Generators\r\nfor 5 nos. Alternators\r\nA/c Patil Ventures\r\nBill no. 922 * 27.09.2024\r\n\r\n',NULL,1),(573,603,4,'2024-09-27',1250.00,'Delivery charges by Special tempo to Andheri For 6Nos.\r\nA/c Epcoat \r\nBill no., 935 * 27.09.2024\r\n',NULL,1),(574,604,4,'2024-09-27',200.00,'Tempo charges paid for Aditya Transport A/c Unique Trading\r\nBill no. 0939 * 27.09.2024\r\n',NULL,1),(575,605,1,'2024-09-27',300.00,'Freight paid to Aditya transport \r\nfor 2 nos.\r\nA/c Unique trading \r\nL.R. no. 9402 * 27.09.2024\r\n',NULL,1),(576,606,6,'2024-09-27',40.00,'Courier charges paid for Mumbai',NULL,1),(577,607,3,'2024-09-27',120.00,'Travelling Expense paid to Mr. Pravin\r\nfor the day\r\n',NULL,1),(578,608,3,'2024-09-28',120.00,'Travelling Expense paid to Mr. Pravin for the day',NULL,1),(579,609,4,'2024-09-30',300.00,'Tempo charges paid for , collected from V trans for 3.70EF2 - 1no.\r\nL.R.No. 40976010 * 26.09.2024',NULL,1),(580,610,1,'2024-09-30',110.00,'Freight service charges paid to V trans \r\nCR No. 45078594 * 30.09.2024\r\n',NULL,1),(581,611,4,'2024-09-30',300.00,'Tempo charges paid for Yashwant transport & Bhiwandi  Tarapur \r\nA/c Suvarna  & Hindustan Sale \r\nBill no. 948 & 953 * 30.09.2024\r\n',NULL,1),(582,612,1,'2024-09-30',1200.00,'Freight paid to Yashwant Transport  A/c Suvarna  \r\nL.R. No. 10048 */ 30.09.2024 \r\n',NULL,1),(583,613,1,'2024-09-30',100.00,'Freight paid to Janhavi Transport A/c K,B,Machines\r\nL:.R.NBo. 25518 * 30.09.2024\r\n',NULL,1),(584,614,4,'2024-09-30',200.00,'Auto Rikshaw Fare paid for Delivery \r\nto Dashmesh Roadlines\r\nA/c Cosmic\r\nBill no. 951 * 30.09.2024\r\n',NULL,1),(585,615,3,'2024-09-30',120.00,'Travelling Expense paid to Mr. Pravin\r\nfor the day\r\n ',NULL,1),(586,616,4,'2024-10-01',300.00,'Tempo charges paid for Aditya Transport\r\nA/c Chotiwala  n Ga & Unique  Trading \r\nBill no. 960 * 01.10.2024\r\n',NULL,1),(587,617,1,'2024-10-01',450.00,'freight Paid to Aditya Transport\r\nA/c Chotiwala\r\nL.R.No. 9568 * 01.10.24\r\n\r\n  ','aditya-transport-9568-01-10-2024.pdf',1),(588,618,3,'2024-10-01',120.00,'Travelling Expense paid t to Mr. Pravin for the day\r\n\r\n',NULL,1),(589,619,4,'2024-10-02',300.00,'Tempo charges paid for TCI Expresas & Bhiwandi tarapur A/c Hindustan Sales & Milton Roy\r\nbill no. 967 & 968 * 02.10.2024\r\n',NULL,1),(590,620,3,'2024-10-02',120.00,'Travelling expense paid to Mr. Pravin \r\nfor the day\r\n',NULL,1),(591,621,3,'2024-10-02',120.00,'Travelling expense paid to Mr. Pravin \r\nfor the day\r\n',NULL,1),(592,622,4,'2024-10-04',200.00,'Tempo charges paid for TCI Express A/c S.K.Petro\r\nBill no. 975 * 04.10.2024\r\n',NULL,1),(593,623,4,'2024-10-04',200.00,'Tempo charges paid for Bhiwandi Tarapur & Shiv shakti \r\nA/c Chudekar & Hindustan Sales\r\nBill no. 981 * 04.10.2024\r\n ',NULL,1),(594,624,1,'2024-10-04',100.00,'Freight paid to Shivbhakti transporetr A/c Chudekar\r\nL.R. No. 9731 * 04.10.2024\r\n','shivbhakti-tempo-9731-04-10-2024.pdf',1),(595,625,3,'2024-10-04',120.00,'Travelling expense paid to Mr. Pravin \r\nfor the day\r\n',NULL,1),(596,626,2,'2024-10-05',1880.00,'Travelling Amt (Bal amt) Paid to Mr.Patil For Month - sept \r\n(Rs.120/- * 24 Days  total Rs.2880/*-)\r\n ',NULL,1),(597,628,4,'2024-10-07',200.00,'Tempo charges paid for V trans \r\nA/c Apex Associate bill no. 984 * 07.10.2024',NULL,1),(598,629,3,'2024-10-07',120.00,'Travelling expense paid to Mr. Pravin \r\nfor the day\r\n',NULL,1),(599,630,4,'2024-10-08',300.00,'Tempo charges paid for Aditya Transport A/c Chotiwala Foods\r\nbill no.  ',NULL,1),(600,631,1,'2024-10-08',150.00,'Freight paid to Aditya Transport \r\nL.R.no. 9933 * 08.10.2024\r\n','aditya-transport-9933-08-10-2024.pdf',1),(601,632,3,'2024-10-08',120.00,'Travelling expense paid to Mr. Pravin for the day',NULL,1),(602,633,1,'2024-10-09',390.00,'Freight service charges paid to V Trans , from Ahmedabad for 7.50KNE4 Flg - 9 nos.\r\nL.R.no. 40976316 * 07.10.2024\r\nCR No, 45113480 * 09.10.2024\r\n','v-trans-t002459-09-10-2024.pdf',1),(603,634,4,'2024-10-09',200.00,'Tempo charges paid for , collected from Hemant trading ,to Yogeshwar \r\n2.20PF2 Flg - 4\r\n',NULL,1),(604,635,3,'2024-10-09',120.00,'Travelling expense [paid to Mr. Pravin \r\nfor the day\r\n',NULL,1),(605,636,4,'2024-10-10',1500.00,'Delivery charges by special tempo to\r\nTaloja , A/c Hikal \r\nbill no. 995 * 10.10.2024\r\n',NULL,1),(606,637,2,'2024-10-10',315.00,'Amt paid for Drinking Water Batla\r\nat yogeshwar for 9 nos.\r\nmonth - Sept.24\r\n','tanvi-water-supplier-10-10-2024.pdf',1),(607,638,3,'2024-10-10',120.00,'Travelling expense paid to  Mr. Pravin for the day',NULL,1),(608,639,4,'2024-10-11',200.00,'Tempo charges paid for Darshan transport & Aditya Transport\r\nA/c Kasturi Engg & Chotiwala \r\nbill no. ',NULL,1),(609,640,1,'2024-10-11',150.00,'Freight paid to Aditya Transport A/c \r\nChotiwala \r\nL.R.no. 42123 * 11.10.2024','aditya-transport-4223-11-10-2024.pdf',1),(610,641,6,'2024-10-11',40.00,'Courier charges for Mumbai Office\r\n',NULL,1),(611,642,3,'2024-10-11',120.00,'Travelling expense paid to Mr. Pravin \r\nfor the day\r\n',NULL,1),(612,643,6,'2024-10-05',40.00,'Courier charges for Mumbai office',NULL,1),(613,644,3,'2024-10-05',120.00,'Travelling expense paid to Mr. Pravin for the day',NULL,1),(614,647,4,'2024-10-14',500.00,'Tempo charges paid for , collected  from V trans\r\nL.R.no.40976343 * 09.10 .214 & 40976344 * 09.10.2024 & 40976415 * 11.10.20245 From Aslali ','v-trans-415-and-344.pdf',1),(615,648,1,'2024-10-14',460.00,'Freight Service paid to V trans \r\nRef L.R.40976415 & CR no. 45126727 * 14.10.2024',NULL,1),(616,649,1,'2024-10-14',150.00,'Freight Service paid to V trans \r\nRef L.R.40976344 & CR no. 45126730* 14.10.2024',NULL,1),(617,650,1,'2024-10-14',110.00,'Freight Service paid to V trans \r\nRef L.R.40976343 & CR no. 45126737* 14.10.2024','v-trans-t004740-14-10-2024.pdf',1),(618,651,2,'2024-10-14',200.00,'Loading Expense paid at V trans \r\nfor 6 nos.',NULL,1),(619,652,3,'2024-10-14',120.00,'Travelling expense paid to Mr. Pravin\r\nfor the day',NULL,1),(620,653,2,'2024-10-15',300.00,'Amt paid for Loading at Yogeshwar for  72  nos.\r\nbill no. 1013 * 15.10.2024',NULL,1),(621,654,3,'2024-10-15',120.00,'Travelling expense paid to Mr. Pravin for the day \r\n',NULL,1),(622,655,4,'2024-10-16',200.00,'Tempo charges paid for Yashwant trans transport A/c Ganesh Transline & Zielen Enterprise\r\nBill no. 1024 & 1021 * 16.10.2024\r\n',NULL,1),(623,656,4,'2024-10-16',200.00,'Tempo charges paid fir , collected from Hemant trading to Godown\r\nfor 1 no. 30KE2\r\n ',NULL,1),(624,657,1,'2024-10-16',1200.00,'Freight paid to Yashwant transport\r\nL.R.no. 2558 & 2559 * 16.10.2024\r\nRef bill no. 1021 & 1024 * 16.10.2024\r\n ','yashwant-transport-2558-and-2559.pdf',1),(625,658,3,'2024-10-16',120.00,'Travelling Expense paid to Mr.Pravin \r\nfor the day',NULL,1),(626,659,3,'2024-10-17',120.00,'Travelling expense paid to Mr. Pravin \r\nfor the day\r\n',NULL,1),(627,660,4,'2024-10-18',300.00,'Tempo charges paid for Solapur Goods A/c Loni Mechanical \r\nbill no. 1035 * 8.10.2024 ',NULL,1),(628,661,3,'2024-10-18',120.00,'Travelling Expense paid to Mr. Pravin \r\nfor the day ',NULL,1),(629,662,4,'2024-10-19',600.00,'Tempo charges paid for ,collected from JMT to Bhiwandi Tarapur & bal to Godown \r\nA/c Hindustan Sales for 10 nos.\r\nbill no. 1043 * 19.10.2024\r\n',NULL,1),(630,663,4,'2024-10-19',600.00,'Tempo charges paid for Vtreans (2 Trips)   A/c BES bill no. 1044 * 19.10.2024\r\n',NULL,1),(631,664,6,'2024-10-19',40.00,'Courier charges paid for Mumbai Office\r\n',NULL,1),(632,665,3,'2024-10-19',120.00,'Travelling Expense paid  To Mr. Pravin for the day ',NULL,1),(633,666,4,'2024-10-21',200.00,'Tempo charges paid for Bhiwandi Tarapur A/c ',NULL,1),(634,667,3,'2024-10-21',120.00,'Travelling Expense Paid to Mr. Pravin for the day\r\n',NULL,1),(635,668,4,'2024-10-22',300.00,'Tempo charges paid for V Trans & Bhiwandi Tarapur \r\n',NULL,1),(636,669,3,'2024-10-22',120.00,'Travelling Expense paid to Mr. Pravin\r\n',NULL,1),(637,670,4,'2024-10-23',500.00,'Tempo charges paid for ACPL \r\n',NULL,1),(638,671,2,'2024-10-23',700.00,'Unloading charges by Forklift for \r\n1 no.at ACPL\r\n',NULL,1),(639,672,3,'2024-10-23',120.00,'Travelling Expense paid to Mr.Pravin For the Day',NULL,1),(640,673,4,'2024-10-24',200.00,'Tempo charges paid for Yashwant transport for 2 nos. Alternators\r\n',NULL,1),(641,674,1,'2024-10-24',1200.00,'Freight paid to Yashwant transport for 2 nos. Alternators\r\nbill 1061 & 1062\r\nL.R.no. 11124 & 11125 * 24.10.2024\r\n','yashwant-transport-service-11124-and-11125.pdf',1),(642,675,1,'2024-10-24',150.00,'Freight paid to Janhavi transport \r\nfor 1 no. pump\r\nL.R.no. 46250 * 24.10.2024\r\n','janvhi-transport-46250-24-10-2024.pdf',1),(643,676,4,'2024-10-24',800.00,'Delivery charges by tempo to Aqua Pump for 12 Nos.\r\n',NULL,1),(644,677,3,'2024-10-24',120.00,'Travelling expense paid to mr. Pravin for the day',NULL,1),(645,678,4,'2024-10-25',300.00,'Tempo charges paid for Aditya Transport  & Ayappa transport \r\n',NULL,1),(646,679,1,'2024-10-25',450.00,'Freight paid to Aditya Transport \r\nfor 3 nos. A/c Chotiwala\r\nL.R.No. 3619 * 25.10.2024\r\n\r\n','aditya-transport-3619-25-10-2024.pdf',1),(647,680,3,'2024-10-25',120.00,'Travelling expense paid to Mr. Pravin  for the day',NULL,1),(648,681,4,'2024-10-26',1800.00,'Delivery charges by Special Tempo to Taloja for 5 nos. Pumps\r\n',NULL,1),(649,682,1,'2024-10-26',700.00,'Unloading charges by Forklift for 1 no. at yogeshwar\r\n',NULL,1),(650,683,3,'2024-10-26',120.00,'Travelling expense paid to Mr.Pravin  for the day\r\n',NULL,1),(651,684,6,'2024-10-26',40.00,'Courier charges for mumbai office\r\n',NULL,1),(652,685,2,'2024-10-29',700.00,'Loading charges at yogeshwar by forklift for 1 no. 15KKDC',NULL,1),(653,686,4,'2024-10-29',400.00,'Tempo charges paid for ACPL \r\na/C BES ,BILL NO. G/1788 * 29.10.2024',NULL,1),(654,687,2,'2024-10-29',700.00,'Unloading charges at ACPL For 1no.\r\n15KDC\r\n',NULL,1),(655,688,4,'2024-10-29',350.00,'Tempo Charges paid for Solapur Goods & Aditya transport  A/c Loni Engg & Chotiwala\r\nbill no. 1085 * 29.10.2024\r\n\r\n',NULL,1),(656,689,3,'2024-10-29',120.00,'Travelling expense paid to  Mr.Pravun for the day\r\n',NULL,1),(657,690,1,'2024-10-29',300.00,'Freight paid to Aditya transport \r\nA/c ChotiwalaL.R.no. 3909 * 29.10.2024\r\n ','aditya-transport-service-3909-29-10-2024.pdf',1),(658,691,4,'2024-10-30',300.00,'Tempo charges paid for , collected from V Trans L.R.no. 30878069 * 23.10.2024 from Kanishka , Delhi\r\n',NULL,1),(659,692,1,'2024-10-30',1100.00,'Freight paid to  VTrans from Kanishka\r\nCR No. 45197334 * 30.10.2024\r\nfor 9.30KNE4_S4 \r\nRef.L.R.no. 30878069 * 23.10.2024','v-trans-t018632-30-10-2024.pdf',1),(660,693,4,'2024-10-30',300.00,'Tempo Charges Paid Fpor Bhiwandi Tarapur  & V Trans a/c BES & Hindustan Sales\r\nBill no. 1092 & 1093 * 30.10.2024\r\n',NULL,1),(661,694,3,'2024-10-30',3120.00,'Travelling Expense paid to Mr.Patil for Month c- Oct.24 (TRs.120/- x 26 days) ',NULL,1),(662,695,3,'2024-10-30',120.00,'Travelling expense paid to Mr. Pravin for the day',NULL,1),(663,697,4,'2024-11-04',200.00,'Tempo charges paid for Darshn Transport A/c Kasturi Engineering \r\nBill no. 1097 * 04.11.2024\r\n',NULL,1),(664,698,1,'2024-11-04',1120.00,'Freight Paid to VRL A/c Heiduburg\r\nBill no. 1098 - 04.11.2024\r\nL.R.No. 9019592457 * 04.11324\r\n',NULL,1),(665,699,3,'2024-11-04',120.00,'Travelling Expense P{aid to Mr Pravin\r\nfor the day\r\n ',NULL,1),(666,700,4,'2024-11-05',2200.00,'Delivery charges by Spl Tempo To Kalamboli  For 5 Nos.\r\nA/c Sahyadri Transline Bill no. 1106 * 05.11.2024',NULL,1),(667,701,3,'2024-11-05',120.00,'Travelling Expense paid to Mr.Pravin for the Day\r\n',NULL,1),(668,702,1,'2024-11-06',300.00,'Freight paid to Aditya Transport bA/c Chotiwala  foods\r\nBill no. 1111 * 06.11.2024\r\nL.R.no. 6544 * 06.11.2024\r\n',NULL,1),(669,703,3,'2024-11-06',120.00,'Travelling expense paid to Mr.Pravin for the day\r\n',NULL,1),(670,704,4,'2024-11-07',400.00,'Tempo charges paid for ACPL a/c Netzsch\r\nBill no.11114 * 07.11.2024\r\n  ',NULL,1),(671,705,2,'2024-11-07',700.00,'Loading Charges at Yogeshwar For 75KP4 - 1\r\nA/c Netzsch\r\n',NULL,1),(672,706,2,'2024-11-07',700.00,'Unloading charges at ACPL for 75KP4 - 1 no.\r\n',NULL,1),(673,707,4,'2024-11-07',200.00,'Tempo charges paid for Janhavi Transport & New gajanan A/c \r\nSairaj corpn & bVayuvent \r\nBill no. 1115 & 1116 * 07.11.2024\r\n',NULL,1),(674,708,1,'2024-11-07',100.00,'Freight paid to Janhavi Transport a/c Sairaj  L.R.no. 56859 * 07.11.2024',NULL,1),(675,709,1,'2024-11-07',200.00,'Freight paid to New Gajanan \r\na.c Vayuvent \r\nL.r. No. 21770 * 07.11.2024\r\n',NULL,1),(676,710,3,'2024-11-07',120.00,'Travelling expense paid to Mr. Pravin for the day\r\n',NULL,1),(677,711,3,'2024-11-08',120.00,'Travelling Expense paid to Mr. Pravin \r\nfor the day\r\n',NULL,1),(678,712,1,'2024-11-09',1000.00,'Freight paid to Vasai Janta - Account KKC',NULL,1),(679,713,4,'2024-11-09',400.00,'Amount paid for Tempo Charges collected from Hiren and booked to Vasai Janta',NULL,1),(680,714,4,'2024-11-09',400.00,'Collected from Hanuman Power and booked to JD Transport',NULL,1),(681,716,2,'2024-11-09',315.00,'Amt paid for drinking water Batla at Godown fir month - Oct-24\r\nRs.35 x 9 nos.\r\n',NULL,1),(682,717,3,'2024-11-09',120.00,'Travelling Expense Paid to Mr. Pravin for the day',NULL,1),(683,719,4,'2024-11-11',1400.00,'Delivery charges by special Tempo to Charkope , Kandivali\r\nA/c Naik Brass , Bill no.1128 * 11.11.2024\r\n',NULL,1),(684,720,4,'2024-11-11',400.00,'Tempo charges paid for , Collected from Hanuman Power & Booked to Chintamani  \r\nA/c  GM Engineering , Bill no. 1131 * 11.11.2024\r\n',NULL,1),(685,721,4,'2024-11-11',300.00,'Tempo charges paid for , Godown to  Collected from Hemant Trading For 22KP4 Flg & Booked to VRL A/c Prakash Process , Bill no. 1136 * 11.11.2024\r\n',NULL,1),(686,722,3,'2024-11-11',120.00,'Travelling Expense paid to Mr. Pravin\r\nfor the day\r\n',NULL,1),(687,723,2,'2024-11-12',400.00,'Unloading charges at Yogeshwar from CG ,Thru. BGT',NULL,1),(688,724,3,'2024-11-12',120.00,'Travelling Expense paid to Mr. Pravin for the day',NULL,1),(689,725,4,'2024-11-13',200.00,'Tempo charges paid for , shifted from V Trans To VRL  , A.c Prakash Process',NULL,1),(690,726,4,'2024-11-13',3000.00,'Delivery charges paid for special tempo , Collected from Hemant  & delivered to konkan Sale + collected defectives motor form konkan & delivered to hanuman Power fo\r\n 22 KP2 - 1 ',NULL,1),(691,727,4,'2024-11-13',300.00,'Tempo charges paid for Darshan Transport & Bhiwandi Janata A/c \r\nkasturi Engg & Hindustan\r\nBill no. 1143 & 1144 * 13.11.2024\r\n ',NULL,1),(692,728,3,'2024-11-13',120.00,'Travelling Expense paid to Mr.Pravin for the day\r\n',NULL,1),(693,729,4,'2024-11-14',900.00,'Tempo charges paid for ACPL (3 Trips) A/c BES  Bill no. 1149 * 14.11.2024\r\n',NULL,1),(694,730,4,'2024-11-14',300.00,'Tempo cgarges paid for Solapur Goods A/c Loni Mechanical\r\nBill no.1150 * 14.11.2024\r\n \r\n',NULL,1),(695,731,4,'2024-11-14',200.00,'Tempo charges paid for Bhavana Roadways A/c BES for Del Pd\r\nBill no. G/1859 * 14.11.2024\r\n',NULL,1),(696,732,2,'2024-11-14',400.00,'Unloading charges paid at ACPL \r\nA/c BES\r\n ',NULL,1),(697,733,3,'2024-11-14',120.00,'Travelling Expense paid to Mr. Pravin for the day\r\n',NULL,1),(698,734,3,'2024-11-15',120.00,'Travelling expense paid to Mr. Pravin or the day\r\n',NULL,1),(699,735,4,'2024-11-16',3000.00,'Delivery charges by special Tempo to Kalamboli \r\na.c Sahyadri & Ganesh Transline \r\nBill no. 1162 & 1164 * 16.11.2024\r\n ',NULL,1),(700,736,4,'2024-11-16',200.00,'Tempo charges paid for Bhiwandi Janata a/c Hindustan Sales \r\nBill no. 1161 * 16.11.2024\r\n',NULL,1),(701,737,3,'2024-11-16',120.00,'Travelling expense paid to Mr. Pravin for the day',NULL,1),(702,739,4,'2024-11-18',400.00,'Tempo charges paid for Aditya Transport & bombay Tarapore A/c Shivshakti & Chotiwala \r\nbill no. 1168 & 1166 * 18.11.2024',NULL,1),(703,740,1,'2024-11-18',450.00,'Freight charges paid to Aditya Transport A/c Chotiwala \r\nL.R.no. 7077 * 18.11.2024\r\n ',NULL,1),(704,741,3,'2024-11-18',120.00,'Travelling Expense paid to r. Pravin for the day\r\n',NULL,1),(705,743,4,'2024-11-19',200.00,'Tempo charges paid for collected from Dashmesh ,(deffective motor return from Kasturi engg) to Goidown\r\nGF6054 - 2',NULL,1),(706,744,1,'2024-11-19',500.00,'Freight paid to Dashmesh Roadlines for 2 Nos.\r\nL.R. no. 006 * 12.11.2024 & CR no. 608 dt.19.11.2024\r\n',NULL,1),(707,745,2,'2024-11-19',200.00,'Loading charges paid at yogeshwar for 37KE4 - 2\r\n',NULL,1),(708,746,4,'2024-11-19',200.00,'Tempo Charges paid for V Trans\r\nA/c BES ,Bill no. 1176 * 19.11.2024',NULL,1),(709,747,4,'2024-11-19',200.00,'Tempo charges paiod for Bhiwandi tarapur A/c Hindustan Sales\r\nbill no. 1182 * 19.11.2024\r\n',NULL,1),(710,748,3,'2024-11-19',1000.00,'Travelling Expense On A/c paid to Mr.Patil',NULL,1),(711,749,3,'2024-11-19',120.00,'Travelling expense paid to Mr. Pravin\r\nfor the day\r\n',NULL,1),(712,750,4,'2024-11-22',200.00,'Tempo charges paid for Darshan Transport A/c Kasturi Engineering\r\nbill no. 1190 * 22.11.2024',NULL,1),(713,751,4,'2024-11-22',300.00,'Tempo charges paid for Shah Roadways & Janhavi transport A/c \r\nGoods transfer & Shah Agencies\r\nbill no. 1193 * 22.11.2024 ',NULL,1),(714,752,1,'2024-11-22',750.00,'Freight paid to Janhavi transport for \r\n5 Nos.to mumbai office\r\nL.R.no. 69749 * 22.11.2024',NULL,1),(715,753,4,'2024-11-22',400.00,'Tempo charges paid for Lalji Mulji transport A/c Badami Industries\r\nbill no. 1194 * 22.11.2024\r\n',NULL,1),(716,754,3,'2024-11-22',120.00,'Travelling expense paid to Mr. Pravin \r\nfor the day',NULL,1),(717,755,4,'2024-11-23',200.00,'Tempo charges paid for , collected from TCI to Godown for TUSHACO Pump - 2nos.',NULL,1),(718,756,1,'2024-11-23',1650.00,'Freight paid to TCI  FOR 2 NOS.tushaco pump from Ghaziabad\r\nMR noi. 3527389644 * 23.11.2024\r\n',NULL,1),(719,757,4,'2024-11-23',400.00,'Tempo charges paid for N.G.Transport & Prabhat Roadways A/c Bakul & National Hydraulics\r\nBill no. 1195 & 1196 dtd. 23.\r\n11.2024\r\n',NULL,1),(720,758,1,'2024-11-23',400.00,'Freight Paid toPrabhat Roadways A/c \r\nBakul Aromatics For 2 Nos.\r\nL.R.No. BH/23734 * 23.11.2024\r\n',NULL,1),(721,759,6,'2024-11-23',40.00,'courier charges for Mumbai office\r\n',NULL,1),(722,760,3,'2024-11-23',120.00,'Travelling expense poid to Mr.Pravin for the day\r\n',NULL,1),(723,761,4,'2024-11-21',400.00,'Tempo charges paid for Prabhat Transport & Yashwant Transport A/c Bakul aromatic & Parampara Flour mill\r\nbill no. 1185 & 1184 * 21.11.32024\r\n',NULL,1),(724,762,1,'2024-11-21',400.00,'Freight paid to Prabhat Roadways A/c Bakul Aromatic\r\nL.R.No. BH/23484 * 21.11.2024\r\n',NULL,1),(725,763,4,'2024-11-25',300.00,'Tempo charges paid for , collected from v trans to Godown\r\nL.R.no. 2425013926  22.11.2024\r\nfor 9.30EN4',NULL,1),(726,764,1,'2024-11-25',109.00,'Freight Service charges paid to V trans \r\nCR no. 242410125042 * 25.11.2024\r\n',NULL,1),(727,765,4,'2024-11-25',200.00,'Tempo charges paid for Yashwant Transport A/c Suvarna Cargo \r\nbill no.,               * 25.11.2024\r\n',NULL,1),(728,766,1,'2024-11-25',1200.00,'Freight paid to Yashwant Transport \r\nL.,R.no. 8021 * 25.11.2024\r\n',NULL,1),(729,767,3,'2024-11-25',120.00,'Travelling expense paid to Mr. Pravin for the day',NULL,1),(730,768,4,'2024-11-26',200.00,'Tempo charges paid for V Trans A/c \r\nBES , For 11KE6 - 1\r\n',NULL,1),(731,769,2,'2024-11-26',900.00,'Loading Charges at Yogeshwar for 105 nos. A/c BES, Ahmedabad\r\n',NULL,1),(732,770,3,'2024-11-26',120.00,'Travelling Expense paid to Mr. Pravin\r\nfor the day\r\n ',NULL,1),(733,771,4,'2024-11-27',200.00,'Tempo charges paid for Dashmesh Roadlines A/c Kasturi Engg\r\nBill no.           * 27.11.2024\r\n',NULL,1),(734,772,3,'2024-11-27',120.00,'Travelling Expense Paid to M<r.Pravin For the day\r\n',NULL,1),(735,773,4,'2024-11-28',400.00,'Tempo charges paid for , Collected from Hanuman Power To Godown For 2 Nos. Siemens motor\r\n',NULL,1),(736,774,3,'2024-11-28',120.00,'Travelling expense paid to Mr. Pravin\r\nfor the day\r\n ',NULL,1),(737,775,3,'2024-11-29',120.00,'Travelling Expense paid to Mr. Pravin \r\nfor the day\r\n',NULL,1),(738,776,4,'2024-11-30',300.00,'Tempo charges paid for , collected from VTrans ,\r\nL.R. no. 2421012946 * 21.11.2024\r\nFrom Kaysons Techno\r\n',NULL,1),(739,777,1,'2024-11-30',503.00,'Freight paid to V Trans  from V V Nagar \r\nCR No,. 242410119698 * 25.11.2024\r\n',NULL,1),(740,778,3,'2024-11-30',1760.00,'Balance Amt of travelling expense paid to Mr. Patil  for Month - Nov.2024\r\nR.120 x 23 Days',NULL,1),(741,779,6,'2024-11-30',40.00,'Courier charges paid for Mumbai office',NULL,1),(742,780,3,'2024-11-30',120.00,'Travelling expense paid to Mr. Pravin \r\nfor the day',NULL,1),(743,781,4,'2024-12-02',200.00,'Tempo charges paid for Aditya Transport A/c Chotiwala \r\nBill no. 1250 * 02.12.2024\r\n',NULL,1),(744,782,1,'2024-12-02',300.00,'Freight Paid To Aditya Transport  A/c \r\nChotiwala \r\n(Paper not available . as per cheethi)\r\n',NULL,1),(745,783,2,'2024-12-02',300.00,'Unloading charges at Yogeshwar \r\nfrom CGL , Bhiwandi for 34 Nos.\r\n',NULL,1),(746,784,4,'2024-12-03',200.00,'Tempo charges paid for Bbhavana Roadways A/c BES For Del pd\r\nBill no. 1254 * 03.12.2024\r\n',NULL,1),(747,785,4,'2024-12-06',300.00,'Tempo charges paid for Anaya & ArcoA/c Intech Pulveriser & Siddharth Carbochem \r\nbill no. 164 & 1265 * 06.12.2024\r\n',NULL,1),(748,786,2,'2024-12-07',200.00,'Unloading charges at Yogeshwar from \r\nCGL , Bhiwandi for 36 Nos.',NULL,1),(749,787,4,'2024-12-07',400.00,'Tempo charges paid for V Trans A/c BES , Bill no. 1267 * 07.12.2024\r\n',NULL,1),(750,788,4,'2024-12-07',500.00,'Tempo charges paid for Yashwant Transport  & Collected From Hanuman Power \r\nBill no. 1268 & 1269 * 07.12.2024\r\n',NULL,1),(751,789,1,'2024-12-07',1200.00,'Freight paid to Yashwant Transport \r\nA/c Sahyadri & Sachin  Logistics\r\nDetails not available\r\n',NULL,1),(752,790,6,'2024-12-07',40.00,'Courier charges fot Mumbai Office',NULL,1),(753,791,4,'2024-12-04',150.00,'Tempo charges paid for Satkar transport A/c Jayshree Corpn. \r\nbill no. 1255 * 04.12.2024\r\n',NULL,1),(754,793,4,'2024-12-09',300.00,'Tempo charges paid for ACPL &  Yashwant Transport  \r\nA/c Kore Electrical & Rohit Logistics \r\nBill no. 1270 & 1272 * 09.12.2024\r\n',NULL,1),(755,794,1,'2024-12-09',1200.00,'Freight paid To Yashwant Transport \r\nA/c Rohit \r\nL.R. No. 13130 * 09.12.2024\r\n',NULL,1),(756,795,4,'2024-12-09',400.00,'Tempo charges paid for Lalji Mulji\r\nA/c Badami Industries bill no. 1271 * 09.12.2024\r\n',NULL,1),(757,796,3,'2024-12-09',120.00,'Travelling Expense paid to Mr. Pravin \r\nfor the day\r\n',NULL,1),(758,797,3,'2024-12-10',120.00,'Travelling Expense paid to Mr. Pravin \r\nfor the day\r\n',NULL,1),(759,798,3,'2024-12-11',120.00,'Travelling Expense paid to Mr. Pravin\r\nfor the day\r\n ',NULL,1),(760,799,4,'2024-12-12',200.00,'Tempo charges paid for V Trans A/c \r\nBASIC Mktg. for Dicon Bill BM/347 * 12.12.24\r\n',NULL,1),(761,800,4,'2024-12-12',300.00,'Tempo charges paid for , Collected \r\nFrom Hanuman Power To Godown , A/c Basic Mktg\r\n',NULL,1),(762,801,3,'2024-12-12',120.00,'Travelling Expense paid to Mr. Pravin \r\nfor the day\r\n',NULL,1),(763,802,4,'2024-12-13',100.00,'Auto Rickshaw fare for Sanjay Tempo \r\nA/c Manshi Enterprise bill no. 1290 * 13.12.2024\r\n',NULL,1),(764,803,3,'2024-12-13',120.00,'Travelling Expense paid To Mr. Pravin\r\nfor the day\r\n',NULL,1),(765,804,4,'2024-12-14',3000.00,'Delivery charges by Special Tempo to Kalamboli A/c C.K.Bhardwaj \r\nBill no.1292 * 14.12.2024\r\n ',NULL,1),(766,805,2,'2024-12-14',400.00,'Loading  & Unloading At Ypgeshwar \r\nTotal 45 Nos.\r\n',NULL,1),(767,806,4,'2024-12-14',200.00,'Tempo charges paid for Kalayatan  Cargo a/c S.R. Metering  Bill no. G/2117 * 14.2.2024\r\n',NULL,1),(768,807,3,'2024-12-14',1000.00,'Travelling Expense  as Advance paid to Mr.Patil , Bhiwandi \r\n',NULL,1),(769,808,6,'2024-12-14',40.00,'Courier charges paid for Mumbai Office\r\n',NULL,1),(770,809,3,'2024-12-14',120.00,'Travelling Expense Paid To Mr. Pravin \r\nfor the day\r\n',NULL,1),(771,811,4,'2024-12-16',200.00,'Tempo charges paid for V Trans \r\nA/c BES  Bill no. 1300 * 16.12.2024',NULL,1),(772,812,3,'2024-12-16',120.00,'Travelling expense paid to Mr.Pravin For The day',NULL,1),(773,813,4,'2024-12-17',400.00,'Tempo charges paid for Dashmesh & Yashwant Transport A/c A R Enterprise & GHanesh Transline\r\nBill no. 1305 % 1309 * 17.12.2024\r\n',NULL,1),(774,814,1,'2024-12-17',600.00,'Freight Paid to Yashwant Transport A/c Ganesh Transline L.R.No. 10610 * 17.12.2024\r\n',NULL,1),(775,815,1,'2024-12-17',200.00,'Freight Paid to Yashwant Transport A/c A R Enterprise L.R.No. 10611 * 17.12.2024\r\n',NULL,1),(776,816,4,'2024-12-17',500.00,'Tempo cahrges paid for vTrans (2 Trips) A/c BES & Neo Machine \r\nBill no. 1308 & 1310* 17.12.2024\r\n',NULL,1),(777,817,3,'2024-12-17',120.00,'Travelling Expense Paid to Mr. Pravin for the day',NULL,1),(778,818,4,'2024-12-18',200.00,'Tempo charges paid for  Yashwant transport A/c Suvarna Cargo\r\nBill no. 1312 * 18.12.2024\r\n',NULL,1),(779,819,1,'2024-12-18',600.00,'Freight Paid to Yashwant Transport A/c Suvarna\r\nL.R.no.10637 * 18.12.2024\r\n',NULL,1),(780,820,3,'2024-12-18',120.00,'Travelling Expense Paid To Mr.Pravin for the day\r\n',NULL,1),(781,821,3,'2024-12-19',120.00,'Travelling Expense paid to Mr. Pravin For the day',NULL,1),(782,822,4,'2024-12-20',200.00,'Tempo charges paid for , Collected from Hemant To Yogeshwar',NULL,1),(783,823,3,'2024-12-20',120.00,'Travelling Expense paid to Mr. Pravin for the day\r\n',NULL,1),(784,824,4,'2024-12-21',300.00,'Tempo charges paid for , collected from V Trans top Godown\r\nfrom Bes,.Aslali\r\n ',NULL,1),(785,825,2,'2024-12-21',100.00,'Loading & unloading at v trans\r\nfor 2 nos.\r\n',NULL,1),(786,826,1,'2024-12-21',244.00,'Freight service charges paid to V Trans for 2 nos.\r\n',NULL,1),(787,827,4,'2024-12-21',200.00,'Tempo charges paid for Yashwant transport A/c M,.K.DIESEL\r\nBill no. 1324 * 21.12.2024\r\n',NULL,1),(788,828,1,'2024-12-21',600.00,'Freight paid to Yashwant Transport for 1 no. 25KVA to Waris\r\nL.r. no. 10703 * 21.\r\n12.2024\r\n\r\n',NULL,1),(789,829,3,'2024-12-21',40.00,'Courier charges for Mumbai Office\r\n',NULL,1),(790,830,3,'2024-12-21',120.00,'Travelling expense paid to Mr. Pravin for the day\r\n',NULL,1),(791,832,4,'2024-12-23',300.00,'Tempo charges paid for Yashwant Transport &  Vtrans A/c BES & Ganesh transline  Bill no. 1325 & 1327 * 23.12.2024',NULL,1),(792,833,1,'2024-12-23',600.00,'Freight Paid To Yashwant Transport A/c ganesh Transline  L.r No. 10724 * 23.12.2024\r\n',NULL,1),(793,834,3,'2024-12-23',120.00,'Travelling Expense Paid To Mr. Pravin for the day\r\n',NULL,1),(794,835,4,'2024-12-24',400.00,'Tempo charges Paid for Dashmesh Transport & Anaya Trans A/c Cosmic + Omkar engg & Intech Pulveriser\r\nBill no. 1333  , 1335  & 1338 * 24.12.2024',NULL,1),(795,836,3,'2024-12-24',120.00,'Travelling Expense paid to Mr. Pravin For the day\r\n',NULL,1),(796,837,4,'2024-12-26',300.00,'Tempo charges paid for New gajanan & Janhavi Transport A/cTellas & Target  Bill no. 1347 & 1348 * 26.12.2024\r\n',NULL,1),(797,838,1,'2024-12-26',360.00,'Freight paid to New Gajanan Transport  L.R.No.22573 * 26.12.2024\r\n',NULL,1),(798,839,1,'2024-12-26',300.00,'Freight Paid To Janhavi Transport to RBS   L.R. no. 97834 * 26.12.2024',NULL,1),(799,840,3,'2024-12-26',120.00,'Travelling expense Paid to Mr.Pravin  For The Day',NULL,1),(800,841,3,'2024-12-27',120.00,'Travelling Expense paid to Mr. Pravin for the day\r\n',NULL,1),(801,842,4,'2024-12-28',500.00,'Tempo charges paid for V Trans ( 2 Trips )  for 43 Nos. a/c BES  Bill no. 1354 * 28.12.2024',NULL,1),(802,843,4,'2024-12-28',100.00,'Tempo charges paid for Aditya Transport A/c Chotiwala Foods  Bill No.1355 * 28.12.2024\r\n',NULL,1),(803,844,1,'2024-12-28',150.00,'Freight paid to Aditya Transport  a/c Chotiwala  l.R. no. 9972 * 28.12.2024\r\n',NULL,1),(804,845,6,'2024-12-28',40.00,'Courier charges for Mumbai Office ',NULL,1),(805,846,3,'2024-12-28',120.00,'Travelling Expense Paid to Mr. Pravin for the day\r\n',NULL,1),(806,847,4,'2024-12-30',200.00,'Tempo charges paid for Yashwant transport A/c  Suvarna Cargo\r\nBill no. 1358 * 30.12.2024\r\n',NULL,1),(807,848,1,'2024-12-30',600.00,'Freight paid to yashwant Treansport A/c Suvarna \r\nL.R.No. 4270 * 30.12.2024\r\n',NULL,1),(808,849,3,'2024-12-30',120.00,'Travelling expense paid to Mr. Pravin\r\nfor the day\r\n ',NULL,1),(809,850,3,'2024-12-31',120.00,'Travelling Expense Paid to Mr. Pravin For The Day',NULL,1),(810,851,1,'2025-01-01',100.00,'Freight Paid to janhavi Transport A/c Samarth Fabrication  Bill no. 1368 * 01.01.25 &   L.R. No. 1337 * 01.01.25',NULL,1),(811,852,3,'2025-01-01',120.00,'Travelling expense paid to Mr. Pravin for the day',NULL,1),(812,853,4,'2025-01-02',300.00,'Tempo charges paid for , collected from V Trans to Godown\r\nL.R. no. 4132102399 & 4022503452\r\ndtd.30.12.2024 from Aslali',NULL,1),(813,854,1,'2025-01-02',732.00,'Freight paid to V trans against L.R.no. 4132102399 * 30.12.2024\r\nfrom Aslali\r\nCR no. 2501021059310952982 * 02.01.2025',NULL,1),(814,855,1,'2025-01-02',106.00,'Freight Service charges paid to V Trans against l.R.4022503492 * 28.12.2024\r\nCR No. 242410181979 * 31.12.24',NULL,1),(815,856,4,'2025-01-02',300.00,'Tempo charges paid for New Gajanan \r\n& Bhavana Roadways A/c Unique  & BES For Del Pd pump\r\nBill no. 1369 & G/2247 * 02.01.2025',NULL,1),(816,857,2,'2025-01-02',300.00,'Unloading charges at Yogeshwar \r\nfrom CGL, BHIWANDI For 39 nos.',NULL,1),(817,858,3,'2025-01-02',120.00,'Travelling expense paid to  Mr.Pravin for the day\r\n',NULL,1),(818,859,4,'2025-01-03',400.00,'Tempo cgharges paid for Yashwant Transport  , VRL  & Janhavi Transport A/c  Vidhi Engineers, , R.C.Blower & Shree Krupa Electricals Bill no. 1382 ,1381 & 1374  *03.01.2025\r\n',NULL,1),(819,860,4,'2025-01-03',150.00,'Tempo charges paid  for Yashwant Transport A/c M.K. diesel\r\nBill bill. 1380 * 03.01.2025\r\n',NULL,1),(820,861,1,'2025-01-03',600.00,'Freight Paid to Yashwant Transport A/c M.K.Diesel   L.R. no.4351 * 03.01.2025',NULL,1),(821,862,1,'2025-01-03',400.00,'Freight paid to Janhavi Transport For R.C.Blower A/c Tellus  L>r No, 4756 * 03.01.2025\r\n',NULL,1),(822,863,3,'2025-01-03',120.00,'Travelling Expense paid to Mr. Pravin for the day\r\n',NULL,1),(823,864,4,'2025-01-04',300.00,'Tempo charges paid for , Collected from V trans & Bked to Janhavi Transport  for 7.50PN4 - 1 A/c RBS Air\r\nV trans L.R.no. 4022503724 * 31.12.2024',NULL,1),(824,865,1,'2025-01-04',114.00,'Freight service charges paid to  V trans  afainst l.r.no. 40225803724 & CR No. 2501041023336148303 * 04.01.25',NULL,1),(825,866,4,'2025-01-04',200.00,'Tempo charges paid for Aditya transport A/c Chotiwala \r\nbill no. 1385 * 04.01.2025\r\n',NULL,1),(826,867,1,'2025-01-04',300.00,'Freight paid to Aditya Transport A/c Chotiwala L.R. no. 8582 * 04.01.2025\r\n',NULL,1),(827,868,2,'2025-01-04',350.00,'Amt paid to Tanvi Water for Drinking water at Godown For Month - Nov 24\r\nRs.35 x 10',NULL,1),(828,869,2,'2025-01-04',385.00,'Amt paid to Tanvi Water for Drinking water at Godown For Month - Decv 24\r\nRs.35 x 11',NULL,1),(829,870,3,'2025-01-04',1880.00,'Bal amt of travelling expense paid to \r\nMr.Patil for month - Dec-24\r\n@120/-  x 24 days',NULL,1),(830,871,6,'2025-01-04',40.00,'Courier charges paid for mumbai office\r\n',NULL,1),(831,872,3,'2025-01-04',120.00,'Travewlling expense paid to Mr. Pravin for the day',NULL,1),(832,874,4,'2025-01-06',300.00,'Tempo charges paid for Aditya Transport & ACPL A/c  Chotiwala & Procroot\r\nbill no. 1389 & 1388 * 06.01.2025',NULL,1),(833,875,1,'2025-01-06',300.00,'Freight paid to Aditya Transport A/c Chotiwala  L.R. no. 8632 * 06.01.2025',NULL,1),(834,876,3,'2025-01-06',120.00,'Travelling Expense paid to Mr. Pravin  for the day',NULL,1),(835,877,4,'2025-01-07',200.00,'Delivery charges by Auto for Bhiwandi Tarapur & Janhavi Transport \r\na/c Lala Engg & hindustan sales\r\nBill no. 1399 v& 1400 * 07.01.25',NULL,1),(836,878,1,'2025-01-07',1000.00,'Freight paid to Hari Om Transport \r\nA/c Midas Microtech \r\nbill no. 1398 & L.R. No. 66386 * 07.01.2025\r\n',NULL,1),(837,879,3,'2025-01-07',120.00,'Travelling Expense Paid To Mr. Pravin for the day\r\n',NULL,1),(838,880,4,'2025-01-09',200.00,'Tempo charges paid for V Trans A/c BES  , BILL NO. 1412 * 09.01.2025',NULL,1),(839,881,4,'2025-01-09',200.00,'Tempo charges paid for Shah Roadways A/c Shah Agencies\r\nbill no. 1413 * 09.01.2025',NULL,1),(840,882,3,'2025-01-09',120.00,'Travelling expense paid to Mr. Pravin for the day\r\n',NULL,1),(841,883,4,'2025-01-08',400.00,'Tempo charges paid for V Trans \r\nA/c BES & KKC \r\nBill no. 1401 & 1403 * 08.01.2025\r\n',NULL,1),(842,884,3,'2025-01-08',120.00,'Travelling Expense Paid to Mr. Pravin\r\nfor the day\r\n',NULL,1),(843,885,4,'2025-01-10',400.00,'Tempo charges paid for Deccan Queen A/c Machinery & allied \r\nBill no. 1414 * 10.01.2025\r\n',NULL,1),(844,886,4,'2025-01-10',200.00,'Tempo charges  paid for Yashwant Transport A/c M.K. Diesel\r\nbill no. 1417 * 10.01.2025\r\n',NULL,1),(845,887,4,'2025-01-10',200.00,'Tempo charges  paid for Yashwant Transport A/c Chemclean\r\nbill no. 1416 * 10.01.2025\r\n',NULL,1),(846,888,1,'2025-01-10',600.00,'Freight paid to Yasahwant Transport \r\nA/c Waris L.R.No. 4463 * 10.01.2025\r\n',NULL,1),(847,889,3,'2025-01-10',120.00,'Travelling expense paid to Mr. Pravin \r\nfor the day\r\n',NULL,1),(848,890,4,'2025-01-11',200.00,'Tempo charges paid for Yashwant Transport A/c Ganesh Transline\r\nBill no. 1418 * 11.01.2025\r\n',NULL,1),(849,891,1,'2025-01-11',600.00,'Freight paid to Yashwant Transport A/c Ganesh Transline\r\nL.R.No. 4479 * 11.01.2025\r\n',NULL,1),(850,892,6,'2025-01-11',40.00,'Courier charges paid for Mumbai Office\r\n',NULL,1),(851,893,3,'2025-01-11',120.00,'Travelling Expense paid to Mr. Pravin For the day\r\n',NULL,1),(852,894,4,'2025-01-13',1185.00,'Delivery charges by special tempo to \r\nRBS ',NULL,1),(853,895,4,'2025-01-13',120.00,'Travelling Expense paid to  Mr. Pravin\r\nfor the',NULL,1),(854,896,4,'2025-01-14',1800.00,'Delivery charges by special tempo to \r\nM/s Target , Vasai\r\nBill no. 1436  & 1437 * 14.012025\r\n',NULL,1),(855,897,4,'2025-01-14',200.00,'Tempo charges paid for , collected from Hemant trading to Godown\r\nfor 1.50kne4 Flg - 5 nos.\r\n',NULL,1),(856,898,4,'2025-01-14',200.00,'Tempo charges paid for Janhavi Transport A/c Patankar Uduog,\r\nbill no. 1434 * 14.01.2025\r\n',NULL,1),(857,899,1,'2025-01-14',450.00,'Freight paid to Janhavi transport A/c Patankar Udyog\r\n',NULL,1),(858,900,3,'2025-01-14',120.00,'Travelling Expense paid to Mr. Pravin for the day\r\n',NULL,1),(859,901,4,'2025-01-15',700.00,'Tempo charges paid for V trans A/c BES ',NULL,1),(860,902,2,'2025-01-15',200.00,'Loading  & Unloading  At godown ',NULL,1),(861,903,3,'2025-01-15',120.00,'Travelling Expense Paid to Mr .Pravin  for the day',NULL,1),(862,905,4,'2025-01-16',300.00,'Tempo Charges Paid For ACPL A/c \r\nAllweiller\r\nBill no. 1442 * 16.01.2025\r\n ',NULL,1),(863,906,1,'2025-01-16',200.00,'Freight Paid to janhavi Transport to Goregaon a/c Tawade Engg\r\nBill no. \r\nL.R.No. 13236 * 16.01.2025\r\n',NULL,1),(864,907,3,'2025-01-16',120.00,'Travelling Expense p[aid to Mr. Pravin For The day\r\n',NULL,1),(865,908,4,'2025-01-17',400.00,'Tempo charges paid for ,From Godown To Hemant  Trading Collected  & Bked shree nasik goods A/c Techno volve  + Rajesh roadlines A/c Siddharth , bill no. 1450 & 1453 * 17.01.25 ',NULL,1),(866,909,3,'2025-01-17',120.00,'Travelling Expense paid to Mr. Pravin \r\nfor the day\r\n',NULL,1),(867,910,1,'2025-01-18',150.00,'Freight paid to Aditya Transport A/c Chotiwala \r\nL.R,No. 5458 * 18.01.2025\r\n',NULL,1),(868,911,6,'2025-01-18',40.00,'Courier charges paid for Mumbai office\r\n',NULL,1),(869,912,3,'2025-01-18',120.00,'Travelling Expense paid to Mr.Pravin for the day',NULL,1),(870,913,1,'2025-01-16',120.00,'Freight paid to New Gajanan Transport\r\nA/c Target\r\nBill no. 1446   * L.R.No. 22962 * 16.01.2025',NULL,1),(871,915,4,'2025-01-20',400.00,'Tempo charges paid for VTrans\r\nA/c bill no. 1468 & 1469 * 20.01.2025\r\n ',NULL,1),(872,916,4,'2025-01-20',300.00,'Tempo charges paid for Janhavi Transport  , New Gajanan  & N.G.Transport\r\nBill no. 1465 , 1466 & 1467 * 20.01.2025\r\nA/v Vidya engineers , Unique  & National Hydralic ',NULL,1),(873,917,1,'2025-01-20',100.00,'Freight paid to Janhavi transport A/c Vidya  L.R. no. \r\n(pending)',NULL,1),(874,918,3,'2025-01-20',120.00,'Travelling Expense paid to Mr. Pravin for the day',NULL,1),(875,919,4,'2025-01-21',200.00,'Tempo charges paid for Yashwant transport A/c Shree Kruhna & Pradip Logistics\r\nBill no. 1476 & 1477 * 21.01.2025\r\n',NULL,1),(876,920,1,'2025-01-21',1200.00,'Freight Paid to Yashwant Transport \r\nTo mahalaxmi L.R.No.(Pending ) \r\n ',NULL,1),(877,921,4,'2025-01-21',300.00,'Tempo charges paid for , Collected from ACPL To Godown\r\n',NULL,1),(878,922,4,'2025-01-21',300.00,'Tempo charges paid for Gujarat Transport A/c Mamta Traders,\r\nBill no. 1472 * 21.01.2025\r\n ',NULL,1),(879,923,3,'2025-01-21',120.00,'Travelling Expense Paid to Mr. Pravin for the day   ',NULL,1),(880,924,4,'2025-01-22',200.00,'Tempo charges paid for V Trans \r\nA/c  BES , Bill no. 1486 * 22.01.2025\r\n',NULL,1),(881,925,4,'2025-01-22',150.00,'Tempo charges paid to Aditya Transport \r\nL.R.No.(Pending)\r\nA/c Chotiwala , Bill no. 1487 * 22.01.2025\r\n',NULL,1),(882,926,3,'2025-01-22',120.00,'Travelling expense paid to Mr.Pravin \r\nfor the day\r\n',NULL,1),(883,928,2,'2025-01-23',300.00,'Unloading charges at yogeshwar for 9 nos. Alternators from cgl , thru. BGT\r\n',NULL,1),(884,929,4,'2025-01-23',100.00,'Rickshaw fare paid for , Collected from \r\nHanuman To N.G.Transport A/c  National  Bill no. 1489 * 23.01.2025\r\n',NULL,1),(885,930,1,'2025-01-23',100.00,'Freight Paid To Janhavi Transport \r\nA/c K.B. Machineries , Bill No. 1491 * 23.01.2025\r\nL.R. No. Pending\r\n',NULL,1),(886,931,3,'2025-01-23',120.00,'Travelling expense paid to Mr. Pravin for the day\r\n',NULL,1),(887,932,4,'2025-01-24',500.00,'Tempo charges Paid For , Collect6ed from Makharia  To Godown\r\nA/c MNilton Roi Bill no. 1494 * 24.01.2025\r\n',NULL,1),(888,933,3,'2025-01-24',120.00,'Travelling Expense paid to Mr. pravin\r\nfor the day\r\n',NULL,1),(889,934,4,'2025-01-25',200.00,'Tempo charges paid for Yasahwant transport A/c M.K.Diesel \r\nbill no. 1497 * 25.01.2025\r\n',NULL,1),(890,935,1,'2025-01-25',600.00,'Freight paid to Yashwant transport \r\nto Waris ,\r\nL.R.no. (Pending)\r\n',NULL,1),(891,936,4,'2025-01-25',200.00,'Tempo charges paid for V Transport A/c BES  Bill no. 1498 * 25.01.2025',NULL,1),(892,937,3,'2025-01-25',1000.00,'Travelling expense paid to as advance for month - Jan - 25 To Mr. Patil\r\n',NULL,1),(893,938,6,'2025-01-25',40.00,'Courier charges for Mumbai office\r\n',NULL,1),(894,939,3,'2025-01-25',120.00,'Travelling Expense Paid to Mr. Pravin For the day\r\n',NULL,1),(895,940,4,'2025-01-27',200.00,'Tempo charges paid for Yashwant transport for 1 no. Alternators\r\nA/c Aayush , Bill no. 1501 * 27.01.25\r\n',NULL,1),(896,941,1,'2025-01-27',600.00,'Freight Paid to Yashwant transport a/c AAush \r\n',NULL,1),(897,942,1,'2025-01-27',600.00,'Freight paid to Hari Om transport A/c Saral Phrma  for Vasai\r\n 3 Nos.\r\nbill no. 1500 * 27.01.2025\r\n',NULL,1),(898,943,1,'2025-01-27',600.00,'Freight Paid To Janhavi Transport  A/c Mumbai Transfer nos. ',NULL,1),(899,944,4,'2025-01-27',200.00,'Tempo chrges paid for Janhavi Transport AQ/c Mumbai goods transfer\r\n',NULL,1),(900,945,3,'2025-01-27',120.00,'Travelling expense paid to Mr.Pravin for the day\r\n',NULL,1),(901,946,4,'2025-01-29',300.00,'Tempo charges paid for Collected from CGL , Bhiwandi To V Trans \r\nA/c BES bill no. 1507 * 28.01.2025\r\n',NULL,1),(902,947,4,'2025-01-29',400.00,'Tempo charges paid for Aditya Transport  & Arihant transport A/c \r\nChotiwala & Krishna shot bill no. 1516 & 1517 * 29.01.2025\r\n',NULL,1),(903,948,2,'2025-01-29',200.00,'Unloading Charges Paid at Yogeshwar For 10 Nos. from CGL ,Bhiwandi\r\n',NULL,1),(904,949,3,'2025-01-29',120.00,'Travelling expense paid to Mr. Ptavin for the day\r\n',NULL,1),(905,950,4,'2025-01-28',1622.00,'Tempo charges (Porter) paid for Delivery to Kalamboli A/c Baba Electricals Bill no. 1505 * 28.01.2025\r\n',NULL,1),(906,951,1,'2025-01-28',100.00,'Freight paid to Janhavi Transport A/c Tawade Engg ',NULL,1),(907,952,4,'2025-01-28',200.00,'Tempo charges paid for Kerala Transport  A/c Target  Bill no. 1509 * 28.01.2025\r\n',NULL,1),(908,953,3,'2025-01-28',120.00,'Travelling Expense paid to Mr.Pravin  for the day',NULL,1),(909,954,2,'2025-01-30',600.00,'Loading Charges at Yogeshwar for 114Nos. a/c BES\r\n',NULL,1),(910,955,3,'2025-01-30',120.00,'Travelling Expense paid to Mr, Pravin for the day',NULL,1),(911,956,4,'2025-01-31',200.00,'Tempo charges paid for Aditya Transport A/c Chotiwala \r\nbill no. 1525 * 31.01.2025\r\n',NULL,1),(912,957,1,'2025-01-31',300.00,'Freight paid to Aditya Transport A/c Chotiwala \r\n',NULL,1),(913,958,3,'2025-01-31',120.00,'Travelling Expense paid to Mr. Pravin \r\nfor the day\r\n',NULL,1),(914,959,4,'2025-02-01',200.00,'Tempo charges paid for Prabhat Roadways A/c Bakul  bill no.1528 * 01.02.2025\r\n ',NULL,1),(915,960,1,'2025-02-01',600.00,'Freight paid to Prabhat Roadways A/c Bakul\r\n',NULL,1),(916,961,4,'2025-02-01',200.00,'Tempo charges paid for Yashwant transport A/c  Sahyadri Cargo , Bill no. 1532 * 01.02.2025\r\n',NULL,1),(917,962,1,'2025-02-01',600.00,'Freight paid to Yashwant transport for Dhanlaxmi  A/c Sahyadri , \r\n',NULL,1),(918,963,2,'2025-02-01',525.00,'Drinking water batla at Yogeshwar for Month - Jan - 25 @ 35 * 15',NULL,1),(919,965,3,'2025-02-01',2000.00,'Travelling Expense On A/c  paid to Mr.Patil for month - Jan-25 ',NULL,1),(920,966,4,'2025-02-03',180.00,'Tempo Charges paid for V Trans & HMP Transport A/c Arvind Electricals & Trinity Enterprise Bill no. 1534 & 1535 * 03.02.2025\r\n\r\n',NULL,1),(921,967,3,'2025-02-03',120.00,'Travelling expense paid to Mr. Pravin for the day\r\n',NULL,1),(922,968,1,'2025-02-04',300.00,'Freight paid to New Gajanan Transport\r\nL.R.No. Pending to receive\r\n ',NULL,1),(923,969,4,'2025-02-04',400.00,'Tempo charges paid for ACPL  + New Gajanan   & Janhavi Transport ',NULL,1),(924,970,1,'2025-02-04',150.00,'Freight paid to Janhavi Transport \r\nL.R.Copy Pending\r\n',NULL,1),(925,971,3,'2025-02-04',120.00,'Travelling Expense paid to Mr. Pravin for the day\r\n',NULL,1),(926,972,4,'2025-02-05',400.00,'Tempo charges paid for V Trans ',NULL,1),(927,973,3,'2025-02-05',120.00,'Travelling Expense paid to Mr. Pravin for the day',NULL,1),(928,974,4,'2025-02-06',200.00,'Tempo charges paid for , collected from V Trans To ACPL',NULL,1),(929,975,1,'2025-02-06',106.00,'Freight Service charges paid to V Trans \r\nL.R.Pending\r\n',NULL,1),(930,976,3,'2025-02-06',120.00,'Travelling Expense Paid to Mr. Pravin for the day\r\n',NULL,1),(931,977,4,'2025-02-07',150.00,'Tempo Charges paid for T.K. Transport\r\n',NULL,1),(932,978,1,'2025-02-07',250.00,'Freight Paid To T.K. Transport \r\nL.R. Pending to receive\r\n',NULL,1),(933,979,3,'2025-02-07',120.00,'Travelling Expense paid to Mr, Pravin \r\nfor the day\r\n',NULL,1),(934,980,4,'2025-02-08',500.00,'Tempo charges paid for ,collected from Hanuman Power to Godown',NULL,1),(935,981,3,'2025-02-08',120.00,'Travelling Expense Paid To Mr. Pravin for the day\r\n',NULL,1),(936,982,4,'2025-02-10',350.00,'tempo charges paid for Karad Satara  & thane motor A/c Gumpro  & Badami Industries\r\n',NULL,1),(937,983,1,'2025-02-10',500.00,'Freight paid to Thane Motor A/c Gumpro\r\nL.R.no. 5851 * 10.02.2024\r\n\r\n',NULL,1),(938,984,1,'2025-02-10',700.00,'Freight paid to Karad Satara Transport\r\nL.R.no. 7440 * 10.02.2025\r\nA/c Badami Industries\r\n\r\n',NULL,1),(939,985,4,'2025-02-10',200.00,'Tempo charges paid for Yashwant Transpot A/c M.K.Diesel\r\n',NULL,1),(940,986,1,'2025-02-10',1200.00,'Freight paid to Yashwant transport for Waris Generators L..r. 2040 * 10.02.2025\r\n\r\n',NULL,1),(941,987,2,'2025-02-10',100.00,'Loading & unloading for 2 nos. Alternators\r\n',NULL,1),(942,989,4,'2025-02-11',500.00,'Tempo charges paid for , collected from V Trans To Godown\r\nRef : L.R.no. 4022004150 & 4022507540 * 07.02.2025\r\n ',NULL,1),(943,990,1,'2025-02-11',100.00,'Freight Service charges paid to V trans \r\nfrom Aslali to Bhiwandi \r\nCR no. 242410230279 * 12.02.25\r\n',NULL,1),(944,991,1,'2025-02-11',427.00,'Freight Service charges paid to V trans \r\nfrom Aslali to Bhiwandi \r\nCR no. 242410228280 * 12.02.25 for 30 nos.\r\n',NULL,1),(945,992,2,'2025-02-11',300.00,'Loading & Unloading For 31 Nos.\r\nat yogeshwar\r\n',NULL,1),(946,993,4,'2025-02-11',300.00,'Tempo charges paid for delivery of motor to CGL thru, BGT\r\nRating :132FLP - 2 nos.\r\n',NULL,1),(947,994,4,'2025-02-11',300.00,'Tempo charges paid for  Yashwant Transport & Janhavi Transport a/c \r\nSiddhi Roadways & Jaydeep Engg\r\nBill no. 1563 & 1564 * 11.02.2025\r\n',NULL,1),(948,995,1,'2025-02-11',600.00,'Freight Paid to Yashwant Transport to  Dhanlaxmi  Ref . L.R.No. 2056 * 11.02.2025\r\n',NULL,1),(949,996,2,'2025-02-11',200.00,'Loading Charges at Yogeshwar for 2 Nos. a/c Aryan Trading\r\n',NULL,1),(950,997,2,'2025-02-11',100.00,'Unloading charges at Yogeshwar for\r\n 4 nos. 18.5PF2',NULL,1),(951,998,3,'2025-02-11',120.00,'Travelling Expense Paid to Mr.Pravin for the day\r\n',NULL,1),(952,999,3,'2025-02-12',120.00,'Travelling expense paid to Mr. Pravin \r\nfor the day\r\n',NULL,1),(953,1000,4,'2025-02-13',200.00,'Tempo charges paid for Yashwant transport A/c Ganesh Transline\r\nbill no. 1573 * 13.02.2025',NULL,1),(954,1001,1,'2025-02-13',1200.00,'Freight paid to Yashwant transport for Mahalaxmi Generators \r\nL.R.no. 13212 * 13.02.2025\r\n',NULL,1),(955,1002,2,'2025-02-13',100.00,'Loading & Unloading for 2nos.Alternators',NULL,1),(956,1003,3,'2025-02-13',120.00,'Travelling expense paid to Mr. Pravin \r\nfor the day',NULL,1),(957,1004,4,'2025-02-14',150.00,'Auto Rickshaw Fare For kalayatan cargo A/c Durgesh Enterprise\r\nBill no. 1578 * 14.02.2025\r\n',NULL,1),(958,1005,3,'2025-02-14',120.00,'Travelling Expense paid to Mr. Pravin  for the day\r\n',NULL,1),(959,1006,4,'2025-02-15',300.00,'Tempo charges paid for V Trans A/c BES Bill no. 1581 * 15.02.2025\r\n ',NULL,1),(960,1007,4,'2025-02-15',300.00,'Loading & Unloading For 4 Nos.\r\n',NULL,1),(961,1008,4,'2025-02-15',300.00,'Tempo charges paid for , Collected from jayprakash to Godown',NULL,1),(962,1009,4,'2025-02-15',200.00,'Tempo charges paid for Aditya Transportr A/c Chotiwala \r\nBill no. 1582 * 15.02.2025\r\n',NULL,1),(963,1010,1,'2025-02-15',300.00,'Freight paid to Aditya Transport a/c Chotiwala  L.R.No. 3187 * 15.02.2025\r\n',NULL,1),(964,1011,6,'2025-02-15',40.00,'Courier charges paid for mumbai office\r\n',NULL,1),(965,1012,3,'2025-02-15',120.00,'Travelling expense paid to Mr. Pravin For the day\r\n',NULL,1),(966,1013,3,'2025-02-10',120.00,'Travelling Expense paid to Mr. Pravin \r\nfor the day\r\n',NULL,1),(967,1016,4,'2025-02-17',200.00,'Tempo charges paid for Yashwant transport A/c Sahyadri Cargo\r\nbill no. 1584 * 17.02.2025\r\n',NULL,1),(968,1017,1,'2025-02-17',600.00,'Freight paid to Yashwant Transport for Mahalaxmi Generators A/s Sahyadri L.R. no. 13277 * 17.02.2025\r\n',NULL,1),(969,1018,3,'2025-02-17',120.00,'Travelling Expense paid to Mr. Pravin for the day\r\n',NULL,1),(970,1019,2,'2025-02-18',350.00,'Unloading charges for 7 nos. Alternators at yogeshwar from cgl thru. BGT',NULL,1),(971,1020,3,'2025-02-18',120.00,'Travelling expense paid to Mr. Pravin for the day',NULL,1),(972,1021,4,'2025-02-19',200.00,'Tempo charges paid for , collected from Hemant & bked to Janhavi A/c M.S.Technical bill no. 1597 * 19.02.25\r\n\r\n',NULL,1),(973,1022,4,'2025-02-19',200.00,'Tempo charges paid for Chintamani transport A/c Param Associate\r\nbill no. 1598 * 19.02.2025',NULL,1),(974,1023,3,'2025-02-19',120.00,'Travelling Expense paid to  Mr. Pravin for the day',NULL,1),(975,1024,3,'2025-02-20',120.00,'Travelling Expense paid to Mr. Pravin \r\nfor the day\r\n',NULL,1),(976,1025,3,'2025-02-21',120.00,'Travelling expense [aid to Mr. Pravin for the day',NULL,1),(977,1026,4,'2025-02-21',200.00,'Tempo charges paid for Yashwant transport A/c M.K. Diesel \r\nbill no. 1612 * 21.12.2025\r\n',NULL,1),(978,1027,1,'2025-02-21',1200.00,'Freight paid to Yashwant Transport For Waris Generators A/c M.k.\r\nL.R.no. 143369 * 21.02.2025\r\n',NULL,1),(979,1028,4,'2025-02-22',200.00,'Tempo charges paid for Yashwant Transport A/c Suvarna \r\nBill no. 1618 * 22.02.2025\r\n',NULL,1),(980,1029,1,'2025-02-22',1200.00,'Freight paid to Yashwant Transport for Mahalaxmi A/x Suvarna\r\nL.R.no. 13395 * 22.02.2025\r\n',NULL,1),(981,1030,3,'2025-02-22',120.00,'Travelling expense paid to Mr. Pravin\r\nfor the day\r\n ',NULL,1),(982,1031,4,'2025-02-25',400.00,'Tempo charges paid for ,.collected from Jayprakash to godown  & Godown to bked at Aditya transport A/c Chotiwala  , bill no. 1628 * 25.02.2025\r\n',NULL,1),(983,1032,1,'2025-02-25',300.00,'Freight paid to Aditya Transport A/c Chotiwala  , L.R. No. 3680 * 25.02.2025\r\n',NULL,1),(984,1033,4,'2025-02-25',350.00,'Tempo charges paid for , Collected from Hanuman Power & Bked to Shree Ayyapa Transport A/c FFP\r\n\r\n ',NULL,1),(985,1034,2,'2025-02-25',100.00,'Loading charges at Ypgeshwar For 37EF4 on 24.02.2025\r\n',NULL,1),(986,1035,3,'2025-02-25',120.00,'Travelling Expense paid to Mr. Pravin for the day\r\n',NULL,1),(987,1036,3,'2025-02-24',120.00,'Travelling expense paid to Mr. Pravin For the day\r\n',NULL,1),(988,1037,4,'2025-02-27',200.00,'Tempo charges paid for Aditya Transport A/c Chotiwala ,Bill no. 1638 * 27.02.2025\r\n ',NULL,1),(989,1038,1,'2025-02-27',300.00,'Freight paid to Aditya Transport \r\nA/c Chotiwala  L.R. No. 3750 * 27.02.2025\r\n',NULL,1),(990,1039,4,'2025-02-27',200.00,'Tempo charges paid for ACPL A/c Reckon , Bill no. 1641 * 27.02.2025\r\n',NULL,1),(991,1040,1,'2025-02-27',300.00,'Freight paid to ACPL A/c  Reckon \r\nL.R. No.24037112629 * 27.02.2025\r\n ',NULL,1),(992,1041,3,'2025-02-27',120.00,'Travelling  Expense paid to Mr. Pravin\r\nfor the day\r\n ',NULL,1),(993,1042,4,'2025-02-28',300.00,'Tempo charges paid for Janhavi Transport & Yashwant transport A/c \r\nK,B. machineries , Tellus& Chudekar \r\nBill no. 1644 , 1645  & 1647 * 28.02.2025\r\n',NULL,1),(994,1043,1,'2025-02-28',800.00,'Freight paid to Janhavi Transport To\r\nRBS  A/c Tellus  L.R. No. 44156 * 28.2.2025\r\n ',NULL,1),(995,1044,1,'2025-02-28',100.00,'Freight paid to Janhavi Transport To\r\nDoulton A/c K.B.  L.R. No. 44155 * 28.2.2025\r\n \r\n',NULL,1),(996,1045,1,'2025-02-28',150.00,'Freight Paid to Yashwant Transport to Chudekar L.R. No. 2730 * 28.02.2025\r\n',NULL,1),(997,1046,3,'2025-02-28',120.00,'Travelling Expense paid to Mr. Pravin For the day',NULL,1),(998,1047,3,'2025-03-01',1560.00,'Travelling Expense paid to Mr.patil For Month - Feb- 2025\r\n(@120 x 13 days )\r\n',NULL,1),(999,1048,6,'2025-03-01',40.00,'Courier charges for Mumbai Office\r\n',NULL,1),(1000,1049,3,'2025-03-01',120.00,'Travelling Expense paid to Mr. Pravin \r\nfor the day\r\n',NULL,1),(1001,1050,4,'2025-03-03',300.00,'Tempo charges paid for , collected from Vtrans for 22 nos.\r\nL.T.no. 4022509709 & 4022509365\r\n28.02.2025\r\n',NULL,1),(1002,1051,1,'2025-03-03',106.00,'Freight paid to V trans for 1no.\r\nCR no. 242410251638 * 03.03.2025\r\n',NULL,1),(1003,1052,1,'2025-03-03',168.00,'Freight paid to V trans for 20 nos.\r\nCR no. 242410259365 * 03.03.2025',NULL,1),(1004,1053,2,'2025-03-03',315.00,'Charges paid Drinking Water Batla at  Godown for month - fEB25',NULL,1),(1005,1054,3,'2025-03-03',120.00,'Travelling expense paid to Mr. Pravin for the day\r\n',NULL,1),(1006,1055,2,'2025-03-04',1400.00,'Loading & Unloading charges by Forklift For 1 No. 9.30KDC at Godown\r\n',NULL,1),(1007,1056,3,'2025-03-04',500.00,'Tempo charges paid for ACPL A/c Allweller\r\nBill no. 1661 * 04.03.2025\r\n',NULL,1),(1008,1057,4,'2025-03-04',200.00,'Delivery charges by Auto Rickshaw For Janhavi Transport & Yashwant Transport A/c Chudekar & Lala Engg\r\nBill no. 1660 & 1662 * 04.03.2025\r\n',NULL,1),(1009,1058,1,'2025-03-04',150.00,'Freight Paid to Yashwant Transport A/c Chudekar \r\nL.R.No. 2791 * 04.03.2025\r\n',NULL,1),(1010,1059,3,'2025-03-04',120.00,'Travelling Expense Paid to Mr.Pravin\r\nfor the day\r\n ',NULL,1),(1011,1060,1,'2025-03-05',100.00,'Freight paid t Janhavi Transport A/c RBS ',NULL,1),(1012,1061,3,'2025-03-05',120.00,'Travelling Expense paid To Pr. Pravin for the day\r\n',NULL,1),(1013,1062,4,'2025-03-06',200.00,'Tempo charges paid for ,Collected from Hemant Trading To New Gajanan Transport a/c Vayuvent\r\nbill no.1671 * 06.03.2025\r\n',NULL,1),(1014,1063,3,'2025-03-06',120.00,'Travelling Expense Paid To Mr., Pravin \r\nFor the day\r\n',NULL,1),(1015,1064,4,'2025-03-07',2200.00,'Delivery charges paid by Special  Tempo A/c M.K.Diesel \r\nBbill no. 1673 * 07.03.2025\r\n\r\n',NULL,1),(1016,1065,4,'2025-03-07',200.00,'Delivery charges by by Auto Rickshaw \r\nfor ACPL & Janhavi Tranport A/c Basic \r\nBill no. ',NULL,1),(1017,1066,1,'2025-03-07',300.00,'Freght paid to ACPL A/C rECKON \r\nl.r.,NO, 24037113014 * 07.03.2025',NULL,1),(1018,1067,3,'2025-03-11',60.00,'Travelling Expense paid to Mr. Pravi n\r\nfor the day\r\n',NULL,1),(1019,1068,4,'2025-03-08',2000.00,'Delivery charges by special Tempo A/c Ganesh Transline  To Mahalaxmi Geberators\r\nBill no. 1678 * 08.03.2025\r\n',NULL,1),(1020,1069,6,'2025-03-08',40.00,'Courier charges for Mumbai Office\r\n',NULL,1),(1021,1070,3,'2025-03-08',120.00,'Travelling Expense paid to Mr. Pravin for the day\r\n',NULL,1),(1022,1072,4,'2025-03-10',300.00,'Tempo charges paid for , collected from  Hanuman power to Yogeshwar Godown  for 15KE2 Flg - 1',NULL,1),(1023,1073,3,'2025-03-10',120.00,'Travelling Expense Paid to Mr. Pravin \r\nfor the day\r\n',NULL,1),(1024,1074,4,'2025-03-11',300.00,'Tempo charges paid for ,Collected from V Trans To Janhavi  Transport against l.R. no. 4022510597 * 08.03.2025 for 0.75EF4-1\r\n',NULL,1),(1025,1075,1,'2025-03-11',106.00,'Freight Service charges paid to V Trans  for 0.75EF4 - 1 \r\nCR  no. 2423410262298 * 11.03.2025 ','vtrans-cr-242410262298-11-03-25.pdf',1),(1026,1076,1,'2025-03-11',600.00,'Freight paid to  Janhavi Transport A/c Naik Brass ef bill no. 1695 * 11.03.25\r\nL.R. no. 51244 * 11.03.2025\r\n','janhavi-transport-l-r-11-03-25-51244.pdf',1),(1027,1077,4,'2025-03-11',1180.00,'Delivery charges by Porter For Andheri A/c Tellus  Bill no. 1696 * 11.03.2025\r\nFor 6 nos.',NULL,1),(1028,1078,3,'2025-03-11',60.00,'Travelling Expense paid  To Mr. pravin \r\nfor the day\r\n',NULL,1),(1029,1079,4,'2025-03-12',300.00,'Tempo charges paid for , collected from Hemant trading for 4 nos. & bked to New Gajanan Transport  & returned to Godown A/C Target  bill no. 1700 dt.\r\n12.03.2025\r\n',NULL,1),(1030,1080,1,'2025-03-12',450.00,'Freight paid to New Gajanan A/c Target  L.R.no. 241 * 12.03.2025\r\n','new-gajanan-l-r-12-03-25-241.pdf',1),(1031,1081,4,'2025-03-12',300.00,'Tempo charges paid for V trans BES\r\nbill no. 1702 * 12.03.2025',NULL,1),(1032,1082,3,'2025-03-12',120.00,'Travelling expense paid to Mr. Pravin for the day',NULL,1),(1033,1083,4,'2025-03-13',200.00,'Tempo charges paid for Bhavana Roadways a/c BES Foe del pd \r\n11KP4- - 2 nos\r\nBill no. 1710 * 13.03.2025',NULL,1),(1034,1084,1,'2025-03-13',200.00,'Freight paid to Bhadra roadways  A/c \r\nThorat Filtration  Bill no. 1707 * 13.03.2025 & L.r.no. 941 * 13.03.2025\r\n','bhadra-roadways-13-03-25-941.pdf',1),(1035,1085,3,'2025-03-13',120.00,'Travelling expense paid to Mr. Pravin\r\nfor the day\r\n ',NULL,1),(1036,1086,4,'2025-03-15',800.00,'Tempo charges paid for  VTrans ( 4 Trips) For 44 Nos. A/c BES  Bill no. 1719 * 15.03.2025\r\n',NULL,1),(1037,1087,4,'2025-03-15',400.00,'Tempo charges paid for & Chotiwala\r\nBill no. 1712 & 1717 * 15.03.2025\r\n',NULL,1),(1038,1088,1,'2025-03-15',300.00,'Freight Paid to Aditya Transport  \r\nL.R. no. 5812 * 15.03.2025\r\n','aditya-transport-l-r-15-03-25-5812.pdf',1),(1039,1089,1,'2025-03-15',600.00,'Freight Paid to Prabhat Roadways  \r\nL.R. no. 15935 * 15.03.2025\r\n','prabhat-roadways-l-r-15-03-25-15935.pdf',1),(1040,1091,4,'2025-03-15',300.00,'Tempo charges paid for Arihant transport A/c LL Mfg  bill no. 1711 * 15.03.2025\r\n',NULL,1),(1041,1092,6,'2025-03-15',40.00,'Courier charges paid for Mumbai Office\r\n',NULL,1),(1042,1093,2,'2025-03-15',600.00,'Loading & Unloading at V trans for\r\n44 nos.',NULL,1),(1043,1094,2,'2025-03-04',700.00,'Unloading charges  at Yogeshwar  for 9.30KDC From CGL Thru. BGT',NULL,1),(1044,1095,3,'2025-03-07',120.00,'Travelling Expense Paid to Mr. Pravin \r\nfor the day\r\n',NULL,1),(1045,1096,4,'2025-03-17',200.00,'Tempo charges paid for  , Collected from V trans to godown\r\n(Details pending)\r\n',NULL,1),(1046,1097,1,'2025-03-17',512.00,'Freight Service charges paid to  V Trans  for 1 no.\r\n','vtrans-cr-242410261573-17-03-25.pdf',1),(1047,1098,3,'2025-03-17',120.00,'Travelling Expense paid to Mr. Pravin for the day\r\n',NULL,1),(1048,1100,4,'2025-03-18',300.00,'Tempo charges paid for , collected from Hanuman power to Godown\r\nDetails pending)',NULL,1),(1049,1101,4,'2025-03-18',350.00,'Tempo charges paid for ,collected from CGL &  SCIS to Godown \r\nDetails Pending\r\n\r\n',NULL,1),(1050,1102,4,'2025-03-18',150.00,'Tempo charges paid for Yashwant &  ACPL   A/c Chudekar nill no. 1728 * 18.03.2025 \r\n',NULL,1),(1051,1103,1,'2025-03-18',300.00,'Freight Paid To Yashwant Transport for  2 nos. A/c Chudekar   L.R. no. 5419 * 18.03.2025\r\n\r\n\r\n','yashwant-transport-l-r-18-03-25-5419.pdf',1),(1052,1104,3,'2025-03-18',120.00,'Travelling expense  paid to Mr. Pravin \r\nfor the day\r\n',NULL,1),(1053,1105,4,'2025-03-19',150.00,'Paid Auto Rickshaw Fare for collected from Hanuman to ACPL A/c Noble Procetech bill no.1733 * 19.03.2025\r\n',NULL,1),(1054,1106,3,'2025-03-19',120.00,'Travelling expense Paid To Mr. Pravin for the day\r\n',NULL,1),(1055,1107,3,'2025-03-20',120.00,'Travelling Expense paid to Mr. Pravin \r\nfor the day\r\n',NULL,1),(1056,1108,4,'2025-03-21',200.00,'Tempo charges paid for Yashwant Transport a/c Ganesh Transline\r\n ',NULL,1),(1057,1109,1,'2025-03-21',1200.00,'Freight paid to Yashwant transport for 2 Nos. L.R. no. 5483 * 21.03.25\r\n','yashwant-transport-l-r-21-03-25-5483.pdf',1),(1058,1110,3,'2025-03-21',120.00,'Travelling expense Paid To Mr. Pravin \r\nfor the day',NULL,1),(1059,1111,3,'2025-03-22',120.00,'Travelling Expense Paid To Mr. Pravin For The day\r\n',NULL,1),(1060,1112,6,'2025-03-22',40.00,'Courier charges paid for Mumbai Office\r\n',NULL,1),(1061,1113,4,'2025-03-24',300.00,'Tempo charges paid for ,collected from V Trans against L.R.no.4022006887 & 4022511616 * 20.03.2025 from Aslali\r\n ',NULL,1),(1062,1114,1,'2025-03-24',238.00,'Freight service charges paid to V Trans  for 2 nos.\r\nC R. no. 242410276079 * 24.03.25\r\n','v-trans-cr-242410276079-24-03-25.pdf',1),(1063,1115,2,'2025-03-24',400.00,'Loading & unloading for 45PF4 Flg - 1 no. bkg at ACPL A/c PIDILITE',NULL,1),(1064,1116,4,'2025-03-24',300.00,'Tempo charges paid for ACPL A/c Pidilite bill no. 1751 * 24.03.2025\r\n',NULL,1),(1065,1117,4,'2025-03-24',2200.00,'Delivery by Special tempo to Taloja A/c Hikal bill no. 1755 * 24.03.2025\r\n',NULL,1),(1066,1118,4,'2025-03-24',200.00,'Delivery charges bt Auto A/c Cosmic \r\nbill no. 1749 * 24.03.2025\r\n',NULL,1),(1067,1119,3,'2025-03-24',120.00,'Travelling Expense paid to Mr. Pravin for the day\r\n',NULL,1),(1068,1120,4,'2025-03-25',150.00,'Tempo charges paid for Yashwant Transport A/c Chudekar  bill no. 1758 * 25.03.2025\r\n',NULL,1),(1069,1121,1,'2025-03-25',300.00,'Freight Paid to Yashwant Transport \r\nL.r. No.  5564 * 25.03.2025\r\n','chudekar-l-r-25-03-25.pdf',1),(1070,1122,3,'2025-03-25',120.00,'Travelling expense [paid to Mr. Pravin for the day\r\n',NULL,1),(1071,1123,3,'2025-03-26',120.00,'Travelling expense paid to Mr.Pravin for the day\r\n',NULL,1),(1072,1124,4,'2025-03-27',400.00,'Tempo charges paid for ,collected from CGL Bhiwandi & bked to BES\r\nFor 4 Nos.(sent for inspection purpose)\r\n',NULL,1),(1073,1125,2,'2025-03-27',200.00,'Unloading charges paid at v trans for 4 nos.',NULL,1),(1074,1126,4,'2025-03-27',300.00,'Tempo charges paid for , collected from Kandpile transport & Bked to New Gaqjanan  + V Trans A/c Techno process bill no. 1766 & 1761 * 27.03.2025\r\n ',NULL,1),(1075,1127,1,'2025-03-27',300.00,'Freight paid kandpile transport ,for 2 nos. - 0.37EF6 From JSB \r\nL/R No, 12630 * 25.03.2025\r\n','kandpile-l-r-25-03-25-12630.pdf',1),(1076,1128,1,'2025-03-27',200.00,'Freight paid to New Gajanan transport for 2 nos. A/c Vayuvents L.R.no. 514 dtd. 27.03.2025\r\n','new-gajanan-l-r-27-03-25-514.pdf',1),(1077,1129,4,'2025-03-27',2000.00,'delivery charges paid by special tempo \r\nA/c Baba Electricals bill 1769 * 27.03.2025 for 3 nos. Alternators\r\n',NULL,1),(1078,1130,3,'2025-03-27',120.00,'Travelling expense paid to Mr. Pravin \r\nfor the day\r\n',NULL,1),(1079,1131,3,'2025-03-28',120.00,'Travelling expense paid to Mr. Pravin for the day\r\n',NULL,1),(1080,1132,4,'2025-03-29',300.00,'Tempo charges paid for V Trans & Aditya Transport A/c BES & Chotiwala \r\nbill no. 1778 & 1777 * 29.03.2025\r\n',NULL,1),(1081,1133,1,'2025-03-29',300.00,'Freight paid to Aditya transport A/c Chotiwala  L.R.no. 7990 * 29.03.2025\r\n',NULL,1),(1082,1134,6,'2025-03-29',40.00,'Courier charges paid for Mumbai Office\r\n',NULL,1),(1083,1135,3,'2025-03-29',120.00,'Travelling Expense  paid to Mr. Pravin for the day',NULL,1),(1084,1136,3,'2025-03-31',120.00,'Travelling Expense Paid to Mr. Pravin For the day\r\n',NULL,1),(1085,1138,4,'2025-04-01',200.00,'Delivery Charges by Auto to  N.G. Transport & Kalayatan  A/c National Hydraulics & BES For S.R.Metering\r\nbill no. G/3070 & 004 * 01.04.2025\r\n',NULL,1),(1086,1139,3,'2025-04-01',120.00,'Travelling Expense paid to Mr. Pravin\r\nfor the day\r\n ',NULL,1),(1087,1140,4,'2025-04-02',400.00,'Tempo charges paid for Lalji Mulji \r\nA/c  BES For  Reliance  \r\nBill No. 013 * 02.4.2025\r\n\r\n',NULL,1),(1088,1141,2,'2025-04-02',25.00,'Amt paid for Hardware Material \r\nPacking Purpose\r\n','hardware-bill-02-04-25.pdf',1),(1089,1142,3,'2025-04-02',120.00,'Travelling Expense paid to Mr. Pravin \r\nFor the day\r\n',NULL,1),(1090,1143,4,'2025-04-03',400.00,'Tempo charges paid for , Collected \r\nfrom V Trans for 5 Nos. & 3 nos. Bked to New Gajanan A/c Vayuvents & Bal 2 nos. to Godown  Bill no. 014 * 03.04.2025\r\n',NULL,1),(1091,1144,1,'2025-04-03',123.00,'Freight service charges p[aid to V Trans for  5 nos. \r\nL.R.No. 4022512831 & CR No. 242410288587 * 03.04.2025\r\n','vtrans-l-r-freight-bill-03-04-25.pdf',1),(1092,1145,1,'2025-04-03',300.00,'Freight paid to New Gajanan transport \r\nL:.R.no. 636 * 03.04.2025\r\n','new-gajanan-tyransport-l-r-036-03-04-25.pdf',1),(1093,1146,3,'2025-04-03',120.00,'Travelling Expense paid to  Mr. Pravin \r\nfor the day\r\n',NULL,1),(1094,1147,4,'2025-04-04',200.00,'Tempo charges paid for Shivbhakti Transport A/c Chudekar \r\nBill no. 026 dtd. 04.04.2025\r\n',NULL,1),(1095,1148,1,'2025-04-04',200.00,'Freight paid to Shivbhakti  A/c Chudekar  L.R. No. 9016 * 04.4.2026\r\n','shivbhakti-transport-l-r-04-04-25-9016.pdf',1),(1096,1149,3,'2025-04-04',120.00,'Travelling Expense paid to Mr. Pravin\r\nfor the day\r\n',NULL,1),(1097,1150,4,'2025-04-05',200.00,'Tempo charges paid for Kalayatan cargo  A/c Raj Enterprise bill no. 028 * 05.04.2025\r\n',NULL,1),(1098,1151,2,'2025-04-05',455.00,'Drinking water charges paid to Tanvi water Suppliers at godown @35  x 13 Batla\r\n','tanvi-water-bill-march-25.pdf',1),(1099,1152,3,'2025-04-05',3000.00,'Travelling expense paid to Mr.Patil for month - March 2025 \r\n(@ 120/-  x  25 days)',NULL,1),(1100,1153,3,'2025-04-05',120.00,'Travelling expense paid to Mr. Pravin for the day \r\n',NULL,1),(1101,1154,6,'2025-04-05',40.00,'Courier charges paid for Mumbai office\r\n',NULL,1),(1102,1155,4,'2025-03-13',250.00,'Tempo charges paid for , collected from V Trans to Godown for 1 no.\r\nlL.R.no. 4022510803 * 11.03.2025\r\n',NULL,1),(1103,1156,1,'2025-03-12',106.00,'Freight service charges paid to  VTrans  CR No. 242410265029 * 13.03.2025 ','vtrans-cr-242410265029-13-03-25.pdf',1),(1104,1159,4,'2025-04-07',150.00,'Delivery charges paid for ,collected from VTrans to Godown L.R. no. 4022513017 * 02.04.25',NULL,1),(1105,1160,1,'2025-04-07',106.00,'Freight service paid to V trans for 1 nos.\r\nCR no. 242410292539 * 07.04.25\r\n','v-trans-cr-242410292539-07-04-25.pdf',1),(1106,1161,3,'2025-04-07',120.00,'Travelling expense paid to Mr. Pravin \r\nfor the day\r\n',NULL,1),(1107,1162,4,'2025-04-08',200.00,'Tempo charges paid for , collected from Hemant  trading & booked to New Gajanan transport for 7 nos.\r\nA/c Vayuvents bill no. 35 * 08.04.25',NULL,1),(1108,1163,1,'2025-04-08',700.00,'Freight paid to Gajanan transport for 7 nos.\r\nA/c Vayunvent L.R.no. 772 * 08.04.25\r\n\r\n\r\n ','new-gajanan-transport-l-r-772-07-04-25.pdf',1),(1109,1164,3,'2025-04-08',120.00,'Travelling Expense paid To mr. Pravin For the day\r\n',NULL,1),(1110,1165,4,'2025-04-09',300.00,'Tempo charges paid for , Collected from Hanuman Power To Godown\r\n',NULL,1),(1111,1166,4,'2025-04-09',200.00,'Tempo Charges paid for Aditya Transport  a/C Chotiwala ,bill no. 042 * 09.04.25\r\n\r\n',NULL,1),(1112,1167,4,'2025-04-09',400.00,'Tempo Charges paid for Arco Transport \r\nA/c Star Fire bill no. 041 * 09.04.25\r\n\r\n',NULL,1),(1113,1168,2,'2025-04-09',200.00,'Loading & Unloading Charges At Arco Transport\r\n',NULL,1),(1114,1169,2,'2025-04-09',30.00,'Amt Paid for Purchase Hardware Material for Packing purpose\r\n ',NULL,1),(1115,1170,3,'2025-04-09',120.00,'Travelling Expense paid to Mr. Pravin for the day\r\n',NULL,1),(1116,1171,1,'2025-04-09',450.00,'Freight paid to Aditya Transport \r\nL.R.no. 9482 * 09.04.25\r\n\r\n','aditya-transport-l-r-9482-09-04-25.pdf',1),(1117,1172,4,'2025-04-10',200.00,'Tempo charges paid for Prabhat Roadways A/c Bakul  bill no. 043 * 10.04.25\r\n',NULL,1),(1118,1173,1,'2025-04-10',200.00,'Freight paid to Paid prabhat Roadways\r\nL.R.no. BH/1094 * 10.04.25\r\n','prabhat-roadways-l-r-1094-10-04-25.pdf',1),(1119,1174,3,'2025-04-10',120.00,'travelling Expense paid to Mr. Pravin for the day',NULL,1),(1120,1175,4,'2025-04-11',400.00,'Tempo charges paid for , collected from V ytans  to Godown L.R.no. 4022513109 * 03.04.25',NULL,1),(1121,1176,1,'2025-04-11',257.00,'Freight service charges p[aid to V trans for 4 nos.\r\nL.R.no. 402251310 & CR NO. 242410297039 * 10.04.25\r\n','vtrans-cr-242410297039-10-04-25.pdf',1),(1122,1177,4,'2025-04-11',300.00,'Tempo charges paid for Bhiwandi Tarapur  & Shivbhakti transport A/c \r\nA/c Chudekar  &  Hindustan sales\r\nbill no. 050 & 51 * 11.04.25\r\n\r\n',NULL,1),(1123,1178,1,'2025-04-11',350.00,'Freight paid to Shivbhakti transport \r\nA/C Chudekar L.R.no. 9847 * 11.04.25\r\n\r\n','shiv-bhakti-l-r-9847-11-04-25.pdf',1),(1124,1179,3,'2025-04-11',120.00,'Travelling expense paid to Mr. Pravin for the day',NULL,1),(1125,1180,3,'2025-04-12',1000.00,'Travelling expense as advance paid to Mr. Patil for month-April 2025\r\n',NULL,1),(1126,1181,6,'2025-04-12',40.00,'Courier charges paid for Mumbai office',NULL,1),(1127,1182,3,'2025-04-12',120.00,'Travelling expense paid to Mr. pravin for the day\r\n',NULL,1),(1128,1183,4,'2025-04-14',400.00,'Tempo chares paid for , collected from  Namdwana  Transport & booked  Janhavi Transport   A/c Riva Techno  bill no. 054 * 14.04.2025\r\n',NULL,1),(1129,1184,4,'2025-04-14',300.00,'Tempo charges paid for ,collected from Hermant  tradi g & booked to v \r\nTrans f\r\nA/c Neo Machine  bill no. 057 * 14.04.25\r\n\r\n',NULL,1),(1130,1185,1,'2025-04-14',910.00,'Freight paid to Shree Nandwana for 4 nos from Dhruv Agencies L.R.no. 1584929 * 10.04.25\r\n\r\n',NULL,1),(1131,1186,3,'2025-04-14',120.00,'Travelling Expense paid to Mr.Pravin  for the day\r\n',NULL,1),(1132,1187,4,'2025-04-15',200.00,'Tempo charges paid for Yashwant transport A/c Chudekar & Baba Electricals bill no. 064 & 065 * 15.04.25\r\n',NULL,1),(1133,1188,1,'2025-04-15',1200.00,'freight paid to Yashwant Transport A/c BABA Electricals L.R.no. 2049 * 15.04.25','yashwant-transport-l-r-2049-15-04-25.pdf',1),(1134,1189,1,'2025-04-15',300.00,'freight paid to Yashwant Transport \r\nA/c  Chudekar  L.R.no. 2048 * 15.04.2025\r\n','yashwant-transport-l-r-2048-15-04-25.pdf',1),(1135,1190,2,'2025-04-15',3500.00,'Labour Charges paid for Loading At Yogeshwqar foe BES ahmedabad\r\n ',NULL,1),(1136,1191,3,'2025-04-15',120.00,'Travelling Expense paid to Mr. Pravin \r\nfor the day\r\n',NULL,1),(1137,1192,4,'2025-04-16',200.00,'Delivery charges paid by Auto From \r\nHanuman To ACPL bill no. 067 * 16.04.25 A/c Noble Procetech\r\n\r\n',NULL,1),(1138,1193,4,'2025-04-16',300.00,'Tempo charges paid for VRL  , Hemant to Anaya Transport A/c Intech Polymer\r\nbill no. 072 * 16.04.2025 & Road Equipment bill no. 071 * 16.04.25\r\n\r\n',NULL,1),(1139,1194,3,'2025-04-16',120.00,'Travelling Expense paid to Mr. Pravin For the day\r\n',NULL,1),(1140,1195,4,'2025-04-17',200.00,'Tempo charges paid for , Collected from Hemant Trading To Godown\r\n',NULL,1),(1141,1196,4,'2025-04-17',300.00,'Tempo charges paid for ,Colllected fro Hanuman Power',NULL,1),(1142,1197,1,'2025-04-17',600.00,'Freight Paid to New Gajanan Transpor\r\nL.R.no. 962 * 17.04.2025 for 6 nos.A/c Vayuvents\r\n','new-gajanan-transport-l-r-962-17-04-25.pdf',1),(1143,1198,4,'2025-04-17',200.00,'Tempo chargers paid for New Gajanan Transport A/c Vayuvents . bill no. 077 * 17.04.2025\r\n',NULL,1),(1144,1199,4,'2025-04-18',200.00,'Tempo charges paid for aditya  Transport ',NULL,1),(1145,1200,1,'2025-04-18',300.00,'Freight paid to Aditya Transport \r\nA/c Chotiwala ,L.R. no. 9965 * 18.04.2025\r\n\r\n','aditya-transport-l-r-9965-18-04-25.pdf',1),(1146,1201,4,'2025-04-18',300.00,'Tempo charges  paid for Vtrans \r\nA/c BES , Bill no. 0083 * 18.04.25\r\n',NULL,1),(1147,1202,4,'2025-04-19',350.00,'Tempo charges paid for ,collected from V Trans To Godown , L.R.no. 4022514420 * 16.04.2025 for 2 nos from aslali',NULL,1),(1148,1203,1,'2025-04-19',107.00,'Freight service charges paid to V Trans  C R.no. 242410306947 *  19.04.2025\r\n','v-trans-cr-242410306947-19-04-25.pdf',1),(1149,1204,4,'2025-04-19',200.00,'Tempo charges paid for , collected from  Hemant trtading to Godown',NULL,1),(1150,1205,1,'2025-04-19',150.00,'Freight paid to Janhavi transport for mumbai office\r\n0.75kne4 - 1\r\nL.R. no. 80068 * 19.04.2025\r\n','janhavi-transport-l-r-80068-19-04-25.pdf',1),(1151,1208,4,'2025-04-21',200.00,'Tempo charges paid for Yashwant Transport A/c Ganesh Transline\r\nBill no. 093 * 21.04.2025\r\n',NULL,1),(1152,1209,1,'2025-04-21',600.00,'Freight Paid To Yashwant Transport \r\nA/c ganesh Transline To mahalaxmi Generators\r\nL.R. No. 6077 * 21.04.2025\r\n',NULL,1),(1153,1210,4,'2025-04-21',150.00,'Tempo charges paid  For Premganga Transport A/c Hindustan Sales \r\nbill no. 096 * 21.04.2025\r\n',NULL,1),(1154,1211,4,'2025-04-22',200.00,'Tempo charges paid for Yashwant  Transport A/c Shreehari Logistics \r\nBill no. 105 * 22.04.2025\r\n',NULL,1),(1155,1212,1,'2025-04-22',1200.00,'Freight paid To  Yashwant Transport\r\nA/c Shreehari Logistics For Mahalaxmi Generators\r\nL.R.No. 6095 * 22.04.2025\r\n ','yashwant-transport-l-r-no-6095-22-04-25.pdf',1),(1156,1213,4,'2025-04-22',350.00,'Tempo charges Paid for , Collected From Hemant & Booked to N.G.Transport  A/c National Hydraulics  +  Arunah Transport A/c K.P. Engineering  Bill no. 98  & 101 * 22.04.25  ',NULL,1),(1157,1214,3,'2025-04-22',120.00,'Travelling Expense Paid to Mr. Pravin\r\nfor the day\r\n',NULL,1),(1158,1215,3,'2025-04-23',120.00,'Travelling Expense paid to Mr. Pravin For The day\r\n',NULL,1),(1159,1216,3,'2025-04-24',120.00,'Travelling Expense paid to Mr. Pravin For the day\r\n',NULL,1),(1160,1217,4,'2025-04-25',300.00,'Tempo charges paid for ,From Godown To Hemant , collected from Hemant Trading  & Booked to \r\nNew Gajanan Transport & Yashwant Transport A/c Vayuvents & Chudekar\r\nBill no./ 122 & 123  * 25.04.2025\r\n',NULL,1),(1161,1218,1,'2025-04-25',500.00,'Freight paid to New Gajanan Transport\r\na/c Vayuvents  for 5 Nos.\r\nL.R.No. 1100 * 25.04.2025\r\n ','new-gajanan-transport-l-r-1109-25-04-25.pdf',1),(1162,1219,1,'2025-04-25',150.00,'Freight paid to Yashwant Transport \r\nA/c Chudekar For 1 No.\r\nL.R.No. 6165 * 25.04.2025\r\n','yashwant-transport-l-t-6155-25-04-2025.pdf',1),(1163,1220,3,'2025-04-25',120.00,'Travelling Expense Paid to Mr. Pravin For the day',NULL,1),(1164,1221,4,'2025-04-26',500.00,'Tempo Charges paid for , Collected from  S.S.Engg  To  N.G. transport a/c BKWT & Vtrans To Godown\r\nBill no. 128 * 26.04.2025\r\n',NULL,1),(1165,1222,1,'2025-04-26',132.00,'Freight Service charges paid to VTrans \r\nFrom Aslali , L.R.No. 4022515190  & CR No. 242410314198 * 26.04.2025\r\n ','v-trans-l-r-cr-no-242410314198-26-04-25.pdf',1),(1166,1223,3,'2025-04-26',120.00,'Travelling expense paid to Mr. pravin for the day',NULL,1),(1167,1224,4,'2025-04-28',200.00,'Tempo charges paid for Yashwant Transport a/c Chudekar Agro Bill no. 138 * 28.04.2025\r\n',NULL,1),(1168,1225,1,'2025-04-28',250.00,'Freight paid To Yashwant Transport A/c Chudekar  L.R.No. 6204 * 28.04.2025\r\n','yashwant-transport-l-r-6204-26-04-25.pdf',1),(1169,1226,3,'2025-04-28',120.00,'Travelling Expense paid to Mr. Pravin For the day',NULL,1),(1170,1227,4,'2025-04-29',200.00,'Tempo charges paid for Janhavi Transport A/c Tellus Bill no. 139 *\r\n29.04.2025\r\n',NULL,1),(1171,1228,1,'2025-04-29',800.00,'Freight paid to Janhavi Transport A/c tellus For RBS Air  L.R.No. 86602 * 29.04.2025\r\n','janhavi-transport-66602-29-04-25.pdf',1),(1172,1229,3,'2025-04-29',120.00,'Travelling expense paid to Mr. Pravin for the day',NULL,1),(1173,1230,3,'2025-04-30',120.00,'Travelling expense paid to Mr. Pravin For the day',NULL,1),(1174,1231,2,'2025-04-30',200.00,'Loading Charges paid at Yogeshwar for 1 no.45KP2 flg\r\n ',NULL,1),(1175,1232,4,'2025-05-02',700.00,'Tempo charges paid for \r\n1) collected from  V Trans  +  Shree Nandwana  & booked to J.D Transport A/c Sealent ,GHasket\r\nbill no.142 * 30.04.25\r\n2) collected from Hemant trading to Yogeshwar A/c Mark engg',NULL,1),(1176,1233,1,'2025-05-02',145.00,'Freight service charges paid to V Trans against L.R. 402215600 & CR No. 242410320557 * 02.05.2025','vtrans-l-r-cr-no-242410320557-02-05-25.pdf',1),(1177,1234,1,'2025-05-02',123.00,'Freight service charges paid to V Trans against L.R. 4022515737 & CR No. 242410320549 * 02.05.2025\r\n','vtrans-l-r-cr-no-242410320549-02-05-2025-1.pdf',1),(1178,1235,1,'2025-05-02',270.00,'Freight charges paid to shree Nandwana against L.R. 1585679 49 * 29.04.2025 From Dhruv , vapi\r\n','shree-nandwana-transport-l-r-no-1585679-29-04-2025.pdf',1),(1179,1236,4,'2025-05-02',250.00,'Tempo charges paid for Transfer from  J.D.Transport  to Prabhat & Aditya transport A/c Sealent gasket ',NULL,1),(1180,1237,1,'2025-05-02',1300.00,'Freight paid to Prabhat Roadways \r\nA/c Sealant , L.R. no. 3823 * 02.05.2025\r\n','prabhat-roadways-l-r-3823-02-05-25.pdf',1),(1181,1238,1,'2025-05-02',300.00,'Freight paid to Aditya Transport\r\nA/c Chotiwala , L.R. no. 35550 * 02.05.2025\r\n\r\n','aditya-transport-l-r-5550-02-05-25.pdf',1),(1182,1239,4,'2025-05-02',200.00,'Tempo charges paid for Aditya Transport A/c Chotiwala bill no. 151 * 02.05.2025\r\n',NULL,1),(1183,1240,2,'2025-05-02',630.00,'Drinking Water charges for godown \r\nmonth - April 25\r\n@ Rs.35 x 18 Batla\r\n(copy attached)\r\n','diinking-water-bill-april-25.pdf',1),(1184,1241,3,'2025-05-02',120.00,'Travelling Expense paid to Mr. Pravin \r\nfor the day\r\n',NULL,1),(1185,1242,4,'2025-05-03',150.00,'Delivery charges by Auto,\r\ncollected from V Trans to Godown\r\nL.R.no. 4022009257 * 29.04.2025\r\nfor 2 nos.HGN100 Punp\r\n',NULL,1),(1186,1243,1,'2025-05-03',106.00,'Freight service charges paid to V Trans for for 2 nos.HGN 100\r\nCR Not issued\r\n','vtrans-l-r-cr-no-242410320549-02-05-2025.pdf',1),(1187,1244,1,'2025-05-03',100.00,'Freight paid to Janhavi transport \r\nA/c K.B.Machineries for Doulton \r\nL.R.no. 88984 * 03.05.2025\r\n','janhavi-transport-l-r-88984-03-05-2025.pdf',1),(1188,1245,4,'2025-05-03',300.00,'Tempo charges paid for , collected from Hanuman Power to Godown\r\nA/c Chotowala\r\n',NULL,1),(1189,1246,4,'2025-05-03',200.00,'Tempo charges paid for , collected from Hemant trading to Godown \r\nA/c  Chotiwala\r\n',NULL,1),(1190,1247,3,'2025-05-03',2120.00,'Bal Amt .of Travelling Expense  paid to Mr.Patil for Month - April 25\r\nRs.120/- X 26 days - 3120/-\r\n(1000/- already paid)',NULL,1),(1191,1248,6,'2025-05-03',40.00,'Courier charges for Mumbai Office',NULL,1),(1192,1249,2,'2025-05-05',700.00,'Unloading charges By Forklift at Yogeshwar For 1 No. 315FLp',NULL,1),(1193,1250,3,'2025-05-06',120.00,'Travelling Expense paid to Mr. Pravin \r\nfor the day\r\n',NULL,1),(1194,1251,3,'2025-05-07',120.00,'Travelling Expense paid to Mr. Pravin for the day',NULL,1),(1195,1252,4,'2025-05-08',200.00,'Tempo charges paid for  Yasahwant Transport A/c M.K. Diesel Bill no. 173 * 08.05.2025',NULL,1),(1196,1253,1,'2025-05-08',600.00,'Freight Paid to Yashwant Transport A/c M,K,Diesel For Waris Generators \r\nL.R.No. (Details Pending )',NULL,1),(1197,1254,3,'2025-05-08',120.00,'Travelling Expense Paid to Mr. Pravin  for the day\r\n',NULL,1),(1198,1255,3,'2025-05-09',120.00,'Travelling Expense paid to Mr. Pravin \r\nfor the day\r\n ',NULL,1),(1199,1256,3,'2025-05-10',120.00,'Travelling Expense paid to Mr. Pravin for the day',NULL,1),(1200,1257,4,'2025-05-12',400.00,'Tempo Charges paid for , Collected from Shree Nandwana Transport  & Booked to Bhiwandi Tarapur \r\n(Details Pending)\r\n ',NULL,1),(1201,1258,1,'2025-05-12',270.00,'Freight Paid To Shree Nandwana Transport  for 1 No.\r\n(Details Pending )\r\n',NULL,1),(1202,1259,3,'2025-05-12',120.00,'Travelling Expense Paid to Mr.Pravin For the day\r\n',NULL,1),(1203,1260,4,'2025-05-13',200.00,'Tempo charges paid for V Trans\r\n(Details Pending)\r\n',NULL,1),(1204,1261,4,'2025-05-13',200.00,'Tempo charges paid for , collected from Hemant Trading & Booked to Aditya Transport  \r\n(details pending)\r\n',NULL,1),(1205,1262,4,'2025-05-13',300.00,'Tempo charges paid for Aditya Transport & Janhavi transport \r\n(Details pending )',NULL,1),(1206,1263,1,'2025-05-13',800.00,'Freight Paid To Janhavi Transport \r\n(Details Pending)\r\n',NULL,1),(1207,1264,3,'2025-05-13',120.00,'Travelling Expense paid to Mr. Pravin for the day',NULL,1),(1208,1265,2,'2025-05-14',700.00,'Loading Charges  by Forklift for 1 no. Motor at yogeshwar\r\n',NULL,1),(1209,1266,2,'2025-05-14',105.00,'Amt Paid for Snacks & Tea at Godown',NULL,1),(1210,1267,3,'2025-05-14',120.00,'Travelling Expense paid to Mr. Pravin for the day\r\n',NULL,1),(1211,1270,4,'2025-05-15',400.00,'Tempo charges paid for , collected from V Trans  & booked to Janhavi Transport  Bal To Godown\r\nL.R.no. 4022517047 * 12.05.25\r\n               4022516924 * 10.05.25\r\n',NULL,1),(1212,1271,1,'2025-05-15',172.00,'Freight service charges paid to Vtrans \r\nfor 1 no. CR no. 24241033284 * 15.05.2025\r\n',NULL,1),(1213,1272,1,'2025-05-15',132.00,'Freight service charges paid to Vtrans \r\nfor 1 no. CR no. 24241033294 * 15.05.2025',NULL,1),(1214,1273,1,'2025-05-15',600.00,'Freight paid to Janhavi transport \r\nA/c Shivkrupa Flour mill  L.R. no. 97603 * 15.05.2025\r\n',NULL,1),(1215,1274,4,'2025-05-15',150.00,'Tempo charges paid for , Collected from Arvind Electricals for 1 no. BBL motor & booked to janhavi transport',NULL,1),(1216,1275,3,'2025-05-15',120.00,'Travelling Expense Paid To Mr. Pravin For the day\r\n',NULL,1),(1217,1276,3,'2025-05-16',120.00,'Travelling Expense paid to Mr. Pravin For the day',NULL,1),(1218,1277,4,'2025-05-17',300.00,'Tempo charges paid for , Collected from V Trans & Booked to Janhavi Transport A/c Naik Brass\r\nL.R.No. 4022517120 * 13.05.2025',NULL,1),(1219,1278,1,'2025-05-17',109.00,'Freight Service charges paid to  Vtrans\r\nFor 1 No. 11KE4\r\nCR No. 242410336671 * 17.05.2025',NULL,1),(1220,1279,1,'2025-05-17',200.00,'Freight charges Paid to Janhavi Transport A/c Naik Brass l.R.No. 99245 * 17.05.2025\r\n',NULL,1),(1221,1280,2,'2025-05-17',300.00,'Amt Paid for E mal; Copy Charges For Period 13.05 To 17.05',NULL,1),(1222,1281,3,'2025-05-17',1000.00,'Travelling Expense as Advance Paid to\r\nMr.Patil ',NULL,1),(1223,1282,6,'2025-05-17',40.00,'Courier charges paid for Mumbai Office',NULL,1),(1224,1283,3,'2025-05-17',120.00,'Travelling Expense paid to Mr. Pravin for the day\r\n',NULL,1),(1225,1284,4,'2025-05-19',3000.00,'Delivery by Special Tempo to Kalamboli A/c Sri Srivalli Transport\r\nfor 6 Nos. Alternators\r\nBill no. 0227 * 19.05.2025',NULL,1),(1226,1285,3,'2025-05-19',120.00,'Travelling Expense Paid To Mr. Pravin for the day\r\n',NULL,1),(1227,1286,4,'2025-05-21',200.00,'Tempo charges paid for Aditya Transport A/c Chotiwala \r\nbill no. 231 * 21.05.25',NULL,1),(1228,1287,1,'2025-05-21',450.00,'Freight paid to Aditya Transport A/c \r\nChotiwala L.R.no. 4398 * 21.05.2025',NULL,1),(1229,1288,2,'2025-05-21',700.00,'Unloading charges by Forklift for\r\n 2 nos. from CGL  Thru. BGT\r\n',NULL,1),(1230,1289,4,'2025-05-23',400.00,'Tempo charges paid for , Collected from Hiren  from 2 place  for 2 Pumps\r\nto Godown',NULL,1),(1231,1290,4,'2025-05-23',100.00,'Tempo charges paid for Janhavi Transport A/c Yazad Engg\r\nBill no. 240 * 23.05.2025',NULL,1),(1232,1291,4,'2025-05-24',150.00,'Tempo charges paid for Janhavi Transport  A/c IVidya Engineers\r\nBill no. 247 * 24.05.2025\r\n',NULL,1),(1233,1292,1,'2025-05-24',300.00,'Freight Paid to janhavi Transport A/c Vidya Engineers to Byculla\r\nL.R.No. 4907 * 24.05.2025\r\n',NULL,1),(1234,1293,4,'2025-05-24',200.00,'Tempo charges paid for Anaya Transport A/c Intech Pulveriser\r\nBill no. 245 * 24.05.2025\r\n',NULL,1),(1235,1294,1,'2025-05-26',240.00,'Freight service charges paid to V trans \r\nAgainst L.R. no. 4022517863 * 20.05.25 & CR No. 242410345471 * 26.05.2025\r\n',NULL,1),(1236,1295,1,'2025-05-26',100.00,'Freight paid to Janhavi transport A/c \r\nKalpana Electricals\r\n(details pending )',NULL,1),(1237,1296,3,'2025-05-26',120.00,'Travelling Expense paid to Mr. Pravin \r\nfor the day\r\n',NULL,1),(1238,1297,4,'2025-05-27',350.00,'Tempo charges paid for , collected from Hemant Trading  & bked to Janhavi  & Bhiwandi Tarapur\r\nA/c Hindustan sale , Kalpana Electeicals & Limra Engg',NULL,1),(1239,1298,1,'2025-05-27',100.00,'Freight Paid To Janhavi Transport for 1 no. A/c Kalapna Electricals\r\n(details pending )',NULL,1),(1240,1299,1,'2025-05-27',300.00,'Freight Paid To Janhavi Transport for 1 no. A/c Limra Engineering\r\n(details pending )',NULL,1),(1241,1300,2,'2025-05-26',1300.00,'Unloading Charges at Godown from CGL ,Thru. BGT for 26 Nos. Alternators\r\n',NULL,1),(1242,1301,3,'2025-05-27',120.00,'Travelling Expense [aid to Mr. Pravin For the Day\r\n',NULL,1),(1243,1302,4,'2025-05-28',500.00,'Tempo Charges paid for , Collected from V Trans To Godown\r\nFor 5 nos. from BEs\r\n(Details Pending)\r\n',NULL,1),(1244,1303,1,'2025-05-28',347.00,'Freight Service Charges paid to V trans for 2 nos. 37PF2 \r\nL.R.no. 402218212 & CR No. 242410347844 * 28.05.2025',NULL,1),(1245,1304,1,'2025-05-28',118.00,'Freight Service Charges paid to V trans for 3 nos. \r\nL.R.no. 4022518030  & CR No. 242410347847 * 28.05.2025\r\n',NULL,1),(1246,1305,2,'2025-05-28',300.00,'Loading & Unloading charges for 37EF2 - 2 nos.\r\n',NULL,1),(1247,1307,1,'2025-05-29',150.00,'Freight paid to janhavi Transport A/c RBS Air , Bill no. 273 * 29.05.2025\r\n(L.R .Pending)',NULL,1),(1248,1308,3,'2025-05-29',120.00,'Travelling Expense paid to Mr. Pravin for the day\r\n',NULL,1),(1249,1309,4,'2025-05-31',200.00,'Tempo charges paid for Kalayatan Cargo A/c BES For S.R.\r\nbill no. 280 * 31.05.2025',NULL,1),(1250,1310,2,'2025-05-31',20.00,'Rickshaw fare to Hanuman power',NULL,1),(1251,1311,4,'2025-06-02',200.00,'Tempo charges paid for ACPL  A/c Allweiller bill no. 0287 * 02.06.2025',NULL,1),(1252,1312,1,'2025-06-02',100.00,'Freight paid To Shiv Bhakti  Transport A/c Chudekar  l.r. no, 4309 * 02.06.25',NULL,1),(1253,1313,4,'2025-06-02',150.00,'Tempo charges paid for shivnhakti trans[port fro jayprakash\r\nbill no., 0289 * 02.06.2025',NULL,1),(1254,1314,4,'2025-06-03',200.00,'Tempo charges paid for V trans  A/c BES , Bill no.295 * 03.06.2025\r\n',NULL,1),(1255,1315,4,'2025-06-04',400.00,'Tempo charges paid for Aditya Transport From Jayprakash  A/c Chotiwala Bill no. 298 * 04.06.2025\r\n',NULL,1),(1256,1316,1,'2025-06-04',300.00,'Freight paid to Aditya transport \r\nL.R. no. 9225 * 04.06.2025\r\n',NULL,1),(1257,1317,2,'2025-06-04',450.00,'Unloading Charges at Yogeshwar for \r\n9 Nos. alternators from CGL ,Thru. BGT\r\n',NULL,1),(1258,1318,4,'2025-06-06',300.00,'Tempo charges paid for . From Godown To Hemant & Booked to Aditya Transport  For 6 Nos. A/c Chotiwala Bill no. 307 * 06.06.2025\r\n',NULL,1),(1259,1319,1,'2025-06-06',900.00,'Freight paid to Aditya Transport For    6 Nos. A/ c Chotiwala  L.r No. 9371 * 06.06.2025',NULL,1),(1260,1320,4,'2025-06-06',200.00,'Temp charges paid Kalayatan  A/c BES ,For S.R. bill no. 308 * 06.06.2025\r\n',NULL,1),(1261,1321,2,'2025-06-07',420.00,'Drinking water charges paid to Tanvi Water at Godown For Month - May - 25\r\n@35/-  x 12 Batla',NULL,1),(1262,1322,3,'2025-06-07',1850.00,'Balance Amt Of Travelling Expense paid to Mr. Patil  For Month of May - 25\r\nRs.120 x 23 days\r\nRs.30 x 3 days (for mumbai)',NULL,1),(1263,1323,6,'2025-06-07',40.00,'Courier charges for Mumbai Office\r\n',NULL,1),(1264,1324,3,'2025-06-09',120.00,'Travelling Expense Paid to Mr. Pravin \r\nfor the day',NULL,1),(1265,1325,3,'2025-06-10',120.00,'Travelling Expense Paid To Mr. Pravin  for the day\r\n',NULL,1),(1266,1326,4,'2025-06-11',500.00,'Tempo charges Paid for  , Collected from ACPL & Vtrans \r\n(Details Pending)\r\n',NULL,1),(1267,1327,1,'2025-06-11',1495.00,'Freight Service charges paid to V Trans for 7 Nos. From General Electric , Ankleshwar\r\nL.R.No. 4052125710 * 07.06. & \r\nCRNo. 242410360401 * 07.06.2025\r\n\r\n\r\n',NULL,1),(1268,1328,3,'2025-06-11',120.00,'Travelling Expense paid  to Mr. Pravin For the Day',NULL,1),(1269,1329,4,'2025-06-12',200.00,'Tempo charges paid for Yashwant Transport A/c C.K. Bhardwaj\r\nBill no. 325 * 12.06.2025\r\n',NULL,1),(1270,1330,1,'2025-06-12',600.00,'Freight paid To Yashwant Transport  To United Engg  A/c C.K. Bhardwaj\r\nL.R.no. 8799  * 12.06.2025\r\n\r\n',NULL,1),(1271,1331,4,'2025-06-12',150.00,'Tempo charges paid for Janhavi Transport A/c Rizwan Engg \r\nBill no. 0329 * 12.06.2025',NULL,1),(1272,1332,2,'2025-06-12',200.00,'Loading charges 37PF2 - 2 nos.',NULL,1),(1273,1333,3,'2025-06-12',120.00,'Travelling Expense Paid To Mr. Pravin \r\nfor the day',NULL,1),(1274,1334,4,'2025-06-13',400.00,'Tempo charges paid for , collected from  ACPL & Vtrans\r\n',NULL,1),(1275,1335,1,'2025-06-13',513.00,'Freight Paid To V Trans For 1 no.\r\nfrom Prakash Electric , Ahmedabad\r\nL.R.no. 4023041865 * 09.06 & CR No. \r\n242410362355 * 09.06.2025\r\n',NULL,1),(1276,1336,4,'2025-06-13',200.00,'Tempo charges paid for ,\r\nCollected from V Trans & Delivered to Vashi Electricals\r\n',NULL,1),(1277,1337,3,'2025-06-13',120.00,'Travelling Expense paid to Mr. Pravin\r\nFor the day\r\n',NULL,1),(1278,1340,4,'2025-06-14',500.00,'Tempo Charges paid for , Collected from V trans To Yogeshwar Godown\r\nFrom BES, Ahmedabad For 31 nos.\r\nL.R.no. 4022012421 , 4022012353 & 4022012489 Dtd 11.06.2025\r\n',NULL,1),(1279,1341,1,'2025-06-14',106.00,'Freight service charges paid to V trans\r\nfor 1 no. against l.r. 4022012471 & CT No, 242410367946 * 14.06.2025',NULL,1),(1280,1342,1,'2025-06-14',459.00,'Freight  Service charges paid to Vtrans  for 23 nos against L.R.mo. 4022012353  & CR No. 242410367920 * 14.06.2025',NULL,1),(1281,1343,1,'2025-06-14',172.00,'Freight  Service charges paid to Vtrans  for 7 nos against L.R.mo. 4022012489 & CR No. 242410367932 * 14.06.2025',NULL,1),(1282,1344,6,'2025-06-14',40.00,'Courier charges for Mumbai Office',NULL,1),(1283,1345,3,'2025-06-14',120.00,'Travelling expense paid to Mr. Pravin  for the day',NULL,1),(1284,1347,4,'2025-06-16',701.00,'Tempo Charges paid for , Collected Motor Thru. Porter From Kalyan Comm. Corpn , bill no. 669 * 16.06\r\nA/c Target ',NULL,1),(1285,1348,2,'2025-06-16',700.00,'Loading Charges by Forklift For 2 Nos.\r\nA/c Rajesh Machinery',NULL,1),(1286,1349,4,'2025-06-16',1315.00,'Delivery charges by special temoo thru. Porter A/c Target Hydrautech , Bill no. 347 * 16.06.2025',NULL,1),(1287,1350,3,'2025-06-16',120.00,'Travelling Expense Paid To Mr.Pravin For The Day\r\n',NULL,1),(1288,1351,4,'2025-06-17',300.00,'Tempo charges paid for Janhavi Transport & N.G. Transport  a/c \r\nTellus  & BKWT Bill no. 0357 & 359 Dtd. 17.06.2025\r\n',NULL,1),(1289,1352,1,'2025-06-17',400.00,'Freight Paid to Janhavi Transport  A/c Tellus . L.R.No. 27888 * 17.06.2025\r\n',NULL,1),(1290,1353,3,'2025-06-17',120.00,'Travelling Expense paid to Mr. Pravin For the day\r\n',NULL,1),(1291,1354,2,'2025-06-18',400.00,'Unloading Charges at Yogeshwar For 8 nos. Alternators from CGL Thru. BGT',NULL,1),(1292,1355,3,'2025-06-18',120.00,'Travelling Expense paid to Mr. Pravin For The Day\r\n',NULL,1),(1293,1356,4,'2025-06-19',200.00,'Tempo Charges paid For Yashwant Transport A/c Smith Road lines  bill no. 0368 * 19.06.2025\r\n ',NULL,1),(1294,1357,1,'2025-06-19',1200.00,'Freight Paid to Yashwant Transport for \r\n2 Nos. A/c Smith Roadlines  for Mahalaxmi generators\r\nL.R. No.8915 * 19.06.2055\r\n.',NULL,1),(1295,1358,1,'2025-06-19',300.00,'Freight paid to Janhavi Transport  to Fort Office A/c Amit Engg\r\n',NULL,1),(1296,1359,3,'2025-06-19',120.00,'Travelling Expense Paid To Mr. Pravin For The day\r\n',NULL,1),(1297,1360,4,'2025-06-20',500.00,'Tempo charges paid for , Collected from Hanuman Power  & Bked To ACPL (Bes a\'bad to Noble) & Bal to Godown',NULL,1),(1298,1361,4,'2025-06-20',300.00,'Tempo cahrges paid for Bhadra Transport a/c Thorat Filtration\r\nBill no. 0363 * 20.06.2025',NULL,1),(1299,1362,1,'2025-06-20',300.00,'Freight Paid To Bhadra Transport \r\nA/c Thorat Filtration  , L.R.No. 4542 * 20.06.2025\r\n',NULL,1),(1300,1363,3,'2025-06-20',120.00,'Travelling Expense paid to Mr. Pravin for The Day\r\n',NULL,1),(1301,1364,6,'2025-06-21',40.00,'Courier charges for Mumbai Office\r\n',NULL,1),(1302,1365,3,'2025-06-21',120.00,'Travelling Expense Paid To Mr. Pravin For The Day',NULL,1),(1303,1366,4,'2025-06-23',2400.00,'Delivery charges by special Tempo \r\nTo Kalamboli ,Mahalaxmi generatorsa\r\nA/c Ganesh Transline For 5 Nos .Alternators Bill no. 0377 * 23.06.2025\r\n',NULL,1),(1304,1367,2,'2025-06-23',200.00,'Loading charges at Yogeshwar for\r\n 5 nos. Alternators',NULL,1),(1305,1368,1,'2025-06-23',150.00,'Freight paid to Janhavi transport  for 1 no. A/c Trishna Hotel  For H.K.Engineering , bill no. 0385 & L.R.no. 35171 * 23.06.2025',NULL,1),(1306,1369,1,'2025-06-23',100.00,'Freight Paid to Janhavi Transport For 1 no, A./c R.B.S. Air, Bill no. 379  & L.R. no. 35179 * 23.06.2025\r\n',NULL,1),(1307,1370,4,'2025-06-23',150.00,'Tempo charges paid for ACPL  a/c Allweiller Bill no. 038 * 23.06.2025\r\n',NULL,1),(1308,1371,3,'2025-06-23',120.00,'Travelling Expense paid To Mr. Pravin For The day',NULL,1),(1309,1372,4,'2025-06-24',500.00,'Tempo charges paid for , Collected from kalyan Comm & Booked to Kalayatan A/c BES , Ahmedabad, for S.R., Nasik\r\n',NULL,1),(1310,1373,3,'2025-06-24',120.00,'Travelling Expense paid To. Pravin For The Day',NULL,1),(1311,1374,2,'2025-06-25',560.00,'Unloading Charges at Yogeshwar For 28 Nos. from CGL thru. BGT',NULL,1),(1312,1375,3,'2025-06-25',120.00,'Travelling Expense Paid To Mr. Pravin for the day',NULL,1),(1313,1376,4,'2025-06-26',150.00,'Tempo charges paid for Shivbhakti Transport  A/c Chudekar \r\nBill no. 041 * 26.06.2025\r\n',NULL,1),(1314,1377,1,'2025-06-26',100.00,'Freight paid to Shiv Bhakti Transport \r\nL.No. (Details Pending )\r\n',NULL,1),(1315,1378,2,'2025-06-26',460.00,'Loading Charges at Yogeshwar for\r\n 23 Nos. A/c BES ,collected by v Trans Bill no. 0403 Dtd. 26.06.2025\r\n',NULL,1),(1316,1379,2,'2025-06-26',350.00,'Loading Charges at Yogeshwar for \r\n7 Nos. alternators\r\n',NULL,1),(1317,1380,3,'2025-06-26',120.00,'Travelling Expense paid to Mr. Pravin For the day\r\n',NULL,1),(1318,1381,4,'2025-06-27',200.00,'Tempo charges paid for V Trans A/c \r\nBES ,Ahmedabad For  0.75PN4Flg\r\nRef Bill 0810 * 27.06.2025\r\n',NULL,1),(1319,1382,3,'2025-06-27',120.00,'Travelling Expense Paid To Mr. Parvin \r\nfor the day\r\n',NULL,1),(1320,1383,3,'2025-06-28',120.00,'Travelling Expense paid To Mr. Pravin For The day\r\n',NULL,1),(1321,1384,3,'2025-06-30',120.00,'Travelling Expense Paid To Mr. Pravin For The day\r\n',NULL,1),(1322,1385,4,'2025-07-01',300.00,'Tempo charges paid for V Trans A/c \r\nBES , Bill No. 0428 * 01.7.2025\r\n ',NULL,1),(1323,1386,4,'2025-07-01',200.00,'Tempo charges paid for Bhavana Roadways A/c BES For Del pd\r\nBill no. G/89 * 01.07.2025',NULL,1),(1324,1387,3,'2025-07-01',120.00,'Travelling Expense Paid to Mr. Pravin\r\nfor the day\r\n ',NULL,1),(1325,1388,4,'2025-07-02',300.00,'Tempo charges paid for  Vtrans & Yashwant Transport  A/c  Chudekar  & BES  Bill no. 432 & 431 * 02.07.2025\r\n',NULL,1),(1326,1389,1,'2025-07-02',150.00,'Freight Paid To Yashwant Transport A/c Chudekar L.R. No. 9175 * 02.07.2025',NULL,1),(1327,1390,3,'2025-07-02',120.00,'Travelling Expense Paid To Mr. Pravin  For The Day \r\n',NULL,1),(1328,1391,4,'2025-07-03',1419.00,'Delivery Charges By Special Tempo \r\nTo Kalamboli A/c Sri Srivalli\r\nThru. Porter\r\n',NULL,1),(1329,1392,2,'2025-07-03',200.00,'Loading Charges for 4 Nos. Alternators at Godown ',NULL,1),(1330,1393,3,'2025-07-03',120.00,'Travelling Expense Paid To Mr. Pravin For the day\r\n',NULL,1),(1331,1394,2,'2025-07-04',1200.00,'Unloading Charges at Yogeshwar for 147 Nos. from CGL ,Goa Thru.ACPL\r\n/ BGT',NULL,1),(1332,1395,4,'2025-07-04',200.00,'Tempo chargers Paid For VTrans A/c BES  Bill No. 0438 * 04.07.2025\r\n',NULL,1),(1333,1396,1,'2025-07-04',100.00,'Freight Paid To Janhavi Transport A/c RBS Air  L.r. no. 43751 * 04.07.2025',NULL,1),(1334,1397,1,'2025-07-04',100.00,'Freight Paid To Janhavi Transport A/c shakti machine   L.r. no. 43752 * 04.07.2025',NULL,1),(1335,1398,3,'2025-07-04',120.00,'Travelling Expense Paid To Mr. Pravin For The day\r\n',NULL,1),(1336,1399,4,'2025-07-05',400.00,'Tempo charges paid For , Collected from V Trans & Booked To Janhavi Transport  A/c RBS',NULL,1),(1337,1401,1,'2025-07-05',500.00,'Freight Paid To Janhavi Transport \r\nA/c RBS Air  L.R. No. 43846 * 05.07.2025',NULL,1),(1338,1402,1,'2025-07-05',123.00,'Freight service charges paid to V Trans Against L.R. no. 4022522456 * 01.07.2025 & CR No. 242410391674 * 05.07.2025\r\n',NULL,1),(1339,1403,1,'2025-07-05',114.00,'Freight service charges paid to V Trans Against L.R. no. 4022522458 * 01.07.2025 & CR No. 242410391675 * 05.07.2025\r\n',NULL,1),(1340,1404,3,'2025-07-05',1560.00,'Travelling Expense  Paid To Mr. Patil\r\nFor Month - June 2025\r\nRs.120/-  x 13 days ',NULL,1),(1341,1405,6,'2025-07-05',40.00,'Courier charges paid for Mumbai office',NULL,1),(1342,1406,3,'2025-07-05',120.00,'Travelling expense paid ti Mr. Pravin for the day\r\n',NULL,1),(1343,1408,4,'2025-07-09',1536.00,'Delivery charges by special tempo (Porter) for 3 nos. Alternator to Kalamboli A/c Bhairavnath Transport \r\nBill no. 470 * 09.07.2025\r\n',NULL,1),(1344,1409,1,'2025-07-09',200.00,'Freight Paid To Hari On Transport \r\nL.R.no. 68701 * 9.07.25',NULL,1),(1345,1410,4,'2025-07-09',350.00,'Tempo Charges paid For VTrans & Janhavi Transport \r\nA/c Trymax  & bes, bill no. 472 & \r\n09.07.2025\r\n',NULL,1),(1346,1411,3,'2025-07-09',120.00,'Travelling Expense Paid To Mr. Pravin For the day\r\n',NULL,1),(1347,1412,4,'2025-07-08',150.00,'Charges paid for Rickshaw Far e , Collected From  Vtrans From BES \r\n(Details Pending)\r\n',NULL,1),(1348,1413,1,'2025-07-08',106.00,'Freight Service Charges Paid To VTrans  against L.R.no. 402252829 * 04.07 & CR No. 242410394324 * 08.07.25\r\n\r\n',NULL,1),(1349,1414,1,'2025-07-08',100.00,'Freight Paid To Janhavi Transport \r\nA/c RBS Air , bill no, 0465 * 08.07.2025\r\n(details pending)\r\n\r\n',NULL,1),(1350,1415,4,'2025-07-08',250.00,'Tempo charges paid For Raigad Roadways & Aditya Transport \r\nA/.c Star Hardware & Aloke alloys\r\n',NULL,1),(1351,1416,1,'2025-07-08',400.00,'Freight Paid To Aditya Transport \r\nA/c Aloke Allloys\r\nL.R.no. 2179 * 08.07.2025\r\n',NULL,1),(1352,1417,4,'2025-07-08',2000.00,'Delivery Charges By Special Tempo to Kalamboli  A/c S.B.Logistics & Abhay Motors Bill no. 462 & 461 * 08.07.2025',NULL,1),(1353,1418,3,'2025-07-08',120.00,'Travelling Expense paid  To Mr. Pravin for the day\r\n',NULL,1),(1354,1419,2,'2025-07-07',280.00,'Drinking Water charges paid ay Godown for month - June 25\r\nRs.35 x 8\r\n',NULL,1),(1355,1420,4,'2025-07-07',1350.00,'Loading Charges at Yogeshwar \r\n190 Nos. A/c BES \r\nBill no. 457  * 07.07.25',NULL,1),(1356,1421,3,'2025-07-07',120.00,'Travelling Expense paid to Mr Pravin For The Day\r\n',NULL,1),(1357,1422,4,'2025-07-10',300.00,'Tempo charges paid for Anaya Transport & Janhavi , Bill no. 0482 &482 * 10.07.25 A/c Intech & Shah Electric spares\r\n',NULL,1),(1358,1423,4,'2025-07-10',1748.00,'delivery cgarges by special tempo thru.Porter for 6 nos. bill no. 481 * 10.07.25 A/c Ganesh transline',NULL,1),(1359,1424,3,'2025-07-10',120.00,'Travelling  Expense paid to Mr. Pravin for the day',NULL,1),(1360,1425,4,'2025-07-11',200.00,'Tempo charges paid for , collected from Hemant to Godown\r\n',NULL,1),(1361,1426,6,'2025-07-11',50.00,'Courier charges for Ahmedabad office\r\n\r\n',NULL,1),(1362,1427,3,'2025-07-11',120.00,'Travelling expense paid to Mr. Pravin\r\nfor the day ',NULL,1),(1363,1428,4,'2025-07-12',300.00,'Tempo charges paqid for , collected from V Trans For 4 Nos. L.R.No. 4022523168 * 08.07.2025\r\n',NULL,1),(1364,1429,1,'2025-07-12',150.00,'Freight service charges paid to  V Trans CR no. 242410399272 * 12.07.25\r\n',NULL,1),(1365,1430,3,'2025-07-12',120.00,'Travelling expense paid to Mr.\r\n Pravin for the day\r\n',NULL,1),(1366,1431,4,'2025-07-14',500.00,'Tempo charges paid for delivered to \r\nMark Engineering A/c Aqua Pump\r\nbill no. 0496 * 14.07.2025\r\n',NULL,1),(1367,1432,1,'2025-07-14',150.00,'Freight Paid To Yashwant Transport \r\n(Details Pending)\r\n',NULL,1),(1368,1433,3,'2025-07-14',120.00,'Travelling Expense paid to Mr. Pravin \r\nfor the day\r\n',NULL,1),(1369,1434,4,'2025-07-15',350.00,'Tempo charges paid for Aditya Transport & Raigad Roadways \r\n( Details Pending)\r\n',NULL,1),(1370,1435,1,'2025-07-15',300.00,'Freight Paid To Aditya Transport \r\n(Details Pending)\r\n',NULL,1),(1371,1436,4,'2025-07-15',300.00,'Tempo charges paid for Janhavi Transport & Hajibhai\r\nA/c Tawade Engg & SQ Engineering \r\n(Details pending ) ',NULL,1),(1372,1437,3,'2025-07-15',120.00,'Travelling Expense paid to Mr. Pravin for the day\r\n',NULL,1),(1373,1439,4,'2025-07-16',400.00,'Tempo charges paid for , collected from SCIS  To Godown',NULL,1),(1374,1440,4,'2025-07-16',200.00,'Tempo charges paid for Janjira Goods Transport A/c Sidhivinayak Hardware\r\nBill no. 0508 * 16.07.2025\r\n',NULL,1),(1375,1441,3,'2025-07-16',120.00,'Travelling Expense Paid To Mr.Pravin For the day\r\n',NULL,1),(1376,1442,4,'2025-07-17',2200.00,'Delivery Charges by Special Tempo \r\nTo Kalamboli A/c Susan Cold & Ganesh Transline  Bill no. 13 & 514 * 16.07.2025\r\n',NULL,1),(1377,1443,4,'2025-07-17',300.00,'Tempo charges paid for  , Collected from Hemant Trading & Booked To ACPL  A/c Instant Procrment Bill no. 512 * 17.02.2025\r\n',NULL,1),(1378,1444,4,'2025-07-17',300.00,'Tempo charges paid for Arco & Jagruti \r\nTransport A/c Road Equipment & Cosmic , bill no. 519 &520 * 17.07.25',NULL,1),(1379,1445,4,'2025-07-17',400.00,'Tempo charges paid for , Collected from Hanuman To Godown',NULL,1),(1380,1446,3,'2025-07-17',120.00,'Travelling Expense Paid To Mr. Pravin\r\nFor The day\r\n',NULL,1),(1381,1447,3,'2025-07-18',120.00,'Travelling Expense paid to Mr. Pravin for the day',NULL,1),(1382,1448,4,'2025-07-19',2400.00,'Delivery charges by special tempo to Kalamboli A/c Ganesh Transline \r\nbill no. 525 * 19.07.2025\r\n',NULL,1),(1383,1449,1,'2025-07-19',1360.00,'Freight Paid To VRL A/c Hi  Point \r\nBill no., 530 * 19.07.25\r\nL/R.no. 9019770130 * 19.07.2025\r\n',NULL,1),(1384,1450,6,'2025-07-19',40.00,'courier Chares For Mumbai Office',NULL,1),(1385,1451,3,'2025-07-19',120.00,'Travelling Expense Paid To Mr. Pravin\r\nfor the day\r\n',NULL,1),(1386,1454,4,'2025-07-21',3000.00,'Delivery charges by special tempo to Navha Sheva for 4 nos. Pumps',NULL,1),(1387,1455,3,'2025-07-21',120.00,'Travelling Expense Paid To Mr. Pravin For the day\r\n',NULL,1),(1388,1456,4,'2025-07-22',400.00,'Tempo charges paid for , collected from Hanuman power + godown & booked to Janhavi Transport\r\nA/c Cromson ,Bill no. 0541 * 22.07.25 ',NULL,1),(1389,1457,4,'2025-07-22',1967.00,'Delivery charges by Special Tempo for \r\n6 nos Alternatotrs, thru. Porter',NULL,1),(1390,1458,1,'2025-07-22',200.00,'Freight paid to Prabhat transport A/c Bakul , bill no. 540 & L.R. no. BH/12832 * 22.07.2025\r\n',NULL,1),(1391,1459,3,'2025-07-22',120.00,'Travelling Expense Paid to Mr. Pravin  for the day\r\n',NULL,1),(1392,1460,1,'2025-07-23',150.00,'Freight paid to Janhavi Transport \r\nA/c Epcoat Surface to RBS ,BILL NO., 549  & l.r.NO. 56723 * 23.07.2025\r\n',NULL,1),(1393,1461,3,'2025-07-23',1000.00,'Travelling Expense (advance) paid to\r\nMr. Patil for month - July-25',NULL,1),(1394,1462,3,'2025-07-22',120.00,'Travelling Expense paid to Mr. Pravin for the day',NULL,1),(1395,1463,4,'2025-07-24',200.00,'Temp[o charges paid for Janhavi transport A/c N.P.Electricals\r\nbill no.554 dtd 24.07.2025\r\n',NULL,1),(1396,1464,3,'2025-07-24',120.00,'Travelling Expense paid to Mr. Pravin for the day',NULL,1),(1397,1465,3,'2025-07-25',120.00,'Travelling Expense paid to Mr. Pravin \r\nfor the day',NULL,1),(1398,1466,4,'2025-07-26',300.00,'Tempo charges paid for , m Godown& collected from Hemant & booked to V trans A/c Neo Machine bill no. 557 * 26.7.2025',NULL,1),(1399,1467,4,'2025-07-26',200.00,'Tempo charges paid for , collected from  Hemant  to Godown A/c vashi',NULL,1),(1400,1468,1,'2025-07-26',150.00,'Freight Paid to Yashwant Transport A/c Chudekar Bill no. 560 & L.R. no. 17069 * .07.2025\r\n',NULL,1),(1401,1469,3,'2025-07-26',120.00,'Travelling Expense paid to Mr. Pravin For the day',NULL,1),(1402,1470,1,'2025-07-28',1062.00,'Freight paid to VTrans from  General\r\nAnkleshwar  L.R.no.4052132912 * 25.07 & CR No. 242410414958 * 28.07.2025\r\n ',NULL,1),(1403,1471,1,'2025-07-28',150.00,'Freight paid  to Aditya Transort\r\nA/c  Chotiwala L.R.no. 9582 * 28.07.2025',NULL,1),(1404,1472,3,'2025-07-26',120.00,'Travelling Expense paid to Mr. Pravin for the day',NULL,1),(1405,1473,4,'2025-07-29',300.00,'Tempo charges paid to , collected from Hemant Trading & booked to Anaya Transport A/c Intech  bill no. 565 * 29.07.2025\r\n',NULL,1),(1406,1474,3,'2025-07-29',120.00,'Travelling Expense paid to Mr. Pravin for the day',NULL,1),(1407,1475,4,'2025-07-30',500.00,'Tempo charges Paid for , Collected from V Trans  & JMT  To Godown  ',NULL,1),(1408,1476,1,'2025-07-30',513.00,'Freight paid to V Trans From Prakash Electric  Against L.R.No. 4023042367 * 25.07.25 & CR No. 242410414929 * 25.07.2025',NULL,1),(1409,1477,2,'2025-07-30',600.00,'Unloading charges at Godown from CGL FOR 57 NOS.',NULL,1),(1410,1478,1,'2025-07-30',150.00,'Freight paid to  Janhavi Transport  to mumbai office A/c Trishna restaurant\r\nL.R.no. 60526 * 30.07.2025\r\n',NULL,1),(1411,1479,4,'2025-08-01',400.00,'Tempo charges paid for , collected  from SCIS to Godown  for 2 nos.',NULL,1),(1412,1480,4,'2025-08-01',200.00,'Tempo charges paid for Cintamani transport A/c Innovators  bill no. 590 * 01.08.2025\r\n',NULL,1),(1413,1481,3,'2025-08-01',120.00,'Travelling expense paid to Mr. Pravin \r\nfor the day\r\n',NULL,1),(1414,1482,3,'2025-08-02',1970.00,'Balance Amt of Travelling Expense paid to Mr. Patil for Month - July-25\r\n(Total Rs.2970/- Less 1000/- Adv Paid)',NULL,1),(1415,1483,2,'2025-08-02',350.00,'Drinking Water charges paid for Month - July 25 ,Paid To Tanvi Water \r\nat Godown\r\n',NULL,1),(1416,1484,6,'2025-08-02',40.00,'Courier charges paid for Mumbai Office',NULL,1),(1417,1485,3,'2025-08-02',120.00,'Travelling Expense Paid To Mr. Pravin \r\nFor The day\r\n',NULL,1),(1418,1486,4,'2025-07-31',200.00,'Tempo charges paid for Janhavi Transport A/c Tawade Engineering\r\nbill no. 585 * 31.07.2025',NULL,1),(1419,1487,3,'2025-07-31',120.00,'Travelling Expense paid to Mr. Pravin For The day',NULL,1),(1420,1490,4,'2025-08-04',400.00,'Tempo Charges paid for ACPL , A/c Allweiller for 22KDC - 4 Nos.\r\nBill no. 596 * 04.08.2025',NULL,1),(1421,1491,2,'2025-08-04',700.00,'Loading Charges at Godown by Forklift For 4 Nos.22KDC',NULL,1),(1422,1492,4,'2025-08-04',200.00,'Tempo charges paid for ACPL \r\na/C aREOCHEM INDUSFTRIES BILL NO. 592 * 04.08.2025',NULL,1),(1423,1493,3,'2025-08-04',120.00,'Travelling Expense paid to Mr. Pravin for the day\r\n',NULL,1),(1424,1494,4,'2025-08-05',300.00,'Tempo charges paid for ACPL , A/c \r\nAllwellier  for10Nos. bill no. 598 * 05.08.20025\r\n',NULL,1),(1425,1495,3,'2025-08-05',120.00,'Travelling Expense paid to Mr. Pravin for the day\r\n',NULL,1),(1426,1496,4,'2025-08-06',450.00,'Tempo cahrges paid for Arihanr Transport & Aditya Transport A/c \r\nLL Mfg & Chotiwala\r\nbill no. 602 7 611 * 06.08.2025\r\n',NULL,1),(1427,1497,1,'2025-08-06',150.00,'Freight paid to aditya Transport \r\nL.R.no. 6368 * 06.08.2025\r\n',NULL,1),(1428,1498,4,'2025-08-06',300.00,'Tempo charges paid for , collected from V trans To Godown\r\nL.R.no. 4022016263* 02.08.2025\r\nfrom basic mktg',NULL,1),(1429,1499,1,'2025-08-06',106.00,'Freight service charges paid to V trans \r\nagainst L.R.no. 4022016263 * 02.08.2025\r\n',NULL,1),(1430,1500,3,'2025-08-06',120.00,'Travelling Expense Paid To Mr.Pravin \r\nfor the day',NULL,1),(1431,1501,4,'2025-08-07',400.00,'Tempo charges paid for ,Delivered to mark Engineering\r\n',NULL,1),(1432,1502,4,'2025-08-07',200.00,'Tempo charges paid for ACPL a/c \r\narochem ,Bill no. 614 * 07.08.2025\r\n',NULL,1),(1433,1503,2,'2025-08-07',600.00,'Unloading Charges paid for 19 Nos.\r\nFrom CGL, thru. BGT',NULL,1),(1434,1504,3,'2025-08-07',120.00,'Travelling Expense paid to Mr. Pravin For the day',NULL,1),(1435,1505,4,'2025-08-08',400.00,'Tempo charges paid for ,Collected fro V trans & Kandpile transport \r\nL.R.No. 4023042478 & 9694 * 05.08.2025\r\nFrom basin Mktg & JSB',NULL,1),(1436,1506,1,'2025-08-08',513.00,'Freight paid To V trans From Basic ,\r\nCR No. 242410427796 * 05.08.2025\r\n',NULL,1),(1437,1507,1,'2025-08-08',650.00,'Freight paid to Kandpile transport from JSB\r\nL.r.No. 9694 * 05.08.2025\r\n',NULL,1),(1438,1508,4,'2025-08-08',1290.00,'Delivery charges by Tempo Thr/Porter A/c target , Vasai for 20 Nos.',NULL,1),(1439,1509,2,'2025-08-08',480.00,'Loading Charges at Godown For \r\n16 Nos.Alternators to kalamboli\r\n',NULL,1),(1440,1510,1,'2025-08-08',300.00,'Addl Freight / fare For 1 No, alternators to kalamboli\r\n\r\n',NULL,1),(1441,1511,3,'2025-08-08',120.00,'Travelling Expense paid to Mr. Pravin \r\nfor the day\r\n',NULL,1),(1442,1512,3,'2025-08-09',120.00,'Travelling Expense paid to Mr. Pravin For the day\r\n',NULL,1),(1443,1513,6,'2025-08-09',40.00,'Courier charges for Mumbai Office',NULL,1),(1444,1514,4,'2025-08-11',200.00,'Tempo charges paid fkr Yashwant transport A/c A.R Generators\r\nbill no. 632 * 11.08.2025\r\n',NULL,1),(1445,1515,1,'2025-08-11',1200.00,'Freight paid to Yashwant transport for bill no. 0632 * 11.08\r\nL/R.no. 14137 * 11.08.2025\r\n',NULL,1),(1446,1516,2,'2025-08-11',1400.00,'Loading charges at Godown for 190nos foe Ahmedabad\r\n',NULL,1),(1447,1517,3,'2025-08-11',120.00,'Travelling Expense paid to Mr. Pravin \r\nfor the day\r\n',NULL,1),(1448,1518,4,'2025-08-12',200.00,'Tempo charges paid for V Trans A/c BES \r\nBILL NO. 0642 * 12.08.2025',NULL,1),(1449,1519,4,'2025-08-12',150.00,'Tempo charges paid for Dashmesh Roadlines A/c Kore Electricals\r\nbill no. 637 * 12.08.2025\r\n',NULL,1),(1450,1520,3,'2025-08-12',120.00,'Travelling Expense paid to Mr. Pravin',NULL,1),(1451,1521,4,'2025-08-13',150.00,'Tempo charges paid for jnhavi Transport A/c BES ,Office & s.K.Instu\r\n',NULL,1),(1452,1522,1,'2025-08-13',150.00,'Freight Paid To Janhavi Transport \r\na/c Bes , L.r.no. 71712 * 13.08.2025\r\n',NULL,1),(1453,1523,3,'2025-08-13',120.00,'Travelling expense paid to Mr. Pravin for the day\r\n',NULL,1),(1454,1524,4,'2025-08-14',200.00,'Tempo charges paid for Yashwant Transport a/c  Mahalaxmi & Chudekar\r\nBill no. 650 & 656 dtd. 14.08.2025\r\n',NULL,1),(1455,1525,1,'2025-08-14',900.00,'Freight Paid to Yashwant a/c Mahalaxmi Generators L.R.no. 14215 \r\n&  Chudekar  L.R.no. 14216 * 14.08.2025\r\n ',NULL,1),(1456,1526,3,'2025-08-14',120.00,'Travelling expense paid to Mr. Pravin for the day\r\n',NULL,1),(1457,1527,6,'2025-08-14',40.00,'Courier charges for Mumbai office',NULL,1),(1458,1528,3,'2025-08-18',120.00,'Travelling Expense paid to Mr. Pravin for the day\r\n',NULL,1),(1459,1529,4,'2025-08-20',200.00,'Tempo charges paid for Yashwant transport A/c A/p/Cargo\r\n',NULL,1),(1460,1530,1,'2025-08-20',1200.00,'Freight paid to Yashwant transport\r\nL.R.no. 14259 * 20.08.2025\r\n ',NULL,1),(1461,1531,1,'2025-08-20',150.00,'Freight paid to Janhavi transport  to Mumbai office\r\nL.R.no. 73623 *20.08.2025\r\n',NULL,1),(1462,1532,4,'2025-08-20',300.00,'Tempo charges paid for from Godown to Hemant & booked to Adiyta \r\n(details pending )\r\n',NULL,1),(1463,1533,1,'2025-08-20',200.00,'Freight paid to Shivbhakti transport A/c chudekar\r\nL/R.no. 1204 * 20.08.2025\r\n',NULL,1),(1464,1534,4,'2025-08-21',400.00,'Tempo charges paid for , collected from V trans  & booked to Aditi Transport  & British Engineering & bal to Godown',NULL,1),(1465,1535,1,'2025-08-21',177.00,'Freight paid to V trans against L.R.no. 4022526931 * 14.08.2025 & CR No. 242410442175 * 21.08.2025\r\n\r\n\r\n',NULL,1),(1466,1536,1,'2025-08-21',106.00,'Freight paid to V trans against L.R.no. 4022526789 * 13.08.25 & CR No.242410442174 * 21.08.25\r\n\r\n',NULL,1),(1467,1537,1,'2025-08-21',123.00,'Freight paid to V trans against L.R.no. 4022527062 * 18.08.25 & CR No.',NULL,1),(1468,1538,3,'2025-08-21',120.00,'Travelling Expense paid to Mr. Pravin for the day',NULL,1),(1469,1539,4,'2025-08-22',400.00,'Tempo charges paid for , collected from SCIS To Godown',NULL,1),(1470,1540,3,'2025-08-22',120.00,'Travelling Expense paid to Mr. Pravin\r\nfor the day\r\n ',NULL,1),(1471,1542,1,'2025-08-23',1800.00,'Freight paid to Janhavi transport \r\nfor 7 nos.\r\nL/R.no. 76433 * 23.08.2025\r\n',NULL,1),(1472,1543,1,'2025-08-23',200.00,'Freight paid to New Gajanan Transport \r\nL.R.no. 3141 * 23.08.25\r\n',NULL,1),(1473,1544,3,'2025-08-23',120.00,'Travelling Expense paid to Mr.Pravin for the day\r\n',NULL,1),(1474,1545,4,'2025-08-25',200.00,'Tempo charges paid for  Aditya Transport \r\n(details pending_)',NULL,1),(1475,1546,1,'2025-08-25',600.00,'Freight paid to Aditya transport \r\nL/R.no. 9076 * 25.08.2025\r\n',NULL,1),(1476,1547,4,'2025-08-25',200.00,'Tempo charges paid for Yashwant transport (details pending)',NULL,1),(1477,1548,1,'2025-08-25',1200.00,'Freight paid to Yashwant Transport \r\nL.R.no. 14347 * 25.08.2025\r\n',NULL,1),(1478,1549,4,'2025-08-25',400.00,'Tempo charges paid for B atco ,for 2 pumps\r\n',NULL,1),(1479,1550,3,'2025-08-25',120.00,'Travelling expense paid to Mr.Pravin for the day',NULL,1),(1480,1551,3,'2025-08-26',120.00,'Travelling Expense paid to Mr. Pravin\r\nfor the day\r\n ',NULL,1),(1481,1552,4,'2025-08-28',400.00,'Tempo charges paid for ACPL \r\n(DETAILS PENDING )\r\n',NULL,1),(1482,1553,3,'2025-08-28',120.00,'Travelling Expense paid to Mr. Pravin for the day\r\n',NULL,1),(1483,1554,4,'2025-08-29',200.00,'Tempo Charges paid for Shah Transport A/c Shah Agencies',NULL,1),(1484,1555,3,'2025-08-29',120.00,'Travelling Expense paid to Mr. Pravin for the day\r\n',NULL,1),(1485,1556,2,'2025-08-30',2640.00,'Travelling Expense paid to Mr.Patil For \r\nMonth - August,2025\r\n(copy attached)',NULL,1),(1486,1557,6,'2025-08-30',40.00,'Courier charges for Mumbai Office\r\n',NULL,1),(1487,1558,3,'2025-08-30',120.00,'Travelling Expense paid to Mr. Pravin For The day\r\n',NULL,1),(1488,1560,4,'2025-09-01',400.00,'Tempo charges paid for Bhadra Transport & Rajesh road lines A/c \r\nSiddharth & Thorat Filtration\r\nbill no. 714 & 720 * 30.08.2025',NULL,1),(1489,1561,1,'2025-09-01',400.00,'freight paid to Bhadra Transport A/c Thorat L.R.no. 4965 * 01.09.2025\r\n\r\n',NULL,1),(1490,1562,2,'2025-09-01',175.00,'drinking water Charges paid to mTanvi Water for Month - Aug-25',NULL,1),(1491,1563,3,'2025-09-01',120.00,'travelling Expense paid to Mr. Pravin For the day\r\n',NULL,1),(1492,1564,4,'2025-09-02',500.00,'Tempo charges paid for , collected from Hanuman power to bombay Tarapore \r\n\r\n\r\n',NULL,1),(1493,1565,2,'2025-09-02',100.00,'Unloading charges for 2 nos.at Bombay tarapiore',NULL,1),(1494,1566,3,'2025-09-02',120.00,'Travelling expense paid to Mr. Pravin for the day',NULL,1),(1495,1567,4,'2025-09-03',400.00,'Tempo charges paid for , collected from V tran to godown ( details pending )\r\n',NULL,1),(1496,1568,1,'2025-09-03',504.00,'Freight paid to V trans against L.R.no. 4023008632 * 30.08.2025 from swastik electro & CR No. 242410453823 * 30.08.2025\r\n\r\n',NULL,1),(1497,1569,1,'2025-09-03',114.00,'Freight paid to V trans against L.R. np. 4022528279 * 28.08.2025 & CR No. 242410457851 * 03.09.2025\r\n \r\n\r\n',NULL,1),(1498,1570,4,'2025-09-03',500.00,'Tempo charges paid for , delivery from Godown & collected from Hemant \r\nBooked to Anaya  & Shivkrupa Tempo service (Details Pending )',NULL,1),(1499,1571,3,'2025-09-03',120.00,'Travelling expense paid to Mr. pravin for the day\r\n',NULL,1),(1500,1572,4,'2025-09-04',250.00,'Tempo charges paid for , collected from Shree Nandwana Transport \r\nL.R.no. 1812118 * 01.09.2025\r\n',NULL,1),(1501,1573,1,'2025-09-04',150.00,'Freight paid To Shree Nandwana transport from Dhruv L.R.no. 1812118 * 01.09.2025\r\n',NULL,1),(1502,1574,4,'2025-09-04',300.00,'Tempo charges paid for Bombay Tarapore \r\n',NULL,1),(1503,1575,4,'2025-09-04',300.00,'Tempo charges paid For Bhavana roadways ',NULL,1),(1504,1576,4,'2025-09-04',800.00,'Tempo charges paid for V trans (3 trips ) a/c BES ',NULL,1),(1505,1577,3,'2025-09-04',120.00,'Travelling expense paid to Mr. pravin for the Day\r\n',NULL,1),(1506,1578,4,'2025-09-05',200.00,'Tempo charges paid for yashwant transport A/c Saste Vishal Bill no. 738 * 04.09.2025\r\n\r\n',NULL,1),(1507,1579,1,'2025-09-05',600.00,'Freight paid To Yashwant transport for\r\nMahalaxmi Generators\r\nL.R.no. 12771 * 05.09.2025\r\n',NULL,1),(1508,1580,6,'2025-09-05',40.00,'courier charges for Mumbai office',NULL,1),(1509,1581,4,'2025-09-08',300.00,'Tempo charges paid for Aditya & Janjira Goods  A/c Chotiwala & Siddhivinayak Hardware\r\nbill no. 0747& 749 * 08.09.2025\r\n',NULL,1),(1510,1582,1,'2025-09-08',450.00,'Freight paid to Aditya Transport for 3 nos. L.R.no. 5044 * 08.09.2025\r\n\r\n',NULL,1),(1511,1583,1,'2025-09-08',100.00,'Freight paid to New Gajanan Transport \r\nA/c Vayuvents L.R.no. 3375 * 08.09.2025\r\n\r\n',NULL,1),(1512,1584,3,'2025-09-08',120.00,'Travelling expense paid to Mr. Pravin for the day',NULL,1),(1513,1585,4,'2025-09-09',2000.00,'delivery charges by special tempo to Kalamboli A/c Ganesh Transline \r\nto Mahalaxmi Generators bill no. 0754 * 09.09.2025\r\n',NULL,1),(1514,1586,4,'2025-09-09',200.00,'Tempo charges paid for Bhavana Roadways A/c BES \r\n',NULL,1),(1515,1587,4,'2025-09-09',350.00,'Tempo charges paid for , collected from Hemant Trading & booked to \r\nAnaya transport & Bhiwandi Tarapur\r\n(Details pending )',NULL,1),(1516,1588,3,'2025-09-09',120.00,'Travelling expense paid to Mr. Pravin for the day\r\n',NULL,1),(1517,1589,4,'2025-09-10',300.00,'Tempo charges paid for TCI Freight \r\nA/c Rahul enterprise  bill no. 0766 *  10.09.2025\r\n\r\n',NULL,1),(1518,1590,1,'2025-09-10',150.00,'Freight paid to Janhavi transport A/c \r\nSatguru Namakeen L/R.no. 87870 * \r\n10.09.2025\r\n',NULL,1),(1519,1591,3,'2025-09-10',120.00,'Travelling Expense paid to Mr. Pravin for the day',NULL,1),(1520,1592,4,'2025-09-11',400.00,'Tempo charges paid for  , collected from SCIS  To Godown',NULL,1),(1521,1593,4,'2025-09-11',350.00,'Tempo charges paid for N.G. Transport & Kalayatan A/c  D.P. Pulveriser &  Raj Enterprise\r\nbill no. 772 & 777 dtd. 11.09.2025\r\n',NULL,1),(1522,1594,3,'2025-09-11',120.00,'Travelling Expense Paid to Mr. Pravin For The day\r\n ',NULL,1),(1523,1596,4,'2025-09-12',300.00,'Tempo charges paid for Prabhat Roadways Ac Bakul ,bill no. 785 * 12.09.2025\r\n',NULL,1),(1524,1597,1,'2025-09-12',400.00,'Freight paid to Prabhat  Roadways \r\nL.R.no. BH/18907 * 12.09.2025\r\n',NULL,1),(1525,1598,4,'2025-09-12',500.00,'Tempo Charges paid fot , collected from JMT & Booked to New gajanan\r\nA/c Vayuvents\r\nbill no. 0788 * 12.09.20205\r\n',NULL,1),(1526,1599,1,'2025-09-12',600.00,'Freight paid New Gajanan A/c Vayuvents  for 6 nos.\r\nL.R.no. 3461 * 12.09.2025\r\n',NULL,1),(1527,1600,3,'2025-09-12',120.00,'Travelling Expense paid to Mr. pravin for he day\r\n',NULL,1),(1528,1601,4,'2025-09-13',300.00,'Tempo charges paid for Batco , A/c Abhinav Foods bill no. 789 * 13.09.2025\r\n',NULL,1),(1529,1602,3,'2025-09-13',1000.00,'Travelling expense paid to Mr. Patil as \r\nadvance for month - sept25\r\n',NULL,1),(1530,1603,3,'2025-09-13',120.00,'Travelling expense paid to Mr. pravin for the day',NULL,1),(1531,1605,4,'2025-09-19',200.00,'Tempo charges paid to Shivbhakti transport (detail pending)\r\n',NULL,0),(1532,1606,1,'2025-09-19',200.00,'Freight paid to Shivbhakti (details pending)',NULL,0),(1533,1607,3,'2025-09-19',120.00,'gravelling expense paid to Mr. Pravin for the  day',NULL,1),(1534,1608,3,'2025-09-18',120.00,'Travelling expense paid to Mr. Pravin or the day',NULL,0),(1535,1609,3,'2025-09-17',120.00,'Travelling expense paid to mr. Pravin for the day',NULL,1),(1536,1610,4,'2025-09-18',300.00,'Tempo charges paid for Kalayatan transport  (details pending )\r\n',NULL,0),(1537,1611,1,'2025-09-18',500.00,'Freight paid to kalayatan (details pending )\r\n',NULL,0),(1538,1612,4,'2025-09-27',500.00,'Tempo charges paid for Lalji Mulji transport A/c B.G.Enterprise for 11KP4 - 1 NO.\r\n',NULL,1),(1539,1613,6,'2025-09-27',40.00,'Courier charges for Mumbai office',NULL,1),(1540,1614,3,'2025-09-27',120.00,'Travelling expense paid to Mr. |Pravin for the day\r\n',NULL,1),(1541,1615,4,'2025-09-26',250.00,'Tempo charges paid for, collected from Hemant trading  % booked to New Gajanan Transport  A/c Target bill no. 826 * 26.09.2025\r\n ',NULL,1),(1542,1616,1,'2025-09-26',200.00,'Freight paid to New Gajanan transpot , L.R.no. 3727 *  26.09.2025\r\n',NULL,1),(1543,1617,1,'2025-09-26',100.00,'Freight paid to Janhavi transport \r\n(details pending)_\r\n',NULL,1),(1544,1618,3,'2025-09-26',120.00,'Travelling expense paid to Mr. pravin for the day\r\n',NULL,1),(1545,1619,3,'2025-09-24',120.00,'Travelling expense paid to  Mr. Pravin for the day\r\n',NULL,1),(1546,1620,4,'2025-09-25',450.00,'Tempo charges paid for Yashwant transport  , Shivbhhakti Transport & Bhiwandi tarapur A/c Beekay  Engineers  , Chudekar  & Hindustan sales  bill no. 818 , 819 & 817 * 25.09.2055\r\n',NULL,1),(1547,1621,1,'2025-09-25',600.00,'Freight paid to Yashwant transport \r\nA/c Beekay , L.R.no. 8926 * 25.09.2025\r\n',NULL,1),(1548,1622,1,'2025-09-25',300.00,'Freight paid toShivbhakti A/c Chudekar , L.R.no. 638 * 25.09.2025\r\n',NULL,1),(1549,1623,4,'2025-09-25',200.00,'Tempo charges paid for Bhavaa roadways A/c Del pd  bill no. G/1671 * 25.09.2025\r\n ',NULL,1),(1550,1624,3,'2025-09-25',120.00,'Traveling expense paid To Mr. pravin for the day',NULL,1),(1551,1625,4,'2025-09-23',400.00,'Tempo charges paid for , collected from  Hanuman power  to Godown\r\n',NULL,1),(1552,1626,1,'2025-09-22',150.00,'Tempo charges paid for Janhavi transport A/c Aiyaz bill no. 812 * 23.09.2025\r\n',NULL,1),(1553,1627,3,'2025-09-23',120.00,'Travelling expense paid to Mr. pravin for the day\r\n',NULL,1),(1554,1628,4,'2025-09-22',200.00,'Tempo charges paid for Aditya Transport  & Shivbhakti \r\nA/c Chudekar & Aloke Alloys\r\nbill no. 808 & 809 Dtd. 22.09.2025\r\n',NULL,1),(1555,1629,1,'2025-09-22',100.00,'Freight paid to Shivbhakti , L.R.no. 237 * 22.09.2025\r\nA/c Chudekar\r\n',NULL,1),(1556,1630,1,'2025-09-22',400.00,'Freight paid to Aditya  Transport  , L.R.no. 551 * 22.09.2025\r\nA/c Aloke Alloys',NULL,1),(1557,1631,3,'2025-09-22',120.00,'Travelling Expense paid  to Mr. Pravin for the day\r\n',NULL,1),(1558,1632,3,'2025-09-20',120.00,'Travelling expense paid to  Mr. Pravin \r\nfor the day',NULL,1),(1559,1633,4,'2025-09-19',200.00,'Tempo charges paid for  Shivbhakti \r\nA/c Chudekar ',NULL,1),(1560,1634,1,'2025-09-19',200.00,'Freight paid to Shivbhakti transport \r\nL.R. 5892 * 19.09.2025',NULL,1),(1561,1635,3,'2025-09-19',120.00,'Travelling Expense paid to |Mr. Pravin for the day',NULL,1),(1562,1636,4,'2025-09-16',300.00,'Tempo charges aid for , collected from V trans  for 11KE2 - 1 From BES , Ahmedabad L.R.No.4022529831 *  12.09.2025',NULL,1),(1563,1637,1,'2025-09-16',132.00,'Freight Service charges paid to V trans  CR No. 242410472120 * 16.09.2025\r\n',NULL,1),(1564,1638,1,'2025-09-16',550.00,'Freight paid to Janhavi transport for 3 nos A/c AMPF \r\nL.R.No. *4157 * 16.09.2025\r\n',NULL,1),(1565,1639,4,'2025-09-16',200.00,'Tempo charges paid for Janhavi transport  for Fort , mumbai\r\n',NULL,1),(1566,1640,3,'2025-09-16',120.00,'Travelling expense paid to Mr. Pravin for the day\r\n',NULL,1),(1567,1641,4,'2025-09-15',300.00,'Tempo charges paid for , collected from V trans to Godown for 1 no. \r\n7.50PN2 L.R. no. 4022529556 * 10.09.2025',NULL,1),(1568,1642,1,'2025-09-15',114.00,'Freight Service charges paid to V Trans for 1 no. CR No. 242410470738 * 15.09.2025\r\n',NULL,1),(1569,1643,3,'2025-09-15',120.00,'Travelling expense paid to Mr. Pravin for the day',NULL,1),(1570,1644,3,'2025-09-17',120.00,'Travelling expense paid to Mr. Pravin for the day \r\n',NULL,1),(1571,1645,4,'2025-09-18',300.00,'Tempo charges paid for Kalayatan cargo for 10 nos A/c Basic mktg.',NULL,1),(1572,1646,1,'2025-09-18',1500.00,'Freight paid to Kalayatan Cargo\r\nA/c Basic , L.R.no. BHIP 202992 * 18.09.2025\r\n',NULL,1),(1573,1647,3,'2025-09-18',120.00,'Travelling Expense paid to Mr.Pravin for the day\r\n',NULL,1),(1574,1649,4,'2025-10-11',300.00,'Tempo charges paid for Darshan Transport A/c Kasturi Engineering , bill no. 0874 * 11.10.2025',NULL,1),(1575,1650,3,'2025-10-11',120.00,'traveling expense paid to Mr. Pravin for the day',NULL,1),(1576,1651,6,'2025-10-11',40.00,'Courier charges paid for Mumbai office',NULL,1),(1577,1652,3,'2025-10-10',120.00,'Traveling expense paid to Mr. Pravin for the day',NULL,1),(1578,1653,4,'2025-10-10',300.00,'Tempo charges paid for , collected from V Trans  for 6 nos. ref L.R.no. 4022532272 * 07.10.2025',NULL,1),(1579,1654,1,'2025-10-10',139.00,'Freight service charges paid to V Trans against L.R.4022532272 * 07.10.25 & CR No. 242410499736 * 10.10.2025\r\n',NULL,1),(1580,1655,3,'2025-10-09',120.00,'Travelling expense paid to Mr. Pravin \r\nfor the day\r\n',NULL,1),(1581,1656,4,'2025-10-08',300.00,'Tempo charges paid for , collected from Hemant trading & booked to Bhadra Roadways A/c Thorat Filtration , bill no. 858 * 08.10.2025 ',NULL,1),(1582,1657,1,'2025-10-08',200.00,'Freight pad to Bhadra Roadways\r\nA/c Thorat , L.R.no. 5152 * 08.10.2025\r\n ',NULL,1),(1583,1658,3,'2025-10-08',120.00,'Travelling expense paid to Mr. Pravin for the day\r\n',NULL,1),(1584,1659,4,'2025-10-07',600.00,'Tempo charges pad for , collected from V Trans for 19 nos. rom BES,\r\nL.R.no. 402253189 * 03.10.2025\r\n',NULL,1),(1585,1660,1,'2025-10-07',507.00,'Freight service charges paid to V Trans Against L.R.no. 4022531890 * 03.10.2025 & CR no. 242410495734 * 07.10.2025\r\n\r\n',NULL,1),(1586,1661,4,'2025-10-07',200.00,'Tempo charges paid for V Trans A/c BES Bill no. 854 * 07.10.2025\r\n',NULL,1),(1587,1662,4,'2025-10-07',300.00,'Tempo charges paid for Bhavana Roadways  A/c BES For Del Pd \r\nbill G/1782 * 07.10.2025\r\n',NULL,1),(1588,1663,3,'2025-10-07',120.00,'Travelling Expense paid to Mr. Pravin for the day\r\n',NULL,1),(1589,1664,4,'2025-10-06',300.00,'Tempo charges paid for janhavi Transport a/c vala Industries  & Chotwala  to aditya  Bill nio. 853  &  * 06.10.25  + Collected from Hemant & booked to Janhavi a/c Vichare\r\nbill no. 850 * 06.10.2025\r\n',NULL,1),(1590,1665,1,'2025-10-06',300.00,'Freight Paid to aditya Transport\r\nA/c Chotowala , L.R.No. 9482 * 06.10.2025\r\n',NULL,1),(1591,1666,1,'2025-10-06',150.00,'Freight paid to janhavi Transport A/c Vichare  L.R.no. 7666 * 06.10.2025\r\n',NULL,1),(1592,1667,3,'2025-10-06',120.00,'Travelling Expense paid to Mr. Pravin for the day\r\n',NULL,1),(1593,1668,2,'2025-10-04',350.00,'Drinking Water charges at Godown for month - Sept - 2025',NULL,1),(1594,1669,3,'2025-10-04',1520.00,'Bal amt of Travelling expense paid to\r\nMr. Patil for month - Sept-25\r\n(total Rs.2520/- less paid 1000/- )\r\n',NULL,1),(1595,1670,3,'2025-10-04',120.00,'Travelling Expense paid to Mr.Pravin for the day\r\n',NULL,1),(1596,1671,4,'2025-10-03',300.00,'Tempo charges paid for Bhavana Roadways  A/c Del pd  bill no. G/1746 * 03.10.2025',NULL,1),(1597,1672,1,'2025-10-03',100.00,'Freight paid to New Gajanan Transport A/c Vayuvents bill no. 847 *  \r\n03.10.2025\r\n',NULL,1),(1598,1673,3,'2025-10-03',120.00,'Travelling expense paid to Mr.Pravin \r\nfor the day',NULL,1),(1599,1674,4,'2025-10-01',300.00,'Tempo charges paid for , Collected from SCIS & booked to Dashmesh A/c Cosmic bill no. 843 * 01.10.2025\r\n ',NULL,1),(1600,1675,3,'2025-10-01',120.00,'Travelling Expense paid to Mr. Pravin For the day\r\n',NULL,1),(1601,1676,4,'2025-09-29',200.00,'Tempo charges paid for , collected from Hanuman power to  Godsown',NULL,1),(1602,1677,3,'2025-09-29',120.00,'Travelling expense paid to Mr. Pravin for the day',NULL,1),(1603,1678,4,'2025-09-30',350.00,'Tempo charges paid for Aditya Transport & Anaya Transport A/c Intech & Chotiwala bill no. 835 & 838 * 30.09.2025',NULL,1),(1604,1679,1,'2025-09-30',300.00,'Freight paid to Aditya transport A/c Chotiwala ,L.R.no. 916 * 30.09.2025\r\n',NULL,1),(1605,1680,3,'2025-09-30',120.00,'Travelling expense paid to Mr. Pravin for the day\r\n',NULL,1),(1606,1682,4,'2025-10-27',300.00,'Tempo charges paid for Bombay Tarapore A/c Basic mktg. for 15KE8 - 1 No. bill no. 230 * 27.10.2025',NULL,1),(1607,1683,3,'2025-10-27',120.00,'Travelling Expense paid to Mr. Pravin \r\nfor the day\r\n',NULL,1),(1608,1684,3,'2025-10-25',120.00,'Travelling expense paid to Mr. Pravin for the day',NULL,1),(1609,1685,1,'2025-10-25',150.00,'Freight paid to Janhavi transport for Mumbai transfer\r\nL.R.no. 22562 * 25.10.2025',NULL,1),(1610,1686,3,'2025-10-24',120.00,'Travelling expense paid to Mr. Pravin for he day',NULL,1),(1611,1687,4,'2025-10-18',2000.00,'Delivery charges for Special tempo to Kalamboli A/c M.K.Diesel For Waris \r\nBill no. 905 * 18.10.2025',NULL,1),(1612,1688,3,'2025-10-18',120.00,'Travelling expense paid to Mr. Pravin for the day\r\n',NULL,1),(1613,1689,4,'2025-10-17',200.00,'Tempo charges paid for , Collected from hanuman power To Godown \r\nfor GF6997 - 1 no.',NULL,1),(1614,1690,3,'2025-10-17',120.00,'Travelling Expense paid to Mr. Pravin For the day',NULL,1),(1615,1691,4,'2025-10-16',300.00,'Tempo charges paid for , collected from SCIS to godown & booked to Aditya transport A/c Chotiwala bill no. \r\n0893 * 16.10.2025\r\n',NULL,1),(1616,1692,1,'2025-10-16',300.00,'Freight paid to Aditya Transport A/c Chotiwala  L.R.No. 9218 * 16.10.2025',NULL,1),(1617,1693,3,'2025-10-16',120.00,'Travelling Expense paid to Mr. Pravin for the day',NULL,1),(1618,1694,1,'2025-10-15',150.00,'Freight paid To Aditya Transport \r\nA/c Chotiwala  L.R. no. 9155 * 15.10.2025\r\n',NULL,1),(1619,1695,3,'2025-10-15',120.00,'Travelling Expense paid to Mr. Pravin For the day',NULL,1),(1620,1696,4,'2025-10-13',300.00,'Tempo charges paid for , Collected from V trans to Godown\r\nL.r.no. 4023009842 * 09.10.25 from vatva , swastik electro & 4052143898 * 09.10.25 from Ankleshwar , General electric',NULL,1),(1621,1697,1,'2025-10-13',482.00,'Freight paid to V trans against L.R.4052143898 & bill no. 242410498762 * 13.10.2025',NULL,1),(1622,1698,1,'2025-10-13',531.00,'Freight paid to V trans against L.R.4023009842 & bill no. 242410499038 * 13.10.2025',NULL,1),(1623,1699,4,'2025-10-13',200.00,'Tempo charges paid for Aditya transport A/c Sonal engg bill no. 0878 * 13.10.2025',NULL,1),(1624,1700,1,'2025-10-13',300.00,'Freight paid to Aditya transport A/c Sonal Engineering , L.R.no. 3168 * 13.10.2025',NULL,1),(1625,1701,4,'2025-10-13',200.00,'Tempo charges paid for Janhavi transport A/c Swad Canning & Yazad Engg Bill no. 0881 & 882 * 13.10.2025\r\n',NULL,1),(1626,1702,1,'2025-10-13',100.00,'Freight paid To Janhavi transport A/c Swad for RBS air   , L.R.no. 14737 * 13.10.2025',NULL,1),(1627,1703,1,'2025-10-13',450.00,'Freight paid To Janhavi transport A/c Yazad for R.S.engg   , L.R.no. 14595 * 13.10.2025',NULL,1),(1628,1704,3,'2025-10-13',120.00,'Travelling expense paid to Mr. Pravin for the day',NULL,1),(1629,1706,4,'2025-11-01',500.00,'Tempo charges paid for , collected from V trans to Godown \r\nAgainst L.R.4132122732 & 4022533891 * 28.10.2025\r\n',NULL,1),(1630,1707,1,'2025-11-01',651.00,'Freight paid to V trans Agains L.R. 4132122732 & Sill no. 242710499787 * 01.11.2025',NULL,1),(1631,1708,1,'2025-11-01',366.00,'Freight service charges paid to V trans Against L.R. 4022533891  & Bill no. 242410518684 * 01.11.2025\r\n',NULL,1),(1632,1709,4,'2025-11-01',200.00,'Tempo charges paid for Yashwant transport A/c Vidya Engineers bill no. 940 * 01.1.2025',NULL,1),(1633,1710,3,'2025-11-01',2640.00,'Travelling Expense paid to \r\nMr. Patil for month - Oct-2025\r\n120/-  x 22 days\r\n',NULL,1),(1634,1711,4,'2025-10-28',300.00,'Tempo charges paid for Shibhakti & Yashwant transport A/c Chudekar & Shree Ganesh Logistics  bill no. 920 & 915 * 28.10.2025\r\n',NULL,1),(1635,1712,1,'2025-10-28',600.00,'Freight paid to Yashwant Transport A/c Shree ganesh For mahalaxmi Generators , L.R. no. \r\n2856 * 28.10.2025\r\n',NULL,1),(1636,1713,1,'2025-10-28',150.00,'Freight Paid To Shivbhakti Transport A/c Chudekar \r\nL.R.no. 6880 * 28.10.2025\r\n',NULL,1),(1637,1714,4,'2025-10-29',650.00,'Tempo charges paid for ,from Godown T Hemant ,collected motor & booked to Bhadra , Darshan transport & Lalji Mulji\r\nA/c Thorat Filteration , Kasturi Egg & Trikroma Ind , Bill no. 921 , 924 & 926 * 29.10.25\r\n',NULL,1),(1638,1715,1,'2025-10-29',400.00,'Freight paid to Bhadra Transport \r\nA/c Thorat ,\r\n L.R. no.5253*29.10.25',NULL,1),(1639,1716,2,'2025-10-30',700.00,'Unloading charges by Forklift at Nasik Goods transport for 11kDC\r\n1 NO.',NULL,1),(1640,1717,4,'2025-10-30',300.00,'Tempo charges paid for Shree nasik Goods A/c Mahindra EPC bill no. 931 * 30.10.2025\r\n',NULL,1),(1641,1718,1,'2025-10-30',300.00,'Freight Paid To Bhavana Roadways A/c Shri Shantinath , \r\nL.R.no. 932 * 30.10.2025\r\n',NULL,1),(1642,1719,1,'2025-10-30',200.00,'Freight paid to Jahnavi Transport L.R.No. 26649 * 30.10.2025 A/c K,B.Machineries ',NULL,1),(1643,1721,3,'2025-11-08',120.00,'Travelling expense paid to Mr. Pravin for the day',NULL,1),(1644,1722,4,'2025-11-06',2200.00,'Delivery charges by special tempo to Kalamboli A/c Ganesh Transline for Mahalaxmi \r\nbill no. 956 * 06.11.2025\r\n',NULL,1),(1645,1723,3,'2025-11-06',200.00,'Tempo charges oaid for N.G.Transport A/c BKWT\r\nBill no. 958 * 06.11.2025\r\n',NULL,1),(1646,1724,3,'2025-11-06',120.00,'Travelling Expense Paid To Mr. Pravin For the day\r\n',NULL,1),(1647,1725,4,'2025-11-07',300.00,'Tempo charges paid  for , collected from V Trans to Godown L.R.no. 4023043405 * 04.11.2025\r\n',NULL,1),(1648,1726,1,'2025-11-07',540.00,'Freight paid to V Trans From Basic mktg against L.R.no. 4023043405 * 04.11.2025 & bill no. 2422410522178 * 07.11.2025\r\n',NULL,1),(1649,1727,3,'2025-11-07',120.00,'Travelling expense paid to Mr. Pravin for the day',NULL,1),(1650,1728,3,'2025-11-05',120.00,'Travelling expense paid to Mr. Pravin for the day',NULL,1),(1651,1729,2,'2025-11-05',315.00,'Drinking Water charges paid to Tanvi Water at Godown for Month - Oct-2025',NULL,1),(1652,1730,4,'2025-11-04',200.00,'Tempo charges paid for Darshan Transport A/c Kasturi Engineering \r\nBill no. 948 * 04.11.2025',NULL,1),(1653,1731,3,'2025-11-04',120.00,'Travelling Expense paid to Mr. Pravin for the day',NULL,1),(1654,1732,1,'2025-11-03',150.00,'Freight paid to Aditya Transport A/c Chotiwala  , L..no. 945 * 03.11.2025\r\n',NULL,1),(1655,1733,3,'2025-11-03',150.00,'Travelling expense paid to (Train Fare)  Mr. Pravin for 5 days\r\n28.10.25 To 01.11.25\r\n',NULL,1),(1656,1734,3,'2025-11-03',120.00,'Travelling expense paid to Mr. Pravin for the day\r\n ',NULL,1),(1657,1735,6,'2025-11-03',40.00,'Courier charges paid for mumbai office\r\n',NULL,1),(1658,1737,4,'2025-11-14',200.00,'Tempo charges paid for Kalayatan cargo A/c BES For S.R.\r\nBill no. 2085 * 14.11.2025\r\n',NULL,1),(1659,1738,2,'2025-11-15',100.00,'Unloading charges for 22 nos. from CGL, Bhiwandi',NULL,1),(1660,1739,6,'2025-11-15',40.00,'Courier For Mumbai Office\r\n',NULL,1),(1661,1740,4,'2025-11-13',150.00,'Tempo charges paid for Janhavi Transport A/c Maimoon Transport ,Bill no. 0990 * 13.11.2025',NULL,1),(1662,1741,4,'2025-11-12',2200.00,'Delivery charges paid for Kalamboli , A/c Shri Ganesh Transline for 4 nos..,bill no. 0975 * 11.11.2025\r\n',NULL,1),(1663,1742,4,'2025-11-12',300.00,'Tempo charges paid for Dashmesh transport A/c Cosmic\r\nbill no. 983 * 12.11.2025\r\n',NULL,1),(1664,1743,4,'2025-11-11',300.00,'Tempo charges paid for Darshan Transport A/c Kasturi Engineering , bill no. 0874 * 11.11.2025',NULL,1),(1665,1744,4,'2025-11-11',100.00,'Delivery charges by Auto foe Aditye A/c Chotiwala ,bill no. 0877 * 11.11.2025\r\n',NULL,1),(1666,1745,1,'2025-11-11',150.00,'Freight charges paid to Aditya Transport A/c Chotiwala ,L.R. no. 8869 * 11.11.2025\r\n',NULL,1),(1667,1746,4,'2025-11-10',400.00,'Tempo charges paid for , collected from V.Trans to Godown , L.R.no. 4022534711 * 05.11.2025',NULL,1),(1668,1747,1,'2025-11-10',177.00,'Freight Service charges paid to V trans for 3 nos.from A\'bad Against L.R.4022534711 & Bill no. 242410527948 * 10.11.2025\r\n',NULL,1),(1669,1748,4,'2025-11-10',300.00,'Tempo charges paid for , collected from SCIS TO Godown for 2 nos.15PF4 \r\n',NULL,1),(1670,1749,4,'2025-11-10',200.00,'Tempo charges paid for , collected from SCIS to N.G,Transport A/c National Hydraulics , bill no. 966 * 10.11.2025\r\n',NULL,1),(1671,1750,4,'2025-11-19',300.00,'Tempo charges paid for Darshan transport A/c  Kasturi Engineering  bill no. 1007 Dtd 19.11.2025',NULL,1),(1672,1751,2,'2025-11-19',150.00,'Unloading charges at godown from CGL ,Bhiwandi for 68 nos.',NULL,1),(1673,1752,4,'2025-11-20',400.00,'Tempo charges paid for , collected from V Trand to Godown ,from Amedabad ,L.R.no. 4022535781 * 17.11.25 for 5 nos.',NULL,1),(1674,1753,1,'2025-11-20',224.00,'Freight service charges paid to V trans  against L.R.np. 4022535781 & Bill no. 242410539383 * 20.11.2025\r\n',NULL,1),(1675,1754,4,'2025-11-20',150.00,'Auto fare paid for , collected from \r\nHiren Enterprise',NULL,1),(1676,1755,2,'2025-11-21',200.00,'Unloading charges at Godown \r\nfrom CGL ,Bhiwandi ,for 29 nos.\r\n',NULL,1),(1677,1756,1,'2025-11-22',112.00,'Freight service charges paid to V trans for 2 nos. against L.R.4022536005 * 19.11.25  & \r\nbill no. 242410541885 * 22.11.2025',NULL,1),(1678,1757,4,'2025-11-22',2200.00,'Delivery by Special tempo to Kalamboli A/c Ganesh Transline for mahalaxmi Generators \r\nbill no.1025 * 22.11.2025',NULL,1),(1679,1758,4,'2025-11-22',200.00,'Tempo charges paid for Shivbhakti transport A/c Chudekar ,bill no. 1027 * 22.11.2025\r\n',NULL,1),(1680,1759,1,'2025-11-22',100.00,'Freight paid to Shivbhakti transport A/c Chudekar \r\nL.R.no. 8721 * 22.11.2025',NULL,1),(1681,1760,6,'2025-11-22',40.00,'Courier charges for mumbai office\r\n',NULL,1),(1682,1761,4,'2025-11-22',300.00,'Tempo charges paid to Sai Roadways A/c Yazad engg',NULL,1),(1683,1763,4,'2025-11-24',200.00,'Tempo charges paid for Bhavana Roadways\r\n(details pending)',NULL,1),(1684,1764,4,'2025-11-24',250.00,'Tempo charges paid for Kalayatan cargo\r\n(details pending )',NULL,1),(1685,1765,4,'2025-11-25',200.00,'Tempo charges paid for , collected from SCIS to godown\r\n(details pending)\r\nfor 1.50KNE4 Flg - 1',NULL,1),(1686,1766,4,'2025-11-25',300.00,'Tempo charges paid for Bhadra Transport A/c Thorat  filteration \r\n',NULL,1),(1687,1767,1,'2025-11-25',800.00,'Freight paid to Bhadra Transport A/c Thorat( details Pending)',NULL,1),(1688,1768,4,'2025-11-25',200.00,'Tempo charges paid for Joglekar Transport A/c Jayshree Corpn\r\n',NULL,1),(1689,1770,3,'2025-11-29',270.00,'Travelling expense paid to Mr. Pravin For 9 days  @30/- per day\r\nfrom 10.11 to 19.11.25 attend at Mumbai office',NULL,1),(1690,1771,6,'2025-11-29',40.00,'Courier charges paid for Mumbai office',NULL,1),(1691,1772,3,'2025-11-29',120.00,'Travelling expense paid to Mr.Pravin for the day\r\n',NULL,1),(1692,1773,4,'2025-11-28',500.00,'Tempo charges paid for , collected from Steel o fsb & V trans  to godown\r\nL.R.no.4023043628 * 24.11.25\r\nfrom basic , gear pump',NULL,1),(1693,1774,1,'2025-11-28',581.00,'Freight paid to V Trans  against L.R. 4023043628 & bill no. 24241054838 * 28.11.2025',NULL,1),(1694,1775,4,'2025-11-28',450.00,'Tempo charges paid for Thane Motor Lorry  & dashmesh Roadlines A/c Kasturi Engg & Cappro Engineers',NULL,1),(1695,1776,1,'2025-11-28',300.00,'Freight paid To Thane Motor Lorry a/c Cappro L.R.no. 6902 * 28.11.2025\r\n',NULL,1),(1696,1777,4,'2025-11-28',300.00,'Tempo charges paid for , Collected From SCIS to Godown\r\n3.70KX2 - 1',NULL,1),(1697,1778,3,'2025-11-28',120.00,'Travelling Expense Paid to Mr. Pravin for the day',NULL,1),(1698,1779,4,'2025-11-27',2400.00,'Delivery Charges by Special Tempo to kalamboli A/c Ganesh Transline for 6 Nos.',NULL,1),(1699,1780,4,'2025-11-27',200.00,'Tempo charges paid For ,Collected from JMT 7 Booked to Shivbhakti A/c Castle Ship',NULL,1),(1700,1781,4,'2025-11-27',300.00,'Tempo charges paid for , Collected from SCIS to Godown for 5.50EF4 Flg - 1',NULL,1),(1701,1782,3,'2025-11-27',120.00,'Travelling Expense paid to Mr. Pravin For the day',NULL,1),(1702,1783,4,'2025-11-26',200.00,'Tempo charges paid for Anaya Transport A/c Intech Pulveriser',NULL,1),(1703,1784,2,'2025-11-26',150.00,'Unloading charges at godown for 18 Nos. from CGL',NULL,1);
/*!40000 ALTER TABLE `mx_expense_entry` ENABLE KEYS */;
UNLOCK TABLES;

--
-- Table structure for table `mx_expense_type`
--

DROP TABLE IF EXISTS `mx_expense_type`;
/*!40101 SET @saved_cs_client     = @@character_set_client */;
/*!40101 SET character_set_client = utf8 */;
CREATE TABLE `mx_expense_type` (
  `expenseTypeID` int(11) NOT NULL AUTO_INCREMENT,
  `expenceTitle` varchar(255) DEFAULT NULL,
  `status` tinyint(1) NOT NULL DEFAULT 1,
  `dateAdded` datetime NOT NULL DEFAULT current_timestamp(),
  `dateModified` datetime NOT NULL DEFAULT current_timestamp(),
  PRIMARY KEY (`expenseTypeID`)
) ENGINE=InnoDB AUTO_INCREMENT=7 DEFAULT CHARSET=utf8 COLLATE=utf8_general_ci;
/*!40101 SET character_set_client = @saved_cs_client */;

--
-- Dumping data for table `mx_expense_type`
--

LOCK TABLES `mx_expense_type` WRITE;
/*!40000 ALTER TABLE `mx_expense_type` DISABLE KEYS */;
INSERT INTO `mx_expense_type` VALUES (1,'Freight Expenses',1,'2024-03-27 16:14:03','2024-03-27 16:14:03'),(2,'Miscellaneous Expenses ',1,'2024-03-27 16:14:28','2024-03-27 16:14:28'),(3,'Travelling Expenses',1,'2024-04-03 17:55:18','2024-04-03 17:55:18'),(4,'Tempo Charges',1,'2024-04-10 17:39:31','2024-04-10 17:39:31'),(5,'Stationary things ',1,'2024-04-19 19:55:46','2024-04-19 19:55:46'),(6,'Courier Expenses',1,'2024-04-22 17:55:20','2024-04-22 17:55:20');
/*!40000 ALTER TABLE `mx_expense_type` ENABLE KEYS */;
UNLOCK TABLES;

--
-- Table structure for table `mx_fuel_expense`
--

DROP TABLE IF EXISTS `mx_fuel_expense`;
/*!40101 SET @saved_cs_client     = @@character_set_client */;
/*!40101 SET character_set_client = utf8 */;
CREATE TABLE `mx_fuel_expense` (
  `fuelExpenseID` int(11) NOT NULL AUTO_INCREMENT,
  `vehicleID` int(11) NOT NULL,
  `billDate` date NOT NULL,
  `expenseAmount` decimal(10,2) NOT NULL,
  `fuelQuantity` decimal(8,2) DEFAULT NULL,
  `billImage` varchar(255) DEFAULT NULL,
  `ocrText` longtext DEFAULT NULL,
  `extractedData` longtext CHARACTER SET utf8mb4 COLLATE utf8mb4_bin DEFAULT NULL CHECK (json_valid(`extractedData`)),
  `confidenceScore` int(3) DEFAULT 0,
  `manuallyEdited` tinyint(1) DEFAULT 0,
  `paymentStatus` enum('Unpaid','Paid') DEFAULT 'Unpaid',
  `paidDate` date DEFAULT NULL,
  `remarks` text DEFAULT NULL,
  `status` tinyint(1) DEFAULT 1,
  `createdDate` datetime DEFAULT current_timestamp(),
  `modifiedDate` datetime DEFAULT current_timestamp() ON UPDATE current_timestamp(),
  PRIMARY KEY (`fuelExpenseID`),
  KEY `vehicleID` (`vehicleID`),
  KEY `billDate` (`billDate`),
  KEY `paymentStatus` (`paymentStatus`),
  KEY `status` (`status`),
  CONSTRAINT `fk_fuel_expense_vehicle` FOREIGN KEY (`vehicleID`) REFERENCES `mx_vehicle` (`vehicleID`) ON DELETE CASCADE
) ENGINE=InnoDB AUTO_INCREMENT=9 DEFAULT CHARSET=utf8mb4 COLLATE=utf8mb4_unicode_ci;
/*!40101 SET character_set_client = @saved_cs_client */;

--
-- Dumping data for table `mx_fuel_expense`
--

LOCK TABLES `mx_fuel_expense` WRITE;
/*!40000 ALTER TABLE `mx_fuel_expense` DISABLE KEYS */;
INSERT INTO `mx_fuel_expense` VALUES (1,1,'2025-11-29',5217.00,NULL,NULL,NULL,NULL,0,0,'Unpaid',NULL,NULL,0,'2025-11-29 15:42:02','2025-12-03 08:52:02'),(2,1,'2025-11-29',5037.00,NULL,'new-kampala-s-station-5239-conv-1-2.jpeg',NULL,NULL,0,0,'Unpaid',NULL,NULL,0,'2025-11-29 16:17:28','2025-12-03 08:52:02'),(3,1,'2025-11-29',1500.00,10.50,'bill_1764433368_692b1dd845dfb.pdf',NULL,NULL,0,0,'Unpaid',NULL,'Test OCR expense',0,'2025-11-29 16:22:48','2025-12-03 08:52:02'),(4,1,'2025-11-30',5000.00,NULL,'new-kampala-s-station-4180.PDF',NULL,NULL,0,0,'Unpaid',NULL,'test',0,'2025-11-30 12:54:42','2025-12-03 08:52:02'),(5,2,'2025-11-30',4180.00,NULL,'bill_1764508796_692c447c6e638.pdf',NULL,NULL,0,0,'Paid','2025-12-01',NULL,0,'2025-11-30 13:20:05','2025-12-03 08:52:02'),(6,1,'2025-11-30',5239.00,NULL,'bill_1764508817_692c449135688.pdf',NULL,NULL,0,0,'Paid','2025-12-01',NULL,0,'2025-11-30 13:20:25','2025-12-03 08:52:02'),(7,2,'2025-11-29',3651.79,NULL,'bill_1764582277_692d6385da74d.pdf',NULL,NULL,0,0,'Paid','2025-12-01',NULL,1,'2025-12-01 09:45:43','2025-12-03 08:51:42'),(8,1,'2025-11-29',5127.50,NULL,'bill_1764582363_692d63dbb1b16.pdf',NULL,NULL,0,0,'Paid','2025-12-01',NULL,1,'2025-12-01 09:47:10','2025-12-03 08:51:42');
/*!40000 ALTER TABLE `mx_fuel_expense` ENABLE KEYS */;
UNLOCK TABLES;

--
-- Table structure for table `mx_home`
--

DROP TABLE IF EXISTS `mx_home`;
/*!40101 SET @saved_cs_client     = @@character_set_client */;
/*!40101 SET character_set_client = utf8 */;
CREATE TABLE `mx_home` (
  `homeID` int(11) NOT NULL AUTO_INCREMENT,
  `homeTitle` varchar(50) DEFAULT NULL,
  `homeDesc` text DEFAULT NULL,
  `contactUsUrl` varchar(100) DEFAULT NULL,
  `aboutUrl` varchar(200) DEFAULT NULL,
  `otherTitleOne` varchar(50) DEFAULT NULL,
  `otherTitleTwo` varchar(50) DEFAULT NULL,
  `otherTitleThree` varchar(50) DEFAULT NULL,
  `otherTitleFour` varchar(100) DEFAULT NULL,
  `otherDescOne` varchar(300) DEFAULT NULL,
  `otherDescTwo` varchar(300) DEFAULT NULL,
  `otherDescThree` varchar(300) DEFAULT NULL,
  `otherDescFour` text DEFAULT NULL,
  `serviceTitle` varchar(100) DEFAULT NULL,
  `serviceSubTitle` varchar(250) DEFAULT NULL,
  `serviceDescOne` text DEFAULT NULL,
  `serviceDescTwo` text NOT NULL,
  `serviceDescThree` text NOT NULL,
  `serviceImg` varchar(250) DEFAULT NULL,
  `effectiveIncrease` varchar(50) DEFAULT NULL,
  `yearsExperience` varchar(50) DEFAULT NULL,
  `status` tinyint(1) NOT NULL DEFAULT 1,
  PRIMARY KEY (`homeID`)
) ENGINE=InnoDB AUTO_INCREMENT=3 DEFAULT CHARSET=utf8mb4 COLLATE=utf8mb4_general_ci;
/*!40101 SET character_set_client = @saved_cs_client */;

--
-- Dumping data for table `mx_home`
--

LOCK TABLES `mx_home` WRITE;
/*!40000 ALTER TABLE `mx_home` DISABLE KEYS */;
INSERT INTO `mx_home` VALUES (1,'Welcome to BES','<p>Your one-stop need for all Engineering needs!</p>\n<p>We supply motors in various standards and customized configurations to respond to the exacting demands of the industry.</p>','contact-us','about-us','Wider Choice','Energy Efficient','Reliability','We are geared up to meet any challenging requirements of clients.','We offer motors of various sizes and configurations to suit specific application as demanded by Clients.','We supply motors of the highest quality and superior energy efficiency resulting in power saving and a lesser carbon footprint.','Our Motors can perform under extreme conditions resulting in continuous production and generating savings for the user.','We believe in the giving the best solution to a customer need which is also cost effective and ultimately results in customer delight.','At your Service','BES is here to serve your needs in the most timely and effective manner!','<div class=\"accrodion-title\">\n<h3>Origins</h3>\n</div>\n\n<div class=\"accrodion-content\">\n<div class=\"inner\">\n<p>BES is founded in the year 1957 and over the past 60 + years we strive only in providing the best customer experiences.</p>\n</div>\n<!-- /.inner --></div>','<div class=\"accrodion-title\">\n<h3>Inhouse Technical Expertise</h3>\n</div>\n\n<div class=\"accrodion-content\">\n<div class=\"inner\">\n<p>Our in-house technical team can provide all the relevant technical documentation such as datasheets, drawings, and performance curves as needed by you or your consultants in a quick and timely manner. We can also do an application check with respect given load and suggest the best possible energy-efficient motor for your need.</p>\n</div>\n<!-- /.inner --></div>','<div class=\"accrodion-title\">\n<h3>Client first approach</h3>\n</div>\n\n<div class=\"accrodion-content\">\n<div class=\"inner\">\n<p>We make sure all your problems are resolved pre and post-sales as well as all questions are answered to your complete satisfaction. Our in-depth involvement in your inquiry or project will keep you at ease while we take care of all your needs in the most professional manner possible.</p>\n</div>\n<!-- /.inner --></div>','adobestock_159084082-jpeg.webp','100%','69',1),(2,'test','equivalent to the product of two and two; one more than three, or six less than ten; 4.\r\n','equivalent to the product of two and two; one more than three, or six less than ten; 4.\r\n','equivalent to the product of two and two; one more than three, or six less than ten; 4.\r\n','tets','test','teest',NULL,'equivalent to the product of two and two; one more than three, or six less than ten; 4.\r\n','equivalent to the product of two and two; one more than three, or six less than ten; 4.\r\n','equivalent to the product of two and two; one more than three, or six less than ten; 4.\r\n',NULL,'equivalent to the product of two and two; one more than three, or six less than ten; 4.\r\n','equivalent to the product of two and two; one more than three, or six less than ten; 4.\r\n','equivalent to the product of two and two; one more than three, or six less than ten; 4.\r\n','equivalent to the product of two and two; one more than three, or six less than ten; 4.\r\n','equivalent to the product of two and two; one more than three, or six less than ten; 4.\r\n','slider-4.jpg',NULL,NULL,1);
/*!40000 ALTER TABLE `mx_home` ENABLE KEYS */;
UNLOCK TABLES;

--
-- Table structure for table `mx_home_best_partner`
--

DROP TABLE IF EXISTS `mx_home_best_partner`;
/*!40101 SET @saved_cs_client     = @@character_set_client */;
/*!40101 SET character_set_client = utf8 */;
CREATE TABLE `mx_home_best_partner` (
  `bestPartnerID` int(11) NOT NULL AUTO_INCREMENT,
  `homeID` int(11) NOT NULL DEFAULT 0,
  `bestPartnerTitle` varchar(250) DEFAULT NULL,
  `bestPartnerImg` varchar(250) DEFAULT NULL,
  `status` tinyint(1) DEFAULT 1,
  PRIMARY KEY (`bestPartnerID`)
) ENGINE=InnoDB AUTO_INCREMENT=290 DEFAULT CHARSET=utf8mb4 COLLATE=utf8mb4_general_ci;
/*!40101 SET character_set_client = @saved_cs_client */;

--
-- Dumping data for table `mx_home_best_partner`
--

LOCK TABLES `mx_home_best_partner` WRITE;
/*!40000 ALTER TABLE `mx_home_best_partner` DISABLE KEYS */;
INSERT INTO `mx_home_best_partner` VALUES (286,1,'CG Power and Industrial Solutions Ltd','cgpower.jpg',1),(287,1,'Crompton Greaves Consumer Electricals Solutions Limited','crompton-1.png',1),(288,1,'Kaysons Techno Equipments Pvt Ltd','kaysons_equipments-logo.gif',1),(289,1,'Rotodel','logo-color.jpg',1);
/*!40000 ALTER TABLE `mx_home_best_partner` ENABLE KEYS */;
UNLOCK TABLES;

--
-- Table structure for table `mx_home_slider`
--

DROP TABLE IF EXISTS `mx_home_slider`;
/*!40101 SET @saved_cs_client     = @@character_set_client */;
/*!40101 SET character_set_client = utf8 */;
CREATE TABLE `mx_home_slider` (
  `homeSliderID` int(11) NOT NULL AUTO_INCREMENT,
  `homeID` int(11) DEFAULT 0,
  `sliderTitle` varchar(100) DEFAULT NULL,
  `sliderImage` varchar(150) DEFAULT NULL,
  `status` int(11) NOT NULL DEFAULT 1,
  PRIMARY KEY (`homeSliderID`)
) ENGINE=InnoDB AUTO_INCREMENT=304 DEFAULT CHARSET=utf8mb4 COLLATE=utf8mb4_general_ci;
/*!40101 SET character_set_client = @saved_cs_client */;

--
-- Dumping data for table `mx_home_slider`
--

LOCK TABLES `mx_home_slider` WRITE;
/*!40000 ALTER TABLE `mx_home_slider` DISABLE KEYS */;
INSERT INTO `mx_home_slider` VALUES (303,1,'slide1','adobestock_115653070-jpeg.webp',1);
/*!40000 ALTER TABLE `mx_home_slider` ENABLE KEYS */;
UNLOCK TABLES;

--
-- Table structure for table `mx_hsn`
--

DROP TABLE IF EXISTS `mx_hsn`;
/*!40101 SET @saved_cs_client     = @@character_set_client */;
/*!40101 SET character_set_client = utf8 */;
CREATE TABLE `mx_hsn` (
  `hsnID` int(11) NOT NULL AUTO_INCREMENT,
  `hsnNo` int(20) DEFAULT NULL,
  `hsnSacTitle` varchar(100) DEFAULT NULL,
  `taxIDS` varchar(50) DEFAULT NULL,
  `taxIDO` varchar(50) DEFAULT NULL,
  `taxRate` decimal(10,0) NOT NULL DEFAULT 0,
  `isServiceHsn` tinyint(1) NOT NULL DEFAULT 0,
  `status` tinyint(1) NOT NULL DEFAULT 1,
  PRIMARY KEY (`hsnID`)
) ENGINE=InnoDB AUTO_INCREMENT=2 DEFAULT CHARSET=utf8 COLLATE=utf8_unicode_ci;
/*!40101 SET character_set_client = @saved_cs_client */;

--
-- Dumping data for table `mx_hsn`
--

LOCK TABLES `mx_hsn` WRITE;
/*!40000 ALTER TABLE `mx_hsn` DISABLE KEYS */;
INSERT INTO `mx_hsn` VALUES (1,4407,'HSN','1,2','3',18,0,1);
/*!40000 ALTER TABLE `mx_hsn` ENABLE KEYS */;
UNLOCK TABLES;

--
-- Table structure for table `mx_hsn_code`
--

DROP TABLE IF EXISTS `mx_hsn_code`;
/*!40101 SET @saved_cs_client     = @@character_set_client */;
/*!40101 SET character_set_client = utf8 */;
CREATE TABLE `mx_hsn_code` (
  `hsnID` int(11) NOT NULL AUTO_INCREMENT,
  `hsnCode` varchar(8) NOT NULL,
  `description` varchar(500) DEFAULT NULL,
  `gstRate` decimal(5,2) DEFAULT 18.00,
  `cessRate` decimal(5,2) DEFAULT 0.00,
  `status` tinyint(4) DEFAULT 1,
  `created` datetime DEFAULT current_timestamp(),
  PRIMARY KEY (`hsnID`),
  UNIQUE KEY `uk_hsn` (`hsnCode`)
) ENGINE=InnoDB AUTO_INCREMENT=9 DEFAULT CHARSET=utf8mb4 COLLATE=utf8mb4_general_ci;
/*!40101 SET character_set_client = @saved_cs_client */;

--
-- Dumping data for table `mx_hsn_code`
--

LOCK TABLES `mx_hsn_code` WRITE;
/*!40000 ALTER TABLE `mx_hsn_code` DISABLE KEYS */;
INSERT INTO `mx_hsn_code` VALUES (1,'95069990','Sports equipment - Padel rackets, balls, accessories',18.00,0.00,1,'2025-12-28 15:55:53'),(2,'63069000','Tarpaulins, awnings, sails - Court covers',18.00,0.00,1,'2025-12-28 15:55:53'),(3,'39201019','Plastic sheets - Court surfaces',18.00,0.00,1,'2025-12-28 15:55:53'),(4,'73089090','Steel structures - Court frames',18.00,0.00,1,'2025-12-28 15:55:53'),(5,'85044090','Electrical equipment - Court lighting',18.00,0.00,1,'2025-12-28 15:55:53'),(6,'94054090','Lighting fixtures and fittings',18.00,0.00,1,'2025-12-28 15:55:53'),(7,'40169990','Rubber articles - Court flooring',18.00,0.00,1,'2025-12-28 15:55:53'),(8,'39269099','Plastic articles - Net posts, accessories',18.00,0.00,1,'2025-12-28 15:55:53');
/*!40000 ALTER TABLE `mx_hsn_code` ENABLE KEYS */;
UNLOCK TABLES;

--
-- Table structure for table `mx_inventory_stock`
--

DROP TABLE IF EXISTS `mx_inventory_stock`;
/*!40101 SET @saved_cs_client     = @@character_set_client */;
/*!40101 SET character_set_client = utf8 */;
CREATE TABLE `mx_inventory_stock` (
  `stockID` int(11) NOT NULL AUTO_INCREMENT,
  `productID` int(11) NOT NULL,
  `warehouseID` int(11) NOT NULL,
  `quantity` decimal(15,3) DEFAULT 0.000,
  `availableQty` decimal(15,3) DEFAULT 0.000,
  `reservedQty` decimal(15,3) DEFAULT 0.000,
  `inTransitQty` decimal(15,3) DEFAULT 0.000,
  `damagedQty` decimal(15,3) DEFAULT 0.000,
  `avgCost` decimal(15,2) DEFAULT 0.00,
  `totalValue` decimal(15,2) DEFAULT 0.00,
  `lastUpdated` datetime DEFAULT current_timestamp() ON UPDATE current_timestamp(),
  `lastCountDate` date DEFAULT NULL,
  `status` tinyint(4) DEFAULT 1,
  PRIMARY KEY (`stockID`),
  UNIQUE KEY `uk_product_warehouse` (`productID`,`warehouseID`),
  KEY `idx_warehouse` (`warehouseID`)
) ENGINE=InnoDB AUTO_INCREMENT=44 DEFAULT CHARSET=utf8mb4 COLLATE=utf8mb4_general_ci;
/*!40101 SET character_set_client = @saved_cs_client */;

--
-- Dumping data for table `mx_inventory_stock`
--

LOCK TABLES `mx_inventory_stock` WRITE;
/*!40000 ALTER TABLE `mx_inventory_stock` DISABLE KEYS */;
INSERT INTO `mx_inventory_stock` VALUES (1,1,1,122.000,122.000,20.000,0.000,0.000,2300.00,276000.00,'2025-12-29 03:40:28',NULL,1),(2,2,1,250.000,230.000,20.000,0.000,0.000,1650.00,412500.00,'2025-12-29 00:36:53',NULL,1),(3,3,1,45.000,40.000,5.000,0.000,0.000,3000.00,135000.00,'2025-12-29 00:36:53',NULL,1),(4,4,1,184.000,184.000,0.000,0.000,0.000,1400.00,252000.00,'2025-12-29 03:40:29',NULL,1),(5,5,1,160.000,160.000,0.000,0.000,0.000,750.00,112500.00,'2025-12-29 03:40:29',NULL,1),(6,1,2,25.000,20.000,5.000,0.000,0.000,2350.00,58750.00,'2025-12-29 00:36:53',NULL,1),(7,2,2,80.000,75.000,5.000,0.000,0.000,1700.00,136000.00,'2025-12-29 00:36:53',NULL,1),(8,3,2,15.000,15.000,0.000,0.000,0.000,3100.00,46500.00,'2025-12-29 00:36:53',NULL,1),(9,1,3,30.000,30.000,0.000,0.000,0.000,2320.00,69600.00,'2025-12-29 00:36:53',NULL,1),(10,4,3,60.000,55.000,5.000,0.000,0.000,1420.00,85200.00,'2025-12-29 00:36:53',NULL,1),(11,77,2,50.000,50.000,0.000,0.000,0.000,0.00,0.00,'2025-12-29 01:39:29',NULL,1),(12,78,2,100.000,100.000,0.000,0.000,0.000,0.00,0.00,'2025-12-29 01:39:29',NULL,1),(13,79,2,29.000,29.000,0.000,0.000,0.000,0.00,0.00,'2025-12-29 02:06:13',NULL,1),(14,80,2,98.000,98.000,0.000,0.000,0.000,0.00,0.00,'2025-12-29 02:09:51',NULL,1),(15,81,2,50.000,50.000,0.000,0.000,0.000,0.00,0.00,'2025-12-29 01:39:29',NULL,1),(16,82,2,40.000,40.000,0.000,0.000,0.000,0.00,0.00,'2025-12-29 01:39:29',NULL,1),(17,83,2,29.000,29.000,0.000,0.000,0.000,0.00,0.00,'2025-12-29 02:14:02',NULL,1),(18,84,2,14.000,14.000,0.000,0.000,0.000,0.00,0.00,'2025-12-29 02:14:02',NULL,1),(19,85,2,25.000,25.000,0.000,0.000,0.000,0.00,0.00,'2025-12-29 01:39:29',NULL,1),(20,86,2,14.000,14.000,0.000,0.000,0.000,0.00,0.00,'2025-12-29 02:14:02',NULL,1),(21,87,2,20.000,20.000,0.000,0.000,0.000,0.00,0.00,'2025-12-29 01:39:29',NULL,1),(22,77,3,40.000,40.000,0.000,0.000,0.000,0.00,0.00,'2025-12-29 01:39:29',NULL,1),(23,78,3,80.000,80.000,0.000,0.000,0.000,0.00,0.00,'2025-12-29 01:39:29',NULL,1),(24,79,3,25.000,25.000,0.000,0.000,0.000,0.00,0.00,'2025-12-29 01:39:29',NULL,1),(25,80,3,80.000,80.000,0.000,0.000,0.000,0.00,0.00,'2025-12-29 01:39:29',NULL,1),(26,81,3,40.000,40.000,0.000,0.000,0.000,0.00,0.00,'2025-12-29 01:39:29',NULL,1),(27,82,3,30.000,30.000,0.000,0.000,0.000,0.00,0.00,'2025-12-29 01:39:29',NULL,1),(28,83,3,25.000,25.000,0.000,0.000,0.000,0.00,0.00,'2025-12-29 01:39:29',NULL,1),(29,84,3,15.000,15.000,0.000,0.000,0.000,0.00,0.00,'2025-12-29 01:39:29',NULL,1),(30,85,3,20.000,20.000,0.000,0.000,0.000,0.00,0.00,'2025-12-29 01:39:29',NULL,1),(31,86,3,10.000,10.000,0.000,0.000,0.000,0.00,0.00,'2025-12-29 01:39:29',NULL,1),(32,87,3,15.000,15.000,0.000,0.000,0.000,0.00,0.00,'2025-12-29 01:39:29',NULL,1),(33,77,4,35.000,35.000,0.000,0.000,0.000,0.00,0.00,'2025-12-29 01:39:29',NULL,1),(34,78,4,70.000,70.000,0.000,0.000,0.000,0.00,0.00,'2025-12-29 01:39:29',NULL,1),(35,79,4,20.000,20.000,0.000,0.000,0.000,0.00,0.00,'2025-12-29 01:39:29',NULL,1),(36,80,4,60.000,60.000,0.000,0.000,0.000,0.00,0.00,'2025-12-29 01:39:29',NULL,1),(37,81,4,30.000,30.000,0.000,0.000,0.000,0.00,0.00,'2025-12-29 01:39:29',NULL,1),(38,82,4,25.000,25.000,0.000,0.000,0.000,0.00,0.00,'2025-12-29 01:39:29',NULL,1),(39,83,4,20.000,20.000,0.000,0.000,0.000,0.00,0.00,'2025-12-29 01:39:29',NULL,1),(40,84,4,10.000,10.000,0.000,0.000,0.000,0.00,0.00,'2025-12-29 01:39:29',NULL,1),(41,85,4,15.000,15.000,0.000,0.000,0.000,0.00,0.00,'2025-12-29 01:39:29',NULL,1),(42,86,4,8.000,8.000,0.000,0.000,0.000,0.00,0.00,'2025-12-29 01:39:29',NULL,1),(43,87,4,12.000,12.000,0.000,0.000,0.000,0.00,0.00,'2025-12-29 01:39:29',NULL,1);
/*!40000 ALTER TABLE `mx_inventory_stock` ENABLE KEYS */;
UNLOCK TABLES;

--
-- Table structure for table `mx_ipa_coach`
--

DROP TABLE IF EXISTS `mx_ipa_coach`;
/*!40101 SET @saved_cs_client     = @@character_set_client */;
/*!40101 SET character_set_client = utf8 */;
CREATE TABLE `mx_ipa_coach` (
  `coachID` int(11) NOT NULL AUTO_INCREMENT,
  `coachCode` varchar(20) NOT NULL,
  `firstName` varchar(100) NOT NULL,
  `lastName` varchar(100) DEFAULT NULL,
  `email` varchar(150) DEFAULT NULL,
  `phone` varchar(20) DEFAULT NULL,
  `profilePhoto` varchar(255) DEFAULT NULL,
  `certificationLevel` enum('Level 1','Level 2','Level 3','Head Coach') DEFAULT 'Level 1',
  `certificationDate` date DEFAULT NULL,
  `certificationExpiry` date DEFAULT NULL,
  `specializations` text DEFAULT NULL,
  `employmentType` enum('Full-Time','Part-Time','Freelance') DEFAULT 'Full-Time',
  `joiningDate` date DEFAULT NULL,
  `homeCenter` int(11) DEFAULT NULL,
  `hourlyRate` decimal(10,2) DEFAULT 0.00,
  `avgStudentRating` decimal(3,2) DEFAULT 0.00,
  `totalSessionsConducted` int(11) DEFAULT 0,
  `totalStudentsTrained` int(11) DEFAULT 0,
  `coachStatus` enum('Active','Inactive','On Leave','Terminated') DEFAULT 'Active',
  `status` tinyint(4) DEFAULT 1,
  `created` datetime DEFAULT current_timestamp(),
  `modified` datetime DEFAULT NULL ON UPDATE current_timestamp(),
  `commissionRate` decimal(5,2) DEFAULT 5.00,
  `totalCommissionEarned` decimal(12,2) DEFAULT 0.00,
  PRIMARY KEY (`coachID`),
  UNIQUE KEY `coachCode` (`coachCode`)
) ENGINE=InnoDB AUTO_INCREMENT=6 DEFAULT CHARSET=utf8mb4 COLLATE=utf8mb4_unicode_ci;
/*!40101 SET character_set_client = @saved_cs_client */;

--
-- Dumping data for table `mx_ipa_coach`
--

LOCK TABLES `mx_ipa_coach` WRITE;
/*!40000 ALTER TABLE `mx_ipa_coach` DISABLE KEYS */;
INSERT INTO `mx_ipa_coach` VALUES (1,'IPA-C001','Rajesh','Kumar','rajesh.kumar@ipa.com','9876543210',NULL,'Head Coach',NULL,NULL,'Advanced Training, Tournament Prep','Full-Time','2024-01-15',NULL,2500.00,4.00,156,89,'Active',1,'2025-12-26 01:13:35','2026-01-08 01:12:41',5.00,0.00),(2,'IPA-C002','Priya','Sharma','priya.sharma@ipa.com','9876543211',NULL,'Level 3',NULL,NULL,'Beginners, Kids Training','Full-Time','2024-03-01',NULL,2000.00,4.67,98,67,'Active',1,'2025-12-26 01:13:35','2025-12-26 01:21:52',5.00,0.00),(3,'IPA-C003','Amit','Patel','amit.patel@ipa.com','9876543212',NULL,'Level 2',NULL,NULL,'Intermediate, Doubles Strategy','Full-Time','2024-05-10',NULL,1500.00,4.00,67,45,'Active',1,'2025-12-26 01:13:35','2025-12-26 01:21:52',5.00,0.00),(4,'IPA-C004','Sneha','Reddy','sneha.reddy@ipa.com','9876543213',NULL,'Level 1',NULL,NULL,'Fitness, Conditioning','Part-Time','2024-08-01',NULL,1200.00,4.50,34,28,'Active',1,'2025-12-26 01:13:35','2025-12-26 01:21:52',5.00,0.00),(5,'IPA-C005','Vikram','Singh','vikram.singh@ipa.com','9876543214',NULL,'Level 2',NULL,NULL,'Tournament Prep, Advanced Tactics','Full-Time','2024-06-15',NULL,1800.00,5.00,78,52,'Active',1,'2025-12-26 01:13:35','2025-12-26 01:21:52',5.00,0.00);
/*!40000 ALTER TABLE `mx_ipa_coach` ENABLE KEYS */;
UNLOCK TABLES;

--
-- Table structure for table `mx_ipa_coach_assessment`
--

DROP TABLE IF EXISTS `mx_ipa_coach_assessment`;
/*!40101 SET @saved_cs_client     = @@character_set_client */;
/*!40101 SET character_set_client = utf8 */;
CREATE TABLE `mx_ipa_coach_assessment` (
  `assessmentID` int(11) NOT NULL AUTO_INCREMENT,
  `sessionID` int(11) DEFAULT NULL,
  `playerID` int(11) NOT NULL,
  `coachID` int(11) NOT NULL,
  `programID` int(11) DEFAULT NULL,
  `assessmentType` enum('Session','Monthly','Quarterly','Level-Test') DEFAULT 'Session',
  `assessmentDate` date DEFAULT NULL,
  `technicalSkills` decimal(3,2) DEFAULT 0.00,
  `tacticalAwareness` decimal(3,2) DEFAULT 0.00,
  `physicalFitness` decimal(3,2) DEFAULT 0.00,
  `mentalStrength` decimal(3,2) DEFAULT 0.00,
  `gameStrategy` decimal(3,2) DEFAULT 0.00,
  `consistency` decimal(3,2) DEFAULT 0.00,
  `overallScore` decimal(3,2) DEFAULT 0.00,
  `currentLevel` enum('Beginner','Intermediate','Advanced','Pro') DEFAULT 'Beginner',
  `recommendedLevel` enum('Beginner','Intermediate','Advanced','Pro') DEFAULT 'Beginner',
  `levelChangeRecommended` tinyint(4) DEFAULT 0,
  `strengths` text DEFAULT NULL,
  `areasForImprovement` text DEFAULT NULL,
  `trainingRecommendations` text DEFAULT NULL,
  `coachNotes` text DEFAULT NULL,
  `status` tinyint(4) DEFAULT 1,
  `created` datetime DEFAULT current_timestamp(),
  `modified` datetime DEFAULT current_timestamp() ON UPDATE current_timestamp(),
  PRIMARY KEY (`assessmentID`),
  KEY `idx_player` (`playerID`),
  KEY `idx_coach` (`coachID`),
  KEY `idx_session` (`sessionID`)
) ENGINE=InnoDB AUTO_INCREMENT=8 DEFAULT CHARSET=utf8mb4 COLLATE=utf8mb4_unicode_ci;
/*!40101 SET character_set_client = @saved_cs_client */;

--
-- Dumping data for table `mx_ipa_coach_assessment`
--

LOCK TABLES `mx_ipa_coach_assessment` WRITE;
/*!40000 ALTER TABLE `mx_ipa_coach_assessment` DISABLE KEYS */;
INSERT INTO `mx_ipa_coach_assessment` VALUES (1,1,1,1,1,'Monthly','2025-12-20',4.00,3.50,4.00,3.50,3.00,3.50,3.60,'Intermediate','Advanced',1,'Excellent forehand technique, good court awareness','Backhand needs work, footwork can improve','Focus on backhand drills, agility training','Arjun is progressing well, ready for advanced level',1,'2025-12-26 01:21:13','2025-12-26 01:21:13'),(2,2,3,2,2,'Session','2025-12-20',3.50,3.00,4.00,4.00,3.00,3.50,3.50,'Intermediate','Intermediate',0,'Strong physical fitness, good mental game','Tactical awareness needs improvement','Match analysis sessions recommended','Rohit has potential but needs more experience',1,'2025-12-26 01:21:13','2025-12-26 01:21:13'),(3,3,5,3,3,'Quarterly','2025-12-21',4.50,4.50,4.00,4.50,4.00,4.00,4.20,'Advanced','Pro',1,'Tournament ready, excellent all-round game','Consistency under pressure','Mental conditioning, high-pressure drills','Sameer is ready for pro tournaments',1,'2025-12-26 01:21:13','2025-12-26 01:21:13'),(4,4,6,4,4,'Monthly','2025-12-22',3.00,2.50,4.50,3.50,2.50,3.00,3.20,'Beginner','Intermediate',1,'Exceptional energy and enthusiasm, great fitness','Basic techniques still developing','Continue fundamental drills, patience exercises','Divya is a natural athlete, just needs more training',1,'2025-12-26 01:21:13','2025-12-26 01:21:13'),(5,5,1,5,5,'Session','2025-12-23',4.50,4.00,4.00,4.00,4.00,4.00,4.10,'Intermediate','Advanced',1,'Great improvement in private sessions','Service consistency','Focused serve practice','Private coaching really helping Arjun',1,'2025-12-26 01:21:13','2025-12-26 01:21:13'),(6,6,7,1,1,'Session','2025-12-23',3.00,2.50,3.50,3.00,2.50,3.00,2.90,'Beginner','Beginner',0,'Good baseline skills','All areas need development','Regular practice, group sessions','Karan just started, showing promise',1,'2025-12-26 01:21:13','2025-12-26 01:21:13'),(7,7,8,2,2,'Monthly','2025-12-24',4.00,4.00,3.50,4.50,4.00,4.00,4.00,'Intermediate','Advanced',1,'Excellent tactical mind, great game reading','Physical fitness could improve','Cardio training, stamina building','Neha thinks like a pro, body needs to catch up',1,'2025-12-26 01:21:13','2025-12-26 01:21:13');
/*!40000 ALTER TABLE `mx_ipa_coach_assessment` ENABLE KEYS */;
UNLOCK TABLES;

--
-- Table structure for table `mx_ipa_coach_commission`
--

DROP TABLE IF EXISTS `mx_ipa_coach_commission`;
/*!40101 SET @saved_cs_client     = @@character_set_client */;
/*!40101 SET character_set_client = utf8 */;
CREATE TABLE `mx_ipa_coach_commission` (
  `commissionID` int(11) NOT NULL AUTO_INCREMENT,
  `coachID` int(11) NOT NULL,
  `saleID` int(11) DEFAULT NULL,
  `saleDate` date NOT NULL,
  `saleAmount` decimal(12,2) NOT NULL,
  `commissionRate` decimal(5,2) DEFAULT 5.00,
  `commissionAmount` decimal(12,2) NOT NULL,
  `commissionStatus` enum('Pending','Approved','Paid','Cancelled') DEFAULT 'Pending',
  `paymentDate` date DEFAULT NULL,
  `paymentReference` varchar(100) DEFAULT NULL,
  `notes` text DEFAULT NULL,
  `createdAt` datetime DEFAULT current_timestamp(),
  `status` tinyint(4) DEFAULT 1,
  PRIMARY KEY (`commissionID`),
  KEY `idx_coach` (`coachID`),
  KEY `idx_status` (`commissionStatus`),
  KEY `idx_date` (`saleDate`)
) ENGINE=InnoDB DEFAULT CHARSET=utf8mb4 COLLATE=utf8mb4_unicode_ci;
/*!40101 SET character_set_client = @saved_cs_client */;

--
-- Dumping data for table `mx_ipa_coach_commission`
--

LOCK TABLES `mx_ipa_coach_commission` WRITE;
/*!40000 ALTER TABLE `mx_ipa_coach_commission` DISABLE KEYS */;
/*!40000 ALTER TABLE `mx_ipa_coach_commission` ENABLE KEYS */;
UNLOCK TABLES;

--
-- Table structure for table `mx_ipa_coach_feedback`
--

DROP TABLE IF EXISTS `mx_ipa_coach_feedback`;
/*!40101 SET @saved_cs_client     = @@character_set_client */;
/*!40101 SET character_set_client = utf8 */;
CREATE TABLE `mx_ipa_coach_feedback` (
  `feedbackID` int(11) NOT NULL AUTO_INCREMENT,
  `sessionID` int(11) NOT NULL,
  `playerID` int(11) NOT NULL,
  `coachID` int(11) NOT NULL,
  `forehandRating` tinyint(4) DEFAULT 0,
  `backhandRating` tinyint(4) DEFAULT 0,
  `serveRating` tinyint(4) DEFAULT 0,
  `volleyRating` tinyint(4) DEFAULT 0,
  `footworkRating` tinyint(4) DEFAULT 0,
  `gameAwarenessRating` tinyint(4) DEFAULT 0,
  `overallProgress` enum('Excellent','Good','Average','Needs Improvement') DEFAULT 'Good',
  `engagementLevel` enum('Highly Engaged','Engaged','Passive','Disengaged') DEFAULT 'Engaged',
  `strengths` text DEFAULT NULL,
  `areasForImprovement` text DEFAULT NULL,
  `recommendedDrills` text DEFAULT NULL,
  `privateNotes` text DEFAULT NULL,
  `recommendedLevel` enum('Beginner','Intermediate','Advanced','Pro') DEFAULT NULL,
  `readyForNextLevel` tinyint(4) DEFAULT 0,
  `feedbackDate` datetime DEFAULT current_timestamp(),
  `status` tinyint(4) DEFAULT 1,
  PRIMARY KEY (`feedbackID`)
) ENGINE=InnoDB DEFAULT CHARSET=utf8mb4 COLLATE=utf8mb4_unicode_ci;
/*!40101 SET character_set_client = @saved_cs_client */;

--
-- Dumping data for table `mx_ipa_coach_feedback`
--

LOCK TABLES `mx_ipa_coach_feedback` WRITE;
/*!40000 ALTER TABLE `mx_ipa_coach_feedback` DISABLE KEYS */;
/*!40000 ALTER TABLE `mx_ipa_coach_feedback` ENABLE KEYS */;
UNLOCK TABLES;

--
-- Table structure for table `mx_ipa_coach_review`
--

DROP TABLE IF EXISTS `mx_ipa_coach_review`;
/*!40101 SET @saved_cs_client     = @@character_set_client */;
/*!40101 SET character_set_client = utf8 */;
CREATE TABLE `mx_ipa_coach_review` (
  `reviewID` int(11) NOT NULL AUTO_INCREMENT,
  `coachID` int(11) NOT NULL,
  `reviewerID` int(11) NOT NULL,
  `reviewPeriod` enum('Monthly','Quarterly','Annual','Probation') DEFAULT 'Monthly',
  `periodStartDate` date DEFAULT NULL,
  `periodEndDate` date DEFAULT NULL,
  `reviewDate` date DEFAULT NULL,
  `sessionQuality` decimal(3,2) DEFAULT 0.00,
  `studentEngagement` decimal(3,2) DEFAULT 0.00,
  `punctuality` decimal(3,2) DEFAULT 0.00,
  `professionalism` decimal(3,2) DEFAULT 0.00,
  `technicalKnowledge` decimal(3,2) DEFAULT 0.00,
  `communicationSkills` decimal(3,2) DEFAULT 0.00,
  `studentProgress` decimal(3,2) DEFAULT 0.00,
  `teamwork` decimal(3,2) DEFAULT 0.00,
  `overallRating` decimal(3,2) DEFAULT 0.00,
  `performanceCategory` enum('Excellent','Good','Satisfactory','Needs Improvement','Unsatisfactory') DEFAULT 'Satisfactory',
  `strengths` text DEFAULT NULL,
  `areasForDevelopment` text DEFAULT NULL,
  `actionPlan` text DEFAULT NULL,
  `headCoachComments` text DEFAULT NULL,
  `coachResponse` text DEFAULT NULL,
  `reviewStatus` enum('Draft','Submitted','Acknowledged','Disputed') DEFAULT 'Draft',
  `acknowledgedDate` datetime DEFAULT NULL,
  `status` tinyint(4) DEFAULT 1,
  `created` datetime DEFAULT current_timestamp(),
  `modified` datetime DEFAULT current_timestamp() ON UPDATE current_timestamp(),
  PRIMARY KEY (`reviewID`),
  KEY `idx_coach` (`coachID`),
  KEY `idx_reviewer` (`reviewerID`)
) ENGINE=InnoDB AUTO_INCREMENT=5 DEFAULT CHARSET=utf8mb4 COLLATE=utf8mb4_unicode_ci;
/*!40101 SET character_set_client = @saved_cs_client */;

--
-- Dumping data for table `mx_ipa_coach_review`
--

LOCK TABLES `mx_ipa_coach_review` WRITE;
/*!40000 ALTER TABLE `mx_ipa_coach_review` DISABLE KEYS */;
INSERT INTO `mx_ipa_coach_review` VALUES (1,1,5,'Monthly','2025-12-01','2025-12-31','2025-12-20',4.50,4.50,5.00,5.00,4.50,4.50,4.00,4.50,4.50,'Excellent','Exceptional teaching methodology, players love his sessions','Could experiment with new training techniques','Attend advanced coaching workshop in January','Rajesh continues to be our best performing coach. Excellent work!',NULL,'Acknowledged',NULL,1,'2025-12-26 01:21:36','2025-12-26 01:21:36'),(2,2,5,'Monthly','2025-12-01','2025-12-31','2025-12-20',4.50,5.00,4.50,5.00,4.50,5.00,4.50,4.50,4.60,'Excellent','Outstanding communication skills, creates a positive learning environment','Time management in sessions','Use timer for drill rotations','Priya is a natural coach. Students consistently give her top ratings.',NULL,'Acknowledged',NULL,1,'2025-12-26 01:21:36','2025-12-26 01:21:36'),(3,3,5,'Monthly','2025-12-01','2025-12-31','2025-12-20',4.00,4.00,4.00,4.00,4.50,3.50,4.50,4.00,4.10,'Good','Strong technical knowledge, great for advanced players','Communication with beginners needs improvement','Shadow beginner sessions with other coaches','Amit is excellent with advanced players. Working on his approach with beginners.',NULL,'Submitted',NULL,1,'2025-12-26 01:21:36','2025-12-26 01:21:36'),(4,4,5,'Quarterly','2025-10-01','2025-12-31','2025-12-22',4.50,5.00,5.00,4.50,4.00,4.50,4.50,5.00,4.60,'Excellent','Perfect for junior coaching, kids love her','Technical knowledge for advanced techniques','Complete advanced coaching certification','Sneha has found her niche with juniors. Recommending her for head of junior program.',NULL,'Acknowledged',NULL,1,'2025-12-26 01:21:36','2025-12-26 01:21:36');
/*!40000 ALTER TABLE `mx_ipa_coach_review` ENABLE KEYS */;
UNLOCK TABLES;

--
-- Table structure for table `mx_ipa_coach_session_feedback`
--

DROP TABLE IF EXISTS `mx_ipa_coach_session_feedback`;
/*!40101 SET @saved_cs_client     = @@character_set_client */;
/*!40101 SET character_set_client = utf8 */;
CREATE TABLE `mx_ipa_coach_session_feedback` (
  `feedbackID` int(11) NOT NULL AUTO_INCREMENT,
  `sessionID` int(11) NOT NULL,
  `playerID` int(11) NOT NULL,
  `coachID` int(11) NOT NULL,
  `forehandRating` tinyint(4) DEFAULT 0,
  `backhandRating` tinyint(4) DEFAULT 0,
  `serveRating` tinyint(4) DEFAULT 0,
  `volleyRating` tinyint(4) DEFAULT 0,
  `footworkRating` tinyint(4) DEFAULT 0,
  `gameAwarenessRating` tinyint(4) DEFAULT 0,
  `overallRating` decimal(3,2) DEFAULT 0.00,
  `sessionNotes` text DEFAULT NULL,
  `areasToWork` text DEFAULT NULL,
  `progressStatus` enum('Excellent','Good','Average','Needs Work') DEFAULT 'Good',
  `feedbackDate` datetime DEFAULT current_timestamp(),
  `status` tinyint(4) DEFAULT 1,
  PRIMARY KEY (`feedbackID`),
  UNIQUE KEY `unique_session_player` (`sessionID`,`playerID`),
  KEY `idx_player` (`playerID`),
  KEY `idx_coach` (`coachID`),
  KEY `idx_session` (`sessionID`)
) ENGINE=InnoDB DEFAULT CHARSET=utf8mb4 COLLATE=utf8mb4_unicode_ci;
/*!40101 SET character_set_client = @saved_cs_client */;

--
-- Dumping data for table `mx_ipa_coach_session_feedback`
--

LOCK TABLES `mx_ipa_coach_session_feedback` WRITE;
/*!40000 ALTER TABLE `mx_ipa_coach_session_feedback` DISABLE KEYS */;
/*!40000 ALTER TABLE `mx_ipa_coach_session_feedback` ENABLE KEYS */;
UNLOCK TABLES;

--
-- Table structure for table `mx_ipa_player`
--

DROP TABLE IF EXISTS `mx_ipa_player`;
/*!40101 SET @saved_cs_client     = @@character_set_client */;
/*!40101 SET character_set_client = utf8 */;
CREATE TABLE `mx_ipa_player` (
  `playerID` int(11) NOT NULL AUTO_INCREMENT,
  `playerCode` varchar(20) NOT NULL,
  `hudlePlayerID` varchar(50) DEFAULT NULL,
  `firstName` varchar(100) NOT NULL,
  `lastName` varchar(100) DEFAULT NULL,
  `email` varchar(150) DEFAULT NULL,
  `phone` varchar(20) DEFAULT NULL,
  `dateOfBirth` date DEFAULT NULL,
  `gender` enum('Male','Female','Other') DEFAULT NULL,
  `profilePhoto` varchar(255) DEFAULT NULL,
  `address` text DEFAULT NULL,
  `city` varchar(100) DEFAULT NULL,
  `state` varchar(100) DEFAULT NULL,
  `pincode` varchar(10) DEFAULT NULL,
  `membershipType` enum('Standard','Premium','Annual','Lifetime') DEFAULT 'Standard',
  `membershipStart` date DEFAULT NULL,
  `membershipExpiry` date DEFAULT NULL,
  `ipaRanking` int(11) DEFAULT 0,
  `currentLevel` enum('Beginner','Intermediate','Advanced','Pro') DEFAULT 'Beginner',
  `forehandRating` tinyint(4) DEFAULT 0,
  `backhandRating` tinyint(4) DEFAULT 0,
  `serveRating` tinyint(4) DEFAULT 0,
  `volleyRating` tinyint(4) DEFAULT 0,
  `gameStrategyRating` tinyint(4) DEFAULT 0,
  `preferredCenter` int(11) DEFAULT NULL,
  `preferredCoach` int(11) DEFAULT NULL,
  `preferredTimeSlot` varchar(50) DEFAULT NULL,
  `status` tinyint(4) DEFAULT 1,
  `created` datetime DEFAULT current_timestamp(),
  `modified` datetime DEFAULT NULL ON UPDATE current_timestamp(),
  PRIMARY KEY (`playerID`),
  UNIQUE KEY `playerCode` (`playerCode`)
) ENGINE=InnoDB AUTO_INCREMENT=13 DEFAULT CHARSET=utf8mb4 COLLATE=utf8mb4_unicode_ci;
/*!40101 SET character_set_client = @saved_cs_client */;

--
-- Dumping data for table `mx_ipa_player`
--

LOCK TABLES `mx_ipa_player` WRITE;
/*!40000 ALTER TABLE `mx_ipa_player` DISABLE KEYS */;
INSERT INTO `mx_ipa_player` VALUES (1,'IPA-P001',NULL,'Arjun','Mehta','arjun.mehta@gmail.com','9898123401','1995-05-15','Male',NULL,NULL,'Mumbai',NULL,NULL,'Premium','2024-01-01','2025-12-31',0,'Advanced',4,4,3,4,4,NULL,NULL,NULL,1,'2024-12-01 00:00:00',NULL),(2,'IPA-P002',NULL,'Kavitha','Nair','kavitha.nair@gmail.com','9898123402','1998-08-22','Female',NULL,NULL,'Mumbai',NULL,NULL,'Annual','2024-06-01','2025-05-31',0,'Intermediate',3,3,3,2,3,NULL,NULL,NULL,1,'2024-12-05 00:00:00',NULL),(3,'IPA-P003',NULL,'Rohit','Desai','rohit.desai@gmail.com','9898123403','1990-11-10','Male',NULL,NULL,'Pune',NULL,NULL,'Premium','2024-03-01','2025-12-31',0,'Intermediate',5,5,4,5,5,NULL,NULL,NULL,1,'2024-12-03 00:00:00','2025-12-26 01:22:06'),(4,'IPA-P004',NULL,'Ananya','Iyer','ananya.iyer@gmail.com','9898123404','2002-03-28','Female',NULL,NULL,'Mumbai',NULL,NULL,'Standard','2024-09-01','2025-08-31',0,'Beginner',2,2,1,1,2,NULL,NULL,NULL,1,'2024-12-10 00:00:00',NULL),(5,'IPA-P005',NULL,'Sameer','Khan','sameer.khan@gmail.com','9898123405','1988-07-14','Male',NULL,NULL,'Delhi',NULL,NULL,'Lifetime','2023-01-01','2099-12-31',0,'Pro',4,3,4,4,4,NULL,NULL,NULL,1,'2024-12-02 00:00:00','2025-12-26 01:22:06'),(6,'IPA-P006',NULL,'Divya','Gupta','divya.gupta@gmail.com','9898123406','1996-12-05','Female',NULL,NULL,'Mumbai',NULL,NULL,'Annual','2024-07-01','2025-06-30',0,'Intermediate',3,4,2,3,3,NULL,NULL,NULL,1,'2024-12-08 00:00:00',NULL),(7,'IPA-P007',NULL,'Karan','Malhotra','karan.malhotra@gmail.com','9898123407','1993-09-18','Male',NULL,NULL,'Bangalore',NULL,NULL,'Premium','2024-04-01','2025-12-31',0,'Beginner',4,4,4,3,4,NULL,NULL,NULL,1,'2024-12-06 00:00:00','2025-12-26 01:22:06'),(8,'IPA-P008',NULL,'Neha','Verma','neha.verma@gmail.com','9898123408','2000-01-25','Female',NULL,NULL,'Mumbai',NULL,NULL,'Standard','2024-10-01','2025-09-30',0,'Advanced',1,1,1,1,1,NULL,NULL,NULL,1,'2024-12-15 00:00:00','2025-12-26 01:22:06'),(9,'IPA-P009',NULL,'Aditya','Joshi','aditya.joshi@gmail.com','9898123409','1985-04-30','Male',NULL,NULL,'Pune',NULL,NULL,'Annual','2024-05-01','2025-04-30',0,'Pro',5,4,5,5,5,NULL,NULL,NULL,1,'2024-12-04 00:00:00',NULL),(10,'IPA-P010',NULL,'Riya','Sen','riya.sen@gmail.com','9898123410','1999-06-12','Female',NULL,NULL,'Mumbai',NULL,NULL,'Premium','2024-02-01','2025-12-31',0,'Intermediate',3,3,3,3,3,NULL,NULL,NULL,1,'2024-12-07 00:00:00',NULL),(11,'IPA-P011',NULL,'Varun','Pillai','varun.pillai@gmail.com','9898123411','1991-10-08','Male',NULL,NULL,'Chennai',NULL,NULL,'Standard','2024-11-01','2025-10-31',0,'Beginner',2,2,2,1,2,NULL,NULL,NULL,1,'2024-12-20 00:00:00',NULL),(12,'IPA-P012',NULL,'Meera','Rao','meera.rao@gmail.com','9898123412','1997-02-14','Female',NULL,NULL,'Mumbai',NULL,NULL,'Annual','2024-08-01','2025-07-31',0,'Intermediate',3,4,3,3,3,NULL,NULL,NULL,1,'2024-12-12 00:00:00',NULL);
/*!40000 ALTER TABLE `mx_ipa_player` ENABLE KEYS */;
UNLOCK TABLES;

--
-- Table structure for table `mx_ipa_program`
--

DROP TABLE IF EXISTS `mx_ipa_program`;
/*!40101 SET @saved_cs_client     = @@character_set_client */;
/*!40101 SET character_set_client = utf8 */;
CREATE TABLE `mx_ipa_program` (
  `programID` int(11) NOT NULL AUTO_INCREMENT,
  `programCode` varchar(20) NOT NULL,
  `programName` varchar(200) NOT NULL,
  `programDescription` text DEFAULT NULL,
  `programType` enum('Clinic','Private','Group','Camp','Masterclass') DEFAULT 'Group',
  `skillLevel` enum('Beginner','Intermediate','Advanced','All Levels') DEFAULT 'All Levels',
  `ageGroup` varchar(50) DEFAULT NULL,
  `sessionDuration` int(11) DEFAULT 60,
  `totalSessions` int(11) DEFAULT 1,
  `minParticipants` int(11) DEFAULT 1,
  `maxParticipants` int(11) DEFAULT 10,
  `pricePerSession` decimal(10,2) DEFAULT 0.00,
  `packagePrice` decimal(10,2) DEFAULT 0.00,
  `status` tinyint(4) DEFAULT 1,
  `created` datetime DEFAULT current_timestamp(),
  PRIMARY KEY (`programID`),
  UNIQUE KEY `programCode` (`programCode`)
) ENGINE=InnoDB AUTO_INCREMENT=6 DEFAULT CHARSET=utf8mb4 COLLATE=utf8mb4_unicode_ci;
/*!40101 SET character_set_client = @saved_cs_client */;

--
-- Dumping data for table `mx_ipa_program`
--

LOCK TABLES `mx_ipa_program` WRITE;
/*!40000 ALTER TABLE `mx_ipa_program` DISABLE KEYS */;
INSERT INTO `mx_ipa_program` VALUES (1,'PRG-BEG01','Padel Foundations','Learn the basics of padel - grip, stance, basic shots and court positioning','Group','Beginner','Adults (18+)',60,8,4,8,800.00,5600.00,1,'2025-12-26 01:14:36'),(2,'PRG-INT01','Intermediate Mastery','Improve your game with advanced shots, volleys and strategic play','Group','Intermediate','Adults (18+)',90,12,4,6,1200.00,12000.00,1,'2025-12-26 01:14:36'),(3,'PRG-ADV01','Tournament Prep Elite','Intensive training for competitive players preparing for tournaments','Masterclass','Advanced','Adults (18+)',120,16,2,4,2500.00,35000.00,1,'2025-12-26 01:14:36'),(4,'PRG-KID01','Junior Champions','Fun and engaging padel training for kids aged 8-15','Camp','Beginner','Kids (8-15)',45,10,6,12,500.00,4500.00,1,'2025-12-26 01:14:36'),(5,'PRG-PVT01','Private Coaching','One-on-one personalized coaching sessions','Private','All Levels','All Ages',60,1,1,2,2000.00,2000.00,1,'2025-12-26 01:14:36');
/*!40000 ALTER TABLE `mx_ipa_program` ENABLE KEYS */;
UNLOCK TABLES;

--
-- Table structure for table `mx_ipa_requisition`
--

DROP TABLE IF EXISTS `mx_ipa_requisition`;
/*!40101 SET @saved_cs_client     = @@character_set_client */;
/*!40101 SET character_set_client = utf8 */;
CREATE TABLE `mx_ipa_requisition` (
  `requisitionID` int(11) NOT NULL AUTO_INCREMENT,
  `requisitionNo` varchar(30) NOT NULL,
  `coachID` int(11) NOT NULL,
  `centerID` int(11) DEFAULT NULL,
  `requisitionDate` date NOT NULL,
  `requiredByDate` date DEFAULT NULL,
  `requisitionStatus` enum('Draft','Submitted','Approved','Rejected','Fulfilled','Partial') DEFAULT 'Draft',
  `approvedBy` int(11) DEFAULT NULL,
  `approvedDate` datetime DEFAULT NULL,
  `rejectionReason` text DEFAULT NULL,
  `totalItems` int(11) DEFAULT 0,
  `notes` text DEFAULT NULL,
  `createdAt` datetime DEFAULT current_timestamp(),
  `status` tinyint(4) DEFAULT 1,
  PRIMARY KEY (`requisitionID`),
  KEY `idx_coach` (`coachID`),
  KEY `idx_status` (`requisitionStatus`),
  KEY `idx_date` (`requisitionDate`)
) ENGINE=InnoDB DEFAULT CHARSET=utf8mb4 COLLATE=utf8mb4_unicode_ci;
/*!40101 SET character_set_client = @saved_cs_client */;

--
-- Dumping data for table `mx_ipa_requisition`
--

LOCK TABLES `mx_ipa_requisition` WRITE;
/*!40000 ALTER TABLE `mx_ipa_requisition` DISABLE KEYS */;
/*!40000 ALTER TABLE `mx_ipa_requisition` ENABLE KEYS */;
UNLOCK TABLES;

--
-- Table structure for table `mx_ipa_requisition_item`
--

DROP TABLE IF EXISTS `mx_ipa_requisition_item`;
/*!40101 SET @saved_cs_client     = @@character_set_client */;
/*!40101 SET character_set_client = utf8 */;
CREATE TABLE `mx_ipa_requisition_item` (
  `itemID` int(11) NOT NULL AUTO_INCREMENT,
  `requisitionID` int(11) NOT NULL,
  `productID` int(11) DEFAULT NULL,
  `productName` varchar(200) NOT NULL,
  `requestedQty` int(11) NOT NULL DEFAULT 1,
  `approvedQty` int(11) DEFAULT 0,
  `issuedQty` int(11) DEFAULT 0,
  `unit` varchar(20) DEFAULT 'Pcs',
  `notes` text DEFAULT NULL,
  `status` tinyint(4) DEFAULT 1,
  PRIMARY KEY (`itemID`),
  KEY `idx_requisition` (`requisitionID`)
) ENGINE=InnoDB DEFAULT CHARSET=utf8mb4 COLLATE=utf8mb4_unicode_ci;
/*!40101 SET character_set_client = @saved_cs_client */;

--
-- Dumping data for table `mx_ipa_requisition_item`
--

LOCK TABLES `mx_ipa_requisition_item` WRITE;
/*!40000 ALTER TABLE `mx_ipa_requisition_item` DISABLE KEYS */;
/*!40000 ALTER TABLE `mx_ipa_requisition_item` ENABLE KEYS */;
UNLOCK TABLES;

--
-- Table structure for table `mx_ipa_session`
--

DROP TABLE IF EXISTS `mx_ipa_session`;
/*!40101 SET @saved_cs_client     = @@character_set_client */;
/*!40101 SET character_set_client = utf8 */;
CREATE TABLE `mx_ipa_session` (
  `sessionID` int(11) NOT NULL AUTO_INCREMENT,
  `sessionCode` varchar(30) NOT NULL,
  `hudleBookingID` varchar(50) DEFAULT NULL,
  `programID` int(11) DEFAULT NULL,
  `coachID` int(11) NOT NULL,
  `centerID` int(11) DEFAULT NULL,
  `courtID` int(11) DEFAULT NULL,
  `sessionDate` date NOT NULL,
  `startTime` time NOT NULL,
  `endTime` time NOT NULL,
  `enrolledCount` int(11) DEFAULT 0,
  `attendedCount` int(11) DEFAULT 0,
  `totalRevenue` decimal(10,2) DEFAULT 0.00,
  `paymentStatus` enum('Pending','Paid','Partial','Refunded') DEFAULT 'Pending',
  `sessionStatus` enum('Scheduled','In-Progress','Completed','Cancelled','No-Show') DEFAULT 'Scheduled',
  `studentFeedbackSent` tinyint(4) DEFAULT 0,
  `coachFeedbackCompleted` tinyint(4) DEFAULT 0,
  `status` tinyint(4) DEFAULT 1,
  `created` datetime DEFAULT current_timestamp(),
  `modified` datetime DEFAULT NULL ON UPDATE current_timestamp(),
  PRIMARY KEY (`sessionID`),
  UNIQUE KEY `sessionCode` (`sessionCode`)
) ENGINE=InnoDB AUTO_INCREMENT=11 DEFAULT CHARSET=utf8mb4 COLLATE=utf8mb4_unicode_ci;
/*!40101 SET character_set_client = @saved_cs_client */;

--
-- Dumping data for table `mx_ipa_session`
--

LOCK TABLES `mx_ipa_session` WRITE;
/*!40000 ALTER TABLE `mx_ipa_session` DISABLE KEYS */;
INSERT INTO `mx_ipa_session` VALUES (1,'SES-20251220-001',NULL,1,1,NULL,NULL,'2025-12-20','09:00:00','10:30:00',4,4,0.00,'Pending','Completed',0,0,1,'2025-12-26 01:20:14',NULL),(2,'SES-20251220-002',NULL,2,2,NULL,NULL,'2025-12-20','11:00:00','12:30:00',3,3,0.00,'Pending','Completed',0,0,1,'2025-12-26 01:20:14',NULL),(3,'SES-20251221-001',NULL,3,3,NULL,NULL,'2025-12-21','14:00:00','16:00:00',4,4,0.00,'Pending','Completed',0,0,1,'2025-12-26 01:20:14',NULL),(4,'SES-20251222-001',NULL,4,4,NULL,NULL,'2025-12-22','10:00:00','11:30:00',6,5,0.00,'Pending','Completed',0,0,1,'2025-12-26 01:20:14',NULL),(5,'SES-20251223-001',NULL,5,5,NULL,NULL,'2025-12-23','09:00:00','10:00:00',1,1,0.00,'Pending','Completed',0,0,1,'2025-12-26 01:20:14',NULL),(6,'SES-20251223-002',NULL,1,1,NULL,NULL,'2025-12-23','16:00:00','17:30:00',5,5,0.00,'Pending','Completed',0,0,1,'2025-12-26 01:20:14',NULL),(7,'SES-20251224-001',NULL,2,2,NULL,NULL,'2025-12-24','10:00:00','11:30:00',4,4,0.00,'Pending','Completed',0,0,1,'2025-12-26 01:20:14',NULL),(8,'SES-20251226-001',NULL,1,1,NULL,NULL,'2025-12-26','09:00:00','10:30:00',4,0,0.00,'Pending','Scheduled',0,0,1,'2025-12-26 01:20:14',NULL),(9,'SES-20251226-002',NULL,3,3,NULL,NULL,'2025-12-26','14:00:00','16:00:00',3,0,0.00,'Pending','Scheduled',0,0,1,'2025-12-26 01:20:14',NULL),(10,'SES-20251227-001',NULL,4,4,NULL,NULL,'2025-12-27','10:00:00','11:30:00',6,0,0.00,'Pending','Scheduled',0,0,1,'2025-12-26 01:20:14',NULL);
/*!40000 ALTER TABLE `mx_ipa_session` ENABLE KEYS */;
UNLOCK TABLES;

--
-- Table structure for table `mx_ipa_session_participant`
--

DROP TABLE IF EXISTS `mx_ipa_session_participant`;
/*!40101 SET @saved_cs_client     = @@character_set_client */;
/*!40101 SET character_set_client = utf8 */;
CREATE TABLE `mx_ipa_session_participant` (
  `spID` int(11) NOT NULL AUTO_INCREMENT,
  `sessionID` int(11) NOT NULL,
  `playerID` int(11) NOT NULL,
  `enrollmentDate` datetime DEFAULT current_timestamp(),
  `hudleTransactionID` varchar(50) DEFAULT NULL,
  `amountPaid` decimal(10,2) DEFAULT 0.00,
  `attendanceStatus` enum('Enrolled','Attended','No-Show','Cancelled') DEFAULT 'Enrolled',
  `checkInTime` datetime DEFAULT NULL,
  `studentFeedbackGiven` tinyint(4) DEFAULT 0,
  `studentRating` tinyint(4) DEFAULT 0,
  `studentComments` text DEFAULT NULL,
  `studentFeedbackDate` datetime DEFAULT NULL,
  `status` tinyint(4) DEFAULT 1,
  `created` datetime DEFAULT current_timestamp(),
  PRIMARY KEY (`spID`),
  UNIQUE KEY `unique_session_player` (`sessionID`,`playerID`)
) ENGINE=InnoDB DEFAULT CHARSET=utf8mb4 COLLATE=utf8mb4_unicode_ci;
/*!40101 SET character_set_client = @saved_cs_client */;

--
-- Dumping data for table `mx_ipa_session_participant`
--

LOCK TABLES `mx_ipa_session_participant` WRITE;
/*!40000 ALTER TABLE `mx_ipa_session_participant` DISABLE KEYS */;
/*!40000 ALTER TABLE `mx_ipa_session_participant` ENABLE KEYS */;
UNLOCK TABLES;

--
-- Table structure for table `mx_ipa_student_feedback`
--

DROP TABLE IF EXISTS `mx_ipa_student_feedback`;
/*!40101 SET @saved_cs_client     = @@character_set_client */;
/*!40101 SET character_set_client = utf8 */;
CREATE TABLE `mx_ipa_student_feedback` (
  `feedbackID` int(11) NOT NULL AUTO_INCREMENT,
  `feedbackToken` varchar(64) DEFAULT NULL,
  `tokenExpiry` datetime DEFAULT NULL,
  `submittedAt` datetime DEFAULT NULL,
  `sessionID` int(11) NOT NULL,
  `playerID` int(11) NOT NULL,
  `coachID` int(11) NOT NULL,
  `overallRating` decimal(3,2) DEFAULT 0.00,
  `technicalSkillsRating` decimal(3,2) DEFAULT 0.00,
  `communicationRating` decimal(3,2) DEFAULT 0.00,
  `punctualityRating` decimal(3,2) DEFAULT 0.00,
  `engagementRating` decimal(3,2) DEFAULT 0.00,
  `feedbackComments` text DEFAULT NULL,
  `improvementSuggestions` text DEFAULT NULL,
  `feedbackDate` date DEFAULT NULL,
  `status` tinyint(4) DEFAULT 1,
  `created` datetime DEFAULT current_timestamp(),
  `modified` datetime DEFAULT current_timestamp() ON UPDATE current_timestamp(),
  PRIMARY KEY (`feedbackID`),
  UNIQUE KEY `idx_feedback_token` (`feedbackToken`),
  KEY `idx_session` (`sessionID`),
  KEY `idx_player` (`playerID`),
  KEY `idx_coach` (`coachID`)
) ENGINE=InnoDB AUTO_INCREMENT=11 DEFAULT CHARSET=utf8mb4 COLLATE=utf8mb4_unicode_ci;
/*!40101 SET character_set_client = @saved_cs_client */;

--
-- Dumping data for table `mx_ipa_student_feedback`
--

LOCK TABLES `mx_ipa_student_feedback` WRITE;
/*!40000 ALTER TABLE `mx_ipa_student_feedback` DISABLE KEYS */;
INSERT INTO `mx_ipa_student_feedback` VALUES (1,NULL,NULL,NULL,1,1,1,4.50,4.50,5.00,5.00,4.50,'Excellent coaching session! Rajesh explains techniques very clearly.','Maybe more practice drills would help.','2025-12-20',1,'2025-12-26 01:20:45','2025-12-26 01:20:45'),(2,NULL,NULL,NULL,1,2,1,4.00,4.00,4.50,5.00,4.00,'Good session, learned a lot about positioning.','Would love more match practice.','2025-12-20',1,'2025-12-26 01:20:45','2025-12-26 01:20:45'),(3,NULL,NULL,NULL,2,3,2,5.00,5.00,5.00,5.00,5.00,'Priya is an amazing coach! Very patient and motivating.','Everything was perfect!','2025-12-20',1,'2025-12-26 01:20:45','2025-12-26 01:20:45'),(4,NULL,NULL,NULL,2,4,2,4.50,4.50,4.50,5.00,4.50,'Great volley training session.','More video analysis would be helpful.','2025-12-20',1,'2025-12-26 01:20:45','2025-12-26 01:20:45'),(5,NULL,NULL,NULL,3,5,3,4.00,4.50,4.00,4.00,4.50,'Intense tournament prep session. Amit pushed us hard!','Need more rest breaks.','2025-12-21',1,'2025-12-26 01:20:45','2025-12-26 01:20:45'),(6,NULL,NULL,NULL,4,6,4,4.50,4.00,5.00,5.00,5.00,'Sneha makes learning fun for juniors!','More games would be great.','2025-12-22',1,'2025-12-26 01:20:45','2025-12-26 01:20:45'),(7,NULL,NULL,NULL,5,1,5,5.00,5.00,5.00,5.00,5.00,'Private session with Vikram was outstanding. Personal attention makes a huge difference.','None - it was perfect!','2025-12-23',1,'2025-12-26 01:20:45','2025-12-26 01:20:45'),(8,NULL,NULL,NULL,6,7,1,4.00,4.00,4.50,5.00,4.00,'Evening session was good but a bit crowded.','Smaller batch sizes please.','2025-12-23',1,'2025-12-26 01:20:45','2025-12-26 01:20:45'),(9,NULL,NULL,NULL,7,8,2,4.50,4.50,4.50,4.50,5.00,'Holiday session was fun and productive!','More sessions like this!','2025-12-24',1,'2025-12-26 01:20:45','2025-12-26 01:20:45'),(10,'466f038276b74e9d9a1df7ed859c206c253101672d4949cf9e6e44a6f9750680','2026-01-15 01:01:02','2026-01-08 01:12:41',1,1,1,4.00,4.00,5.00,5.00,4.00,'','','2026-01-08',1,'2026-01-08 01:01:02','2026-01-08 01:12:41');
/*!40000 ALTER TABLE `mx_ipa_student_feedback` ENABLE KEYS */;
UNLOCK TABLES;

--
-- Table structure for table `mx_ipt_category`
--

DROP TABLE IF EXISTS `mx_ipt_category`;
/*!40101 SET @saved_cs_client     = @@character_set_client */;
/*!40101 SET character_set_client = utf8 */;
CREATE TABLE `mx_ipt_category` (
  `categoryID` int(11) NOT NULL AUTO_INCREMENT,
  `categoryCode` varchar(20) NOT NULL,
  `categoryName` varchar(100) NOT NULL,
  `categoryType` enum('Singles','Doubles','Mixed') DEFAULT 'Doubles',
  `genderRestriction` enum('Open','Men','Women','Mixed') DEFAULT 'Open',
  `ageGroup` enum('Open','U-12','U-14','U-16','U-18','U-21','Senior','Veterans') DEFAULT 'Open',
  `skillLevel` enum('Beginner','Intermediate','Advanced','Pro','Open') DEFAULT 'Open',
  `minPlayers` int(11) DEFAULT 2,
  `maxPlayers` int(11) DEFAULT 2,
  `description` text DEFAULT NULL,
  `sortOrder` int(11) DEFAULT 0,
  `status` tinyint(4) DEFAULT 1,
  `created` datetime DEFAULT current_timestamp(),
  `modified` datetime DEFAULT NULL ON UPDATE current_timestamp(),
  PRIMARY KEY (`categoryID`)
) ENGINE=InnoDB AUTO_INCREMENT=9 DEFAULT CHARSET=utf8mb4 COLLATE=utf8mb4_unicode_ci;
/*!40101 SET character_set_client = @saved_cs_client */;

--
-- Dumping data for table `mx_ipt_category`
--

LOCK TABLES `mx_ipt_category` WRITE;
/*!40000 ALTER TABLE `mx_ipt_category` DISABLE KEYS */;
INSERT INTO `mx_ipt_category` VALUES (1,'MS','Men Singles','Singles','','Open','Open',2,2,'Open category for male singles players',0,0,'2025-12-25 01:06:02','2025-12-25 01:55:23'),(2,'WS','Women Singles','Singles','','Open','Open',2,2,'Open category for female singles players',0,0,'2025-12-25 01:06:02','2025-12-25 01:55:23'),(3,'MD','Men Doubles','Doubles','Men','Open','Open',2,2,'Open category for male doubles teams',0,1,'2025-12-25 01:06:02','2025-12-30 00:30:06'),(4,'WD','Women Doubles','Doubles','','Open','Open',2,2,'Open category for female doubles teams',0,1,'2025-12-25 01:06:02',NULL),(5,'XD','Mixed Doubles','','Mixed','Open','Open',2,2,'Mixed doubles category',0,1,'2025-12-25 01:06:02',NULL),(6,'MS35','Men Singles 35+','Singles','','','Open',2,2,'Veterans category for men 35 and above',0,0,'2025-12-25 01:06:02','2025-12-25 01:55:23'),(7,'MD45','Men Doubles 45+','Doubles','','','Open',2,2,'Masters category for men 45 and above',0,1,'2025-12-25 01:06:02',NULL),(8,'BEG','Beginners Mixed Doubles','','Mixed','Open','Beginner',2,2,'For players new to competitive padel',0,1,'2025-12-25 01:06:02',NULL);
/*!40000 ALTER TABLE `mx_ipt_category` ENABLE KEYS */;
UNLOCK TABLES;

--
-- Table structure for table `mx_ipt_fixture`
--

DROP TABLE IF EXISTS `mx_ipt_fixture`;
/*!40101 SET @saved_cs_client     = @@character_set_client */;
/*!40101 SET character_set_client = utf8 */;
CREATE TABLE `mx_ipt_fixture` (
  `fixtureID` int(11) NOT NULL AUTO_INCREMENT,
  `tournamentID` int(11) NOT NULL,
  `tcID` int(11) NOT NULL,
  `categoryID` int(11) DEFAULT NULL,
  `matchNo` int(11) DEFAULT NULL,
  `roundName` varchar(50) DEFAULT NULL,
  `roundNumber` int(11) DEFAULT 1,
  `bracketPosition` int(11) DEFAULT NULL,
  `matchDate` date DEFAULT NULL,
  `matchTime` time DEFAULT NULL,
  `courtID` int(11) DEFAULT NULL,
  `courtName` varchar(100) DEFAULT NULL,
  `team1ID` int(11) DEFAULT NULL,
  `team1Name` varchar(150) DEFAULT NULL,
  `team1Seed` int(11) DEFAULT 0,
  `team2ID` int(11) DEFAULT NULL,
  `team2Name` varchar(150) DEFAULT NULL,
  `team2Seed` int(11) DEFAULT 0,
  `team1Set1` int(11) DEFAULT 0,
  `team1Set2` int(11) DEFAULT 0,
  `team1Set3` int(11) DEFAULT 0,
  `team2Set1` int(11) DEFAULT 0,
  `team2Set2` int(11) DEFAULT 0,
  `team2Set3` int(11) DEFAULT 0,
  `winnerID` int(11) DEFAULT NULL,
  `winnerName` varchar(150) DEFAULT NULL,
  `matchStatus` enum('Scheduled','In-Progress','Completed','Walkover','Bye','Postponed','Cancelled') DEFAULT 'Scheduled',
  `resultNotes` varchar(255) DEFAULT NULL,
  `umpireName` varchar(100) DEFAULT NULL,
  `liveScoreEnabled` tinyint(4) DEFAULT 0,
  `externalScoreID` varchar(100) DEFAULT NULL,
  `status` tinyint(4) DEFAULT 1,
  `created` datetime DEFAULT current_timestamp(),
  `modified` datetime DEFAULT NULL ON UPDATE current_timestamp(),
  PRIMARY KEY (`fixtureID`),
  KEY `tournamentID` (`tournamentID`),
  CONSTRAINT `mx_ipt_fixture_ibfk_1` FOREIGN KEY (`tournamentID`) REFERENCES `mx_ipt_tournament` (`tournamentID`) ON DELETE CASCADE
) ENGINE=InnoDB AUTO_INCREMENT=37 DEFAULT CHARSET=utf8mb4 COLLATE=utf8mb4_unicode_ci;
/*!40101 SET character_set_client = @saved_cs_client */;

--
-- Dumping data for table `mx_ipt_fixture`
--

LOCK TABLES `mx_ipt_fixture` WRITE;
/*!40000 ALTER TABLE `mx_ipt_fixture` DISABLE KEYS */;
INSERT INTO `mx_ipt_fixture` VALUES (1,1,9,3,1,'Quarter-Final',3,1,'2025-01-10','10:00:00',NULL,NULL,9,'Virat Kapoor',1,16,'Prithvi Shah',0,6,6,0,4,3,0,9,'Virat Kapoor','Completed',NULL,NULL,0,NULL,1,'2025-12-25 01:08:35','2025-12-30 00:38:41'),(2,1,9,3,2,'Quarter-Final',3,2,'2025-01-10','11:30:00',NULL,NULL,10,'Rohit Malhotra',2,13,'Rishabh Jain',0,6,6,0,2,4,0,10,'Rohit Malhotra','Completed',NULL,NULL,0,NULL,1,'2025-12-25 01:08:35','2025-12-30 00:38:41'),(3,1,9,3,3,'Quarter-Final',3,3,'2025-01-10','14:00:00',NULL,NULL,11,'Shikhar Pandey',3,14,'Shreyas Gupta',0,4,6,0,6,3,0,14,'Shreyas Gupta','Completed',NULL,NULL,0,NULL,1,'2025-12-25 01:08:35','2025-12-30 00:38:41'),(4,1,9,3,4,'Quarter-Final',3,4,'2025-01-10','15:30:00',NULL,NULL,12,'Hardik Singhania',4,15,'Mayank Agarwal',0,6,6,0,1,2,0,12,'Hardik Singhania','Completed',NULL,NULL,0,NULL,1,'2025-12-25 01:08:35','2025-12-30 00:38:41'),(5,1,9,3,5,'Semi-Final',2,1,'2025-01-11','14:00:00',NULL,NULL,9,'Virat Kapoor',1,10,'Rohit Malhotra',2,0,0,0,0,0,0,NULL,NULL,'Scheduled',NULL,NULL,0,NULL,1,'2025-12-25 01:08:35','2025-12-30 00:38:41'),(6,1,9,3,6,'Semi-Final',2,2,'2025-01-11','16:00:00',NULL,NULL,14,'Shreyas Gupta',0,12,'Hardik Singhania',4,0,0,0,0,0,0,NULL,NULL,'Scheduled',NULL,NULL,0,NULL,1,'2025-12-25 01:08:35','2025-12-30 00:38:41'),(7,1,9,3,7,'Final',1,1,'2025-01-12','17:00:00',NULL,NULL,NULL,'TBD',0,NULL,'TBD',0,0,0,0,0,0,0,NULL,NULL,'Scheduled',NULL,NULL,0,NULL,1,'2025-12-25 01:08:35','2025-12-30 00:38:41'),(30,1,0,1,1,'Quarter-Final',3,1,NULL,NULL,NULL,NULL,1,'Arjun Patel',1,3,'Vikram Singh',3,0,0,0,0,0,0,NULL,NULL,'Scheduled',NULL,NULL,0,NULL,1,'2025-12-30 01:15:25',NULL),(31,1,0,1,2,'Quarter-Final',3,2,NULL,NULL,NULL,NULL,5,'Aditya Reddy',NULL,2,'Rahul Sharma',2,0,0,0,0,0,0,NULL,NULL,'Scheduled',NULL,NULL,0,NULL,1,'2025-12-30 01:15:25',NULL),(32,1,0,1,3,'Quarter-Final',3,3,NULL,NULL,NULL,NULL,8,'Suresh / Ramesh',2,6,'Sanjay Kumar',NULL,0,0,0,0,0,0,NULL,NULL,'Scheduled',NULL,NULL,0,NULL,1,'2025-12-30 01:15:26',NULL),(33,1,0,1,4,'Quarter-Final',3,4,NULL,NULL,NULL,NULL,4,'Karan Mehta',4,7,'Amit / Rohit',1,0,0,0,0,0,0,NULL,NULL,'Scheduled',NULL,NULL,0,NULL,1,'2025-12-30 01:15:26',NULL),(34,1,0,1,5,'Semi-Final',2,1,NULL,NULL,NULL,NULL,NULL,NULL,NULL,NULL,NULL,NULL,0,0,0,0,0,0,NULL,NULL,'Scheduled',NULL,NULL,0,NULL,1,'2025-12-30 01:15:26',NULL),(35,1,0,1,6,'Semi-Final',2,2,NULL,NULL,NULL,NULL,NULL,NULL,NULL,NULL,NULL,NULL,0,0,0,0,0,0,NULL,NULL,'Scheduled',NULL,NULL,0,NULL,1,'2025-12-30 01:15:26',NULL),(36,1,0,1,7,'Final',1,1,NULL,NULL,NULL,NULL,NULL,NULL,NULL,NULL,NULL,NULL,0,0,0,0,0,0,NULL,NULL,'Scheduled',NULL,NULL,0,NULL,1,'2025-12-30 01:15:26',NULL);
/*!40000 ALTER TABLE `mx_ipt_fixture` ENABLE KEYS */;
UNLOCK TABLES;

--
-- Table structure for table `mx_ipt_inventory`
--

DROP TABLE IF EXISTS `mx_ipt_inventory`;
/*!40101 SET @saved_cs_client     = @@character_set_client */;
/*!40101 SET character_set_client = utf8 */;
CREATE TABLE `mx_ipt_inventory` (
  `invID` int(11) NOT NULL AUTO_INCREMENT,
  `tournamentID` int(11) NOT NULL,
  `itemName` varchar(200) NOT NULL,
  `itemType` enum('Balls','Equipment','Branding','Trophy','Merchandise','Other') DEFAULT 'Equipment',
  `quantity` int(11) DEFAULT 1,
  `unitCost` decimal(10,2) DEFAULT 0.00,
  `totalCost` decimal(10,2) DEFAULT 0.00,
  `dispatchStatus` enum('Pending','Dispatched','Received','Returned','Consumed') DEFAULT 'Pending',
  `dispatchDate` date DEFAULT NULL,
  `returnDate` date DEFAULT NULL,
  `notes` text DEFAULT NULL,
  `status` tinyint(4) DEFAULT 1,
  `created` datetime DEFAULT current_timestamp(),
  PRIMARY KEY (`invID`),
  KEY `tournamentID` (`tournamentID`),
  CONSTRAINT `mx_ipt_inventory_ibfk_1` FOREIGN KEY (`tournamentID`) REFERENCES `mx_ipt_tournament` (`tournamentID`) ON DELETE CASCADE
) ENGINE=InnoDB DEFAULT CHARSET=utf8mb4 COLLATE=utf8mb4_unicode_ci;
/*!40101 SET character_set_client = @saved_cs_client */;

--
-- Dumping data for table `mx_ipt_inventory`
--

LOCK TABLES `mx_ipt_inventory` WRITE;
/*!40000 ALTER TABLE `mx_ipt_inventory` DISABLE KEYS */;
/*!40000 ALTER TABLE `mx_ipt_inventory` ENABLE KEYS */;
UNLOCK TABLES;

--
-- Table structure for table `mx_ipt_participant`
--

DROP TABLE IF EXISTS `mx_ipt_participant`;
/*!40101 SET @saved_cs_client     = @@character_set_client */;
/*!40101 SET character_set_client = utf8 */;
CREATE TABLE `mx_ipt_participant` (
  `participantID` int(11) NOT NULL AUTO_INCREMENT,
  `tournamentID` int(11) NOT NULL,
  `tcID` int(11) NOT NULL,
  `categoryID` int(11) DEFAULT NULL,
  `teamName` varchar(150) DEFAULT NULL,
  `player1Name` varchar(150) NOT NULL,
  `player1Phone` varchar(20) DEFAULT NULL,
  `player1Email` varchar(150) DEFAULT NULL,
  `player1IPAID` varchar(50) DEFAULT NULL,
  `player1Ranking` int(11) DEFAULT 0,
  `player2Name` varchar(150) DEFAULT NULL,
  `player2Phone` varchar(20) DEFAULT NULL,
  `player2Email` varchar(150) DEFAULT NULL,
  `player2IPAID` varchar(50) DEFAULT NULL,
  `player2Ranking` int(11) DEFAULT 0,
  `registrationNo` varchar(50) DEFAULT NULL,
  `registrationDate` datetime DEFAULT current_timestamp(),
  `registrationSource` enum('Backend','Hudle','Website') DEFAULT 'Backend',
  `hudleRegistrationID` varchar(100) DEFAULT NULL,
  `seedNumber` int(11) DEFAULT 0,
  `isSeeded` tinyint(4) DEFAULT 0,
  `entryFee` decimal(10,2) DEFAULT 0.00,
  `paymentStatus` enum('Pending','Paid','Refunded','Waived') DEFAULT 'Pending',
  `paymentMethod` enum('Cash','Card','UPI','Hudle','Bank Transfer') DEFAULT 'Hudle',
  `paymentReference` varchar(100) DEFAULT NULL,
  `hudleTransactionID` varchar(100) DEFAULT NULL,
  `checkedIn` tinyint(4) DEFAULT 0,
  `checkInTime` datetime DEFAULT NULL,
  `participantStatus` enum('Registered','Confirmed','Checked-In','Active','Eliminated','Withdrawn','Disqualified') DEFAULT 'Registered',
  `finalPosition` varchar(20) DEFAULT NULL,
  `prizeMoney` decimal(10,2) DEFAULT 0.00,
  `notes` text DEFAULT NULL,
  `status` tinyint(4) DEFAULT 1,
  `created` datetime DEFAULT current_timestamp(),
  `modified` datetime DEFAULT NULL ON UPDATE current_timestamp(),
  PRIMARY KEY (`participantID`),
  KEY `tournamentID` (`tournamentID`),
  KEY `tcID` (`tcID`),
  CONSTRAINT `mx_ipt_participant_ibfk_1` FOREIGN KEY (`tournamentID`) REFERENCES `mx_ipt_tournament` (`tournamentID`) ON DELETE CASCADE,
  CONSTRAINT `mx_ipt_participant_ibfk_2` FOREIGN KEY (`tcID`) REFERENCES `mx_ipt_tournament_category` (`tcID`)
) ENGINE=InnoDB AUTO_INCREMENT=17 DEFAULT CHARSET=utf8mb4 COLLATE=utf8mb4_unicode_ci;
/*!40101 SET character_set_client = @saved_cs_client */;

--
-- Dumping data for table `mx_ipt_participant`
--

LOCK TABLES `mx_ipt_participant` WRITE;
/*!40000 ALTER TABLE `mx_ipt_participant` DISABLE KEYS */;
INSERT INTO `mx_ipt_participant` VALUES (1,1,1,1,'Arjun Patel','Arjun Patel','9876500001','arjun@gmail.com','IPA-001',15,NULL,NULL,NULL,NULL,0,'IPT-2025-001-P001','2025-12-25 01:07:31','Backend',NULL,1,0,2000.00,'Paid','UPI',NULL,NULL,1,'2025-12-25 02:03:38','Checked-In',NULL,0.00,NULL,1,'2025-12-25 01:07:31','2025-12-30 00:38:35'),(2,1,1,1,'Rahul Sharma','Rahul Sharma','9876500002','rahul@gmail.com','IPA-002',28,NULL,NULL,NULL,NULL,0,'IPT-2025-001-P002','2025-12-25 01:07:31','Backend',NULL,2,0,2000.00,'Paid','Card',NULL,NULL,0,NULL,'Confirmed',NULL,0.00,NULL,1,'2025-12-25 01:07:31','2025-12-30 00:38:35'),(3,1,1,1,'Vikram Singh','Vikram Singh','9876500003','vikram@gmail.com','IPA-003',45,NULL,NULL,NULL,NULL,0,'IPT-2025-001-P003','2025-12-25 01:07:31','Backend',NULL,3,0,2000.00,'Paid','UPI',NULL,NULL,0,NULL,'Confirmed',NULL,0.00,NULL,1,'2025-12-25 01:07:31','2025-12-30 00:38:35'),(4,1,1,1,'Karan Mehta','Karan Mehta','9876500004','karan@gmail.com','IPA-004',52,NULL,NULL,NULL,NULL,0,'IPT-2025-001-P004','2025-12-25 01:07:31','Backend',NULL,4,0,2000.00,'Paid','Cash',NULL,NULL,0,NULL,'Checked-In',NULL,0.00,NULL,1,'2025-12-25 01:07:31','2025-12-30 00:38:35'),(5,1,1,1,'Aditya Reddy','Aditya Reddy','9876500005','aditya@gmail.com','IPA-005',67,NULL,NULL,NULL,NULL,0,'IPT-2025-001-P005','2025-12-25 01:07:31','Backend',NULL,0,0,0.00,'Pending',NULL,NULL,NULL,0,NULL,'Confirmed',NULL,0.00,NULL,1,'2025-12-25 01:07:31','2025-12-30 00:38:35'),(6,1,1,1,'Sanjay Kumar','Sanjay Kumar','9876500006','sanjay@gmail.com','IPA-006',89,NULL,NULL,NULL,NULL,0,'IPT-2025-001-P006','2025-12-25 01:07:31','Backend',NULL,0,0,2000.00,'Paid','Bank Transfer',NULL,NULL,0,NULL,'Confirmed',NULL,0.00,NULL,1,'2025-12-25 01:07:31','2025-12-30 00:38:35'),(7,1,3,1,'Amit / Rohit','Amit Desai','9876500007','amit@gmail.com','IPA-007',22,'Rohit Kapoor','9876500008','rohit@gmail.com',NULL,0,'IPT-2025-001-P007','2025-12-25 01:07:31','Backend',NULL,1,0,3000.00,'Paid','UPI',NULL,NULL,0,NULL,'Confirmed',NULL,0.00,NULL,1,'2025-12-25 01:07:31','2025-12-30 00:38:35'),(8,1,3,1,'Suresh / Ramesh','Suresh Nair','9876500009','suresh@gmail.com','IPA-009',35,'Ramesh Rao','9876500010','ramesh@gmail.com',NULL,0,'IPT-2025-001-P008','2025-12-25 01:07:31','Backend',NULL,2,0,3000.00,'Paid','Card',NULL,NULL,0,NULL,'Confirmed',NULL,0.00,NULL,1,'2025-12-25 01:07:31','2025-12-30 00:38:35'),(9,3,9,3,'Virat Kapoor','Virat Kapoor','9876600001','virat@gmail.com','IPA-101',5,NULL,NULL,NULL,NULL,0,'IPT-2025-003-P001','2025-12-25 01:07:50','Backend',NULL,1,0,3000.00,'Paid','UPI',NULL,NULL,0,NULL,'Active',NULL,0.00,NULL,1,'2025-12-25 01:07:50','2025-12-30 00:38:35'),(10,3,9,3,'Rohit Malhotra','Rohit Malhotra','9876600002','rohitm@gmail.com','IPA-102',8,NULL,NULL,NULL,NULL,0,'IPT-2025-003-P002','2025-12-25 01:07:50','Backend',NULL,2,0,3000.00,'Paid','Card',NULL,NULL,0,NULL,'Active',NULL,0.00,NULL,1,'2025-12-25 01:07:50','2025-12-30 00:38:35'),(11,3,9,3,'Shikhar Pandey','Shikhar Pandey','9876600003','shikhar@gmail.com','IPA-103',12,NULL,NULL,NULL,NULL,0,'IPT-2025-003-P003','2025-12-25 01:07:50','Backend',NULL,3,0,3000.00,'Paid','UPI',NULL,NULL,0,NULL,'Eliminated',NULL,0.00,NULL,1,'2025-12-25 01:07:50','2025-12-30 00:38:35'),(12,3,9,3,'Hardik Singhania','Hardik Singhania','9876600004','hardik@gmail.com','IPA-104',18,NULL,NULL,NULL,NULL,0,'IPT-2025-003-P004','2025-12-25 01:07:50','Backend',NULL,4,0,3000.00,'Paid','Cash',NULL,NULL,0,NULL,'Active',NULL,0.00,NULL,1,'2025-12-25 01:07:50','2025-12-30 00:38:35'),(13,3,9,3,'Rishabh Jain','Rishabh Jain','9876600005','rishabh@gmail.com','IPA-105',25,NULL,NULL,NULL,NULL,0,'IPT-2025-003-P005','2025-12-25 01:07:50','Backend',NULL,0,0,3000.00,'Paid','Bank Transfer',NULL,NULL,0,NULL,'Eliminated',NULL,0.00,NULL,1,'2025-12-25 01:07:50','2025-12-30 00:38:35'),(14,3,9,3,'Shreyas Gupta','Shreyas Gupta','9876600006','shreyas@gmail.com','IPA-106',33,NULL,NULL,NULL,NULL,0,'IPT-2025-003-P006','2025-12-25 01:07:50','Backend',NULL,0,0,3000.00,'Paid','UPI',NULL,NULL,0,NULL,'Eliminated',NULL,0.00,NULL,1,'2025-12-25 01:07:50','2025-12-30 00:38:35'),(15,3,9,3,'Mayank Agarwal','Mayank Agarwal','9876600007','mayank@gmail.com','IPA-107',41,NULL,NULL,NULL,NULL,0,'IPT-2025-003-P007','2025-12-25 01:07:50','Backend',NULL,0,0,3000.00,'Paid','Card',NULL,NULL,0,NULL,'Eliminated',NULL,0.00,NULL,1,'2025-12-25 01:07:50','2025-12-30 00:38:35'),(16,3,9,3,'Prithvi Shah','Prithvi Shah','9876600008','prithvi@gmail.com','IPA-108',55,NULL,NULL,NULL,NULL,0,'IPT-2025-003-P008','2025-12-25 01:07:50','Backend',NULL,0,0,3000.00,'Paid','UPI',NULL,NULL,0,NULL,'Active',NULL,0.00,NULL,1,'2025-12-25 01:07:50','2025-12-30 00:38:35');
/*!40000 ALTER TABLE `mx_ipt_participant` ENABLE KEYS */;
UNLOCK TABLES;

--
-- Table structure for table `mx_ipt_player`
--

DROP TABLE IF EXISTS `mx_ipt_player`;
/*!40101 SET @saved_cs_client     = @@character_set_client */;
/*!40101 SET character_set_client = utf8 */;
CREATE TABLE `mx_ipt_player` (
  `playerID` int(11) NOT NULL AUTO_INCREMENT,
  `playerName` varchar(200) NOT NULL,
  `phone` varchar(20) DEFAULT NULL,
  `email` varchar(150) DEFAULT NULL,
  `ipaID` varchar(50) DEFAULT NULL COMMENT 'IPA Registration Number',
  `ranking` int(11) DEFAULT 0,
  `gender` enum('Male','Female') DEFAULT 'Male',
  `dateOfBirth` date DEFAULT NULL,
  `city` varchar(100) DEFAULT NULL,
  `profilePhoto` varchar(255) DEFAULT NULL,
  `status` tinyint(4) DEFAULT 1,
  `created` datetime DEFAULT current_timestamp(),
  `modified` datetime DEFAULT NULL ON UPDATE current_timestamp(),
  PRIMARY KEY (`playerID`),
  UNIQUE KEY `uk_email` (`email`),
  UNIQUE KEY `uk_phone` (`phone`),
  UNIQUE KEY `uk_ipaid` (`ipaID`)
) ENGINE=InnoDB DEFAULT CHARSET=utf8mb4 COLLATE=utf8mb4_unicode_ci;
/*!40101 SET character_set_client = @saved_cs_client */;

--
-- Dumping data for table `mx_ipt_player`
--

LOCK TABLES `mx_ipt_player` WRITE;
/*!40000 ALTER TABLE `mx_ipt_player` DISABLE KEYS */;
/*!40000 ALTER TABLE `mx_ipt_player` ENABLE KEYS */;
UNLOCK TABLES;

--
-- Table structure for table `mx_ipt_prize`
--

DROP TABLE IF EXISTS `mx_ipt_prize`;
/*!40101 SET @saved_cs_client     = @@character_set_client */;
/*!40101 SET character_set_client = utf8 */;
CREATE TABLE `mx_ipt_prize` (
  `prizeID` int(11) NOT NULL AUTO_INCREMENT,
  `tournamentID` int(11) NOT NULL,
  `tcID` int(11) DEFAULT NULL,
  `position` varchar(50) NOT NULL,
  `positionRank` int(11) DEFAULT 1,
  `prizeAmount` decimal(10,2) DEFAULT 0.00,
  `prizeDescription` varchar(255) DEFAULT NULL,
  `winnerParticipantID` int(11) DEFAULT NULL,
  `winnerName` varchar(200) DEFAULT NULL,
  `disbursementStatus` enum('Pending','Processed','Paid') DEFAULT 'Pending',
  `disbursementDate` date DEFAULT NULL,
  `disbursementReference` varchar(100) DEFAULT NULL,
  `tdsDeducted` decimal(10,2) DEFAULT 0.00,
  `netAmount` decimal(10,2) DEFAULT 0.00,
  `status` tinyint(4) DEFAULT 1,
  `created` datetime DEFAULT current_timestamp(),
  `modified` datetime DEFAULT NULL ON UPDATE current_timestamp(),
  PRIMARY KEY (`prizeID`),
  KEY `tournamentID` (`tournamentID`),
  CONSTRAINT `mx_ipt_prize_ibfk_1` FOREIGN KEY (`tournamentID`) REFERENCES `mx_ipt_tournament` (`tournamentID`) ON DELETE CASCADE
) ENGINE=InnoDB AUTO_INCREMENT=9 DEFAULT CHARSET=utf8mb4 COLLATE=utf8mb4_unicode_ci;
/*!40101 SET character_set_client = @saved_cs_client */;

--
-- Dumping data for table `mx_ipt_prize`
--

LOCK TABLES `mx_ipt_prize` WRITE;
/*!40000 ALTER TABLE `mx_ipt_prize` DISABLE KEYS */;
INSERT INTO `mx_ipt_prize` VALUES (1,4,16,'Winner',1,50000.00,'Winner Prize - Corporate Cup 2024',NULL,'Team Infosys','Paid',NULL,NULL,15620.00,34380.00,1,'2025-12-25 01:09:42',NULL),(2,4,16,'Runner-Up',2,25000.00,'Runner-Up Prize - Corporate Cup 2024',NULL,'Team TCS','Paid',NULL,NULL,7810.00,17190.00,1,'2025-12-25 01:09:42',NULL),(3,4,16,'Semi-Finalist',3,10000.00,'Semi-Finalist Prize - Corporate Cup 2024',NULL,'Team Wipro','Paid',NULL,NULL,0.00,10000.00,1,'2025-12-25 01:09:42',NULL),(4,4,16,'Semi-Finalist',3,10000.00,'Semi-Finalist Prize - Corporate Cup 2024',NULL,'Team Accenture','Pending',NULL,NULL,0.00,10000.00,1,'2025-12-25 01:09:42',NULL),(5,3,9,'Winner',1,100000.00,'Winner Prize - Men Singles',NULL,NULL,'Pending',NULL,NULL,31240.00,68760.00,1,'2025-12-25 01:09:43',NULL),(6,3,9,'Runner-Up',2,50000.00,'Runner-Up Prize - Men Singles',NULL,NULL,'Pending',NULL,NULL,15620.00,34380.00,1,'2025-12-25 01:09:43',NULL),(7,3,9,'Semi-Finalist',3,20000.00,'Semi-Finalist Prize - Men Singles',NULL,NULL,'Pending',NULL,NULL,6248.00,13752.00,1,'2025-12-25 01:09:43',NULL),(8,3,9,'Semi-Finalist',3,20000.00,'Semi-Finalist Prize - Men Singles',NULL,NULL,'Pending',NULL,NULL,6248.00,13752.00,1,'2025-12-25 01:09:43',NULL);
/*!40000 ALTER TABLE `mx_ipt_prize` ENABLE KEYS */;
UNLOCK TABLES;

--
-- Table structure for table `mx_ipt_sponsor`
--

DROP TABLE IF EXISTS `mx_ipt_sponsor`;
/*!40101 SET @saved_cs_client     = @@character_set_client */;
/*!40101 SET character_set_client = utf8 */;
CREATE TABLE `mx_ipt_sponsor` (
  `sponsorID` int(11) NOT NULL AUTO_INCREMENT,
  `tournamentID` int(11) NOT NULL,
  `sponsorName` varchar(200) NOT NULL,
  `sponsorType` enum('Title','Presenting','Gold','Silver','Bronze','Associate','Media','Equipment','Other') DEFAULT 'Associate',
  `companyName` varchar(200) DEFAULT NULL,
  `contactPerson` varchar(150) DEFAULT NULL,
  `contactPhone` varchar(20) DEFAULT NULL,
  `contactEmail` varchar(150) DEFAULT NULL,
  `contractValue` decimal(12,2) DEFAULT 0.00,
  `paymentReceived` decimal(12,2) DEFAULT 0.00,
  `paymentStatus` enum('Pending','Partial','Paid') DEFAULT 'Pending',
  `deliverablesJSON` text DEFAULT NULL,
  `deliverablesCompleted` int(11) DEFAULT 0,
  `deliverablesTotal` int(11) DEFAULT 0,
  `logoImage` varchar(255) DEFAULT NULL,
  `notes` text DEFAULT NULL,
  `status` tinyint(4) DEFAULT 1,
  `created` datetime DEFAULT current_timestamp(),
  `modified` datetime DEFAULT NULL ON UPDATE current_timestamp(),
  PRIMARY KEY (`sponsorID`),
  KEY `tournamentID` (`tournamentID`),
  CONSTRAINT `mx_ipt_sponsor_ibfk_1` FOREIGN KEY (`tournamentID`) REFERENCES `mx_ipt_tournament` (`tournamentID`) ON DELETE CASCADE
) ENGINE=InnoDB AUTO_INCREMENT=9 DEFAULT CHARSET=utf8mb4 COLLATE=utf8mb4_unicode_ci;
/*!40101 SET character_set_client = @saved_cs_client */;

--
-- Dumping data for table `mx_ipt_sponsor`
--

LOCK TABLES `mx_ipt_sponsor` WRITE;
/*!40000 ALTER TABLE `mx_ipt_sponsor` DISABLE KEYS */;
INSERT INTO `mx_ipt_sponsor` VALUES (1,1,'Decathlon India','Title','Decathlon Sports India Pvt Ltd','Sunil Verma','9876000001','sunil@decathlon.com',250000.00,250000.00,'Paid',NULL,0,0,NULL,'Logo on main court, banner placements, jersey branding, social media posts',1,'2025-12-25 01:09:20',NULL),(2,1,'Red Bull','Presenting','Red Bull India','Maria Santos','9876000002','maria@redbull.com',150000.00,100000.00,'Partial',NULL,0,0,NULL,'Energy drink sponsor, branded coolers, athlete lounge',1,'2025-12-25 01:09:20',NULL),(3,1,'Wilson Sports','Gold','Wilson Sporting Goods','James Wilson','9876000003','james@wilson.com',80000.00,80000.00,'Paid',NULL,0,0,NULL,'Official ball partner, equipment display, prize balls',1,'2025-12-25 01:09:20',NULL),(4,3,'Nike India','Title','Nike India Pvt Ltd','Akash Kumar','9876000004','akash@nike.com',500000.00,500000.00,'Paid',NULL,0,0,NULL,'Main sponsor, court branding, official merchandise',1,'2025-12-25 01:09:20',NULL),(5,3,'Gatorade','Presenting','PepsiCo India','Priya Sharma','9876000005','priya@gatorade.com',200000.00,150000.00,'Partial',NULL,0,0,NULL,'Hydration partner, branded bottles, refresh zones',1,'2025-12-25 01:09:20',NULL),(6,3,'ITC Hotels','Gold','ITC Hotels Ltd','Rahul Mehta','9876000006','rahul@itchotels.com',100000.00,100000.00,'Paid',NULL,0,0,NULL,'Official hospitality partner, VIP lounge, player accommodation',1,'2025-12-25 01:09:20',NULL),(7,4,'Infosys','Title','Infosys Ltd','Venkat Rao','9876000007','venkat@infosys.com',300000.00,300000.00,'Paid',NULL,0,0,NULL,'Corporate event sponsor, digital displays, app sponsor',1,'2025-12-25 01:09:20',NULL),(8,4,'TCS','Presenting','Tata Consultancy Services','Neha Singh','9876000008','neha@tcs.com',150000.00,150000.00,'Paid',NULL,0,0,NULL,'Technology partner, scoring system, live streaming',1,'2025-12-25 01:09:20',NULL);
/*!40000 ALTER TABLE `mx_ipt_sponsor` ENABLE KEYS */;
UNLOCK TABLES;

--
-- Table structure for table `mx_ipt_tournament`
--

DROP TABLE IF EXISTS `mx_ipt_tournament`;
/*!40101 SET @saved_cs_client     = @@character_set_client */;
/*!40101 SET character_set_client = utf8 */;
CREATE TABLE `mx_ipt_tournament` (
  `tournamentID` int(11) NOT NULL AUTO_INCREMENT,
  `tournamentCode` varchar(30) NOT NULL,
  `tournamentName` varchar(200) NOT NULL,
  `tournamentType` enum('Local','State','National','International','Corporate','Club') DEFAULT 'Local',
  `tournamentFormat` enum('Knockout','Round-Robin','Swiss','League','Mixed') DEFAULT 'Knockout',
  `startDate` date NOT NULL,
  `endDate` date NOT NULL,
  `registrationOpenDate` date DEFAULT NULL,
  `registrationCloseDate` date DEFAULT NULL,
  `venueLocationID` int(11) DEFAULT NULL,
  `venueName` varchar(200) DEFAULT NULL,
  `venueAddress` text DEFAULT NULL,
  `venueCity` varchar(100) DEFAULT NULL,
  `entryFeeAmount` decimal(10,2) DEFAULT 0.00,
  `totalPrizePurse` decimal(12,2) DEFAULT 0.00,
  `estimatedBudget` decimal(12,2) DEFAULT 0.00,
  `maxParticipants` int(11) DEFAULT 32,
  `currentParticipants` int(11) DEFAULT 0,
  `registrationSource` enum('Backend','Hudle','Website','Mixed') DEFAULT 'Backend',
  `hudleTournamentID` varchar(100) DEFAULT NULL,
  `tournamentStatus` enum('Draft','Open','Registration-Closed','In-Progress','Completed','Cancelled') DEFAULT 'Draft',
  `isRankingEvent` tinyint(4) DEFAULT 0,
  `directorName` varchar(150) DEFAULT NULL,
  `directorPhone` varchar(20) DEFAULT NULL,
  `directorEmail` varchar(150) DEFAULT NULL,
  `bannerImage` varchar(255) DEFAULT NULL,
  `description` text DEFAULT NULL,
  `rules` text DEFAULT NULL,
  `createdBy` int(11) DEFAULT NULL,
  `status` tinyint(4) DEFAULT 1,
  `created` datetime DEFAULT current_timestamp(),
  `modified` datetime DEFAULT NULL ON UPDATE current_timestamp(),
  PRIMARY KEY (`tournamentID`),
  UNIQUE KEY `tournamentCode` (`tournamentCode`)
) ENGINE=InnoDB AUTO_INCREMENT=5 DEFAULT CHARSET=utf8mb4 COLLATE=utf8mb4_unicode_ci;
/*!40101 SET character_set_client = @saved_cs_client */;

--
-- Dumping data for table `mx_ipt_tournament`
--

LOCK TABLES `mx_ipt_tournament` WRITE;
/*!40000 ALTER TABLE `mx_ipt_tournament` DISABLE KEYS */;
INSERT INTO `mx_ipt_tournament` VALUES (1,'IPT-2025-001','Mumbai Open 2025','State','Knockout','2025-01-15','2025-01-19','2024-12-01','2025-01-10',1,'Sky Padel Arena','Worli Sports Complex, Mumbai 400018','Mumbai',2000.00,500000.00,300000.00,64,24,'Mixed','HUD-2025-001','Open',1,'Rajesh Sharma','9876543210','rajesh@skypadel.com',NULL,'Premier state-level padel tournament in Mumbai','Standard IPA rules apply. Best of 3 sets format.',1,1,'2025-12-25 01:06:02',NULL),(2,'IPT-2025-002','Pune Club Championship','Club','Round-Robin','2025-02-01','2025-02-02','2025-01-05','2025-01-25',2,'Pune Padel Club','Koregaon Park, Pune 411001','Pune',1500.00,100000.00,80000.00,32,0,'Backend',NULL,'Open',0,'Amit Deshmukh','9876543211','amit@punepadel.com',NULL,'Annual club championship for members','Round-robin format followed by knockout stages',1,1,'2025-12-25 01:06:02','2025-12-25 01:57:36'),(3,'IPT-2025-003','Delhi Masters 2025','National','Knockout','2025-01-08','2025-01-12','2024-11-15','2025-01-05',3,'Delhi Sports Academy','Dwarka Sports Complex, Delhi 110075','New Delhi',3000.00,1000000.00,600000.00,128,96,'Hudle','HUD-2025-003','In-Progress',1,'Vikram Singh','9876543212','vikram@delhipadel.com',NULL,'National level tournament with IPA ranking points','IPA approved tournament. Drug testing mandatory for winners.',1,1,'2025-12-25 01:06:02',NULL),(4,'IPT-2025-004','Corporate Padel Cup','Corporate','League','2024-12-15','2024-12-17','2024-11-01','2024-12-10',1,'Sky Padel Arena','Worli Sports Complex, Mumbai 400018','Mumbai',5000.00,200000.00,150000.00,16,16,'Backend',NULL,'Completed',0,'Priya Mehta','9876543213','priya@corporatepadel.com',NULL,'Inter-corporate padel tournament','Teams of 4 players per corporate. League format.',1,1,'2025-12-25 01:06:02',NULL);
/*!40000 ALTER TABLE `mx_ipt_tournament` ENABLE KEYS */;
UNLOCK TABLES;

--
-- Table structure for table `mx_ipt_tournament_category`
--

DROP TABLE IF EXISTS `mx_ipt_tournament_category`;
/*!40101 SET @saved_cs_client     = @@character_set_client */;
/*!40101 SET character_set_client = utf8 */;
CREATE TABLE `mx_ipt_tournament_category` (
  `tcID` int(11) NOT NULL AUTO_INCREMENT,
  `tournamentID` int(11) NOT NULL,
  `categoryID` int(11) NOT NULL,
  `entryFee` decimal(10,2) DEFAULT 0.00,
  `prizePool` decimal(10,2) DEFAULT 0.00,
  `maxTeams` int(11) DEFAULT 16,
  `currentTeams` int(11) DEFAULT 0,
  `drawGenerated` tinyint(4) DEFAULT 0,
  `status` tinyint(4) DEFAULT 1,
  PRIMARY KEY (`tcID`),
  KEY `tournamentID` (`tournamentID`),
  KEY `categoryID` (`categoryID`),
  CONSTRAINT `mx_ipt_tournament_category_ibfk_1` FOREIGN KEY (`tournamentID`) REFERENCES `mx_ipt_tournament` (`tournamentID`) ON DELETE CASCADE,
  CONSTRAINT `mx_ipt_tournament_category_ibfk_2` FOREIGN KEY (`categoryID`) REFERENCES `mx_ipt_category` (`categoryID`)
) ENGINE=InnoDB AUTO_INCREMENT=21 DEFAULT CHARSET=utf8mb4 COLLATE=utf8mb4_unicode_ci;
/*!40101 SET character_set_client = @saved_cs_client */;

--
-- Dumping data for table `mx_ipt_tournament_category`
--

LOCK TABLES `mx_ipt_tournament_category` WRITE;
/*!40000 ALTER TABLE `mx_ipt_tournament_category` DISABLE KEYS */;
INSERT INTO `mx_ipt_tournament_category` VALUES (1,1,1,2000.00,100000.00,32,0,0,1),(2,2,1,2000.00,100000.00,32,0,0,1),(3,3,1,2000.00,100000.00,32,0,0,1),(4,4,1,2000.00,100000.00,32,0,0,1),(5,1,2,2000.00,100000.00,32,0,0,1),(6,2,2,2000.00,100000.00,32,0,0,1),(7,3,2,2000.00,100000.00,32,0,0,1),(8,4,2,2000.00,100000.00,32,0,0,1),(9,1,3,3000.00,150000.00,32,0,0,1),(10,2,3,3000.00,150000.00,32,0,0,1),(11,3,3,3000.00,150000.00,32,0,0,1),(12,4,3,3000.00,150000.00,32,0,0,1),(13,1,4,3000.00,150000.00,32,0,0,1),(14,2,4,3000.00,150000.00,32,0,0,1),(15,3,4,3000.00,150000.00,32,0,0,1),(16,4,4,3000.00,150000.00,32,0,0,1),(17,1,5,2500.00,120000.00,32,0,0,1),(18,2,5,2500.00,120000.00,32,0,0,1),(19,3,5,2500.00,120000.00,32,0,0,1),(20,4,5,2500.00,120000.00,32,0,0,1);
/*!40000 ALTER TABLE `mx_ipt_tournament_category` ENABLE KEYS */;
UNLOCK TABLES;

--
-- Table structure for table `mx_knowledge_center`
--

DROP TABLE IF EXISTS `mx_knowledge_center`;
/*!40101 SET @saved_cs_client     = @@character_set_client */;
/*!40101 SET character_set_client = utf8 */;
CREATE TABLE `mx_knowledge_center` (
  `knowledgeCenterID` int(11) unsigned NOT NULL AUTO_INCREMENT,
  `knowledgeCenterImage` varchar(200) DEFAULT NULL,
  `knowledgeCenterSource` varchar(200) DEFAULT NULL,
  `knowledgeCenterContent` text DEFAULT NULL,
  `knowledgeCenterTitle` varchar(300) DEFAULT NULL,
  `seoUri` varchar(300) DEFAULT NULL,
  `knowledgeCenterThumb` varchar(200) DEFAULT NULL,
  `knowledgeCenterTags` text DEFAULT NULL,
  `synopsis` tinytext DEFAULT NULL,
  `datePublish` datetime DEFAULT NULL,
  `status` tinyint(1) NOT NULL DEFAULT 1,
  PRIMARY KEY (`knowledgeCenterID`)
) ENGINE=InnoDB AUTO_INCREMENT=17 DEFAULT CHARSET=utf8 COLLATE=utf8_general_ci;
/*!40101 SET character_set_client = @saved_cs_client */;

--
-- Dumping data for table `mx_knowledge_center`
--

LOCK TABLES `mx_knowledge_center` WRITE;
/*!40000 ALTER TABLE `mx_knowledge_center` DISABLE KEYS */;
INSERT INTO `mx_knowledge_center` VALUES (1,'vfd-driven-electric-motor.webp',NULL,'<p>Variable Frequency Drives (VFDs) are widely used in industrial applications, thanks to┬átheir ability to control motor speeds efficiently. However, their application with Flame-proof motors, especially in hazardous environments, presents unique challenges and risks.</p>\r\n\r\n<br>\r\n\r\n<p>Today, letΓÇÖs look┬áinto these implications in detail. We\'ll break down the technical factors and key considerations for successfully integrating VFDs with Flame Proof motors, ensuring safe and efficient operations in challenging environments.</p>\r\n\r\n<br>\r\n\r\n<p><strong><span style=\"color:#3498db;\">What is VFD?</span></strong></p>\r\n\r\n<br>\r\n\r\n<p>VFD is an electronic device used to control the speed of an electric motor. It does so┬áby adjusting the frequency of the power supply.┬áTo measure the speed of an electric motor, we use the equation:</p>\r\n\r\n<br>\r\n\r\n<p><strong>Motor Synchronous Speed = (120 ├ù Frequency) / Number of Poles</strong></p>\r\n\r\n<br>\r\n\r\n<p>In this equation:</p>\r\n\r\n<ul>\r\n	<li>120 is a constant</li>\r\n	<li>The number of Poles refers to the number of magnetic poles in the motor, which is fixed once the motor is manufactured</li>\r\n	<li>Frequency is the only variable that can be adjusted to control the motorΓÇÖs RPM (revolutions per minute).</li>\r\n</ul>\r\n\r\n<br>\r\n\r\n<p>By modifying the frequency, a VFD allows precise control over the motorΓÇÖs speed, making it a highly efficient solution for various industrial applications.</p>\r\n\r\n<br>\r\n\r\n<p><strong><span style=\"color:#3498db;\">Using VFD with Flame-proof Motors</span></strong></p>\r\n\r\n<br>\r\n\r\n<p>Although VFDs provide various advantages, using them with Flame-proof motorsΓÇöespecially in hazardous environments where explosive gases or vapors may be presentΓÇöbrings about several critical challenges. Let\'s look at them one by one.</p>\r\n\r\n<br>\r\n\r\n<p><strong>1) Harmonics & Motor Heating:┬á</strong>Being silicon-based devices, VFDs introduce harmonics into the power supply. Think of harmonics as distortions┬áthat lead to additional heating of the motor.┬áThis is particularly problematic for Flame-proof motors, which are designed to operate within a specified temperature limit (often classified as T4, meaning the motorΓÇÖs temperature should not exceed 135┬░C at any hot spot).┬áThe extra heat generated by harmonics can push the motor beyond its safe operating temperature, increasing the risk of a hazardous situation.</p>\r\n\r\n<br>\r\n\r\n<p><strong>2) Reduced Cooling Efficiency:┬á</strong>The cooling fan of a motor is usually mounted on the motor shaft at the non-driving end.┬áWhen a VFD reduces the motor\'s speed, it also decreases the cooling fan\'s effectiveness. Since the fan speed is directly linked to the motor speed, any reduction in motor speed results in less airflow to cool the motor.┬áThis diminished airflow can worsen the heating issue, increasing the risk of overheating and<br>potential damage to the motor.</p>\r\n\r\n<br>\r\n\r\n<p><strong>3) Hazardous Environment Considerations:┬á</strong>Flame-proof motors are specifically designed for use in environments deemed hazardous due to the presence of explosive gases or vapors. When you combine the elevated motor temperatures caused by VFD-induced harmonics with the reduced cooling efficiency, you create a potentially dangerous scenario. This situation significantly increases the risk of fire or explosion, making it crucial to carefully manage the operating conditions of these motors in such environments.</p>\r\n\r\n<br>\r\n\r\n<p><strong><span style=\"color:#3498db;\">Mitigation Strategies</span></strong></p>\r\n\r\n<br>\r\n\r\n<p>Having seen the challenges of using a VFD with the Flame-proof motors, let\'s now delve into the mitigation strategies.┬áTo mitigate these risks, recommended strategies for using VFDs with Flame Proof motors are:</p>\r\n\r\n<br>\r\n\r\n<p><strong>1)┬áUse of a Higher Frame Size:</strong>┬áOpting for a motor with a larger frame size can enhance heat dissipation, effectively reducing the risk of overheating.┬áA bigger frame typically provides more surface area for heat to escape, helping to maintain a safe operating temperature.</p>\r\n\r\n<br>\r\n\r\n<p><strong>2)┬áIntegration of PTCs (Positive Temperature Coefficient Thermistors):</strong> It\'s helpful to equip the Flame-proof motors powered by VFDs with three PTCs. These thermistors are embedded within the motor winding and linked to a thermal overload relay. If the motor temperature rises beyond safe levels, the PTCs activate the relay, cutting off the power supply to the motor. This proactive measure helps prevent damage and mitigates<br>the risk of hazardous situations arising from overheating.</p>\r\n\r\n<br>\r\n\r\n<p><strong>3)┬áEnhanced Winding Insulation:</strong>┬áThe motor winding should be treated with appropriate insulation to withstand the additional heat and stress caused by VFD-induced harmonics. This enhanced insulation helps ensure┬áthe┬ámotor operates safely under these demanding conditions.</p>\r\n\r\n<br>\r\n\r\n<p><strong><span style=\"color:#3498db;\">Conclusion</span></strong></p>\r\n\r\n<br>\r\n\r\n<p>Using VFDs with Flame-proof motors requires┬ácareful consideration and implementation of various technical measures to ensure safety and reliability. While these mitigation strategies are effective, they often come with trade-offs, such as longer delivery times and increased costs. However, the significance of maintaining safe operating conditions in hazardous environments cannot be overstated. By adopting┬áthe right approaches, it is<br>possible to harness the advantages of VFDs while effectively minimizing the risks associated with their use in Flame-proof motors.</p>\r\n\r\n<br>\r\n\r\n<p><strong><span style=\"color:#3498db;\">Key Takeaways</span></strong></p>\r\n\r\n<br>\r\n\r\n<ul>\r\n	<li>Opt for motors with larger frame sizes for better heat dissipation.</li>\r\n	<li>Ensure motors are equipped with PTCs connected to a thermal overload relay for temperature monitoring.</li>\r\n	<li>Utilize appropriate winding insulation treatments to manage the effects of VFD-induced harmonics.</li>\r\n</ul>\r\n\r\n<br>\r\n\r\n<p>By adhering to these guidelines, the integration of VFDs with Flame Proof motors can be effectively managed, ensuring both optimal performance and safety.</p>\r\n\r\n<br>\r\n\r\n<p style=\"font-style: italic;\"><span style=\"font-size:10px;\">By: Manish Chandrani; +919825014977</span></p>\r\n','Use of VFD with Flame-proof motors: Implications and Mitigation','use-of-vfd-with-flame-proof-motors-implications-and-mitigation-1',NULL,NULL,'This article explores the integration of Variable Frequency Drives (VFDs) with Flame-proof motors, highlighting the unique challenges and risks associated with their use in hazardous environments. It also suggests mitigation strategies, following which th','2024-10-01 12:00:00',1),(2,'hpkw.png',NULL,'<div class=\"container\">\r\n<p>Whether you\'re sizing a pump, selecting a VFD, or comparing OEM specs, converting between horsepower (HP) and kilowatts (kW) is an essential skill for motor users.</p>\r\n┬á\r\n\r\n<p><strong><span style=\"color:#3498db;\">1. Why Convert HP to kW?</span></strong></p>\r\n┬á\r\n\r\n<p>Globally, motors are rated in either HP or kW depending on regional standards. While HP is common in North America, kW is part of the international metric system (SI). Converting correctly ensures compatibility, avoids under-sizing, and helps with regulatory compliance.</p>\r\n┬á\r\n\r\n<p><strong><span style=\"color:#3498db;\">2. Basic Formulas</span></strong></p>\r\n┬á\r\n\r\n<ul>\r\n	<li><strong>kW = HP ├ù 0.746</strong></li>\r\n	<li><strong>HP = kW ├╖ 0.746</strong></li>\r\n</ul>\r\n┬á\r\n\r\n<p>These formulas are for mechanical HP. Electrical systems use the same conversion for rated output.</p>\r\n┬á\r\n\r\n<p><strong><span style=\"color:#3498db;\">3. Real-World Examples</span></strong></p>\r\n┬á\r\n\r\n<ul>\r\n	<li>10 HP motor = 10 ├ù 0.746 = <strong>7.46 kW</strong></li>\r\n	<li>15 kW motor = 15 ├╖ 0.746 Γëê <strong>20.1 HP</strong></li>\r\n	<li>18.5 kW motor = 18.5 ├╖ 0.746 Γëê <strong>24.8 HP</strong> ΓåÆ Round up to 25 HP</li>\r\n</ul>\r\n┬á\r\n\r\n<p><strong><span style=\"color:#3498db;\">4. Factors to Consider</span></strong></p>\r\n┬á\r\n\r\n<ul>\r\n	<li><strong>Efficiency:</strong> Motor efficiency impacts actual output. Consider losses.</li>\r\n	<li><strong>Voltage & Frequency:</strong> Ensure compatibility with your local supply.</li>\r\n	<li><strong>Service Factor:</strong> Overload requirements may affect size selection.</li>\r\n	<li><strong>Application Duty:</strong> Continuous vs. intermittent load types.</li>\r\n</ul>\r\n┬á\r\n\r\n<p><strong><span style=\"color:#3498db;\">5. HP to kW Conversion Chart</span></strong></p>\r\n┬á\r\n\r\n<table border=\"1\" cellpadding=\"8\" cellspacing=\"0\" style=\"border-collapse: collapse; width: 100%;\">\r\n	<thead style=\"background-color: #f0f0f0;\">\r\n		<tr>\r\n			<th>HP</th>\r\n			<th>kW</th>\r\n		</tr>\r\n	</thead>\r\n	<tbody>\r\n		<tr>\r\n			<td>1</td>\r\n			<td>0.746</td>\r\n		</tr>\r\n		<tr>\r\n			<td>3</td>\r\n			<td>2.24</td>\r\n		</tr>\r\n		<tr>\r\n			<td>5</td>\r\n			<td>3.73</td>\r\n		</tr>\r\n		<tr>\r\n			<td>7.5</td>\r\n			<td>5.60</td>\r\n		</tr>\r\n		<tr>\r\n			<td>10</td>\r\n			<td>7.46</td>\r\n		</tr>\r\n		<tr>\r\n			<td>15</td>\r\n			<td>11.19</td>\r\n		</tr>\r\n		<tr>\r\n			<td>20</td>\r\n			<td>14.92</td>\r\n		</tr>\r\n		<tr>\r\n			<td>25</td>\r\n			<td>18.65</td>\r\n		</tr>\r\n		<tr>\r\n			<td>30</td>\r\n			<td>22.38</td>\r\n		</tr>\r\n		<tr>\r\n			<td>50</td>\r\n			<td>37.30</td>\r\n		</tr>\r\n		<tr>\r\n			<td>100</td>\r\n			<td>74.60</td>\r\n		</tr>\r\n	</tbody>\r\n</table>\r\n┬á\r\n\r\n<p><strong><span style=\"color:#3498db;\">6. Why It Matters in Motor Selection</span></strong></p>\r\n┬á\r\n\r\n<ul>\r\n	<li>Ensures proper motor sizing</li>\r\n	<li>Helps match VFD and starter ratings</li>\r\n	<li>Aligns with consultant or tender requirements</li>\r\n	<li>Improves load analysis during energy audits</li>\r\n</ul>\r\n┬á\r\n\r\n<p><strong><span style=\"color:#3498db;\">7. How Bombay Engineering Syndicate Can Help</span></strong></p>\r\n┬á\r\n\r\n<ul>\r\n	<li>Assist with power conversion and sizing queries</li>\r\n	<li>Recommend CG motors suitable for your HP or kW specs</li>\r\n	<li>Provide technical documentation for approvals</li>\r\n	<li>Support in tendering, VFD matching, and retrofit projects</li>\r\n</ul>\r\n┬á\r\n\r\n<p><strong><span style=\"color:#3498db;\">Final Thoughts</span></strong></p>\r\n┬á\r\n\r\n<p>Converting HP to kW accurately is critical for efficient, safe, and compliant motor installations. A small error can result in under-sizing, overheating, or equipment failure. Trust Bombay Engineering Syndicate to help you size it right ΓÇö every time.</p>\r\n┬á\r\n\r\n<p><a href=\"https://www.bombayengg.net/contact/\">Contact us today</a> for motor sizing assistance or product selection.</p>\r\n┬á\r\n\r\n<p style=\"font-style: italic;\"><span style=\"font-size:10px;\">By: Manish Chandrani; +919825014977</span></p>\r\n</div>\r\n','HP to kW Conversion Made Easy: A Practical Guide for Motor Users','hp-to-kw-conversion-made-easy-a-practical-guide-for-motor-users-1',NULL,NULL,'HP to kW Conversion Made Easy: A Practical Guide for Motor Users','2025-07-26 00:00:00',1),(3,'gas11ab.png',NULL,'<div class=\"container\">\r\n<p>Hazardous locations are categorized based on the frequency and duration of explosive gas atmospheres:</p>\r\n\r\n<ul>\r\n	<li><strong>Zone 0:</strong> Constant or long periods of exposure</li>\r\n	<li><strong>Zone 1:</strong> Likely to occur in normal operation</li>\r\n	<li><strong>Zone 2:</strong> Unlikely and for short duration</li>\r\n</ul>\r\n┬á\r\n\r\n<p><strong><span style=\"color:#3498db;\">Gas Groups</span></strong></p>\r\n\r\n<ul>\r\n	<li><strong>IIA:</strong> Propane, ethanol, acetone</li>\r\n	<li><strong>IIB:</strong> Ethylene, carbon monoxide</li>\r\n	<li><strong>IIC:</strong> Hydrogen, acetylene</li>\r\n</ul>\r\n\r\n<p><strong>Temperature Classes:</strong> T1 (450┬░C) to T6 (85┬░C), with T3/T4 being common for IIA/IIB.</p>\r\n┬á\r\n\r\n<p><strong><span style=\"color:#3498db;\">CG Power Motor Types for Hazardous Areas</span></strong></p>\r\n┬á\r\n\r\n<ul>\r\n	<li><strong>Ex d (Flameproof):</strong> Withstands internal explosion and prevents propagation. Suitable for Zone 1 & 2, IIA/IIB, T4.</li>\r\n	<li><strong>Ex e (Increased Safety):</strong> No arcing or sparking parts. Designed for Zone 2.</li>\r\n	<li><strong>Ex nA (Non-sparking):</strong> Safe for Zone 2; no flameproof enclosure needed.</li>\r\n</ul>\r\n┬á\r\n\r\n<p><strong><span style=\"color:#3498db;\">Technical Highlights of CG Flameproof Motors</span></strong></p>\r\n┬á\r\n\r\n<ul>\r\n	<li>Heavy-duty steel enclosures with precision-machined flamepaths</li>\r\n	<li>Voltage: 415V to 11kV | Power: 0.37 kW to 2000 kW</li>\r\n	<li>IP55 standard protection; optional IP66</li>\r\n	<li>Class F insulation, Class B temp rise</li>\r\n	<li>Certified by BASEEFA, ATEX, CMRI, DGMS</li>\r\n</ul>\r\n┬á\r\n\r\n<p><strong><span style=\"color:#3498db;\">Gas Group Comparison</span></strong></p>\r\n┬á\r\n\r\n<table border=\"1\" cellpadding=\"8\" cellspacing=\"0\" style=\"border-collapse: collapse; width: 100%;\">\r\n	<thead style=\"background-color: #f0f0f0;\">\r\n		<tr>\r\n			<th>Group</th>\r\n			<th>Examples</th>\r\n			<th>Severity</th>\r\n			<th>Typical Use</th>\r\n		</tr>\r\n	</thead>\r\n	<tbody>\r\n		<tr>\r\n			<td>IIA</td>\r\n			<td>Propane, Ethanol</td>\r\n			<td>Low</td>\r\n			<td>Solvent plants, Paint shops</td>\r\n		</tr>\r\n		<tr>\r\n			<td>IIB</td>\r\n			<td>Ethylene, CO</td>\r\n			<td>Medium</td>\r\n			<td>Refineries, Fertilizers</td>\r\n		</tr>\r\n		<tr>\r\n			<td>IIC</td>\r\n			<td>Hydrogen, Acetylene</td>\r\n			<td>High</td>\r\n			<td>Pharma, Labs, Defense</td>\r\n		</tr>\r\n	</tbody>\r\n</table>\r\n┬á\r\n\r\n<p><strong><span style=\"color:#3498db;\">How Bombay Engineering Syndicate Supports You</span></strong></p>\r\n┬á\r\n\r\n<ul>\r\n	<li><strong>Technical Matching:</strong> We help map your gas group, temp class, and protection needs</li>\r\n	<li><strong>Certification Support:</strong> ATEX, DGMS, CMRI documentation provided</li>\r\n	<li><strong>Custom Options:</strong> Top-terminal boxes, IP66 enclosures, VFD-ready builds</li>\r\n	<li><strong>Expertise:</strong> Decades of experience in hazardous zone equipment supply</li>\r\n</ul>\r\n┬á\r\n\r\n<p><strong><span style=\"color:#3498db;\">Typical Use Case</span></strong></p>\r\n┬á\r\n\r\n<p><strong>Scenario:</strong> Zone 1 ethylene unit (Gas Group IIB) requires 30 kW motors, T4 rating.</p>\r\n\r\n<p><strong>Solution:</strong> CG Ex d 160L frame flameproof motor, 415V, IP55, Class F, IIB + T4 certified, BASEEFA-approved.</p>\r\n┬á\r\n\r\n<p><strong><span style=\"color:#3498db;\">Final Thoughts</span></strong></p>\r\n┬á\r\n\r\n<p>Proper motor selection for hazardous zones is critical. Bombay Engineering Syndicate ensures you receive certified, compliant, and fit-for-purpose motors from CG PowerΓÇösupported by accurate specifications and documentation.</p>\r\n┬á\r\n\r\n<p><a href=\"https://www.bombayengg.net/contact/\">Contact us today</a> to evaluate your hazardous area project and get expert recommendations.</p>\r\n┬á\r\n\r\n<p style=\"font-style: italic;\"><span style=\"font-size:10px;\">By: Manish Chandrani; +919825014977</span></p>\r\n</div>\r\n','Hazardous-Area Motors: A Deep Dive into Gas Groups IIA & IIB','hazardous-area-motors-a-deep-dive-into-gas-groups-iia-iib',NULL,NULL,'A technical guide on motors for hazardous areas (Gas IIA/IIB), covering Ex d, Ex e, and Ex nA types, temperature classes, certifications, and CG Power solutions. Bombay Engg ensures fast, compliant motor supply for Zone 1/2 applications.','2025-07-26 00:00:00',1),(4,'ie34.png',NULL,'<div class=\"container\">\r\n<p>Motor efficiency standards help industries adopt energy-efficient equipment while meeting global environmental regulations. The International Electrotechnical Commission (IEC) developed the IE classification system to standardize electric motor efficiency levels globally.</p>\r\n┬á\r\n\r\n<p><strong><span style=\"color:#3498db;\">1. What Is an IE Efficiency Class?</span></strong></p>\r\n┬á\r\n\r\n<p>IE stands for \"International Efficiency.\" The classes are defined by <strong>IEC 60034-30-1</strong>, which categorizes electric motors based on their energy efficiency. Higher IE class = greater efficiency and energy savings.</p>\r\n\r\n<ul>\r\n	<li><strong>IE1 ΓÇô Standard Efficiency</strong></li>\r\n	<li><strong>IE2 ΓÇô High Efficiency</strong></li>\r\n	<li><strong>IE3 ΓÇô Premium Efficiency</strong></li>\r\n	<li><strong>IE4 ΓÇô Super Premium Efficiency</strong></li>\r\n</ul>\r\n┬á\r\n\r\n<p><strong><span style=\"color:#3498db;\">2. Efficiency Comparison Table (Indicative %)</span></strong></p>\r\n┬á\r\n\r\n<table border=\"1\" cellpadding=\"8\" cellspacing=\"0\" style=\"border-collapse: collapse; width: 100%;\">\r\n	<thead style=\"background-color: #f0f8ff;\">\r\n		<tr>\r\n			<th>Power (kW)</th>\r\n			<th>IE1</th>\r\n			<th>IE2</th>\r\n			<th>IE3</th>\r\n			<th>IE4</th>\r\n		</tr>\r\n	</thead>\r\n	<tbody>\r\n		<tr>\r\n			<td>1.1</td>\r\n			<td>77.4%</td>\r\n			<td>81.4%</td>\r\n			<td>84.1%</td>\r\n			<td>86.1%</td>\r\n		</tr>\r\n		<tr>\r\n			<td>7.5</td>\r\n			<td>88.6%</td>\r\n			<td>90.6%</td>\r\n			<td>92.6%</td>\r\n			<td>94.1%</td>\r\n		</tr>\r\n		<tr>\r\n			<td>15</td>\r\n			<td>90.6%</td>\r\n			<td>92.6%</td>\r\n			<td>93.9%</td>\r\n			<td>95.4%</td>\r\n		</tr>\r\n		<tr>\r\n			<td>30</td>\r\n			<td>91.7%</td>\r\n			<td>93.6%</td>\r\n			<td>95.0%</td>\r\n			<td>96.3%</td>\r\n		</tr>\r\n	</tbody>\r\n</table>\r\n\r\n<p style=\"font-size: 13px;\">*Values are indicative and vary slightly with pole number and voltage.</p>\r\n┬á\r\n\r\n<p><strong><span style=\"color:#3498db;\">3. Global Regulatory Mandates</span></strong></p>\r\n┬á\r\n\r\n<ul>\r\n	<li><strong>India:</strong> BIS mandates IE2 minimum for new motors since 2018; IE3 becoming common in OEM specs</li>\r\n	<li><strong>EU:</strong> IE3 is the minimum standard since 2021</li>\r\n	<li><strong>USA (NEMA):</strong> Equivalent to IE3 under EPAct/EISA regulations</li>\r\n</ul>\r\n┬á\r\n\r\n<p><strong><span style=\"color:#3498db;\">4. Long-Term Cost Savings</span></strong></p>\r\n┬á\r\n\r\n<p>Even a 2ΓÇô3% gain in motor efficiency significantly reduces energy bills over the motorΓÇÖs lifespan. Consider the following:</p>\r\n\r\n<ul>\r\n	<li>A motor\'s purchase price is typically just 2ΓÇô5% of its lifetime cost</li>\r\n	<li>Electricity represents ~95% of total cost of ownership</li>\r\n	<li>IE3 or IE4 motors may pay back the price difference in 6ΓÇô18 months via energy savings</li>\r\n</ul>\r\n┬á\r\n\r\n<p><strong><span style=\"color:#3498db;\">5. Where Do IE3/IE4 Motors Matter Most?</span></strong></p>\r\n┬á\r\n\r\n<ul>\r\n	<li>Continuous-duty applications (pumps, compressors, fans)</li>\r\n	<li>Remote or difficult-to-maintain installations</li>\r\n	<li>Industries with high energy usage: pharma, chemicals, textiles, cement, steel</li>\r\n</ul>\r\n┬á\r\n\r\n<p><strong><span style=\"color:#3498db;\">6. CG Power Motors & Bombay Engineering Syndicate</span></strong></p>\r\n┬á\r\n\r\n<p>CG Power offers a comprehensive range of <strong>IE2, IE3, and IE4-compliant motors</strong>, both standard and flameproof. These motors are available in:</p>\r\n\r\n<ul>\r\n	<li>Frame sizes: 63 to 355</li>\r\n	<li>Power range: 0.37 kW to 355 kW</li>\r\n	<li>Construction: Cast iron or aluminum</li>\r\n	<li>Certifications: BIS, BEE Star Rating, ATEX, CMRI (for flameproof variants)</li>\r\n</ul>\r\n\r\n<p></p>\r\n\r\n<p><strong><span style=\"color:#3498db;\">7. Bombay Engineering Syndicate helps industries transition to energy-efficient systems by:</span></strong></p>\r\n\r\n<ul>\r\n	<li>Auditing your current motor fleet</li>\r\n	<li>Recommending IE3/IE4 upgrades</li>\r\n	<li>Supplying CG motors with complete technical documentation and compliance support</li>\r\n</ul>\r\n┬á\r\n\r\n<p><strong><span style=\"color:#3498db;\">8. Final Thoughts</span></strong></p>\r\n┬á\r\n\r\n<p>Choosing a higher-efficiency motor isnΓÇÖt just environmentally responsible ΓÇö it makes strong business sense. Whether youΓÇÖre designing a new plant or upgrading legacy equipment, IE3 and IE4 motors offer unmatched reliability, compliance, and long-term savings.</p>\r\n┬á\r\n\r\n<p><a href=\"https://www.bombayengg.net/contact/\">Contact us</a> for efficiency audits, motor sizing, and technical support.</p>\r\n┬á\r\n\r\n<p style=\"font-style: italic;\"></p>\r\n</div>\r\n','Motor Efficiency Classes (IE1 to IE4) Explained','motor-efficiency-classes-ie1-to-ie4-explained-1',NULL,NULL,'A concise guide to IE1ΓÇôIE4 motor efficiency classes, global standards, and energy savings. Learn how CG Power motors and Bombay Engg enable smart, compliant upgrades.','2025-07-26 00:00:00',1),(5,'crompton-home-pumps.png',NULL,'<div class=\"container\">\r\n<p>Choosing the right pump for domestic use is essential for consistent water flow, energy savings, and long-term reliability. Crompton Greaves Consumer Electricals Ltd offers a wide range of residential pumps trusted across India for their quality, durability, and performance.</p>\r\n┬á\r\n\r\n<p><strong><span style=\"color:#3498db;\">1. Types of Crompton Residential Pumps</span></strong></p>\r\n┬á\r\n\r\n<ul>\r\n	<li><strong>Self-Priming Monoblock Pumps:</strong> Ideal for bungalows and low-rise buildings</li>\r\n	<li><strong>Pressure Booster Pumps:</strong> Best for bathrooms with showers and modern fittings</li>\r\n	<li><strong>Shallow Well Jet Pumps:</strong> Useful for suction depths up to 8 meters</li>\r\n	<li><strong>Submersible Pumps:</strong> Ideal for sump or borewell applications</li>\r\n</ul>\r\n┬á\r\n\r\n<p><strong><span style=\"color:#3498db;\">2. Matching Pump Type with Your Need</span></strong></p>\r\n┬á\r\n\r\n<ul>\r\n	<li><strong>1ΓÇô2 Floor Homes:</strong> Self-priming monoblock (e.g., Mini Master or Mini Master II)</li>\r\n	<li><strong>Bathrooms with Showers/Heaters:</strong> Pressure booster pump</li>\r\n	<li><strong>Suction Depths of 6ΓÇô8m:</strong> Shallow well jet pump</li>\r\n	<li><strong>Overhead Tank Lifting from Sump:</strong> Domestic submersible pump</li>\r\n</ul>\r\n┬á\r\n\r\n<p><strong><span style=\"color:#3498db;\">3. Key Selection Criteria</span></strong></p>\r\n┬á\r\n\r\n<ul>\r\n	<li>Head (height the pump can lift water)</li>\r\n	<li>Flow rate (litres per minute)</li>\r\n	<li>Suction lift capability</li>\r\n	<li>Motor power (0.5 to 1 HP for most homes)</li>\r\n	<li>Energy efficiency</li>\r\n	<li>Noise level</li>\r\n</ul>\r\n┬á\r\n\r\n<p><strong><span style=\"color:#3498db;\">4. Crompton Pump Features</span></strong></p>\r\n┬á\r\n\r\n<ul>\r\n	<li>High-quality copper winding motor</li>\r\n	<li>CED coated for corrosion protection</li>\r\n	<li>Thermal overload protection</li>\r\n	<li>Brass impeller for durability</li>\r\n	<li>Wide voltage band operation (180ΓÇô260V)</li>\r\n</ul>\r\n┬á\r\n\r\n<p><strong><span style=\"color:#3498db;\">5. Top Crompton Pump Models for Home Use</span></strong></p>\r\n┬á\r\n\r\n<ul>\r\n	<li><strong>Mini Master:</strong> 0.5 HP self-priming monoblock pump</li>\r\n	<li><strong>Mini Master II:</strong> Improved suction and head for low-rise homes</li>\r\n	<li><strong>DMB10DCSL:</strong> 1 HP regenerative pump for higher head</li>\r\n	<li><strong>Mini Pacific II:</strong> Compact, high suction pump for independent houses</li>\r\n</ul>\r\n┬á\r\n\r\n<p><strong><span style=\"color:#3498db;\">6. Why Buy from Bombay Engineering Syndicate?</span></strong></p>\r\n┬á\r\n\r\n<ul>\r\n	<li>Authorised dealer for Crompton residential pumps</li>\r\n	<li>Genuine product assurance with warranty</li>\r\n	<li>Technical consultation to choose the right pump</li>\r\n	<li>Installation and after-sales support</li>\r\n	<li>Ready stock of fast-moving models</li>\r\n</ul>\r\n┬á\r\n\r\n<p><strong><span style=\"color:#3498db;\">7. Summary Table: Pump Selection</span></strong></p>\r\n┬á\r\n\r\n<table border=\"1\" cellpadding=\"8\" cellspacing=\"0\" style=\"border-collapse: collapse; width: 100%;\">\r\n	<thead style=\"background-color: #f0f0f0;\">\r\n		<tr>\r\n			<th>Application</th>\r\n			<th>Recommended Pump</th>\r\n			<th>Power</th>\r\n		</tr>\r\n	</thead>\r\n	<tbody>\r\n		<tr>\r\n			<td>Single bathroom or kitchen</td>\r\n			<td>Mini Pacific II</td>\r\n			<td>0.5 HP</td>\r\n		</tr>\r\n		<tr>\r\n			<td>Overhead tank lifting (1ΓÇô2 floors)</td>\r\n			<td>Mini Master / Mini Master II</td>\r\n			<td>0.5 HP</td>\r\n		</tr>\r\n		<tr>\r\n			<td>Bathroom with shower/booster</td>\r\n			<td>Mini Master II</td>\r\n			<td>0.5ΓÇô1 HP</td>\r\n		</tr>\r\n		<tr>\r\n			<td>Sump to overhead tank (higher head)</td>\r\n			<td>DMB10DCSL</td>\r\n			<td>1 HP</td>\r\n		</tr>\r\n	</tbody>\r\n</table>\r\n┬á\r\n\r\n<p><strong><span style=\"color:#3498db;\">Final Thoughts</span></strong></p>\r\n┬á\r\n\r\n<p>For residential water pumping needs, Crompton offers best-in-class solutions backed by innovation and reliability. As an authorised dealer, Bombay Engineering Syndicate helps homeowners choose, install, and maintain the right Crompton pump for any residential setup.</p>\r\n┬á\r\n\r\n<p><a href=\"https://www.bombayengg.net/contact/\">Contact us today</a> to get expert advice and genuine Crompton pumps for your home.</p>\r\n┬á\r\n\r\n<p style=\"font-style: italic;\"><span style=\"font-size:10px;\">By: Manish Narvekar; +919324706905</span></p>\r\n</div>\r\n','How to Choose the Best Crompton Pump for Your Home (0.5ΓÇô1 HP)','how-to-choose-the-best-crompton-pump-for-your-home-0-5-1-hp-1',NULL,NULL,'A practical guide to selecting the right Crompton pump for residential use, covering popular models like Mini Master, Mini Master II, and DMB10DCSL.','2025-07-29 00:00:00',1),(6,NULL,NULL,'<p><strong>Lorem Ipsum</strong>┬áis simply dummy text of the printing and typesetting industry. Lorem Ipsum has been the industry\'s standard dummy text ever since the 1500s, when an unknown printer took a galley of type and scrambled it to make a type specimen book.</p>\r\n','Lorem Ipsum is simply dummy text of the printing and typesetting industry. Lorem Ipsum has been the industry\'s standard dummy text ever since the 1500s, when an unknown printer took a galley of type and scrambled it to make a type specimen book.','lorem-ipsum-is-simply-dummy-text-of-the-printing-and-typesetting-industry-lorem-ipsum-has-been-the-industrys-standard-dummy-text-ever-since-the-1500s-when-an-unknown-printer-took-a-galley-of-type-a',NULL,NULL,NULL,'2025-08-04 00:00:00',0),(7,'cg-nameplate.png',NULL,'<div class=\"container\">\r\n<h3></h3>\r\n\r\n<p>Every electric motor comes with a nameplate that acts as its identity card. Reading and understanding this data is essential for selecting, installing, and maintaining the correct motor for your application. CG Power motors, like all IEC-compliant motors, include standardized information on their nameplates.</p>\r\n┬á\r\n\r\n<p><strong><span style=\"color:#3498db;\">1. Importance of the Motor Nameplate</span></strong></p>\r\n┬á\r\n\r\n<p>The nameplate provides key technical specifications that ensure the motor is correctly applied. Incorrect interpretation can lead to overheating, poor efficiency, or even safety hazards.</p>\r\n┬á\r\n\r\n<p><strong><span style=\"color:#3498db;\">2. Key Parameters on a Motor Nameplate</span></strong></p>\r\n┬á\r\n\r\n<ul>\r\n	<li><strong>Manufacturer & Model:</strong> Identifies the motor brand (e.g., CG Power) and series.</li>\r\n	<li><strong>Rated Power (kW / HP):</strong> Indicates the continuous mechanical output of the motor.</li>\r\n	<li><strong>Frame Size:</strong> Standard IEC frame size (e.g., 132M, 160L) defining shaft height and mounting.</li>\r\n	<li><strong>Rated Voltage:</strong> Operating voltage range, e.g., 415V ┬▒10%.</li>\r\n	<li><strong>Frequency:</strong> 50 Hz (India) or 60 Hz (other markets).</li>\r\n	<li><strong>Full Load Current (Amps):</strong> Current drawn at rated load and voltage.</li>\r\n	<li><strong>Speed (RPM):</strong> Depends on frequency and number of poles (e.g., 4-pole Γëê 1500 RPM at 50 Hz).</li>\r\n	<li><strong>Power Factor (cos ╧å):</strong> Indicates efficiency of electrical to mechanical conversion.</li>\r\n	<li><strong>Efficiency (%):</strong> Shows how effectively input power is converted into output.</li>\r\n	<li><strong>Insulation Class:</strong> Thermal rating of motor windings (B, F, H).</li>\r\n	<li><strong>Protection Class (IP):</strong> Ingress Protection level (e.g., IP55 dust/splashproof, IP66 for outdoor).</li>\r\n	<li><strong>Duty Type:</strong> Continuous (S1), short time (S2), or other IEC duty cycles.</li>\r\n	<li><strong>Temperature Rise:</strong> Defines safe operating limits.</li>\r\n	<li><strong>Standards & Certifications:</strong> IS, IEC, ATEX, CMRI, etc. (important for flameproof motors).</li>\r\n</ul>\r\n┬á\r\n\r\n<p><strong><span style=\"color:#3498db;\">3. Example Breakdown</span></strong></p>\r\n┬á\r\n\r\n<p>For a typical CG Power motor nameplate reading:</p>\r\n\r\n<ul>\r\n	<li>Power: 15 kW</li>\r\n	<li>Frame: 160M</li>\r\n	<li>Voltage: 415V</li>\r\n	<li>Current: 27.5A</li>\r\n	<li>Frequency: 50 Hz</li>\r\n	<li>RPM: 1475</li>\r\n	<li>Insulation: Class F</li>\r\n	<li>Protection: IP55</li>\r\n	<li>Duty: S1 (continuous)</li>\r\n</ul>\r\n\r\n<p><em>This motor would be suitable for continuous operation in industrial applications requiring reliability and moderate efficiency.</em></p>\r\n┬á\r\n\r\n<p><strong><span style=\"color:#3498db;\">4. Why This Matters</span></strong></p>\r\n┬á\r\n\r\n<ul>\r\n	<li>Ensures <strong>compatibility</strong> with power supply and application load.</li>\r\n	<li>Prevents <strong>overheating</strong> by matching insulation and duty cycle.</li>\r\n	<li>Guarantees <strong>safety</strong> in hazardous areas with flameproof certification details.</li>\r\n	<li>Simplifies <strong>replacement</strong> by matching frame size and power ratings.</li>\r\n</ul>\r\n┬á\r\n\r\n<p><strong><span style=\"color:#3498db;\">Final Thoughts</span></strong></p>\r\n┬á\r\n\r\n<p>The motor nameplate is more than a label ΓÇô itΓÇÖs a technical passport. By understanding each parameter, you can ensure the motor is installed correctly, maintained efficiently, and replaced accurately when needed. Bombay Engineering Syndicate, as an authorised dealer of CG Power motors, can guide you in interpreting and applying this information for your specific industrial or residential needs.</p>\r\n┬á\r\n\r\n<p><a href=\"https://www.bombayengg.net/contact/\">Contact us today</a> for motor selection support, compliance documentation, and technical guidance.</p>\r\n┬á\r\n\r\n<p style=\"font-style: italic;\"><span style=\"font-size:10px;\">By: Manish Chandrani; +919825014977</span></p>\r\n</div>\r\n','How to Read a Motor Nameplate','how-to-read-a-motor-nameplate',NULL,NULL,'A practical guide to understanding motor nameplatesΓÇöexplaining key parameters like power, frame size, voltage, current, RPM, insulation, and protection ratings. Helps engineers, technicians, and buyers ensure proper motor selection, safe operation, and ','2025-09-03 00:00:00',1),(8,'cooling.png',NULL,'<div class=\"container\">\r\n<p>Cooling is one of the most critical aspects of motor design. The International Electrotechnical Commission (IEC 60034-6) defines standardized cooling methods, known as IC (International Cooling) codes. Understanding these codes helps in selecting the right motor for specific applications and environments.</p>\r\n┬á\r\n\r\n<p><strong><span style=\"color:#3498db;\">1. What Are IC Codes?</span></strong></p>\r\n┬á\r\n\r\n<p>IC codes describe how heat generated in the motor is dissipated. They indicate the type of ventilation (natural, forced, closed, or open) and how air or coolant flows inside or outside the motor.</p>\r\n┬á\r\n\r\n<p><strong><span style=\"color:#3498db;\">2. Common Motor Cooling Methods</span></strong></p>\r\n┬á\r\n\r\n<ul>\r\n	<li><strong>IC01 ΓÇô Open Drip Proof (ODP):</strong> Air flows freely through the motor. Low cost, but unsuitable for dusty or wet areas.</li>\r\n	<li><strong>IC411 ΓÇô Totally Enclosed Fan Cooled (TEFC):</strong> Standard industrial cooling. External shaft-mounted fan blows air over the ribbed frame.</li>\r\n	<li><strong>IC416 ΓÇô Totally Enclosed, Forced Ventilation:</strong> External independent fan (separate supply) for continuous cooling, even at low speeds (ideal for VFD duty).</li>\r\n	<li><strong>IC418 ΓÇô Totally Enclosed, Integral Fan:</strong> Dedicated auxiliary fan inside motor. Similar benefit to IC416.</li>\r\n	<li><strong>IC511 ΓÇô Totally Enclosed Air-Air Heat Exchanger:</strong> Internal air circulates through a heat exchanger cooled by an external fan.</li>\r\n	<li><strong>IC611 ΓÇô Totally Enclosed Air-Water Heat Exchanger:</strong> Internal air cooled via a water-to-air heat exchanger. Used in heavy-duty or confined applications.</li>\r\n</ul>\r\n┬á\r\n\r\n<p><strong><span style=\"color:#3498db;\">3. Why Cooling Choice Matters</span></strong></p>\r\n┬á\r\n\r\n<ul>\r\n	<li><strong>Efficiency:</strong> Better cooling allows higher efficiency and power density.</li>\r\n	<li><strong>VFD Use:</strong> At low speeds, standard TEFC motors (IC411) may overheatΓÇöIC416 or IC418 is preferred.</li>\r\n	<li><strong>Environment:</strong> Dusty, humid, or hazardous areas require sealed designs (TEFC, heat exchangers).</li>\r\n	<li><strong>Service Life:</strong> Proper cooling prevents insulation breakdown and bearing failures.</li>\r\n</ul>\r\n┬á\r\n\r\n<p><strong><span style=\"color:#3498db;\">4. Typical Applications</span></strong></p>\r\n┬á\r\n\r\n<ul>\r\n	<li><strong>IC411:</strong> General industry (pumps, compressors, conveyors).</li>\r\n	<li><strong>IC416 / IC418:</strong> VFD-controlled motors, hazardous zone motors.</li>\r\n	<li><strong>IC511:</strong> High-power motors in steel plants and cement mills.</li>\r\n	<li><strong>IC611:</strong> Motors in marine, underground, or enclosed environments.</li>\r\n</ul>\r\n┬á\r\n\r\n<p><strong><span style=\"color:#3498db;\">5. CG Power Motor Cooling Options</span></strong></p>\r\n┬á\r\n\r\n<p>CG Power offers a full range of motors with standard IC411 cooling and optional IC416 / IC418 for inverter duty. Larger frames and flameproof motors are also available with IC511 or IC611 cooling systems.</p>\r\n┬á\r\n\r\n<p><strong><span style=\"color:#3498db;\">Final Thoughts</span></strong></p>\r\n┬á\r\n\r\n<p>Cooling method selection directly impacts motor reliability and efficiency. When working with VFDs, hazardous zones, or high-power applications, choosing the right IC code ensures long service life. Bombay Engineering Syndicate provides technical support to match your application with the correct CG Power motor cooling method.</p>\r\n┬á\r\n\r\n<p><a href=\"https://www.bombayengg.net/contact/\">Contact us today</a> to select the right motor cooling system for your project.</p>\r\n┬á\r\n\r\n<p style=\"font-style: italic;\"><span style=\"font-size:10px;\">By: Manish Chandrani; +919825014977</span></p>\r\n</div>\r\n','Motor Cooling Methods (IC Codes) Explained','motor-cooling-methods-ic-codes-explained-1',NULL,NULL,'A clear guide to IEC motor cooling methods (IC codes) like IC411, IC416, IC418, IC511, and IC611. Explains how each cooling type works, where itΓÇÖs applied, and why the right choice is critical for efficiency, VFD use, and motor life. Supported by CG Pow','2025-09-03 00:00:00',1),(9,'heating.png',NULL,'<div class=\"container\">\r\n<p>Electric motors are the backbone of industrial and residential applications. However, they can fail prematurely if not properly selected, installed, or maintained. Understanding common causes of motor failure and implementing preventive measures ensures reliability, efficiency, and long service life.</p>\r\n┬á\r\n\r\n<p><strong><span style=\"color:#3498db;\">1. Overheating</span></strong></p>\r\n┬á\r\n\r\n<p>Excessive heat is responsible for nearly 50% of motor failures. Causes include overloading, poor ventilation, high ambient temperature, and frequent starts/stops.</p>\r\n\r\n<ul>\r\n	<li><strong>Prevention:</strong> Maintain clean ventilation paths, use motors with correct duty cycle (S1, S2), add external cooling if required, and avoid overloading.</li>\r\n</ul>\r\n┬á\r\n\r\n<p><strong><span style=\"color:#3498db;\">2. Bearing Failures</span></strong></p>\r\n┬á\r\n\r\n<p>Bearings carry the motorΓÇÖs rotating load and are prone to wear from misalignment, poor lubrication, vibration, or stray currents.</p>\r\n\r\n<ul>\r\n	<li><strong>Prevention:</strong> Use correct alignment during installation, follow lubrication schedules, monitor vibration, and consider insulated bearings in VFD applications.</li>\r\n</ul>\r\n┬á\r\n\r\n<p><strong><span style=\"color:#3498db;\">3. Electrical Insulation Breakdown</span></strong></p>\r\n┬á\r\n\r\n<p>Voltage spikes, harmonics, moisture, and thermal stress can weaken winding insulation, leading to short circuits or ground faults.</p>\r\n\r\n<ul>\r\n	<li><strong>Prevention:</strong> Install surge protection, use VFDs with filters, maintain insulation resistance through periodic testing, and choose motors with Class F/H insulation where needed.</li>\r\n</ul>\r\n┬á\r\n\r\n<p><strong><span style=\"color:#3498db;\">4. Shaft Misalignment</span></strong></p>\r\n┬á\r\n\r\n<p>Poor coupling alignment leads to vibration, bearing wear, and premature shaft damage.</p>\r\n\r\n<ul>\r\n	<li><strong>Prevention:</strong> Align shafts with laser alignment tools, check foundation rigidity, and perform routine alignment checks after maintenance.</li>\r\n</ul>\r\n┬á\r\n\r\n<p><strong><span style=\"color:#3498db;\">5. Contamination (Dust, Moisture, Chemicals)</span></strong></p>\r\n┬á\r\n\r\n<p>Ingress of dust, moisture, or corrosive agents can damage windings, bearings, and cooling systems.</p>\r\n\r\n<ul>\r\n	<li><strong>Prevention:</strong> Use correct IP-rated motors (IP55, IP66), ensure seals are intact, and install motors in clean, ventilated areas or with protective enclosures.</li>\r\n</ul>\r\n┬á\r\n\r\n<p><strong><span style=\"color:#3498db;\">6. Improper Voltage & Supply Issues</span></strong></p>\r\n┬á\r\n\r\n<p>Undervoltage, overvoltage, unbalance, or single-phasing leads to overheating and winding damage.</p>\r\n\r\n<ul>\r\n	<li><strong>Prevention:</strong> Monitor supply with protection relays, ensure balanced loads, and use motors designed for wide voltage bands (like CG Power motors rated 180ΓÇô260V).</li>\r\n</ul>\r\n┬á\r\n\r\n<p><strong><span style=\"color:#3498db;\">7. Frequent Starts and Stops</span></strong></p>\r\n┬á\r\n\r\n<p>Repeated cycling causes thermal stress, excess current draw, and mechanical wear.</p>\r\n\r\n<ul>\r\n	<li><strong>Prevention:</strong> Use motors with suitable duty rating, employ soft starters or VFDs, and avoid unnecessary frequent starts.</li>\r\n</ul>\r\n┬á\r\n\r\n<p><strong><span style=\"color:#3498db;\">Final Thoughts</span></strong></p>\r\n┬á\r\n\r\n<p>Motor failures are preventable with correct selection, installation, and preventive maintenance practices. By using high-quality CG Power motors and following best practices, industries can reduce downtime and extend motor lifespan. Bombay Engineering Syndicate supports customers with technical expertise, genuine motors, and after-sales guidance.</p>\r\n┬á\r\n\r\n<p><a href=\"https://www.bombayengg.net/contact/\">Contact us today</a> for motor maintenance advice and reliable CG Power motor solutions.</p>\r\n┬á\r\n\r\n<p style=\"font-style: italic;\"><span style=\"font-size:10px;\">By: Manish Chandrani; +919825014977</span></p>\r\n</div>\r\n','Common Motor Failures and How to Prevent Them','common-motor-failures-and-how-to-prevent-them',NULL,NULL,'A guide to the most common motor failuresΓÇöoverheating, bearing issues, insulation breakdown, misalignment, contamination, voltage problems, and frequent startsΓÇöand how to prevent them. Highlights best practices, IP protection, and CG Power motor relia','2025-09-04 00:00:00',1),(10,'centrifugal-pump.png',NULL,'<div class=\"container\">\r\n<p>Selecting the right motor for a pump is crucial to ensure reliable performance, energy efficiency, and long service life. CG Power motors, available through Bombay Engineering Syndicate, are engineered to meet a wide range of pump application requirementsΓÇöfrom residential water pumps to heavy-duty industrial pumping systems.</p>\r\n┬á\r\n\r\n<p><strong><span style=\"color:#3498db;\">1. Factors to Consider When Selecting a Motor</span></strong></p>\r\n┬á\r\n\r\n<ul>\r\n	<li><strong>Pump Type:</strong> Centrifugal, positive displacement, submersible, or booster pumps each have unique motor requirements.</li>\r\n	<li><strong>Power Rating (kW/HP):</strong> The motor must match the hydraulic load of the pump for efficient operation.</li>\r\n	<li><strong>Speed (RPM):</strong> Commonly 1500 or 3000 RPM for 50 Hz motors, depending on the pump curve and application.</li>\r\n	<li><strong>Duty Cycle:</strong> Continuous operation (S1) for process pumps or intermittent duty for domestic pumps.</li>\r\n	<li><strong>Voltage Range:</strong> Motors designed for wide voltage bands (e.g., 180ΓÇô260V) handle fluctuations better in Indian conditions.</li>\r\n</ul>\r\n┬á\r\n\r\n<p><strong><span style=\"color:#3498db;\">2. Motor Features Critical for Pump Applications</span></strong></p>\r\n┬á\r\n\r\n<ul>\r\n	<li><strong>High Starting Torque:</strong> Ensures smooth starting of pumps, especially under load.</li>\r\n	<li><strong>Thermal Protection:</strong> Prevents damage due to overcurrent or overheating.</li>\r\n	<li><strong>IP Rating:</strong> For water pumps, IP55 or IP66 enclosures protect against dust and water ingress.</li>\r\n	<li><strong>Insulation Class:</strong> Class F or H insulation provides safety under thermal stress.</li>\r\n	<li><strong>Energy Efficiency:</strong> IE2/IE3 motors help reduce power bills in continuous-duty pumps.</li>\r\n</ul>\r\n┬á\r\n\r\n<p><strong><span style=\"color:#3498db;\">3. Matching Motor to Pump Types</span></strong></p>\r\n┬á\r\n\r\n<table border=\"1\" cellpadding=\"8\" cellspacing=\"0\" style=\"border-collapse: collapse; width: 100%;\">\r\n	<thead style=\"background-color: #f0f0f0;\">\r\n		<tr>\r\n			<th>Pump Type</th>\r\n			<th>Recommended Motor</th>\r\n			<th>Key Features</th>\r\n		</tr>\r\n	</thead>\r\n	<tbody>\r\n		<tr>\r\n			<td>Centrifugal Pump</td>\r\n			<td>Standard IE2/IE3 induction motor</td>\r\n			<td>High efficiency, continuous duty, TEFC cooling</td>\r\n		</tr>\r\n		<tr>\r\n			<td>Booster Pump</td>\r\n			<td>High starting torque motor</td>\r\n			<td>Handles variable load, reliable under pressure</td>\r\n		</tr>\r\n		<tr>\r\n			<td>Submersible Pump</td>\r\n			<td>Water-filled submersible motor</td>\r\n			<td>Moisture protection, hermetically sealed</td>\r\n		</tr>\r\n		<tr>\r\n			<td>Positive Displacement Pump</td>\r\n			<td>Flameproof or heavy-duty IE3 motor</td>\r\n			<td>Suitable for hazardous or high-load applications</td>\r\n		</tr>\r\n	</tbody>\r\n</table>\r\n┬á\r\n\r\n<p><strong><span style=\"color:#3498db;\">4. Why Choose CG Power Motors?</span></strong></p>\r\n┬á\r\n\r\n<ul>\r\n	<li>Wide range of IE2 and IE3 motors for pump duty</li>\r\n	<li>Available in both flameproof and non-flameproof designs</li>\r\n	<li>Designed for Indian voltage and environmental conditions</li>\r\n	<li>Reliable after-sales support via Bombay Engineering Syndicate</li>\r\n</ul>\r\n┬á\r\n\r\n<p><strong><span style=\"color:#3498db;\">Final Thoughts</span></strong></p>\r\n┬á\r\n\r\n<p>Matching the correct motor to the pump type is essential for reliable operation and energy efficiency. CG Power motors, distributed by Bombay Engineering Syndicate, are optimized for diverse pumping applications and provide robust performance with technical support at every step.</p>\r\n┬á\r\n\r\n<p><a href=\"https://www.bombayengg.net/contact/\">Contact us today</a> to find the right motor for your pumping application.</p>\r\n┬á\r\n\r\n<p style=\"font-style: italic;\"><span style=\"font-size:10px;\">By: Manish Chandrani; +919825014977</span></p>\r\n</div>\r\n','Choosing the Right Motor for Pump Applications','choosing-the-right-motor-for-pump-applications-1',NULL,NULL,'A guide to selecting the right motor for different pump typesΓÇöcentrifugal, booster, submersible, and positive displacement. Explains factors like power, duty cycle, IP rating, and efficiency. Highlights how CG Power motors, available from Bombay Enginee','2025-09-16 00:00:00',1),(11,'motor-bearings.png',NULL,'<div class=\"container\">\r\n<p>Bearings are critical components in electric motors, supporting the rotating shaft and enabling smooth motion. They directly influence motor performance, noise, efficiency, and service life. Understanding different bearing types and proper maintenance helps prevent costly failures and downtime.</p>\r\n┬á\r\n\r\n<p><strong><span style=\"color:#3498db;\">1. Common Bearing Types Used in Motors</span></strong></p>\r\n┬á\r\n\r\n<ul>\r\n	<li><strong>Deep Groove Ball Bearings:</strong> The most widely used bearing type. Suitable for radial and moderate axial loads. Common in small to medium motors.</li>\r\n	<li><strong>Roller Bearings:</strong> Used in larger motors where heavy radial loads are present. They provide higher load capacity but less axial load support.</li>\r\n	<li><strong>Angular Contact Bearings:</strong> Designed to handle combined radial and axial loads. Often used in motors with high thrust requirements (e.g., vertical pumps).</li>\r\n	<li><strong>Sleeve Bearings:</strong> Provide excellent performance in large, slow-speed motors. Known for long life and vibration damping, but require proper lubrication systems.</li>\r\n</ul>\r\n┬á\r\n\r\n<p><strong><span style=\"color:#3498db;\">2. Bearing Selection Factors</span></strong></p>\r\n┬á\r\n\r\n<ul>\r\n	<li><strong>Load Type:</strong> Radial vs. axial vs. combined load requirements.</li>\r\n	<li><strong>Motor Size & Speed:</strong> High-speed motors often require precision ball bearings; large motors may need roller or sleeve bearings.</li>\r\n	<li><strong>Application:</strong> Pumps, compressors, and fans each have unique bearing demands.</li>\r\n	<li><strong>VFD Applications:</strong> Bearings may need insulation or hybrid ceramic designs to prevent stray current damage.</li>\r\n</ul>\r\n┬á\r\n\r\n<p><strong><span style=\"color:#3498db;\">3. Common Bearing Failures</span></strong></p>\r\n┬á\r\n\r\n<ul>\r\n	<li><strong>Lubrication Failure:</strong> Insufficient or contaminated grease leads to overheating and wear.</li>\r\n	<li><strong>Misalignment:</strong> Shaft misalignment causes uneven loading and early failure.</li>\r\n	<li><strong>Electrical Damage:</strong> Stray currents from VFDs can cause pitting in races (fluting).</li>\r\n	<li><strong>Contamination:</strong> Dust, moisture, or chemicals reduce bearing life significantly.</li>\r\n</ul>\r\n┬á\r\n\r\n<p><strong><span style=\"color:#3498db;\">4. Maintenance Best Practices</span></strong></p>\r\n┬á\r\n\r\n<ul>\r\n	<li>Follow lubrication schedules using correct grade of grease or oil.</li>\r\n	<li>Ensure alignment checks during installation and servicing.</li>\r\n	<li>Use insulated or hybrid bearings for VFD-driven motors.</li>\r\n	<li>Store bearings in dry, clean environments to avoid contamination before installation.</li>\r\n	<li>Regularly monitor temperature and vibration to predict bearing health.</li>\r\n</ul>\r\n┬á\r\n\r\n<p><strong><span style=\"color:#3498db;\">CG Power Bearing Practices</span></strong></p>\r\n┬á\r\n\r\n<p>CG Power motors are designed with high-quality bearings from reputed manufacturers (SKF, FAG, NTN) and optimized for Indian operating conditions. Options for insulated bearings, sleeve bearings, and customized bearing solutions are available for demanding applications.</p>\r\n┬á\r\n\r\n<p><strong><span style=\"color:#3498db;\">Final Thoughts</span></strong></p>\r\n┬á\r\n\r\n<p>Bearings are vital to motor reliability. By choosing the right type and practicing proper maintenance, industries can extend motor life and reduce unplanned downtime. Bombay Engineering Syndicate ensures that every CG Power motor supplied is equipped with suitable bearings for its intended application and provides guidance on their upkeep.</p>\r\n┬á\r\n\r\n<p><a href=\"https://www.bombayengg.net/contact/\">Contact us today</a> for expert advice on motor bearing selection and maintenance.</p>\r\n┬á\r\n\r\n<p style=\"font-style: italic;\"><span style=\"font-size:10px;\">By: Manish Chandrani; +919825014977</span></p>\r\n</div>\r\n','Bearing Types in Electric Motors ΓÇô Selection & Maintenance','bearing-types-in-electric-motors-selection-maintenance-1',NULL,NULL,'An in-depth guide to bearings in electric motorsΓÇöcovering ball, roller, angular contact, and sleeve types, along with selection factors, common failures, and maintenance tips. Highlights how CG Power motors use premium bearings, with support from Bombay','2025-09-16 00:00:00',1),(12,'ie4.jpg',NULL,'<div class=\"container\">\r\n<p>Energy efficiency has become a key priority across industries. With electricity costs rising and sustainability goals tightening, upgrading from IE1 or IE2 motors to IE3 or IE4 can result in substantial long-term savings. CG Power offers a full range of high-efficiency motors designed to deliver superior performance while reducing operational costs.</p>\r\n┬á\r\n\r\n<p><strong><span style=\"color:#3498db;\">1. What Are IE Efficiency Classes?</span></strong></p>\r\n┬á\r\n\r\n<p>The International Electrotechnical Commission (IEC 60034-30) defines efficiency standards for motors. These are classified as:</p>\r\n\r\n<ul>\r\n	<li><strong>IE1:</strong> Standard Efficiency</li>\r\n	<li><strong>IE2:</strong> High Efficiency</li>\r\n	<li><strong>IE3:</strong> Premium Efficiency</li>\r\n	<li><strong>IE4:</strong> Super Premium Efficiency</li>\r\n</ul>\r\n┬á\r\n\r\n<p><strong><span style=\"color:#3498db;\">2. Efficiency Comparison</span></strong></p>\r\n┬á\r\n\r\n<table border=\"1\" cellpadding=\"8\" cellspacing=\"0\" style=\"border-collapse: collapse; width: 100%;\">\r\n	<thead style=\"background-color: #f0f0f0;\">\r\n		<tr>\r\n			<th>Motor Power</th>\r\n			<th>IE1 Efficiency</th>\r\n			<th>IE2 Efficiency</th>\r\n			<th>IE3 Efficiency</th>\r\n			<th>IE4 Efficiency</th>\r\n		</tr>\r\n	</thead>\r\n	<tbody>\r\n		<tr>\r\n			<td>1.5 kW</td>\r\n			<td>77.0%</td>\r\n			<td>81.5%</td>\r\n			<td>84.1%</td>\r\n			<td>86.5%</td>\r\n		</tr>\r\n		<tr>\r\n			<td>7.5 kW</td>\r\n			<td>87.0%</td>\r\n			<td>88.5%</td>\r\n			<td>90.4%</td>\r\n			<td>92.0%</td>\r\n		</tr>\r\n		<tr>\r\n			<td>15 kW</td>\r\n			<td>88.0%</td>\r\n			<td>90.0%</td>\r\n			<td>91.8%</td>\r\n			<td>93.0%</td>\r\n		</tr>\r\n		<tr>\r\n			<td>37 kW</td>\r\n			<td>91.0%</td>\r\n			<td>92.3%</td>\r\n			<td>93.6%</td>\r\n			<td>94.4%</td>\r\n		</tr>\r\n	</tbody>\r\n</table>\r\n┬á\r\n\r\n<p><strong><span style=\"color:#3498db;\">3. Why Upgrade to IE3 or IE4?</span></strong></p>\r\n┬á\r\n\r\n<ul>\r\n	<li><strong>Reduced Power Consumption:</strong> Higher efficiency means less electrical loss and lower running costs.</li>\r\n	<li><strong>Lower Heat Generation:</strong> Enhances insulation life and motor reliability.</li>\r\n	<li><strong>Reduced Carbon Footprint:</strong> Each upgrade contributes to sustainability targets and regulatory compliance.</li>\r\n	<li><strong>Faster Payback:</strong> Despite higher upfront cost, savings on energy bills recover the investment quickly.</li>\r\n</ul>\r\n┬á\r\n\r\n<p><strong><span style=\"color:#3498db;\">4. Typical Energy Savings Example</span></strong></p>\r\n┬á\r\n\r\n<p>Replacing a 15 kW IE1 motor with an IE3 motor operating 6000 hours per year can save approximately 6,000ΓÇô7,000 kWh annually. At Γé╣8 per kWh, this translates to Γé╣48,000ΓÇôΓé╣56,000 savings per motor per year.</p>\r\n┬á\r\n\r\n<p><strong><span style=\"color:#3498db;\">5. CG Power IE3/IE4 Motor Range</span></strong></p>\r\n┬á\r\n\r\n<ul>\r\n	<li>Frame sizes from 80 to 355L in aluminum or cast iron</li>\r\n	<li>Voltage: 415V ┬▒10%, Frequency: 50 Hz ┬▒5%</li>\r\n	<li>Efficiency: Meets or exceeds IS 12615 and IEC 60034-30-1 standards</li>\r\n	<li>Available in flameproof (Ex d) and non-flameproof versions</li>\r\n</ul>\r\n┬á\r\n\r\n<p><strong><span style=\"color:#3498db;\">Final Thoughts</span></strong></p>\r\n┬á\r\n\r\n<p>Upgrading to IE3 or IE4 motors is one of the simplest and most effective ways to reduce operating costs while contributing to energy conservation. With CG PowerΓÇÖs premium efficiency motors, supplied by Bombay Engineering Syndicate, customers gain reliable performance, faster payback, and long-term energy savings.</p>\r\n┬á\r\n\r\n<p><a href=\"https://www.bombayengg.net/contact/\">Contact us today</a> to learn how upgrading to IE3/IE4 motors can lower your energy bills and improve efficiency.</p>\r\n┬á\r\n\r\n<p style=\"font-style: italic;\"><span style=\"font-size:10px;\">By: Manish Chandrani; +919825014977</span></p>\r\n</div>\r\n','Energy Savings by Upgrading to IE3/IE4 Motors','energy-savings-by-upgrading-to-ie3ie4-motors',NULL,NULL,'Explains how upgrading from IE1/IE2 to IE3/IE4 motors reduces energy consumption and operating costs. Includes efficiency comparison, savings example, and CG PowerΓÇÖs range of high-efficiency motors available through Bombay Engineering Syndicate.','2025-11-27 00:00:00',1),(13,'insulation.jpg',NULL,'<div class=\"container\">\r\n<p>The insulation system inside an electric motor protects the windings from heat, moisture, chemical exposure, and electrical stress. Understanding insulation classesΓÇöClass B, Class F, and Class HΓÇöis essential for selecting the right motor for your operating environment and ensuring long service life. CG Power motors follow strict insulation standards to deliver high reliability in Indian conditions.</p>\r\n┬á\r\n\r\n<p><strong><span style=\"color:#3498db;\">1. What Are Insulation Classes?</span></strong></p>\r\n┬á\r\n\r\n<p>Insulation classes define the maximum temperature a motor winding can safely withstand. The temperature limit includes:</p>\r\n\r\n<ul>\r\n	<li>Ambient Temperature</li>\r\n	<li>Temperature Rise (due to load)</li>\r\n	<li>Hot Spot Allowance</li>\r\n</ul>\r\n\r\n<p>The sum of these must not exceed the insulation class limit.</p>\r\n┬á\r\n\r\n<p><strong><span style=\"color:#3498db;\">2. Insulation Class Temperature Limits</span></strong></p>\r\n┬á\r\n\r\n<table border=\"1\" cellpadding=\"8\" cellspacing=\"0\" style=\"border-collapse: collapse; width: 100%;\">\r\n	<thead style=\"background-color: #f0f0f0;\">\r\n		<tr>\r\n			<th>Insulation Class</th>\r\n			<th>Max Operating Temperature</th>\r\n			<th>Typical Applications</th>\r\n		</tr>\r\n	</thead>\r\n	<tbody>\r\n		<tr>\r\n			<td>Class B</td>\r\n			<td>130┬░C</td>\r\n			<td>Standard loads, indoor applications</td>\r\n		</tr>\r\n		<tr>\r\n			<td>Class F</td>\r\n			<td>155┬░C</td>\r\n			<td>Industrial pumps, compressors, conveyors</td>\r\n		</tr>\r\n		<tr>\r\n			<td>Class H</td>\r\n			<td>180┬░C</td>\r\n			<td>High-temperature, hazardous, or VFD environments</td>\r\n		</tr>\r\n	</tbody>\r\n</table>\r\n┬á\r\n\r\n<p><strong><span style=\"color:#3498db;\">3. Why Insulation Class Matters</span></strong></p>\r\n┬á\r\n\r\n<ul>\r\n	<li><strong>Temperature Handling:</strong> Higher classes tolerate higher heat, improving motor lifespan.</li>\r\n	<li><strong>Duty Conditions:</strong> Motors in continuous duty (S1) or variable load duty benefit from Class F or H insulation.</li>\r\n	<li><strong>VFD Operation:</strong> Harmonics generate additional heatΓÇöClass F or H insulation recommended.</li>\r\n	<li><strong>Environment:</strong> Hot, humid, or dusty environments require robust insulation.</li>\r\n</ul>\r\n┬á\r\n\r\n<p><strong><span style=\"color:#3498db;\">4. CG Power Insulation Systems</span></strong></p>\r\n┬á\r\n\r\n<ul>\r\n	<li>CG uses Class F insulation as standard on most IE2/IE3 motors.</li>\r\n	<li>Class H insulation available for flameproof motors and demanding applications.</li>\r\n	<li>Vacuum Pressure Impregnation (VPI) enhances winding durability.</li>\r\n	<li>High-grade enamel and slot wedges improve thermal resistance.</li>\r\n</ul>\r\n┬á\r\n\r\n<p><strong><span style=\"color:#3498db;\">5. Choosing the Right Insulation Class</span></strong></p>\r\n┬á\r\n\r\n<ul>\r\n	<li><strong>Class B:</strong> Light-duty, low ambient temperatures.</li>\r\n	<li><strong>Class F:</strong> Most industrial applications; ideal for pumps, blowers, general machinery.</li>\r\n	<li><strong>Class H:</strong> High ambient heat, VFD-driven motors, hazardous areas.</li>\r\n</ul>\r\n┬á\r\n\r\n<p><strong><span style=\"color:#3498db;\">Final Thoughts</span></strong></p>\r\n┬á\r\n\r\n<p>Choosing the correct insulation class is critical for motor longevity and performance. CG Power motors use high-quality insulation systems that meet global standards, ensuring durability even in tough Indian environments. Bombay Engineering Syndicate helps customers select the right insulation class based on application, duty cycle, and ambient conditions.</p>\r\n┬á\r\n\r\n<p><a href=\"https://www.bombayengg.net/contact/\">Contact us today</a> for expert guidance on insulation class selection and CG Power motor specifications.</p>\r\n┬á\r\n\r\n<p style=\"font-style: italic;\"><span style=\"font-size:10px;\">By: Manish Chandrani; +919825014977</span></p>\r\n</div>\r\n','Insulation Classes (B, F, H) in Motors Explained','insulation-classes-b-f-h-in-motors-explained',NULL,NULL,'A clear guide to insulation classes B, F, and H in electric motorsΓÇöexplaining temperature limits, applications, and why higher insulation classes improve motor life, especially in industrial, VFD, and high-temperature environments. Shows how CG Power an','2025-11-27 00:00:00',1),(14,'motor-duty.jpg',NULL,'<div class=\"container\">\r\n<p>Electric motors are designed to operate under specific duty conditions. These operating patterns are classified by IEC 60034-1 into nine standardized duty cycles, known as S1 to S9. Understanding these duty types is essential for selecting the correct motor for your application, avoiding overheating, and ensuring long-term reliability.</p>\r\n┬á\r\n\r\n<p><strong><span style=\"color:#3498db;\">1. What Are Duty Cycles?</span></strong></p>\r\n┬á\r\n\r\n<p>Duty cycles describe how long a motor runs, rests, and handles load variations. Each cycle affects motor heating, cooling, and insulation stress. Selecting the wrong duty cycle can lead to premature motor failure.</p>\r\n┬á\r\n\r\n<p><strong><span style=\"color:#3498db;\">2. Overview of IEC Duty Cycles (S1ΓÇôS9)</span></strong></p>\r\n┬á\r\n\r\n<table border=\"1\" cellpadding=\"8\" cellspacing=\"0\" style=\"border-collapse: collapse; width: 100%;\">\r\n	<thead style=\"background-color: #f0f0f0;\">\r\n		<tr>\r\n			<th>Duty Type</th>\r\n			<th>Description</th>\r\n			<th>Applications</th>\r\n		</tr>\r\n	</thead>\r\n	<tbody>\r\n		<tr>\r\n			<td><strong>S1 ΓÇô Continuous Duty</strong></td>\r\n			<td>Motor runs at constant load until thermal equilibrium is reached.</td>\r\n			<td>Pumps, fans, blowers, compressors</td>\r\n		</tr>\r\n		<tr>\r\n			<td><strong>S2 ΓÇô Short-Time Duty</strong></td>\r\n			<td>Motor runs for a fixed period, then stops long enough to cool.</td>\r\n			<td>Valve actuators, door openers</td>\r\n		</tr>\r\n		<tr>\r\n			<td><strong>S3 ΓÇô Intermittent Duty (Periodic)</strong></td>\r\n			<td>Sequence of identical cycles with off periods; no significant thermal rise.</td>\r\n			<td>Machine tools, indexing systems</td>\r\n		</tr>\r\n		<tr>\r\n			<td><strong>S4 ΓÇô Intermittent Duty with Starting</strong></td>\r\n			<td>Includes starting currents within each operating cycle.</td>\r\n			<td>Hoists, cranes</td>\r\n		</tr>\r\n		<tr>\r\n			<td><strong>S5 ΓÇô Intermittent Duty with Electric Braking</strong></td>\r\n			<td>Like S4 but includes electrical braking during cycles.</td>\r\n			<td>Presses, automated handling</td>\r\n		</tr>\r\n		<tr>\r\n			<td><strong>S6 ΓÇô Continuous Duty with Intermittent Load</strong></td>\r\n			<td>Motor runs continuously but load varies between operating and resting levels.</td>\r\n			<td>Compressors, mixers</td>\r\n		</tr>\r\n		<tr>\r\n			<td><strong>S7 ΓÇô Continuous Duty with Starting & Braking</strong></td>\r\n			<td>Frequent starting and braking without rest.</td>\r\n			<td>High-speed lifts, rolling mills</td>\r\n		</tr>\r\n		<tr>\r\n			<td><strong>S8 ΓÇô Continuous Duty with Load & Speed Variations</strong></td>\r\n			<td>Motor operates at various speeds and loads (typically VFD controlled).</td>\r\n			<td>Extruders, multi-speed machinery</td>\r\n		</tr>\r\n		<tr>\r\n			<td><strong>S9 ΓÇô Non-Periodic Duty</strong></td>\r\n			<td>Extremely variable load with high overload capability.</td>\r\n			<td>Steel plants, crushers, heavy dynamic loads</td>\r\n		</tr>\r\n	</tbody>\r\n</table>\r\n┬á\r\n\r\n<p><strong><span style=\"color:#3498db;\">3. Why Choosing the Right Duty Cycle Matters</span></strong></p>\r\n┬á\r\n\r\n<ul>\r\n	<li>Prevents overheating and insulation breakdown</li>\r\n	<li>Improves motor lifespan and reduces maintenance costs</li>\r\n	<li>Ensures correct sizing for real operational demands</li>\r\n	<li>Helps avoid unexpected shutdowns or overload trips</li>\r\n</ul>\r\n┬á\r\n\r\n<p><strong><span style=\"color:#3498db;\">4. CG Power Motor Duty Capabilities</span></strong></p>\r\n┬á\r\n\r\n<ul>\r\n	<li>Most CG Power motors are designed for S1 continuous duty as standard</li>\r\n	<li>Special-duty motors available for S2ΓÇôS9 applications</li>\r\n	<li>Flameproof and inverter-duty motors suitable for variable cycles (S8, S9)</li>\r\n	<li>Reinforced insulation and cooling options (IC416, IC418) for higher duty cycles</li>\r\n</ul>\r\n┬á\r\n\r\n<p><strong><span style=\"color:#3498db;\">Final Thoughts</span></strong></p>\r\n┬á\r\n\r\n<p>Duty cycles play a major role in motor selection. By correctly matching the duty type to the application, you can ensure optimal performance and long service life. CG Power motors, supplied by Bombay Engineering Syndicate, are engineered to handle a wide range of duty conditions with reliability and efficiency.</p>\r\n┬á\r\n\r\n<p><a href=\"https://www.bombayengg.net/contact/\">Contact us today</a> for expert guidance on selecting motors based on duty cycles.</p>\r\n┬á\r\n\r\n<p style=\"font-style: italic;\"><span style=\"font-size:10px;\">By: Manish Chandrani; +919825014977</span></p>\r\n</div>\r\n','Understanding Motor Duty Cycles (S1ΓÇôS9)','understanding-motor-duty-cycles-s1-s9',NULL,NULL,'A clear guide to IEC motor duty cycles S1ΓÇôS9, explaining how motors operate under different load and time conditions. Helps engineers choose the correct motor based on application demandsΓÇöpreventing overheating, reducing downtime, and ensuring long-te','2025-11-27 00:00:00',1),(15,'syncro.jpg',NULL,'<div class=\"container\">\r\n<p>Electric motors in industry are broadly classified into two main types: induction motors and synchronous motors. While induction motors dominate most industrial applications, synchronous motors play a crucial role in precision and high-efficiency systems. Understanding the differences helps engineers select the right motor for performance, reliability, and energy usage.</p>\r\n┬á\r\n\r\n<p><strong><span style=\"color:#3498db;\">1. Working Principle</span></strong></p>\r\n┬á\r\n\r\n<ul>\r\n	<li><strong>Induction Motor:</strong> The rotor rotates at a speed slightly less than synchronous speed due to slip. Current is induced in the rotor via electromagnetic induction.</li>\r\n	<li><strong>Synchronous Motor:</strong> Rotor rotates exactly at synchronous speed. Requires external excitation (DC supply or permanent magnets) to lock into synchronism.</li>\r\n</ul>\r\n┬á\r\n\r\n<p><strong><span style=\"color:#3498db;\">2. Speed Characteristics</span></strong></p>\r\n┬á\r\n\r\n<ul>\r\n	<li><strong>Induction Motor:</strong> Speed varies with load due to slip; ideal for applications where small speed fluctuations are acceptable.</li>\r\n	<li><strong>Synchronous Motor:</strong> Constant speed regardless of load; perfect for precision or timing-critical applications.</li>\r\n</ul>\r\n┬á\r\n\r\n<p><strong><span style=\"color:#3498db;\">3. Efficiency & Power Factor</span></strong></p>\r\n┬á\r\n\r\n<ul>\r\n	<li><strong>Induction Motor:</strong> Good efficiency but lower power factor at partial loads.</li>\r\n	<li><strong>Synchronous Motor:</strong> Very high efficiency; power factor can be controlled (leading, lagging, or unity).</li>\r\n</ul>\r\n┬á\r\n\r\n<p><strong><span style=\"color:#3498db;\">4. Construction Differences</span></strong></p>\r\n┬á\r\n\r\n<ul>\r\n	<li><strong>Induction Motor:</strong> Simple, rugged construction. No slip rings in squirrel-cage designs.</li>\r\n	<li><strong>Synchronous Motor:</strong> Contains slip rings (in wound rotor types) or permanent magnets. More complex but offers better performance stability.</li>\r\n</ul>\r\n┬á\r\n\r\n<p><strong><span style=\"color:#3498db;\">5. Applications</span></strong></p>\r\n┬á\r\n\r\n<ul>\r\n	<li><strong>Induction Motors:</strong> Pumps, fans, compressors, blowers, conveyorsΓÇögeneral industry use.</li>\r\n	<li><strong>Synchronous Motors:</strong> Power plants, steel mills, cement plants, precision machines, large compressors, and applications requiring constant speed.</li>\r\n</ul>\r\n┬á\r\n\r\n<p><strong><span style=\"color:#3498db;\">6. Cost & Maintenance</span></strong></p>\r\n┬á\r\n\r\n<ul>\r\n	<li><strong>Induction Motor:</strong> Lower cost, minimal maintenance, highly reliable.</li>\r\n	<li><strong>Synchronous Motor:</strong> Higher cost, requires excitation system, more complex maintenance.</li>\r\n</ul>\r\n┬á\r\n\r\n<p><strong><span style=\"color:#3498db;\">7. Which One Should You Choose?</span></strong></p>\r\n┬á\r\n\r\n<ul>\r\n	<li><strong>Choose Induction Motor:</strong> For general-purpose, cost-effective, rugged applications.</li>\r\n	<li><strong>Choose Synchronous Motor:</strong> When constant speed, high efficiency, or power factor correction is required.</li>\r\n</ul>\r\n┬á\r\n\r\n<p><strong><span style=\"color:#3498db;\">CG Power Solutions</span></strong></p>\r\n┬á\r\n\r\n<p>CG Power offers both induction and synchronous motors with high efficiency, rugged construction, and a wide range of configurations. Bombay Engineering Syndicate provides end-to-end support for selection, sizing, and installation based on your application.</p>\r\n┬á\r\n\r\n<p><strong><span style=\"color:#3498db;\">Final Thoughts</span></strong></p>\r\n┬á\r\n\r\n<p>Both motor types have important roles in industry. While induction motors are the workhorses of most applications, synchronous motors deliver exceptional efficiency and constant-speed performance. Selecting the right type ensures reliability, energy savings, and long-term operational stability.</p>\r\n┬á\r\n\r\n<p><a href=\"https://www.bombayengg.net/contact/\">Contact us today</a> for guidance on selecting the right motor technology.</p>\r\n┬á\r\n\r\n<p style=\"font-style: italic;\"><span style=\"font-size:10px;\">By: Manish Chandrani; +919825014977</span></p>\r\n</div>\r\n','Synchronous vs Induction Motors: Key Differences Explained','synchronous-vs-induction-motors-key-differences-explained',NULL,NULL,'A technical comparison of synchronous vs induction motorsΓÇöcovering working principles, speed, efficiency, power factor, construction, applications, and cost. Helps users understand which motor type is ideal for their requirement, supported by solutions ','2025-11-27 00:00:00',1),(16,'mount.jpg',NULL,'<div class=\"container\">\r\n<p>Electric motors are manufactured in different mounting configurations to suit a wide range of mechanical layouts. IEC 60034-7 defines the standardized mounting codes such as B3, B5, B14, V1, and others. Choosing the correct mounting type ensures proper alignment, ease of installation, and reliability in operation.</p>\r\n┬á\r\n\r\n<p><strong><span style=\"color:#3498db;\">1. Why Mounting Type Matters</span></strong></p>\r\n┬á\r\n\r\n<ul>\r\n	<li><strong>Mechanical compatibility:</strong> Ensures motor fits directly onto the machine.</li>\r\n	<li><strong>Alignment accuracy:</strong> Reduces vibration and bearing wear.</li>\r\n	<li><strong>Serviceability:</strong> Easier replacement or maintenance.</li>\r\n	<li><strong>Application-specific layouts:</strong> Vertical pumps require V-mounts; machinery uses foot or flange mounts.</li>\r\n</ul>\r\n┬á\r\n\r\n<p><strong><span style=\"color:#3498db;\">2. Common IEC Mounting Types</span></strong></p>\r\n┬á\r\n\r\n<ul>\r\n	<li><strong>B3 ΓÇô Foot Mounting:</strong> Motor sits on a base with feet. Most common industrial mounting. Used in pumps, blowers, conveyors.</li>\r\n	<li><strong>B5 ΓÇô Full-Flange Mounting:</strong> Large circular flange on the front. Used where motors couple directly to machinery or gearboxes.</li>\r\n	<li><strong>B14 ΓÇô Face Mounting:</strong> Smaller flange with threaded holes. Common in compact machinery and OEM equipment.</li>\r\n	<li><strong>B35 ΓÇô Foot + Flange Mounting:</strong> Combination of B3 and B5. Maximum mounting flexibility.</li>\r\n	<li><strong>B34 ΓÇô Foot + Face Mounting:</strong> Combination of B3 and B14.</li>\r\n	<li><strong>V1 ΓÇô Vertical, Shaft Down:</strong> Used in vertical pumps and agitators. Motor is mounted vertically with shaft facing downward.</li>\r\n	<li><strong>V3 ΓÇô Vertical, Shaft Up:</strong> Motor shaft faces upward. Used in mixers and special-purpose applications.</li>\r\n</ul>\r\n┬á\r\n\r\n<p><strong><span style=\"color:#3498db;\">3. How to Choose the Right Mounting</span></strong></p>\r\n┬á\r\n\r\n<ul>\r\n	<li><strong>Application Type:</strong> Horizontal machines ΓåÆ B3/B5; Vertical pumps ΓåÆ V1.</li>\r\n	<li><strong>Space Constraints:</strong> Compact OEM machines ΓåÆ B14/B34.</li>\r\n	<li><strong>Vibration Requirements:</strong> Vertical mounting requires stronger thrust bearings.</li>\r\n	<li><strong>Ease of Replacement:</strong> If unsure, B35/B34 provide maximum flexibility.</li>\r\n	<li><strong>Coupling Arrangement:</strong> Flange motors are preferred for direct coupling.</li>\r\n</ul>\r\n┬á\r\n\r\n<p><strong><span style=\"color:#3498db;\">4. CG Power Motor Mounting Options</span></strong></p>\r\n┬á\r\n\r\n<ul>\r\n	<li>Standard mounts: B3, B5, B14</li>\r\n	<li>Combination mounts: B35, B34</li>\r\n	<li>Vertical mounts: V1 and V3</li>\r\n	<li>Custom mounting available on request</li>\r\n	<li>Available for both flameproof and non-flameproof designs</li>\r\n</ul>\r\n┬á\r\n\r\n<p><strong><span style=\"color:#3498db;\">Final Thoughts</span></strong></p>\r\n┬á\r\n\r\n<p>Correct mounting selection ensures proper fit, alignment, and long-term performance of electric motors. CG Power offers a complete range of mounting configurations to suit every application, and Bombay Engineering Syndicate provides expert guidance to ensure seamless integration with your machinery.</p>\r\n┬á\r\n\r\n<p><a href=\"https://www.bombayengg.net/contact/\">Contact us today</a> to select the right mounting type for your motor.</p>\r\n┬á\r\n\r\n<p style=\"font-style: italic;\"><span style=\"font-size:10px;\">By: Manish Chandrani; +919825014977</span></p>\r\n</div>\r\n','Motor Mounting Types Explained (B3, B5, B14, V1, etc.)','motor-mounting-types-explained-b3-b5-b14-v1-etc',NULL,NULL,'A simple guide to motor mounting types like B3, B5, B14, B35, V1, and V3ΓÇöexplaining where each is used, how to choose the right one, and how CG Power offers all major mounting options with support from Bombay Engineering Syndicate.','2025-11-27 00:00:00',1);
/*!40000 ALTER TABLE `mx_knowledge_center` ENABLE KEYS */;
UNLOCK TABLES;

--
-- Table structure for table `mx_lead`
--

DROP TABLE IF EXISTS `mx_lead`;
/*!40101 SET @saved_cs_client     = @@character_set_client */;
/*!40101 SET character_set_client = utf8 */;
CREATE TABLE `mx_lead` (
  `leadID` int(11) NOT NULL AUTO_INCREMENT,
  `partyName` varchar(150) DEFAULT NULL,
  `partyAddr` text DEFAULT NULL,
  `leadLocation` varchar(150) DEFAULT NULL,
  `contactPerson` varchar(100) DEFAULT NULL,
  `contactNumber` varchar(20) DEFAULT NULL,
  `officeNumber` varchar(50) DEFAULT NULL,
  `remark` varchar(200) DEFAULT NULL,
  `leadDate` date DEFAULT NULL,
  `leadUser` int(11) NOT NULL DEFAULT 0,
  `referenceDocument` varchar(250) DEFAULT NULL,
  `addedByLead` int(11) NOT NULL DEFAULT 0,
  `transferByLead` int(11) NOT NULL DEFAULT 0,
  `currentLead` int(11) NOT NULL DEFAULT 0,
  `geolocation` varchar(200) DEFAULT NULL,
  `cameraUpload` varchar(200) DEFAULT NULL,
  `locationImg` varchar(200) DEFAULT NULL,
  `visitingCard` varchar(200) DEFAULT NULL,
  `status` tinyint(1) NOT NULL DEFAULT 1,
  PRIMARY KEY (`leadID`)
) ENGINE=InnoDB AUTO_INCREMENT=50 DEFAULT CHARSET=utf8mb4 COLLATE=utf8mb4_general_ci;
/*!40101 SET character_set_client = @saved_cs_client */;

--
-- Dumping data for table `mx_lead`
--

LOCK TABLES `mx_lead` WRITE;
/*!40000 ALTER TABLE `mx_lead` DISABLE KEYS */;
INSERT INTO `mx_lead` VALUES (1,'PULLMAN ENGINEERING SYSTEMS PVT LTD','Testing','ANDHERI (W)','MR. ARUN BHATIA','9820410006','022-28501240','rrr','2023-05-15',0,'snack1-3.jpeg',6,0,0,'test','slider-5.jpg','service.jpeg','chicken-tikka-inn-1-1.jpg',0),(2,'PULLMAN ENGINEERING SYSTEMS PVT LTD','ttt','ANDHERI (W)','MR. ARUN BHATIA','9960064783','Tester','tttt','2023-05-15',0,'services-2.png',6,6,6,'Ambad Link Road (M17), Ambad, Nashik - 422010, Maharashtra, India','cafe-1920x800-3-1.png','services-1.png','aim-1.png',0),(3,'D PARIKH ENGINEERING WORKS','kkk','MIRA ROAD (E)','MR. SWAPNIL SAWANT','8005200000','022-28501240','kkkk','2023-05-15',0,'object.png',5,5,5,'Ambad Link Road (M17), Ambad, Nashik - 422010, Maharashtra, India','user-img.png','services-1-1.png','services-4.png',0),(4,NULL,NULL,NULL,NULL,'8005200000',NULL,NULL,NULL,0,NULL,5,5,5,'Ambad Link Road (M17), Ambad, Nashik - 422010, Maharashtra, India',NULL,NULL,NULL,0),(5,NULL,NULL,NULL,NULL,'8005200000',NULL,NULL,'2023-05-15',0,NULL,5,5,5,'Ambad Link Road (M17), Ambad, Nashik - 422010, Maharashtra, India',NULL,NULL,NULL,0),(6,NULL,NULL,NULL,NULL,'9820410006',NULL,NULL,NULL,0,NULL,5,5,5,'Ambad Link Road (M17), Ambad, Nashik - 422010, Maharashtra, India',NULL,NULL,NULL,0),(7,NULL,NULL,NULL,NULL,'8005200000',NULL,NULL,NULL,0,NULL,5,5,5,'Ambad Link Road (M17), Ambad, Nashik - 422010, Maharashtra, India',NULL,NULL,NULL,0),(8,'PULLMAN ENGINEERING SYSTEMS PVT LTD','wwww','www','Tester','9820410006','Tester','ttt','2023-05-15',0,'snack1-4.jpeg',6,6,6,'Ambad Link Road (M17), Ambad, Nashik - 422010, Maharashtra, India',NULL,'service-1.jpeg','service.jpeg',0),(9,NULL,NULL,NULL,NULL,'80052000000',NULL,NULL,NULL,0,NULL,6,6,6,'Ambad Link Road (M17), Ambad, Nashik - 422010, Maharashtra, India',NULL,NULL,NULL,0),(10,'D PARIKH ENGINEERING WORKS','ttt','ANDHERI (W)','MR. ARUN BHATIA','9960064783','Tester','tttt','2023-05-15',0,'snack1-5.jpeg',6,0,0,'Ambad Link Road (M17), Ambad, Nashik - 422010, Maharashtra, India',NULL,'snack1-1.jpeg','snack1.jpeg',0),(11,'Tester',NULL,NULL,NULL,'8080083664',NULL,NULL,'2023-05-15',0,NULL,6,6,6,'Ambad Link Road (M17), Ambad, Nashik - 422010, Maharashtra, India',NULL,NULL,NULL,0),(12,'PULLMAN ENGINEERING SYSTEMS PVT LTD','yyy','ANDHERI (W)','MR. RAVI KUMAR MAHENDRU','9324524787','sfdsgdbd','yyyyy','2023-05-15',0,'snack1-6.jpeg',6,6,6,NULL,NULL,'newerabook-points.jpeg','snack1-1.jpeg',0),(13,'PULLMAN ENGINEERING SYSTEMS PVT LTD','hhh','Tester','Tester','8005200000','022-28501240','hhhhh','2023-05-15',0,'newerabook-points.jpeg',6,6,6,'Ambad Link Road (M17), Ambad, Nashik - 422010, Maharashtra, India',NULL,'user-img.png','service-1.jpeg',0),(14,NULL,NULL,NULL,NULL,'8005200000',NULL,NULL,NULL,0,NULL,0,0,0,'Ambad Link Road (M17), Ambad, Nashik - 422010, Maharashtra, India',NULL,NULL,NULL,0),(15,'PULLMAN ENGINEERING SYSTEMS PVT LTD','testing','ANDHERI (W)','MR. ARUN BHATIA','8080083664','022-28501240','eeeeee','2023-05-15',0,'118546-logo-instagram-free-hd-image.png',6,6,6,'Dr Gaware Road, Ambad, Nashik - 422010, Maharashtra, India',NULL,'aim.png','aim-1-1.png',0),(16,'PULLMAN ENGINEERING SYSTEMS PVT LTD','testing','Tester','MR. SWAPNIL SAWANT','9324524787','022-28501240','testing','2023-05-15',0,'newerabook-points-1.jpeg',6,6,6,'Dr Gaware Road, Ambad, Nashik - 422010, Maharashtra, India',NULL,'snack1-2.jpeg','service-2.jpeg',0),(17,'PULLMAN ENGINEERING SYSTEMS PVT LTD','Testing','ANDHERI (W)','MR. ARUN BHATIA','80052000000','022-28501240','Testing','2023-05-16',0,'snack1-7.jpeg',6,6,6,'Dr Gaware Road, Ambad, Nashik - 422010, Maharashtra, India',NULL,NULL,'snack1-2.jpeg',0),(18,'PULLMAN ENGINEERING SYSTEMS PVT LTD','Testing','ANDHERI (W)','MR. ARUN BHATIA','9960064783','022-28501240',NULL,'2023-05-16',0,'aim.png',6,6,6,'Dr Gaware Road, Ambad, Nashik - 422010, Maharashtra, India',NULL,'snack1-3.jpeg','snack1-3.jpeg',0),(19,'ssss','ssss','sss','ssss','112233445','333333333',NULL,'2023-05-15',0,'no-image.png',6,6,6,NULL,NULL,NULL,'no-image.png',0),(20,'rrr','rrr','rrr','rrr','123456789','1234567',NULL,'2023-05-15',0,'no-image-1.png',6,6,6,NULL,NULL,'no-image.png','no-image-1.png',0),(21,'sssssssss','sssssss','sssssss','sssssss','123456789','11223344',NULL,'2023-05-03',0,'no-image-4.png',6,6,6,NULL,NULL,'dummyprofileimg.png','no-image-4.png',0),(22,'sssss','sssss','sssss','sssss','1112222333','22222',NULL,'2023-05-02',0,'dummyprofileimg.png',6,6,6,NULL,'pres_20230516170849.jpeg','no-image-3.png','image4.jpg',0),(23,'Test','Test','Tesst','Test','Test','Test','Test','2023-05-16',0,'0a33bd4b05b5252a26047157040ebd7f.jpg',6,6,6,'unnamed road, Ambad, Nashik - 422010, Maharashtra, India','pres_20230516172909.jpeg','0a33bd4b05b5252a26047157040ebd7f.jpg','0a33bd4b05b5252a26047157040ebd7f.jpg',0),(24,'PULLMAN ENGINEERING SYSTEMS PVT LTD','Testing','ANDHERI (W)','MR. ARUN BHATIA','8080083664','022-28501240','dffff','2023-05-15',0,'snack1-8.jpeg',6,6,6,'Dr Gaware Road, Ambad, Nashik - 422010, Maharashtra, India',NULL,NULL,'snack1-4.jpeg',0),(25,'Nashik FLS','F-23 demo address','Nashik','Ajit dev','9827661133','972729919','Demo site detail','2023-05-18',0,'0a33bd4b05b5252a26047157040ebd7f-1.jpg',6,6,6,'unnamed road, Ambad, Nashik - 422010, Maharashtra, India','pres_20230517110401.jpeg',NULL,'cute-images-for-dp-whatsapp-hd.png',0),(26,'Test','Test','Test','Test','9827661133','Test','Test','2023-05-17',0,'0a33bd4b05b5252a26047157040ebd7f-2.jpg',6,6,6,'unnamed road, Ambad, Nashik - 422010, Maharashtra, India','pres_20230517131114.jpeg',NULL,'0a33bd4b05b5252a26047157040ebd7f-1.jpg',0),(27,'Test','Testing','Nashik','Abc','1234567890','123456',NULL,'2023-05-02',0,'no-image-5.png',6,6,6,'unnamed road, Ambad, Nashik - 422010, Maharashtra, India','pres_20230517132059.jpeg',NULL,NULL,0),(28,'testA','test address','sinnar','Sakshi','8055918335','8055918335','testing purpose','2023-05-24',0,'product-banner-2-everyuth.jpg',6,6,6,'unnamed road, Ambad, Nashik - 422010, Maharashtra, India','pres_20230517135501.jpeg',NULL,'mob-product-banner-2-everyuth-1.jpg',0),(29,'Test p','Tsbs','Sinnar','Sakshi Dattatray Panhale','08055918335','12590753','Hdhd','2023-05-18',0,'1684312101586774340532104902699.jpg',6,0,0,'unnamed road, Ambad, Nashik - 422010, Maharashtra, India','pres_20230517135842.jpeg',NULL,'newerabook-points.jpeg',0),(30,'Testxx','Ggghhh','Zzzzz','Sdsds','9999999999','99999','Testing','2023-05-17',0,'img-20221130-wa0001.jpg',6,6,6,NULL,'pres_20230517152131.jpeg',NULL,NULL,0),(31,'Testing','Ttytttt','Ddsss','Dddddd','9999999999','Khjjsssss','Hhjsjsdss','2023-05-17',0,'img-20221130-wa0001-1.jpg',6,6,6,'unnamed road, Ambad, Nashik - 422010, Maharashtra, India','pres_20230517152346.jpeg',NULL,'img-20221130-wa0001.jpg',0),(32,'lead title','demo','nsk','Daniel','9839323432','092-2922922','remark','2023-05-17',0,'synchronous-asynchronous-node-vs-php.png',6,6,6,'unnamed road, Ambad, Nashik - 422010, Maharashtra, India','pres_20230517153525.jpeg',NULL,NULL,0),(33,'deal asks','deaadas','skks','oaoaooa','2938299110','292839100912','2192309 kokand','2023-05-24',0,'e-commerce-assignment.pdf',6,6,6,'unnamed road, Ambad, Nashik - 422010, Maharashtra, India','pres_20230517155217.jpeg',NULL,NULL,0),(34,'aaaa ssa','adds ','akak','aaokak','219389211321','12312132','12askdjd','2023-05-16',0,'e-commerce-assignment-1.pdf',6,6,6,'unnamed road, Ambad, Nashik - 422010, Maharashtra, India','pres_20230517155457.jpeg',NULL,NULL,0),(35,'Tttttttgg','Hhhhhhhh','Bhhhhhh','Ghjhjhh','99999999999','99999','Dddd','2023-05-17',0,'67e0e2ed-c9d0-43c2-b600-ea96b21410d3.png',6,6,6,NULL,'pres_20230517160447.jpeg',NULL,'80b2219d-1daa-42d7-9769-52a78a01da09.png',0),(36,'Gulam Mustafa','Thane ','Thane','Paritosh','9999999999',NULL,'Client wants 10 motors','2023-05-17',0,'whatsapp-image-2023-05-16-at-11-44-03.jpg',6,6,6,'Ganesh Mandir Marg, F/N Ward, Mumbai - 400031, Maharashtra, India','pres_20230517161719.jpeg',NULL,NULL,0),(37,'CC engineering ','Thane Mumbai ','Thane','Mr Manish ','9800043210',NULL,'No enquiries right now ','2023-05-10',0,'16843219765218784746040540661870.jpg',6,6,6,'Carter\'s Blue, Forbes Street, A Ward, Mumbai - 400023, Maharashtra, India','pres_20230517164330.jpeg',NULL,NULL,0),(38,'ramesh and company','asdasd5sdase54','asdasdasdf','mahesh','9829565656565','65656565','656565','2023-05-18',0,NULL,6,6,6,NULL,'pres_20230518174100.jpeg',NULL,'whatsapp-image-2023-05-18-at-1-33-10-pm.jpeg',0),(39,'CC Engineering','Thane East, A Road','Thane','Mr Deepak','9999999999',NULL,'Met client , will give enquiry next week','2023-05-22',0,NULL,6,6,6,'Ganesh Mandir Marg, F/N Ward, Mumbai - 400031, Maharashtra, India','pres_20230522171654.jpeg',NULL,NULL,0),(40,'Leo port','Leo Port','Colaba','Manisha  bhai','982108097','022 28832067','Party','2023-05-25',0,NULL,6,6,6,'Hotel Volga, Nowroji Ferdonji Street, A Ward, Mumbai - 400032, Maharashtra, India','pres_20230525194307.jpeg',NULL,NULL,0),(41,'Motor purchase','This is for testing purpose','Nashik','Saurabh','9393949400',NULL,NULL,'2023-06-08',0,NULL,7,7,7,'Dr Gaware Road, Ambad, Nashik - 422010, Maharashtra, India','pres_20230601182047.jpeg',NULL,NULL,0),(42,'Motor purchase','Nashik','Nashik','Saurabh','9393949400',NULL,'This is for testing purpose only.','2023-06-21',0,NULL,3,3,3,'Dr Gaware Road, Ambad, Nashik - 422010, Maharashtra, India','pres_20230601182709.jpeg',NULL,NULL,0),(43,'CC Engineering','C/o Bombay Engineering Syndicate, 2nd Floor, Modern House, 17 DR VB Gandhi Marg, Kala Ghoda, Fort\r\n2nd Floor','Thane','PARITOSH DEVESH AJMERA','9867212135',NULL,NULL,'2023-06-05',0,NULL,10,10,10,NULL,'pres_20230605222206.jpeg',NULL,NULL,0),(44,'Testing','Testing','Nashik','Testing','1234567889','12988888777','Testing','2023-06-13',0,NULL,8,8,8,'unnamed road, Ambad, Nashik - 422010, Maharashtra, India','pres_20230612195740.jpeg',NULL,NULL,0),(45,'Ckckckc','Address','Mumbai','Nkomsm','1234567890',NULL,NULL,'2023-06-13',0,NULL,10,10,10,NULL,'pres_20230613081020.jpeg',NULL,NULL,0),(46,'CC Engineering','C/o Bombay Engineering Syndicate, 2nd Floor, Modern House, 17 DR VB Gandhi Marg, Kala Ghoda, Fort\r\n2nd Floor','Thane','PARITOSH DEVESH AJMERA','9867212135',NULL,NULL,'2023-06-16',0,NULL,10,10,10,'unnamed road, L Ward, Mumbai - 400070, Maharashtra, India','pres_20230616154458.jpeg',NULL,NULL,0),(47,'CC Engineering','Ahmedabad','Thane','CC Bhai','9999999999',NULL,NULL,'2023-07-03',0,NULL,10,10,10,'rozy ...noodle khaoo bhuk mitaao noodle khao, P.L. Lokhande Marg, M/W Ward, Mumbai - 400089, Maharashtra, India','pres_20230703153418.jpeg',NULL,NULL,0),(48,'Bombay ahd','F10 satyam complex','Ahd','Manish chandrani','9825014977',NULL,NULL,'2023-09-26',0,NULL,10,10,10,'lal bahadur shashtri road, Jodhpur, Ahmedabad - 380001, Gujarat, India','pres_20230926175219.jpeg',NULL,NULL,0),(49,'somnath','pathardi','nashik','Rahul','7897897897',NULL,NULL,'2024-04-23',0,NULL,0,0,0,NULL,NULL,NULL,NULL,0);
/*!40000 ALTER TABLE `mx_lead` ENABLE KEYS */;
UNLOCK TABLES;

--
-- Table structure for table `mx_lead_detail`
--

DROP TABLE IF EXISTS `mx_lead_detail`;
/*!40101 SET @saved_cs_client     = @@character_set_client */;
/*!40101 SET character_set_client = utf8 */;
CREATE TABLE `mx_lead_detail` (
  `leadDID` int(11) NOT NULL AUTO_INCREMENT,
  `leadID` int(11) NOT NULL DEFAULT 0,
  `comment` text DEFAULT NULL,
  `cmtDate` date DEFAULT NULL,
  `status` tinyint(1) NOT NULL DEFAULT 1,
  PRIMARY KEY (`leadDID`)
) ENGINE=InnoDB AUTO_INCREMENT=24 DEFAULT CHARSET=utf8mb4 COLLATE=utf8mb4_general_ci;
/*!40101 SET character_set_client = @saved_cs_client */;

--
-- Dumping data for table `mx_lead_detail`
--

LOCK TABLES `mx_lead_detail` WRITE;
/*!40000 ALTER TABLE `mx_lead_detail` DISABLE KEYS */;
INSERT INTO `mx_lead_detail` VALUES (1,0,'dsvva','2023-04-17',1),(2,0,'dcdssv','2023-04-17',1),(17,5,'dfvbds','2023-04-19',1),(18,1,'testing','2023-05-16',1),(19,2,'test','2023-04-19',1),(20,3,'test','2023-04-19',1),(21,4,'Test','2023-04-19',1),(22,29,NULL,'2023-05-17',1),(23,49,NULL,'2024-04-19',1);
/*!40000 ALTER TABLE `mx_lead_detail` ENABLE KEYS */;
UNLOCK TABLES;

--
-- Table structure for table `mx_leave`
--

DROP TABLE IF EXISTS `mx_leave`;
/*!40101 SET @saved_cs_client     = @@character_set_client */;
/*!40101 SET character_set_client = utf8 */;
CREATE TABLE `mx_leave` (
  `leaveID` int(11) NOT NULL AUTO_INCREMENT,
  `userID` int(11) DEFAULT 0,
  `leaveType` int(11) DEFAULT 0,
  `fromDate` varchar(100) DEFAULT NULL,
  `toDate` varchar(100) DEFAULT NULL,
  `reason` text DEFAULT NULL,
  `emailID` text DEFAULT NULL,
  `snote` text DEFAULT NULL,
  `attachedFile` varchar(255) DEFAULT NULL,
  `leaveStatus` enum('Pending','Parsley Approved','Approved','Disapproved','Cancel','UnpaidApproved','Paid','Unpaid') NOT NULL DEFAULT 'Pending',
  `approvedBy` int(11) DEFAULT 0,
  `approvedDate` datetime DEFAULT NULL,
  `dateAdded` datetime DEFAULT NULL,
  `cancelReason` text DEFAULT NULL,
  `applyLeaveIPAddress` varchar(50) DEFAULT NULL,
  `status` tinyint(1) NOT NULL DEFAULT 1,
  PRIMARY KEY (`leaveID`),
  KEY `userid` (`userID`),
  KEY `ltype` (`leaveType`)
) ENGINE=InnoDB AUTO_INCREMENT=39 DEFAULT CHARSET=utf8 COLLATE=utf8_unicode_ci;
/*!40101 SET character_set_client = @saved_cs_client */;

--
-- Dumping data for table `mx_leave`
--

LOCK TABLES `mx_leave` WRITE;
/*!40000 ALTER TABLE `mx_leave` DISABLE KEYS */;
INSERT INTO `mx_leave` VALUES (1,5,1,'2023-06-12','2023-06-12','test',NULL,NULL,NULL,'Pending',0,NULL,NULL,NULL,NULL,0),(2,9,6,'2023-06-14','2023-06-16','test',NULL,NULL,NULL,'Pending',0,NULL,NULL,NULL,NULL,0),(3,5,1,'2023-07-01','2023-07-03','test',NULL,NULL,NULL,'Pending',0,NULL,NULL,NULL,NULL,0),(4,11,8,'2023-06-24','2023-06-24','Leave 30 mins early',NULL,NULL,NULL,'Approved',0,NULL,NULL,NULL,NULL,0),(5,11,7,'2023-06-26','2023-06-26','30 mins late coming on Monday',NULL,NULL,NULL,'Approved',0,NULL,NULL,NULL,NULL,0),(6,4,1,'2023-06-27','2023-06-27','Demo leave',NULL,NULL,NULL,'Pending',0,NULL,NULL,NULL,NULL,0),(7,4,1,'2023-06-27','2023-06-27','Test leave',NULL,NULL,NULL,'Pending',0,NULL,NULL,NULL,NULL,0),(8,4,1,'2023-06-28','2023-06-28','demo leaves',NULL,NULL,NULL,'Pending',0,NULL,NULL,NULL,NULL,0),(9,8,1,'2023-06-28','2023-06-29','VISIT VILLAGE',NULL,NULL,NULL,'Pending',0,NULL,NULL,NULL,NULL,0),(10,8,1,'2023-07-06','2023-07-08','Village',NULL,NULL,NULL,'Pending',0,NULL,NULL,NULL,NULL,0),(11,12,3,'2023-07-10','2023-07-10','Demo leave',NULL,NULL,NULL,'Pending',0,NULL,NULL,NULL,NULL,0),(12,13,1,'2023-06-29','2023-06-29','demo leave',NULL,NULL,NULL,'Pending',0,NULL,NULL,NULL,NULL,0),(13,13,1,'2023-06-29','2023-06-29','demo leave',NULL,NULL,NULL,'Pending',0,NULL,NULL,NULL,NULL,0),(14,13,1,'2023-06-29','2023-06-29','demo leave',NULL,NULL,NULL,'Pending',0,NULL,NULL,NULL,NULL,0),(15,13,1,'2023-06-29','2023-06-29','demo leave',NULL,NULL,NULL,'Pending',0,NULL,NULL,NULL,NULL,0),(16,13,1,'2023-07-03','2023-07-03','demo leave',NULL,NULL,NULL,'Pending',0,NULL,NULL,NULL,NULL,0),(17,8,1,'2023-07-04','2023-07-12','Village',NULL,NULL,NULL,'Pending',0,NULL,NULL,NULL,NULL,0),(18,8,1,'2023-06-28','2023-06-29','Village',NULL,NULL,NULL,'Pending',0,NULL,NULL,NULL,NULL,0),(19,3,1,'2023-10-02','2023-10-09','holiday',NULL,NULL,NULL,'Pending',0,NULL,NULL,NULL,NULL,0),(20,8,12,'2024-04-02','2024-04-05','health issue',NULL,NULL,NULL,'Pending',0,NULL,'2024-04-19 00:00:00',NULL,NULL,0),(21,16,1,'2024-03-10','2024-03-15','to go for vacation',NULL,NULL,NULL,'Approved',0,NULL,'2024-04-22 00:00:00',NULL,NULL,0),(22,16,6,'2024-04-23','2024-04-25','due to operation',NULL,NULL,NULL,'Approved',0,NULL,'2024-04-22 00:00:00',NULL,NULL,0),(23,16,12,'2024-03-03','2024-03-04','health issue',NULL,NULL,NULL,'Pending',0,NULL,'2024-04-22 00:00:00',NULL,NULL,0),(24,16,12,'2024-05-01','2024-05-02','health',NULL,NULL,NULL,'Pending',0,NULL,'2024-04-22 00:00:00',NULL,NULL,0),(25,16,6,'2024-05-03','2024-05-03','to go to the hospital',NULL,NULL,NULL,'Pending',0,NULL,'2024-04-22 00:00:00',NULL,NULL,0),(26,16,12,'2024-04-23','2024-04-23','stomach pain',NULL,NULL,NULL,'Pending',0,NULL,'2024-04-22 00:00:00',NULL,NULL,0),(27,16,8,'2024-04-24','2024-04-24','to go out of station',NULL,NULL,NULL,'Pending',0,NULL,'2024-04-22 00:00:00',NULL,NULL,0),(28,16,12,'2024-04-25','2024-04-25','ffsf',NULL,NULL,NULL,'Pending',0,NULL,'2024-04-22 00:00:00',NULL,NULL,0),(29,16,6,'2024-04-23','2024-04-23','mugy',NULL,NULL,NULL,'Pending',0,NULL,'2024-04-22 00:00:00',NULL,NULL,0),(30,16,12,'2024-04-26','2024-04-26','ss',NULL,NULL,NULL,'Pending',0,NULL,'2024-04-22 00:00:00',NULL,NULL,0),(31,16,6,'2024-04-23','2024-04-23','to go outside',NULL,NULL,NULL,'Pending',0,NULL,'2024-04-22 00:00:00',NULL,NULL,0),(32,16,6,'2024-04-24','2024-04-24','ryh',NULL,NULL,NULL,'Pending',0,NULL,'2024-04-22 00:00:00',NULL,NULL,0),(33,16,1,'2024-04-26','2024-04-26','kjj',NULL,NULL,NULL,'Pending',0,NULL,'2024-04-22 00:00:00',NULL,NULL,0),(34,16,1,'2024-04-29','2024-04-29','dsc',NULL,NULL,NULL,'Pending',0,NULL,'2024-04-22 00:00:00',NULL,NULL,0),(35,16,12,'2024-04-15','2024-04-16','health issue',NULL,NULL,NULL,'Pending',0,NULL,'2024-04-22 00:00:00',NULL,NULL,0),(36,16,12,'2024-03-05','2024-03-05','health',NULL,NULL,NULL,'Pending',0,NULL,'2024-04-22 00:00:00',NULL,NULL,0),(37,16,6,'2024-05-01','2024-05-02','Lorem Ipsum is simply dummy text of the printing and typesetting industry. Lorem Ipsum has been the industry\'s standard dummy text ever since the 1500s, when an unknown printer took a galley of type and scrambled it to make a type specimen book. It has survived not only five centuries, but also the leap into electronic typesetting, remaining essentially unchanged.',NULL,NULL,NULL,'Pending',0,NULL,'2024-04-22 00:00:00',NULL,NULL,0),(38,16,12,'2024-05-01','2024-05-02','ddd',NULL,NULL,NULL,'Pending',0,NULL,'2024-04-22 00:00:00',NULL,NULL,0);
/*!40000 ALTER TABLE `mx_leave` ENABLE KEYS */;
UNLOCK TABLES;

--
-- Table structure for table `mx_leave_details`
--

DROP TABLE IF EXISTS `mx_leave_details`;
/*!40101 SET @saved_cs_client     = @@character_set_client */;
/*!40101 SET character_set_client = utf8 */;
CREATE TABLE `mx_leave_details` (
  `leaveDetailID` int(11) NOT NULL AUTO_INCREMENT,
  `leaveID` int(11) DEFAULT 0,
  `userID` int(11) DEFAULT 0,
  `leaveDate` date DEFAULT NULL,
  `leaveTime` varchar(255) DEFAULT NULL,
  `lType` int(11) DEFAULT 0,
  `leaveStatus` enum('Pending','Approved','Disapproved') DEFAULT NULL,
  `openingBalance` float(10,2) DEFAULT 0.00,
  `clossingBalance` float(10,2) DEFAULT 0.00,
  `status` tinyint(1) NOT NULL DEFAULT 1,
  PRIMARY KEY (`leaveDetailID`),
  KEY `lid` (`leaveID`)
) ENGINE=InnoDB AUTO_INCREMENT=79 DEFAULT CHARSET=utf8 COLLATE=utf8_unicode_ci;
/*!40101 SET character_set_client = @saved_cs_client */;

--
-- Dumping data for table `mx_leave_details`
--

LOCK TABLES `mx_leave_details` WRITE;
/*!40000 ALTER TABLE `mx_leave_details` DISABLE KEYS */;
INSERT INTO `mx_leave_details` VALUES (1,1,0,'2023-06-12',NULL,1,NULL,0.00,0.00,1),(2,2,0,'2023-06-14',NULL,1,NULL,0.00,0.00,1),(3,2,0,'2023-06-15',NULL,1,NULL,0.00,0.00,1),(4,2,0,'2023-06-16',NULL,1,NULL,0.00,0.00,1),(5,3,0,'2023-07-01',NULL,1,NULL,0.00,0.00,1),(6,3,0,'2023-07-02',NULL,1,NULL,0.00,0.00,1),(7,3,0,'2023-07-03',NULL,1,NULL,0.00,0.00,1),(8,4,0,'2023-06-24',NULL,3,NULL,0.00,0.00,1),(9,5,0,'2023-06-26',NULL,2,NULL,0.00,0.00,1),(10,6,0,'2023-06-27',NULL,1,NULL,0.00,0.00,1),(11,7,0,'2023-06-27',NULL,1,NULL,0.00,0.00,1),(12,8,0,'2023-06-28',NULL,1,NULL,0.00,0.00,1),(13,9,0,'2023-06-28',NULL,1,NULL,0.00,0.00,1),(14,9,0,'2023-06-29',NULL,1,NULL,0.00,0.00,1),(15,10,0,'2023-07-06',NULL,1,NULL,0.00,0.00,1),(16,10,0,'2023-07-07',NULL,1,NULL,0.00,0.00,1),(17,10,0,'2023-07-08',NULL,1,NULL,0.00,0.00,1),(18,11,0,'2023-07-10',NULL,1,NULL,0.00,0.00,1),(19,12,0,'2023-06-29',NULL,1,NULL,0.00,0.00,1),(20,13,0,'2023-06-29',NULL,1,NULL,0.00,0.00,1),(21,14,0,'2023-06-29',NULL,1,NULL,0.00,0.00,1),(22,15,0,'2023-06-29',NULL,1,NULL,0.00,0.00,1),(23,16,0,'2023-07-03',NULL,1,NULL,0.00,0.00,1),(24,17,0,'2023-07-04',NULL,1,NULL,0.00,0.00,1),(25,17,0,'2023-07-05',NULL,1,NULL,0.00,0.00,1),(26,17,0,'2023-07-06',NULL,1,NULL,0.00,0.00,1),(27,17,0,'2023-07-07',NULL,1,NULL,0.00,0.00,1),(28,17,0,'2023-07-08',NULL,1,NULL,0.00,0.00,1),(29,17,0,'2023-07-09',NULL,-1,NULL,0.00,0.00,1),(30,17,0,'2023-07-10',NULL,1,NULL,0.00,0.00,1),(31,17,0,'2023-07-11',NULL,1,NULL,0.00,0.00,1),(32,17,0,'2023-07-12',NULL,1,NULL,0.00,0.00,1),(33,18,0,'2023-06-28',NULL,1,NULL,0.00,0.00,1),(34,18,0,'2023-06-29',NULL,1,NULL,0.00,0.00,1),(35,19,0,'2023-10-02',NULL,1,NULL,0.00,0.00,1),(36,19,0,'2023-10-03',NULL,1,NULL,0.00,0.00,1),(37,19,0,'2023-10-04',NULL,1,NULL,0.00,0.00,1),(38,19,0,'2023-10-05',NULL,1,NULL,0.00,0.00,1),(39,19,0,'2023-10-06',NULL,1,NULL,0.00,0.00,1),(40,19,0,'2023-10-07',NULL,1,NULL,0.00,0.00,1),(41,19,0,'2023-10-08',NULL,1,NULL,0.00,0.00,1),(42,19,0,'2023-10-09',NULL,1,NULL,0.00,0.00,1),(43,20,0,'2024-04-02',NULL,2,NULL,0.00,0.00,1),(44,20,0,'2024-04-03',NULL,2,NULL,0.00,0.00,1),(45,20,0,'2024-04-04',NULL,2,NULL,0.00,0.00,1),(46,20,0,'2024-04-05',NULL,2,NULL,0.00,0.00,1),(47,21,0,'2024-03-10',NULL,1,NULL,0.00,0.00,1),(48,21,0,'2024-03-11',NULL,1,NULL,0.00,0.00,1),(49,21,0,'2024-03-12',NULL,1,NULL,0.00,0.00,1),(50,21,0,'2024-03-13',NULL,1,NULL,0.00,0.00,1),(51,21,0,'2024-03-14',NULL,1,NULL,0.00,0.00,1),(52,21,0,'2024-03-15',NULL,1,NULL,0.00,0.00,1),(53,22,0,'2024-04-23',NULL,1,NULL,0.00,0.00,1),(54,22,0,'2024-04-24',NULL,1,NULL,0.00,0.00,1),(55,22,0,'2024-04-25',NULL,1,NULL,0.00,0.00,1),(56,23,0,'2024-03-03',NULL,1,NULL,0.00,0.00,1),(57,23,0,'2024-03-04',NULL,1,NULL,0.00,0.00,1),(58,24,0,'2024-05-01',NULL,2,NULL,0.00,0.00,1),(59,24,0,'2024-05-02',NULL,2,NULL,0.00,0.00,1),(60,25,0,'2024-05-03',NULL,3,NULL,0.00,0.00,1),(61,26,0,'2024-04-23',NULL,2,NULL,0.00,0.00,1),(62,27,0,'2024-04-24',NULL,1,NULL,0.00,0.00,1),(63,28,0,'2024-04-25',NULL,1,NULL,0.00,0.00,1),(64,29,0,'2024-04-23',NULL,1,NULL,0.00,0.00,1),(65,30,0,'2024-04-26',NULL,1,NULL,0.00,0.00,1),(66,31,16,'2024-04-23',NULL,1,NULL,0.00,0.00,1),(67,32,16,'2024-04-24',NULL,1,NULL,0.00,0.00,1),(68,33,16,'2024-04-26',NULL,1,NULL,0.00,0.00,1),(69,34,16,'2024-04-29',NULL,1,NULL,0.00,0.00,1),(70,35,0,'2024-04-15',NULL,1,NULL,0.00,0.00,1),(71,35,0,'2024-04-16',NULL,1,NULL,0.00,0.00,1),(72,36,0,'2024-03-05',NULL,1,NULL,0.00,0.00,1),(75,37,0,'2024-05-01',NULL,1,NULL,0.00,0.00,1),(76,37,0,'2024-05-02',NULL,1,NULL,0.00,0.00,1),(77,38,0,'2024-05-01',NULL,1,NULL,0.00,0.00,1),(78,38,0,'2024-05-02',NULL,1,NULL,0.00,0.00,1);
/*!40000 ALTER TABLE `mx_leave_details` ENABLE KEYS */;
UNLOCK TABLES;

--
-- Table structure for table `mx_leave_setting`
--

DROP TABLE IF EXISTS `mx_leave_setting`;
/*!40101 SET @saved_cs_client     = @@character_set_client */;
/*!40101 SET character_set_client = utf8 */;
CREATE TABLE `mx_leave_setting` (
  `leaveSettingID` int(11) NOT NULL AUTO_INCREMENT,
  `FYStartDate` date DEFAULT NULL,
  `FYEndDate` date DEFAULT NULL,
  `totalLeave` varchar(255) DEFAULT NULL,
  `dateAdded` datetime DEFAULT NULL,
  `status` tinyint(1) NOT NULL DEFAULT 1,
  PRIMARY KEY (`leaveSettingID`)
) ENGINE=InnoDB AUTO_INCREMENT=8 DEFAULT CHARSET=utf8 COLLATE=utf8_unicode_ci;
/*!40101 SET character_set_client = @saved_cs_client */;

--
-- Dumping data for table `mx_leave_setting`
--

LOCK TABLES `mx_leave_setting` WRITE;
/*!40000 ALTER TABLE `mx_leave_setting` DISABLE KEYS */;
INSERT INTO `mx_leave_setting` VALUES (1,'2024-04-01','2025-03-31','30','2024-04-02 16:56:53',0),(2,'2023-04-01','2024-03-31','14','2023-06-13 08:31:48',0),(3,'0000-00-00',NULL,'12','2023-06-12 19:53:10',0),(4,'2023-04-01','2024-03-31','30','2023-06-14 19:24:19',0),(5,'2024-04-01','2025-03-31','22','2024-04-22 11:05:33',1),(6,'2023-04-01','2024-03-31','21','2024-04-19 20:00:35',1),(7,'2023-04-01','2024-03-31','28','2024-04-22 10:43:58',0);
/*!40000 ALTER TABLE `mx_leave_setting` ENABLE KEYS */;
UNLOCK TABLES;

--
-- Table structure for table `mx_leave_type`
--

DROP TABLE IF EXISTS `mx_leave_type`;
/*!40101 SET @saved_cs_client     = @@character_set_client */;
/*!40101 SET character_set_client = utf8 */;
CREATE TABLE `mx_leave_type` (
  `leaveTypeID` int(11) NOT NULL AUTO_INCREMENT,
  `leaveTypeName` varchar(255) DEFAULT NULL,
  `allotedLeave` int(11) DEFAULT 0,
  `leaveSubType` int(11) NOT NULL DEFAULT 0 COMMENT '0=''regular leave'',1=''special leave''',
  `leaveMinDuration` int(11) DEFAULT 0,
  `leaveElegibleDuration` int(11) DEFAULT 0,
  `status` tinyint(1) NOT NULL DEFAULT 1,
  PRIMARY KEY (`leaveTypeID`)
) ENGINE=InnoDB AUTO_INCREMENT=14 DEFAULT CHARSET=utf8 COLLATE=utf8_unicode_ci;
/*!40101 SET character_set_client = @saved_cs_client */;

--
-- Dumping data for table `mx_leave_type`
--

LOCK TABLES `mx_leave_type` WRITE;
/*!40000 ALTER TABLE `mx_leave_type` DISABLE KEYS */;
INSERT INTO `mx_leave_type` VALUES (1,'Casual Leave',0,0,7,0,1),(2,'Sick  Leave',0,0,0,0,1),(3,'Other Leave',0,0,0,0,0),(4,'Maternity Leave',0,0,15,730,0),(5,'Marriage Leave',0,0,15,730,0),(6,'Emergency Leave',0,0,0,0,1),(7,'Request for Late Coming',0,1,0,0,1),(8,'Request for Early Out Leave',0,1,0,0,1),(9,'WH (Work from Home)',0,1,0,0,0),(10,'Out Pass',0,1,0,0,0),(11,'Paternity Leave',0,0,0,730,0),(12,'Medical Leave',0,0,0,0,1),(13,'Casual Leave',0,0,0,0,0);
/*!40000 ALTER TABLE `mx_leave_type` ENABLE KEYS */;
UNLOCK TABLES;

--
-- Table structure for table `mx_motor`
--

DROP TABLE IF EXISTS `mx_motor`;
/*!40101 SET @saved_cs_client     = @@character_set_client */;
/*!40101 SET character_set_client = utf8 */;
CREATE TABLE `mx_motor` (
  `motorID` int(11) NOT NULL AUTO_INCREMENT,
  `categoryMID` int(11) NOT NULL DEFAULT 0,
  `motorTitle` varchar(100) DEFAULT NULL,
  `seoUri` varchar(200) DEFAULT NULL,
  `motorSubTitle` varchar(250) DEFAULT NULL,
  `motorDesc` text DEFAULT NULL,
  `motorImage` varchar(150) DEFAULT NULL,
  `status` tinyint(1) NOT NULL DEFAULT 1,
  PRIMARY KEY (`motorID`)
) ENGINE=InnoDB AUTO_INCREMENT=102 DEFAULT CHARSET=utf8mb4 COLLATE=utf8mb4_general_ci;
/*!40101 SET character_set_client = @saved_cs_client */;

--
-- Dumping data for table `mx_motor`
--

LOCK TABLES `mx_motor` WRITE;
/*!40000 ALTER TABLE `mx_motor` DISABLE KEYS */;
INSERT INTO `mx_motor` VALUES (1,5,'sample motor1','sample-motor1','CG offers both Squirrel Cage (TPC & FTC Range) and Slip Ring (TPR & FTA Range) motors in horizontal (IMB3), vertical (IMV1) and inclined (IMB5, IMV5) mounting options to suit every customer requirement.','<p>Built in accordance with IEC 60034-1 / IS 325 standards, we offer customized, energy efficient and intelligent motors for various applications in IP23 & IP55 enclosures. We offer a wide range of cooling systems ranging from Self Circulation type (IC611) to independent forced circulation circuits (C616) and Tube Ventilated (IC511) to fin cooled (IC411) types.</p>\r\n\r\n<p><br />\r\nThe motors offered ranging from Open Air Circuit (IC01) and Closed Air Circuit (IC611) to independent externally fed air circuit (IC616). These are designed for optimum performance in adherence with application and site requirements of performance and space.</p>\r\n\r\n<p><br />\r\nThese motors have been designed to meet diversified application demands, while maintaining excellent performance and the highest quality. The robust design helps function with variable voltage, variable frequency drives</p>','special-application-motors_29034547-1.jpg',0),(2,2,'High Voltage Motors','high-voltage-motors','CG offers both Squirrel Cage (TPC & FTC Range) and Slip Ring (TPR & FTA Range) motors in horizontal (IMB3), vertical (IMV1) and inclined (IMB5, IMV5) mounting options to suit every customer requirement.','<p>Built in accordance with IEC 60034-1 / IS 325 standards, we offer customized, energy efficient and intelligent motors for various applications in IP23 & IP55 enclosures. We offer a wide range of cooling systems ranging from Self Circulation type (IC611) to independent forced circulation circuits (C616) and Tube Ventilated (IC511) to fin cooled (IC411) types.</p>\r\n\r\n<p><br />\r\nThe motors offered ranging from Open Air Circuit (IC01) and Closed Air Circuit (IC611) to independent externally fed air circuit (IC616). These are designed for optimum performance in adherence with application and site requirements of performance and space.</p>\r\n\r\n<p><br />\r\nThese motors have been designed to meet diversified application demands, while maintaining excellent performance and the highest quality. The robust design helps function with variable voltage, variable frequency drives.</p>','low-voltage-motors_09040708-2.jpg',0),(3,5,'Low Voltage Motors','low-voltage-motors',NULL,'<p>CG has an exemplary facility with an established manufacturing range of low voltage motors. All the manufacturing units are well supported by robust infrastructure. With world class infrastructure, we are satisfactorily meeting the clientΓÇÖs expectations. We have employed the most sophisticated and inclusive range of equipment and machinerys to carry out the bulk or customized order in most hassle-free and timely manner. Our core competencies lie in our manufacturing facility conforming to the international quality standards. In our continuous effort, to bring out the latest, most advanced product into market-place we continuously add many new services, features and introduce new innovative solutions so as to ensure complete customer satisfaction.<br />\r\n<br />\r\nFor better reliability of windings, we are using automated coil formation & Insertion machines. The┬á ┬áwindings are impregnated in VPI Plant. All the motors manufactured undergo rigorous testing at a computerized test plant.<br />\r\n<br />\r\nLow Voltage (LV) AC motors range cast iron and aluminium motors conforming to IEC and NEMA MG 1 Standards.</p>','low-voltage-motors_09040708.jpg',0),(4,6,'Energy Efficient Motors','energy-efficient-motors',NULL,'<p>Efficient use of energy enables commercial and industrial facilities to minimize production costs, increase profits, and stay competitive. The majority of electrical energy consumed in most industrial facilities is used to run electric motors. Energy-efficient motors now available are typically from 2 to 6 percent more efficient than their standard counterparts. This efficiency Improvement translates into substantial energy and money savings.</p>\r\n\r\n<p>CG offers an entire range of energy efficient motors as per the latest IEC, IS & NEMA standards and also complies with the ┬áefficiency norms of each geographies.</p>','low-voltage-motors_09040708-1.jpg',0),(5,4,'Motors for Hazardous Areas (HV)','motors-for-hazardous-areas-hv',NULL,'<p>CG is fully geared to manufacture and supply a complete range of hazardous low voltage motors designed to suit the ignitable atmospheres present in hazardous Locations such as Zone1, Zone 2 or Class1 Div 1 and 2. The motors are tested in nationally and internationally affiliated Laboratories and are approved by BASEEFA for ATEX, CSA for IEC and Ex Div 2 and DGMS / CCO for complete range of low voltage hazardous motors.</p>\r\n\r\n<p>We are the first manufacturers in India to develop motors complying with the requirements suitable for Group IIC (For Hydrogen Gas). With the advantage of meeting all the technical standards applicable for Oil and Gas industry, we cater efficiently to all the Oil companies┬á for their Off-Shore Platforms and Refineries projects.</p>','motors-for-hazardous-areas_18053121.jpg',0),(6,3,'Motors for Hazardous Area (LV)','motors-for-hazardous-area-lv',NULL,'<p>CG has the largest manufacturing range of low voltage motors suitable for hazardous area. These motors are designed to suit the ignitable atmospheres present in hazardous locations such as Zone1, Zone 2 or Class1 Div 1 and 2. Motors are suitable for various temperature classes & gas groups. CG manufactures ExΓÇÖeΓÇÖ , ExΓÇÖnAΓÇÖ & ExΓÇÖdΓÇÖ enclosure motors. The motors are licensed by BASEEFA for ATEX, CSA for IEC and Ex Div 2 and DGMS / CCO for complete range of low voltage hazardous motors.</p>','motors-for-hazardous-areas_18053121-1.jpg',0),(7,7,'DC Motors','dc-motors',NULL,'<p>CG is an established name synonymous with rotating machines. Today, we are in a position to offer an ENTIRE RANGE of world Class DC Motors. We offer laminated Yoke DC Motors in IEC frame up to 710, for various applications for constant and variable speed requirements.<br />\r\n<br />\r\nApplications:<br />\r\nPlastic extruders, Printing machines, Steel Rolling Mills, Wire Rod Mills, Apron Feeder, etc.<br />\r\n<br />\r\nIndustries:<br />\r\nSugar, Textile, Rubber, Cement, etc</p>','motors-for-hazardous-areas_18053121-2.jpg',0),(8,8,'Special Application Motors','special-application-motors',NULL,'<p>We manufacture motors for special applications. Some of them include Double Cage Motor for Cement Mill, GD Series Brake Motor, Oil Well Pump Motor and Re-rolling Mill motor.</p>','special-application-motors_29034547.jpg',0),(9,8,'Energy Efficient Motors','energy-efficient-motors','sample motor1 subtitle','<p>Efficient use of energy enables commercial and industrial facilities to minimize production costs, increase profits, and stay competitive. The majority of electrical energy consumed in most industrial facilities is used to run electric motors. Energy-efficient motors now available are typically from 2 to 6 percent more efficient than their standard counterparts. This efficiency Improvement translates into substantial energy and money savings.<br />\r\n┬á</p>','img4-min-1-1.jpg',0),(10,9,'Motors for Hazardous Area (LV)','motors-for-hazardous-area-lv',NULL,'<p>CG has the largest manufacturing range of low voltage motors suitable for hazardous area. These motors are designed to suit the ignitable atmospheres present in hazardous locations such as Zone1, Zone 2 or Class1 Div 1 and 2. Motors are suitable for various temperature classes & gas groups. CG manufactures ExΓÇÖeΓÇÖ , ExΓÇÖnAΓÇÖ & ExΓÇÖdΓÇÖ enclosure motors. The motors are licensed by BASEEFA for ATEX, CSA for IEC and Ex Div 2 and DGMS / CCO for complete range of low voltage hazardous motors.</p>','mb-centrifugal-monoset-pump__530x530.webp',0),(11,7,'Laminated Yoke DC Motor','laminated-yoke-dc-motor',NULL,'<p>Laminated Yoke DC Motors are used mainly in Steel Industries, Lube oil Pump applications, Paper Mill, Printing Machines etc.┬á</p>\r\n\r\n<p></p>\r\n\r\n<p>CG offers Laminated Yoke DC Motors from Framesize 100 to 500.</p>\r\n\r\n<p></p>\r\n\r\n<p></p>\r\n\r\n<p>These DC Motors are available in various voltages such as 440 VDC, 220 VDC, 110 VDC and IP protection IP23 and IP55.┬á┬á</p>\r\n\r\n<p></p>','dc_motor_24093013-2.jpg',0),(12,14,'Slip Ring Induction Motors','slip-ring-induction-motors',NULL,'<p>CG offers Low Voltage Slip Ring electric motors that range from **3.7 kW** to **350 kW** in both TEFC (IP55) and Drip Proof (IP23) construction. These motors are designed with a new Slip Ring and brush gear arrangement for trouble-free operations and long-lasting brush life. The Slip Ring is moulded in epoxy-based insulation and has excellent stability in operation at high temperature and very good anti-tracking property. CG also complies with IPSS standards to meet the requirements of Steel Plants.</p>','slip_ring_motors_lv_17044845.jpg',0),(13,17,'Motor third level testing','motor-third-level-testing','sample motor1 subtitle',NULL,'motors-for-hazardous-area-lv_29121345-1.jpg',0),(14,3,'bajaj motor','bajaj-motor',NULL,'<p>Bajaj FHP (Fractional Horsepower) motors are reliable single-phase and three-phase motors designed for household, commercial, and light industrial applications. These motors offer excellent performance with low power consumption.</p>\n\n<p>Available in various power ratings with robust construction, Bajaj motors are widely used in ceiling fans, water pumps, and small machine tools. All motors comply with Indian Standards and are manufactured with premium quality materials ensuring long operational life and reliability.</p>',NULL,0),(15,20,'Air Cooled Induction Motors','air-cooled-induction-motors-ic-6a1a1','IC 6A1A1, IC 6A1A6, IC 6A6A6 (CACA)','<p>CG Air Cooled Induction Motors (CACA) include TP and FT Series High Voltage motors with totally enclosed construction. The TPC range consists of foot mounted (IMB3) machines, which comply with both IS 2253 and IEC 60034-7.</p>\n\n<p>These motors feature totally enclosed IP55 protection as per IS 4691 / IEC 60034-5 and cooling with air to air heat exchangers comply with IEC 60034-6. Available in various power ratings and frame sizes suitable for industrial applications requiring reliable, efficient operation.</p>\n\n<p>All air cooled motors are designed for optimum performance in adherence with application and site requirements of performance and space. These motors have been designed to meet diversified application demands while maintaining excellent performance and the highest quality standards.</p>','HV-Air-Cooled-Induction-Motors.webp',1),(16,20,'Double Cage Motor for Cement Mill','double-cage-motor-cement-mill','Heavy Duty Cement Mill Application','<p>Double Cage Motor for Cement Mill applications from CG - a cost-effective alternative to the traditional slip ring motors for twin drives. These motors feature dual cage designs optimized for starting and running conditions.</p>\n\n<p>The double cage design provides excellent starting torque while maintaining full-load efficiency. These motors are particularly suitable for cement mill applications including raw mill, coal mill, and finish mill operations with various power ratings available.</p>\n\n<p>All double cage motors meet international standards and are tested for reliability in harsh industrial cement manufacturing environments. The specialized design ensures smooth acceleration and consistent performance under varying load conditions typical of cement mill operations.</p>','HV-Double-Cage-Cement-Mill.webp',1),(17,20,'Water Cooled Induction Motors','water-cooled-induction-motors-ic-8a1w7','IC 8A1W7 (CACW)','<p>Water Cooled Induction Motors (CACW) from CG include UW and FR Series High Voltage motors with advanced cooling technology. These motors feature water cooling systems designed for maximum thermal efficiency and reliable operation in continuous duty applications.</p>\n\n<p>The water cooling design allows for higher power density and superior thermal management compared to air-cooled alternatives. Available in various power ratings with IC 8A1W7 cooling configuration for industrial applications requiring efficient heat dissipation.</p>\n\n<p>All water cooled motors are engineered for optimum performance in demanding industrial environments. These motors are built to the highest quality standards conforming to international specifications and providing exceptional reliability and durability.</p>','HV-Water-Cooled-Motors.webp',1),(18,20,'Open Air Type Induction Motor','open-air-type-induction-motor','IC 0A1, IC 0A6 (SPDP)','<p>Open Air Type Induction Motor (SPDP) - Screen Protected Drip Proof motors from CG with IC 0A1 and IC 0A6 cooling configurations. These motors feature open construction with protective screens preventing direct liquid entry while allowing natural air circulation.</p>\n\n<p>The SPDP design provides cost-effective cooling solution for applications where completely sealed enclosures are not required. Available in various power ratings suitable for industrial machinery, fans, and equipment operating in relatively dry environments.</p>\n\n<p>All open air motors are designed for reliable performance with minimal maintenance requirements. These motors offer excellent cooling efficiency and are built to international standards ensuring superior performance and long operational life.</p>','HV-Open-Air-Motors.webp',1),(19,20,'Tube Ventilated Induction Motor','tube-ventilated-induction-motor','IC 5A1A1, IC 5A1A6 (TETV)','<p>Tube Ventilated Induction Motor (TETV) - CG manufactures totally enclosed tube ventilated motors (IC 5A1A1, IC 5A1A6) in both Squirrel Cage and Slip Ring designs that provide excellent performance in the most demanding environments and load conditions.</p>\n\n<p>The TV Series represents TETV motors most suitable for extreme dusty, humid and polluted atmospheres. TV Series Motors are used in industries such as Cement, Steel, Rubber, Paper, Refineries, Petrochemical and Fertilizer units as well as Power Generation plants.</p>\n\n<p>These motors feature tube ventilation systems that prevent dust and moisture ingress while maintaining effective cooling. All tube ventilated motors are built with robust construction and tested for reliability in harsh industrial environments.</p>','HV-Tube-Ventilated-Motors.webp',1),(20,20,'Fan Cooled Induction Motor','fan-cooled-induction-motor-tefc','IC 4A1A1, IC 4A1A6 (TEFC)','<p>Fan Cooled Induction Motor (TEFC) - CG NG-Series represents state-of-the-art, energy efficient and totally enclosed fan cooled (IC 4A1A1, IC 4A1A6) squirrel cage motors. These motors are extremely efficient, even at partial load and they have very low noise level.</p>\n\n<p>Efficiency of these motors is maximized by effective utilization of materials, minimizing losses and optimal design of the fins. Due to the reduced fan and core losses, there is no sharp drop in the efficiency curve at partial loads.</p>\n\n<p>All fan cooled motors feature advanced cooling systems and superior insulation for excellent thermal stability. These motors are ideal for continuous industrial applications requiring energy efficiency and quiet operation.</p>','HV-Fan-Cooled-Motors.webp',1),(21,20,'Energy Efficient Motors HV - N Series','energy-efficient-motors-hv-n-series','Premium Efficiency High Voltage','<p>Energy Efficient Motors HV - N Series from CG are trademarked series of industrial motors offered in air cooled and water cooled construction. These motors are designed keeping in mind the stringent noise, vibration regulations and efficiency requirements of the customer.</p>\n\n<p>Components are designed using finite elements of analysis, structural, thermal and air flow. This ensures better stress distribution and high structural rigidity to achieve higher power to weight ratio.</p>\n\n<p>These motors have been designed to meet varying application demands while maintaining high levels of quality and performance. The N-series range meets the requirements of various industrial sectors such as oil & gas, cement, sugar and power plants.</p>','HV-Energy-Efficient-N-Series.webp',1),(22,21,'AXELERA Process Performance Motors','axelera-process-performance-motors','High Performance LV Motors','<p>AXELERA Process Performance Motors are specially engineered for demanding industrial process applications requiring exceptional reliability and precision. These motors incorporate advanced control systems, superior thermal management, and robust construction for extreme operational conditions.</p>\n\n<p>Available in various power ratings with customizable configurations to match specific process requirements. AXELERA motors feature integrated monitoring and protection systems ensuring continuous safe operation. Ideal for critical industrial processes requiring maximum uptime, reliability, and process control capability.</p>','axelera-process-motors.webp',1),(23,21,'Flame Proof Motors Ex db (LV)','flame-proof-motors-ex-db-lv','Low Voltage Hazardous Area','<p>Flame Proof Motors Ex \'db\' (LV) - CG offers wide range of low-voltage flameproof squirrel cage induction motors. These motors are fully enclosed with flameproof construction preventing flames from escaping the motor enclosure.</p>\n\n<p>Available in various power ratings and frame sizes suitable for Zone 1 and Zone 2 hazardous areas. All flameproof motors are tested and certified for hazardous area compliance meeting international standards.</p>\n\n<p>The robust flameproof design ensures safe, reliable operation in explosive atmospheres. These motors feature excellent thermal protection and are manufactured to the highest quality standards for demanding industrial environments.</p>','flame-proof-motors-lv.webp',1),(24,21,'SMARTORΓÇôCG Smart Motors','smartor-cg-smart-motors','CG Smart Motor','<p>SMARTORΓÇôCG Smart Motors represent intelligent motor technology with integrated systems for advanced monitoring and control. These motors incorporate embedded sensors and communication capabilities for real-time performance monitoring.</p>\r\n\r\n<p>Smart motors from CG provide predictive maintenance capabilities, efficiency optimization, and remote monitoring features. These advanced motors are designed for Industry 4.0 applications requiring intelligent, connected motor systems.</p>\r\n\r\n<p>All SMARTOR motors feature robust construction with integrated electronics and advanced thermal management. These motors offer superior reliability for next-generation industrial applications.</p>','smartor-smart-motors.webp',1),(25,21,'Non Sparking Motor Ex nA / Ex ec (LV)','non-sparking-motor-ex-na-ec-lv','Non Sparking Low Voltage','<p>Non Sparking Motor Ex \'nA\' / Ex \'ec\' (LV) - State-of-the-art non-sparking motors from CG designed for hazardous areas with non-sparking construction (Ex n). These motors prevent sparking during normal operation through special air-gap geometry.</p>\n\n<p>Available in various power ratings suitable for Group II Categories 2G and 3G applications. All non-sparking motors are certified for ATEX compliance and suitable for explosive atmospheres in chemical plants and refineries.</p>\n\n<p>These motors feature advanced insulation systems and thermal protection. The specialized non-sparking design ensures safe operation in ignitable atmospheres with proven reliability in hazardous area applications.</p>','non-sparking-motor-lv.webp',1),(26,21,'Increased Safety Motors Ex eb (LV)','increased-safety-motors-ex-eb-lv','Enhanced Safety LV Motors','<p>Increased Safety Motors Ex \'eb\' (LV) - CG manufactures state-of-the-art increased safety motors with Ex \'e\' construction for hazardous area applications. These motors feature reinforced components preventing ignition sources in explosive atmospheres.</p>\n\n<p>Available in various power ratings suitable for Zone 1 and Zone 2 hazardous areas. All increased safety motors are ATEX certified and tested for reliability in demanding industrial environments.</p>\n\n<p>These motors incorporate advanced thermal protection and superior insulation systems. The robust increased safety design ensures reliable, safe operation in challenging hazardous area applications.</p>','increased-safety-motors-lv.webp',1),(27,21,'Cast Iron Enclosure Motors','cast-iron-enclosure-motors','Robust Industrial Motors','<p>Cast Iron Enclosure Motors - CG manufactures cast iron frame motors specifically for North American and industrial applications. These motors feature robust cast iron construction providing excellent mechanical strength and durability.</p>\n\n<p>Available in various power ratings and frame sizes suitable for diverse industrial applications. All cast iron motors meet NEMA standards and are designed for reliable performance in demanding industrial environments.</p>\n\n<p>The robust cast iron construction provides excellent thermal dissipation and mechanical protection. These motors are ideal for general industrial applications requiring durable, dependable motor performance.</p>','cast-iron-motors.webp',1),(28,21,'Aluminum Enclosure Motors','aluminum-enclosure-motors','Lightweight Efficient Motors','<p>Aluminum Enclosure Motors - NEMA aluminium motor range covers 0.50 Hp to 20 Hp with lightweight, durable aluminum construction. These motors provide excellent efficiency with reduced weight compared to cast iron alternatives.</p>\n\n<p>Available in various frame sizes and configurations suitable for commercial and light industrial applications. All aluminum motors meet NEMA MG-1 standards and are designed for reliable, efficient operation.</p>\n\n<p>The lightweight aluminum construction provides excellent thermal characteristics and corrosion resistance. These motors are ideal for applications where weight and space constraints are important considerations.</p>','aluminum-motors.webp',1),(29,21,'Slip Ring Motors (LV)','slip-ring-motors-lv','High Starting Torque Motors','<p>Slip Ring Motors (LV) - CG low-voltage slip ring motors from 3.7 kW to 350 kW in various frame sizes. These motors feature wound rotor design providing excellent starting torque and soft starting characteristics.</p>\n\n<p>Available with various rotor resistance options suitable for different starting requirements. All slip ring motors are designed for applications requiring high starting torque or frequent starting operations.</p>\n\n<p>These motors feature robust construction with advanced thermal protection. The slip ring design allows for external rotor resistance providing flexibility in speed and torque control for demanding industrial applications.</p>','slip-ring-motors-lv.webp',1),(30,22,'International Efficiency IE2 / IE3 - Apex Series','international-efficiency-ie2-ie3-apex','IE2 / IE3 High Efficiency','<p>International Efficiency IE2/IE3 - Apex Series - CG energy-efficient motors complying with international efficiency standards. These motors feature optimized magnetic circuit design and premium insulation materials for superior energy efficiency.</p>\n\n<p>Available in various power ratings meeting IE2 and IE3 efficiency levels. All Apex series motors are designed for energy-conscious applications where operational costs are critical.</p>\n\n<p>These motors incorporate advanced thermal management and superior cooling systems. The premium Apex series motors deliver long-term cost savings through reduced energy consumption while maintaining excellent performance.</p>','EE-IE3-Apex-Series.webp',1),(31,22,'Super Premium IE4 Efficiency - Apex Series','super-premium-ie4-efficiency-apex','IE4 Super Premium Efficiency','<p>Super Premium IE4 Efficiency ΓÇô Apex Series - Next-generation green motor solution from CG with maximum energy efficiency. These motors feature advanced magnetic design and premium materials for IE4 super premium efficiency level.</p>\n\n<p>Available in various power ratings meeting the highest international efficiency standards. All IE4 motors are designed for maximum energy savings and environmental sustainability.</p>\n\n<p>These motors incorporate state-of-the-art cooling technology and advanced thermal protection. The premium IE4 Apex series motors deliver exceptional energy efficiency and long-term operational cost savings.</p>','EE-IE4-Apex-Series.webp',1),(32,22,'Totally Enclosed Fan Cooled Induction Motor - NG Series','totally-enclosed-fan-cooled-ng-series','NG Series TEFC Motors','<p>Totally Enclosed Fan Cooled Induction Motor - NG Series - CG state-of-the-art energy-efficient TEFC motors with advanced cooling systems. These motors feature optimized design for excellent partial load efficiency.</p>\n\n<p>Available in various power ratings suitable for continuous industrial applications. All NG series motors are designed for energy efficiency with minimal noise and vibration characteristics.</p>\n\n<p>These motors incorporate advanced fan cooling technology and superior thermal protection. The robust NG series design ensures reliable operation in demanding industrial environments with excellent efficiency performance.</p>','EE-NG-Series.webp',1),(35,24,'Large DC Machines','large-dc-machines','Industrial DC Motor Series','<p>CG is fully equipped to manufacture state-of-the-art LAMINATED YOKE DC Motors up to 2000 kW (50000 Nm torque) in frame size up to 710 in order to cover all the variable speed drive applications.</p>\n\n<p>The D.C. motor designs are with the latest technology developed and optimized with FEM/Flux plotting techniques to give maximum torque for each kg of material used. In-house critical facilities like shaft grinding on CNC, Commutator etc. are monitored and tested rigorously to ensure that each motor satisfies a rigid set of performance parameters.</p>\n\n<p>The high quality standards maintained in manufacturing and testing gives superior electrical and mechanical performance-making the motors most suitable for operating in tropical environment. Mandideep (Bhopal) plant is accredited with ISO 9001, ISO 14001 & OHSAS 18001.</p>','DC-Large-DC-Machines.webp',1),(36,24,'DC Motors','dc-motors-general','General Purpose DC Motors','<p>CG is an established name synonymous with rotating machines. Our manufacturing unit located at Ahmednagar (Maharashtra), India, manufactures DC motors up to 1500 kW.</p>\n\n<p>DC Motors from CG feature state-of-the-art LAMINATED YOKE DC Motors up to 2000 kW (50000 Nm torque) in frame sizes up to 710. The DC motor designs utilize the latest technology developed and optimized with FEM/Flux plotting techniques to give maximum torque for each kg of material used.</p>\n\n<p>In-house critical facilities like shaft grinding on CNC, Commutators etc. are monitored and tested rigorously to ensure superior electrical and mechanical performance. The high quality standards maintained in manufacturing and testing make these motors most suitable for operating in tropical environments. All plants are accredited with ISO 9001, ISO 14001 & OHSAS 18001.</p>','DC-DC-Motors.webp',1),(37,25,'Flame Proof Motors HV','flame-proof-motors-hv','High Voltage Hazardous Motors','<p>Flame Proof Large Motors Ex \'d\' (HV) - CG specializes in motors for hazardous areas with high-voltage flameproof construction. These motors prevent flames from escaping while maintaining full operational capability.</p>\n\n<p>Available in various power ratings suitable for Zone 1 and Zone 2 hazardous areas. All high-voltage flameproof motors are BASEEFA approved and tested for international compliance.</p>\n\n<p>These motors feature robust construction with advanced thermal protection. The specialized flameproof design ensures safe, reliable operation in the most demanding hazardous industrial environments.</p>','Flame-Proof-Motors-HV-Hazardous-Bombay.webp',1),(38,25,'Explosion Proof Motors HV','explosion-proof-motors-hv','ATEX Certified HV Motors','<p>Explosion Proof Motors HV - High-voltage motors with explosion-proof design for hazardous areas containing explosive gases and vapors. These motors feature reinforced construction preventing internal explosion propagation.</p>\n\n<p>Available in various power ratings suitable for demanding hazardous area applications. All explosion-proof motors are certified for international hazardous area standards.</p>\n\n<p>These motors incorporate advanced thermal protection and superior insulation systems. The robust explosion-proof design ensures safe operation in the most severe hazardous industrial environments.</p>','Flame-Proof-Motors-HV-Hazardous-Bombay.webp',1),(39,26,'Double Cage Motor for Cement Mill','double-cage-motor-cement-mill-app','Cement Industry Specialist','<p>CG manufactures Double Cage Motor for Cement Mill applications - a cost-effective alternative to the traditional slip ring motors for twin drives. These motors feature two cage designs optimized for starting and running conditions.</p>\n\n<p>The double cage design provides excellent starting torque while maintaining full-load efficiency. These motors are particularly suitable for cement mill applications including raw mill, coal mill, and finish mill operations. Available in various power ratings with robust construction designed for the demanding cement industry.</p>\n\n<p>All double cage motors meet international standards and are tested for reliability in harsh industrial environments. The specialized design ensures smooth acceleration and consistent performance under varying load conditions typical of cement mill operations.</p>','SA-Double-Cage-Cement-Mill.webp',1),(40,26,'Brake Motors','brake-motors','Integrated Brake Motors','<p>Brake Motors from CG are equipped with electromagnetic or spring-set brakes for holding loads on inclined planes, cranes, and hoists. These specialized motors provide safe, reliable holding capability on vertical applications.</p>\n\n<p>Available in various power ratings with different braking configurations. All brake motors are designed for applications requiring load holding and safety in vertical or inclined load scenarios.</p>\n\n<p>These motors feature robust construction with integrated braking systems. The specialized brake motor design ensures reliable load holding and safe operation in demanding lifting and hoisting applications.</p>','SA-Brake-Motors.webp',1),(41,26,'Oil Well Pump Motor','oil-well-pump-motor','Oil Industry Specialists','<p>Oil Well Pump Motor - Specialized motors designed for oil and gas applications including oil well pumping operations. These motors feature robust construction suitable for offshore platforms and refinery environments.</p>\n\n<p>Available in various power ratings with customized designs meeting API standards for oil and gas industry. All oil well motors are engineered for reliable operation in harsh petrochemical environments.</p>\n\n<p>These motors incorporate advanced thermal protection and corrosion-resistant materials. The specialized oil well design ensures reliable, safe operation in demanding offshore and refinery applications.</p>','SA-Oil-Well-Motor.webp',1),(42,26,'Re-Rolling Mill Motor','re-rolling-mill-motor','Steel Mill Specialists','<p>Re-Rolling Mill Motor - Specialized high-torque motors designed for metal rolling mill applications. These motors feature robust construction handling the demanding conditions of re-rolling mill operations.</p>\n\n<p>Available in various power ratings suitable for different rolling mill configurations. All re-rolling mill motors are engineered for heavy-duty continuous operation with excellent torque characteristics.</p>\n\n<p>These motors feature advanced thermal protection and reinforced mechanical construction. The specialized design ensures reliable operation under the demanding load conditions of metal rolling mill applications.</p>','SA-Re-Rolling-Mill-Motor.webp',1),(43,23,'Increased Safety Motors Ex \'e\' (LV)','increased-safety-motors-ex-e-lv','ATEX Certified Enhanced Safety LV Motors for Hazardous Zones','<p>Increased Safety Motors Ex \'e\' (LV) are specially engineered for hazardous areas with enhanced electrical and mechanical safety features. These motors incorporate reinforced insulation systems, temperature sensors, and advanced thermal protection suitable for Zone 1, Zone 2, and Class 1 Division 1 and 2 environments.</p>\n\n<p>The Ex \'e\' construction ensures increased safety through component design preventing ignition of surrounding hazardous atmospheres. Available in power ratings from 0.37 kW to 360 kW with voltages up to 650 V. All motors meet IEC 61800, IS and ATEX certification standards with superior reliability and performance.</p>','increased-safety-motors-ex-e-lv.webp',1),(44,23,'Non Sparking Motor Ex \'n\' (LV)','non-sparking-motor-ex-n-lv','Spark-Proof Low Voltage Motors for Hazardous Environments','<p>Non-sparking motors with Ex \'n\' certification for hazardous area applications. Features special air-gap geometry preventing sparking during normal motor operation. These motors are designed for safe operation in explosive atmospheres.</p>\n\n<p>Available in various power ratings suitable for Group II Categories 2G and 3G hazardous areas. All non-sparking motors are ATEX certified and tested for international hazardous area compliance standards.</p>\n\n<p>These motors incorporate advanced insulation systems and superior thermal protection. The non-sparking design ensures reliable, safe operation in challenging industrial hazardous environments.</p>','non-sparking-motor-ex-n-lv.webp',1),(45,25,'Increased Safety Motors Ex \'e\' (HV)','increased-safety-motors-ex-e-hv','ATEX Approved High Voltage Safety Motors for Industrial Hazardous Areas','<p>Increased Safety Motors Ex \'e\' (HV) are high-voltage motors designed with increased safety construction for hazardous area applications. These motors feature reinforced enclosures, enhanced insulation systems, and temperature monitoring suitable for Oil and Gas industry, petrochemical refineries, and mining operations.</p>\n\n<p>The Ex \'e\' (increased safety) design prevents ignition sources in Group IIC hazardous atmospheres. Available in power ratings from 0.75 kW to 2000 kW with voltages up to 11 kV. All motors are tested and certified by BASEEFA for ATEX compliance with excellent durability and operational reliability.</p>','increased-safety-hv-ex-e.webp',1),(46,25,'Non Sparking Motor Ex \'n\' (HV)','non-sparking-motor-ex-n-hv','High Voltage Non-Sparking Motors for Explosive Atmosphere Protection','<p>Non Sparking Motor Ex \'n\' (HV) features non-sparking construction suitable for Group IIC hazardous areas including hydrogen environments. The Ex \'n\' design incorporates special air-gap geometry and insulation systems preventing sparking during normal motor operation.</p>\n\n<p>These high-voltage motors are ideal for explosive atmospheres in chemical plants, refineries, and gas processing facilities. Available in power ratings from 0.75 kW to 2000 kW with voltages up to 11 kV. All motors meet international ATEX and IEC standards with proven reliability in the most demanding hazardous environments.</p>','non-sparking-hv-ex-n.webp',1),(47,25,'Pressurized Motor Ex \'p\' (HV)','pressurized-motor-ex-p-hv','Pressure-Enclosed High Voltage Motors for Classified Hazardous Zones','<p>Pressurized Motor Ex \'p\' (HV) is a type of equipment protection by pressurization (Ex p). The enclosure of the pressurizing apparatus is designed such that, when a flammable gas or vapor-air mixture enters, the average pressure inside is always higher than the surrounding atmosphere.</p>\n\n<p>These motors are suitable for hazardous areas Zone 1, Zone 2, and Class 1 Division 1 and 2 applications. The pressurized construction provides effective protection against ignition sources while maintaining high operational efficiency. Available in power ratings from 0.75 kW to 150 kW with voltages up to 11 kV.</p>','pressurized-motor-hv-ex-p.webp',1),(48,102,'Capacitor Start Motors','capacitor-start-motors','Reliable Single Phase Motors for Domestic Applications','<p>Capacitor Start Motors are single-phase motors incorporating a starting capacitor for high starting torque applications. These motors feature robust construction with excellent performance for intermittent-duty applications like air compressors, power tools, and industrial equipment requiring strong starting torque.</p>\n\n<p>Available in power ratings from 0.37 kW to 5 kW with standard supply voltage 220-240V AC. All capacitor start motors include built-in thermal protection and are manufactured according to IS and IEC standards. The starting capacitor enables efficient startup with minimal mechanical stress.</p>','single-phase-motors-1.webp',1),(49,102,'Capacitor Run Motors','capacitor-run-motors','Energy Efficient Single Phase Motors with Continuous Duty Rating','<p>Capacitor Run Motors are single-phase motors with permanent capacitor connection for improved efficiency and smoother operation. These motors are ideal for continuous-duty applications like fans, blowers, and light machinery requiring energy-efficient performance.</p>\n\n<p>Available in power ratings from 0.37 kW to 3 kW with standard supply voltage 220-240V AC. Capacitor run motors provide better power factor and lower operating costs compared to standard single-phase motors. All motors conform to IS and IEC standards with excellent thermal stability and long operational life.</p>','single-phase-motors-2.webp',1),(50,102,'Permanent Split Capacitor Motors','permanent-split-capacitor-motors','High Performance Single Phase Motors for Versatile Industrial Use','<p>Permanent Split Capacitor (PSC) Motors are single-phase motors with permanently connected capacitor for optimized efficiency in continuous operation. These motors are ideal for fan and blower applications where energy efficiency and reliability are critical requirements.</p>\n\n<p>Available in power ratings from 0.37 kW to 2.2 kW with standard supply voltage 220-240V AC. PSC motors provide consistent performance with excellent power factor and minimal noise characteristics. All motors meet IS and IEC standards with superior thermal protection and dependable operation.</p>','single-phase-motors-3.webp',1),(51,102,'Split Phase Motors','split-phase-motors','Economical Single Phase Motors for Industrial Applications','<p>Split Phase Motors are single-phase induction motors with separate starting and running windings providing reliable starting torque for direct-on-line applications. These motors are widely used in household appliances, small machine tools, and commercial equipment.</p>\n\n<p>Available in power ratings from 0.37 kW to 3.7 kW with standard supply voltage 220-240V AC. Split phase motors feature simple, rugged construction with low maintenance requirements. All motors comply with IS and IEC standards ensuring reliable performance in residential and commercial applications.</p>','single-phase-motors-4.webp',1),(52,103,'3 Phase Rolled Steel Body Motors - Standard Duty','3phase-rolled-steel-standard-duty','Versatile 3 Phase Motors for General Industrial Applications','<p>3 Phase Rolled Steel Body Motors - Standard Duty are affordable, reliable motors suitable for general industrial applications. These motors feature robust rolled steel frame construction with excellent mechanical durability and consistent performance across diverse load conditions.</p>\n\n<p>Available in power ratings from 0.5 kW to 50 kW with standard 415V AC 3-phase supply and frame sizes 56 to 180. These motors meet IS 4691 and IEC 60034-5 standards with excellent thermal stability. Ideal for pumps, fans, conveyors, and general machinery requiring cost-effective, dependable motor performance.</p>','3phase-rolled-steel-1.webp',1),(53,103,'3 Phase Rolled Steel Body Motors - Heavy Duty','3phase-rolled-steel-heavy-duty','Heavy Duty 3 Phase Motors for Severe Industrial Conditions','<p>3 Phase Rolled Steel Body Motors - Heavy Duty are engineered for demanding industrial applications with high mechanical stress and continuous operation. These motors feature reinforced frame construction, superior insulation systems, and advanced thermal protection.</p>\n\n<p>Available in power ratings from 0.75 kW to 75 kW with frame sizes 63 to 200 suitable for heavy-duty machinery. All heavy-duty motors meet IS 4691 and IEC 60034-5 standards with exceptional durability. Perfect for cement mills, crushers, compressors, and other demanding industrial equipment requiring maximum reliability.</p>','3phase-rolled-steel-2.webp',1),(54,103,'3 Phase Rolled Steel Body Motors - Premium Efficiency','3phase-rolled-steel-premium-efficiency','Energy Efficient 3 Phase Motors with Advanced Steel Construction','<p>3 Phase Rolled Steel Body Motors - Premium Efficiency delivers superior energy efficiency with reduced operating costs. These motors incorporate optimized magnetic circuit design, premium insulation materials, and advanced thermal management systems.</p>\n\n<p>Available in power ratings from 0.5 kW to 50 kW with frame sizes 56 to 180 suitable for continuous industrial applications. All premium efficiency motors meet IS 12954 and IEC 60034-30 efficiency standards. Delivering long-term cost savings through reduced energy consumption, these motors are ideal for energy-conscious industrial facilities.</p>','3phase-rolled-steel-3.webp',1),(55,103,'3 Phase Rolled Steel Body Motors - Explosion Proof','3phase-rolled-steel-explosion-proof','Safety Certified 3 Phase Motors for Hazardous Industrial Areas','<p>Explosion-proof 3 phase motors with rolled steel construction for safe operation in hazardous areas. These motors feature reinforced enclosures designed to contain internal explosions.</p>\n\n<p>Available in power ratings from 0.5 kW to 75 kW with frame sizes 56 to 200 suitable for hazardous area applications. All explosion-proof motors meet international safety standards and are ATEX certified.</p>\n\n<p>These motors feature robust rolled steel construction with advanced thermal protection. The specialized explosion-proof design ensures safe, reliable operation in the most demanding hazardous industrial environments.</p>','3phase-rolled-steel-4.webp',1),(56,104,'Huller Motors','huller-motors','Specialized Motors for Rice and Grain Processing Equipment','<p>Huller Motors are specialized 3-phase motors designed specifically for rice milling and grain processing equipment. These motors are engineered to handle the continuous load demands of huller machines with robust construction and high torque characteristics.</p>\n\n<p>Available in power ratings from 2.2 kW to 7.5 kW with frame sizes 90 to 112. These motors feature reinforced shafts and superior mechanical protection suitable for dusty milling environments. All huller motors comply with IS 4691 and IEC 60034-5 standards.</p>','application-specific-2.webp',1),(57,104,'Cooler Motors','cooler-motors','High Performance Motors for Industrial Cooling Systems','<p>Cooler Motors are specially designed for air cooler and refrigeration applications with enhanced thermal management. These 3-phase motors feature robust cooling fins and superior heat dissipation for continuous operation in cooling equipment.</p>\n\n<p>Manufactured to withstand demanding operational conditions in air cooling systems, these motors provide reliable performance with power ratings from 1.1 kW to 37 kW. All cooler motors meet IS 4691 and IEC 60034-5 standards with excellent durability and minimal maintenance requirements.</p>','application-specific-3.webp',1),(58,104,'Flange Motors','flange-motors','Compact Flange Mounted Motors for Direct Drive Applications','<p>Flange Mounted Motors are 3-phase motors with integral flange coupling for direct connection to driven equipment like pumps, blowers, and compressors. These motors eliminate the need for separate couplings, reducing installation space and complexity.</p>\n\n<p>Available in power ratings from 0.5 kW to 30 kW with frame sizes 56 to 160, flange motors are ideal for industrial applications requiring compact design and efficient power transmission. All flange motors meet IS 4691 and IEC 60034-5 standards with superior mechanical strength.</p>','application-specific-4.webp',1),(59,104,'Textile Industry Motors','textile-industry-motors','Specialized Motors for High-Speed Textile Machinery','<p>Textile Industry Motors are specialized 3-phase motors engineered for spinning mills, weaving looms, and other textile machinery. These motors feature precise speed control and low vibration characteristics essential for textile operations.</p>\n\n<p>With power ratings from 1.1 kW to 50 kW and frame sizes 90 to 180, textile motors are designed to withstand the demanding conditions of textile mills including exposure to lint and dust. All motors comply with IS 4691 and IEC 60034-5 standards with excellent thermal stability and long operational life.</p>','application-specific-1.webp',1),(60,104,'Agricultural Equipment Motors','agricultural-equipment-motors','Robust Motors for Farm Machinery and Equipment','<p>Agricultural Equipment Motors are 3-phase motors designed for agricultural machinery including pumps, threshers, and grain grinding equipment. These motors are engineered for reliable operation in farm environments with varying load conditions.</p>\n\n<p>Available in power ratings from 0.75 kW to 10 kW, agricultural motors feature robust construction with excellent mechanical protection against dust and moisture. All motors meet IS 4691 and IEC 60034-5 standards and are manufactured to withstand the demanding operational requirements of agricultural applications.</p>','application-specific-5.webp',1),(61,106,'Emotron FDU - AC Drives','emotron-fdu-ac-drives','Reliable Field-Mount AC Variable Frequency Drives','<p>Emotron FDU - AC Drives are advanced variable frequency drives designed for controlled speed management of AC motors. These modular drives provide smooth acceleration, energy savings, and precise motor control suitable for pumps, fans, compressors, and industrial machinery.</p>\n\n<p>The FDU series features intelligent ramp functions, automatic restart capabilities, and multiple control modes with power ratings from 0.37 kW to 315 kW. These drives deliver efficient motor speed control with minimal electrical losses and superior performance in energy-critical applications.</p>','emotron-fdu-ac-drives.webp',1),(62,106,'Emotron VFX - AC Drives','emotron-vfx-ac-drives','Advanced AC Variable Frequency Drives for Industrial Control','<p>Emotron VFX - AC Drives are high-performance variable frequency drives featuring advanced motor control technology for precise speed regulation and torque management. These drives are particularly effective for pump, fan, and compressor applications where energy savings and smooth operation are critical.</p>\n\n<p>Available from 0.37 kW to 250 kW in compact to standard frame configurations. VFX drives incorporate modern power electronics with user-friendly programming interfaces. These drives deliver superior performance and reliable operation with minimal maintenance requirements.</p>','emotron-vfx-ac-drives.webp',1),(63,106,'Emotron AFE - Active Front End Drives','emotron-afe-active-front-end-drives','Energy Efficient Drives with Power Factor Correction','<p>Emotron AFE - Active Front End Drives are regenerative variable frequency drives capable of returning energy to the power grid during braking. These advanced four-quadrant drives are ideal for applications with frequent braking like cranes, hoists, lifts, and energy recovery systems.</p>\n\n<p>Available in power ratings from 1.1 kW to 1000 kW with industrial-grade construction. AFE drives provide maximum energy efficiency through energy recovery while maintaining precise motor control. Perfect for demanding applications requiring both smooth operation and energy optimization.</p>','emotron-afe-drives.webp',1),(64,106,'Emotron CDU / CDX - Motor-Mounted Drives','emotron-cdu-cdx-motor-mounted-drives','Compact Motor-Mounted Variable Frequency Drive Solutions','<p>Emotron CDU / CDX - Motor-Mounted Drives are compact variable frequency drives designed to mount directly on motor terminal boxes. This integral configuration eliminates separate drive installations, reducing cabling complexity and space requirements.</p>\n\n<p>Available in power ratings from 0.37 kW to 15 kW with motor-mounted design. These drives offer full variable frequency drive functionality in a compact, integrated package. Ideal for space-constrained applications requiring simplified installation and efficient motor control.</p>','emotron-cdu-cdx-drives.webp',1),(65,106,'Emotron DSV / GSV - Lift Drives','emotron-dsv-gsv-lift-drives','Specialized Drives for Elevator and Lift Systems','<p>Emotron DSV / GSV - Lift Drives are specialized variable frequency drives engineered for lift, hoist, and elevator applications. These drives incorporate advanced safety functions, smooth acceleration/deceleration, and emergency lowering capabilities meeting stringent safety requirements.</p>\n\n<p>Available in power ratings from 0.37 kW to 200 kW with load monitoring and load-sensitive control features. DSV / GSV drives provide superior safety and reliability for vertical lifting systems. Ideal for elevators, construction hoists, and industrial lifting equipment.</p>','emotron-dsv-gsv-drives.webp',1),(66,106,'Emotron FlowDrive','emotron-flowdrive','Centrifugal Pump Optimization Drive Solution','<p>Emotron FlowDrive is a specialized variable frequency drive designed for pump applications with automatic flow control. FlowDrive continuously adjusts motor speed to match system flow requirements, eliminating throttling losses and reducing unnecessary pressure drops.</p>\n\n<p>Available in power ratings from 0.37 kW to 315 kW. FlowDrive delivers exceptional energy savings for pumping systems by optimizing motor speed during partial load conditions. Perfect for water supply systems, irrigation, and industrial fluid handling applications.</p>','emotron-flowdrive.webp',1),(67,106,'Emotron VS10 & VS30 Drives','emotron-vs10-vs30-drives','General Purpose Industrial AC Variable Frequency Drives','<p>Emotron VS10 & VS30 Drives are premium variable frequency drives offering advanced motor control with multi-motor capability. These drives feature sophisticated control algorithms, programmable logic functions, and extensive application software.</p>\n\n<p>Available in power ratings from 0.37 kW to 400 kW in compact to NEMA frame configurations. VS10 and VS30 series delivers superior performance and flexibility for complex industrial applications requiring advanced automation capabilities and multiple motor coordination.</p>','emotron-vs10-vs30-drives.webp',1),(68,106,'Emotron VSS Drives','emotron-vss-drives','Compact Single-Phase AC Drive Technology','<p>Emotron VSS Drives are robust variable frequency drives designed for demanding industrial environments. These drives feature compact design with enhanced cooling systems for operation in high-temperature areas with advanced diagnostics and protection functions.</p>\n\n<p>Available in power ratings from 0.37 kW to 315 kW. VSS drives are suitable for industrial machinery, heavy-duty pump applications, and harsh operational environments. These drives deliver superior reliability and durability with minimal downtime requirements.</p>','emotron-vss-drives.webp',1),(69,106,'Emotron VSX Drives','emotron-vsx-drives','Advanced Three-Phase Industrial Drive Solutions','<p>Emotron VSX Drives are high-specification variable frequency drives featuring advanced power electronics and control technology. These drives offer excellent efficiency, precise motor speed control, and harmonic filtering technology for superior power quality.</p>\n\n<p>Available in power ratings from 0.37 kW to 250 kW in compact frame configurations. VSX drives are ideal for precision machinery, sensitive process control, and applications requiring superior electrical compatibility and minimal electromagnetic interference.</p>','emotron-vsx-drives.webp',1),(70,106,'Emotron VSM Drives','emotron-vsm-drives','Modular Drive Architecture for Scalable Control','<p>Emotron VSM Drives are medium-power variable frequency drives designed for general industrial motor applications. These drives offer reliable motor speed control with energy-saving capabilities suitable for pumps, fans, machinery, and industrial applications.</p>\n\n<p>Available in power ratings from 0.37 kW to 160 kW in compact frame configurations. VSM drives combine reliability, user-friendly programming, and compact design. These drives provide consistent performance with minimal maintenance for straightforward industrial applications.</p>','emotron-vsm-drives.webp',1),(71,106,'Emotron VSR Solar Drive','emotron-vsr-solar-drive','Renewable Energy Variable Frequency Drive Solutions','<p>Emotron VSR Solar Drive is a specialized variable frequency drive designed for solar-powered pump systems. This drive optimizes pump operation for variable solar power input with automatic adaptation to changing solar availability.</p>\n\n<p>Available in power ratings from 0.37 kW to 100 kW with maximum power point tracking and smooth power transition capabilities. VSR Solar Drive delivers efficient, reliable pump operation powered by renewable solar energy. Perfect for remote water supply systems and off-grid pumping applications.</p>','emotron-vsr-solar-drive.webp',1),(72,106,'DC Drive','dc-industrial-drive','Direct Current Drive Systems for Industrial Applications','<p>DC Drive is a variable speed drive for controlling direct current motors in industrial applications. DC drives provide smooth acceleration, precise speed control, and efficient power management for DC motor systems.</p>\n\n<p>Available in power ratings from 0.37 kW to 1000 kW with industrial-grade construction. DC drives deliver superior performance with excellent controllability and reliability for applications requiring variable speed, high starting torque, and precise regulation such as cranes, hoists, and industrial machinery.</p>','dc-drive.webp',1),(73,106,'MV Drives - Medium Voltage','mv-medium-voltage-drives','Medium Voltage Drive Technology for Large Industrial Motors','<p>MV Drives - Medium Voltage variable frequency drives are engineered for medium voltage motor applications (1 kV to 6.6 kV). These drives feature advanced power electronics technology for industrial applications requiring high-power motor control.</p>\n\n<p>Available in power ratings from 37 kW to 10,000 kW for industrial-scale applications. Medium voltage drives are suitable for large motors in power plants, petrochemical facilities, mining operations, and heavy industrial applications. These drives deliver efficient motor control with superior power quality.</p>','mv-drives.webp',1),(74,107,'Emotron MSF 2.0 Softstarter','emotron-msf-2-0-softstarter','Modern Soft Starter for Smooth Motor Acceleration','<p>Emotron MSF 2.0 Softstarter is an intelligent soft-starting device designed to reduce mechanical and electrical stress during motor startup. This advanced starter provides smooth acceleration of AC motors while reducing inrush current and mechanical shock.</p>\n\n<p>Available in power ratings from 5.5 kW to 280 kW with energy-saving operation by adjusting motor speed to match load requirements. MSF 2.0 softstarters are ideal for pump, fan, and conveyor applications. These starters deliver reliable motor starting with extended equipment life and reduced maintenance.</p>','emotron-msf-softstarter.webp',1),(75,107,'Emotron TSA Softstarter','emotron-tsa-softstarter','Compact Soft Starter for General Industrial Use','<p>Emotron TSA Softstarter is a compact soft-starting device for controlling AC motor startup and speed. This intelligent softstarter reduces mechanical stress and electrical inrush current while enabling smooth acceleration of motor systems.</p>\n\n<p>Available in power ratings from 1.1 kW to 160 kW with advanced control features for optimized motor startup. TSA softstarters are suitable for centrifugal pumps, fans, conveyor systems, and general industrial machinery. These starters provide reliable, smooth motor starting with minimal mechanical stress.</p>','emotron-tsa-softstarter.webp',1),(76,107,'Variable Frequency Starter (VFS)','variable-frequency-starter-vfs','Frequency-Based Motor Control Soft Starter Technology','<p>Variable Frequency Starter (VFS) is an advanced motor control device combining soft-starting and variable frequency capabilities. This integrated solution provides smooth motor startup with energy-efficient speed control for diverse industrial applications.</p>\n\n<p>Available in power ratings from 0.37 kW to 315 kW with integrated functionality. VFS technology offers reduced inrush current, smooth acceleration, and optimized speed control in a single package. Ideal for pump systems, fan applications, compressors, and machinery requiring both controlled startup and energy efficiency.</p>','variable-frequency-starter.webp',1),(77,1,'High Low Voltage AC DC Motors','-igh-ow-oltage-otors',NULL,'The range of High and Low voltage AC &amp; DC motors include safe and hazardous area motors, energy efficient motors as well as motors for special ap',NULL,0),(78,1,'International Efficiency IE2 IE3 Apex series','-nternational-fficiency-2-3-pex-series',NULL,'The increasing costs of energy calls for saving the same in all steps of manufacture. Electric Motor Driven systems used in the industrial processes',NULL,0),(79,1,'Super Premium IE4 Efficiency Apex Series','-uper-remium-4-fficiency-pex-eries',NULL,'Out of our commitment towards high energy efficiency and top notch performance, CG presents the next and latest generation of a green solution, Apex',NULL,0),(80,1,'Totally Enclosed Fan Cooled Induction Motor NG Series','-otally-nclosed-an-ooled-nduction-otor-eries',NULL,'CG manufactures NG-Series Motors, which are the state - of - the art, energy efficient and Totally Enclosed Fan Cooled (TEFC) Squirrel Cage motors. T',NULL,0),(81,1,'Air Cooled Induction Motors IC 6A1A1 IC 6A1A6 IC 6A6A6 CACA','-ir-ooled-nduction-otors-6-1-1-6-1-6-6-6-6-',NULL,'CG offers CACA Motors, which include TP and FT Series High Voltage Induction Motors.',NULL,0),(82,1,'Energy Efficient Motors HV N Series','-nergy-fficient-otors-eries',NULL,'N-Series motors are the trademarked series of CG Industrial System. The motors are offered in air cooled and water cooled construction. These motors',NULL,0),(83,1,'Fan Cooled Induction Motor IC 4A1A1 IC 4A1A6 TEFC','-an-ooled-nduction-otor-4-1-1-4-1-6-',NULL,'CG manufactures NG-Series Motors, which belong to a family of state of the art, energy efficient and Totally Enclosed Fan Cooled (TEFC) Squirrel Cage',NULL,0),(84,1,'Open Air Type Induction Motor IC 0A1 IC 0A6 SPDP','-pen-ir-ype-nduction-otor-0-1-0-6-',NULL,'CG offers SPDP Motors which include UD and FH Series High Voltage Induction Motors.',NULL,0),(85,1,'Tube Ventilated Induction Motor IC 5A1A1 IC 5A1A6 TETV','-ube-entilated-nduction-otor-5-1-1-5-1-6-',NULL,'CG manufactures Totally Enclosed Tube Ventilated (TETV) Motors in Squirrel Cage (SCR) and Slip Ring (SR) designs that provide excellent performance i',NULL,0),(86,1,'Water Cooled Induction Motors IC 8A1W7 CACW','-ater-ooled-nduction-otors-8-1-7-',NULL,'CG offers CACW Motors which include UW and FR Series High Voltage Induction Motors.',NULL,0),(87,1,'Aluminium enclosure motors Safe area','-luminium-enclosure-motors-afe-area',NULL,'GD Series aluminum motor range covers product with output as little as 0.18kw to 11kw in frame sizes IEC63 to 160, GD series have Multi mount facilit',NULL,0),(88,1,'Cast Iron enclosure motors Safe Area','-ast-ron-enclosure-motors-afe-rea',NULL,'CG LV cast iron motor range covers products with outputs from 0.37 kW to 710 kW in frame sizes 63 to 500. They are suitable for use within a diverse',NULL,0),(89,1,'Flame Proof Motors Ex db LV','-lame-roof-otors-x-db-',NULL,'CG offers wide range of low voltage Flameproof squirrel cage &amp; Slip ring electric motors for operation in hazardous and hostile environments, ran',NULL,0),(90,1,'Increased Safety Motors Ex eb LV','-ncreased-afety-otors-x-eb-',NULL,'CG manufactures state-of-the-art INCREASED SAFETY MOTORS (Ex&rsquo;eb&rsquo;). These motors meet the stringent quality and performance norms laid dow',NULL,0),(91,1,'Non Sparking Motor Ex nA Ex ec LV','-on-parking-otor-x-n-x-ec-',NULL,'CG manufactures state of the art NON-SPARKING Motors Ex `nA`/ &lsquo;ec&rsquo;. These motors meet the stringent quality and performance norms laid do',NULL,0),(92,1,'Slip Ring Motors LV','-lip-ing-otors-',NULL,'CG has Low Voltage Slip Ring electric motors ranging from 3.7 kW to 350 kW in both TEFC (IP55) &amp; Drip Proof (IP23) construction. These motors are',NULL,0),(93,1,'SMARTORCG Smart Motors','-mart-otors',NULL,'Motors play a critical role in functioning of a manufacturing plant. These motors need to be serviced, maintained and analysed to avoid untimely brea',NULL,0),(94,1,'Flame Proof Motors Ex d LV','-lame-roof-otors-x-d-',NULL,'CG offers wide range of low voltage Flameproof Squirrel Cage &amp; Slip Ring electric motors for operation in hazardous and hostile environments, ran',NULL,0),(95,1,'Increased Safety Motors Ex e LV','-ncreased-afety-otors-x-e-',NULL,'CG manufactures state - of - the - art INCREASED SAFETY MOTORS. These motors meet the stringent quality and performance norms laid down by both India',NULL,0),(96,1,'Non Sparking Motor Ex n LV','-on-parking-otor-x-n-',NULL,'CG manufactures state of the art NON-SPARKING Motors Ex `n`. These motors meet the stringent quality and performance norms laid down by both Indian a',NULL,0),(97,1,'Flame Proof Large Motors Ex d HV','-lame-roof-arge-otors-x-d-',NULL,'One of the special areas of focus for CG has been motors for hazardous area applications. The scenario of operation of these motors and the regulator',NULL,0),(98,1,'Increased Safety Motors Ex e HV','-ncreased-afety-otors-x-e-',NULL,'CG manufactures state-of-the-art INCREASED SAFETY MOTORS. These motors meet the stringent quality and performance norms laid down by both Indian and',NULL,0),(99,1,'Non Sparking Motor Ex n HV','-on-parking-otor-x-n-',NULL,'CG manufactures state of the art NON-SPARKING Motors Ex `n`. These motors meet the stringent quality and performance norms laid down by both Indian a',NULL,0),(100,1,'Pressurized Motor Ex p HV','-ressurized-otor-x-p-',NULL,'Ex &lsquo;p&rsquo; motor is an economical solution for Large rating Flameproof motors (FLP motors) which can be used in Zone-1 of Hazardous Area. Wit',NULL,0),(101,1,'Re Rolling Mill Motor','-e-olling-ill-otor',NULL,'With versatile experience over the years, CG has developed a highly standardized range of motors dedicated specifically to the Re-rolling mill indust',NULL,0);
/*!40000 ALTER TABLE `mx_motor` ENABLE KEYS */;
UNLOCK TABLES;

--
-- Table structure for table `mx_motor_category`
--

DROP TABLE IF EXISTS `mx_motor_category`;
/*!40101 SET @saved_cs_client     = @@character_set_client */;
/*!40101 SET character_set_client = utf8 */;
CREATE TABLE `mx_motor_category` (
  `categoryMID` int(11) NOT NULL AUTO_INCREMENT,
  `parentID` int(11) NOT NULL DEFAULT 0,
  `categoryTitle` varchar(250) DEFAULT NULL,
  `imageName` varchar(255) DEFAULT NULL,
  `synopsis` text DEFAULT NULL,
  `templateFile` varchar(100) DEFAULT NULL,
  `xOrder` int(11) NOT NULL DEFAULT 0,
  `seoUri` varchar(255) DEFAULT NULL,
  `langCode` varchar(4) DEFAULT NULL,
  `langChild` varchar(150) DEFAULT NULL,
  `parentLID` int(11) NOT NULL DEFAULT 0,
  `status` tinyint(1) NOT NULL DEFAULT 1,
  PRIMARY KEY (`categoryMID`)
) ENGINE=InnoDB AUTO_INCREMENT=108 DEFAULT CHARSET=utf8mb4 COLLATE=utf8mb4_general_ci;
/*!40101 SET character_set_client = @saved_cs_client */;

--
-- Dumping data for table `mx_motor_category`
--

LOCK TABLES `mx_motor_category` WRITE;
/*!40000 ALTER TABLE `mx_motor_category` DISABLE KEYS */;
INSERT INTO `mx_motor_category` VALUES (1,100,'High / Low Voltage AC & DC Motors','unnamed.jpg','Comprehensive range of high and low voltage AC & DC motors for industrial applications, including energy-efficient designs, hazardous area motors, and specialized applications.',NULL,0,'motor/high-low-voltage-ac-dc-motors','en',NULL,0,1),(5,102,'Safe Area Single Phase AC Motor','unnamed.jpg',NULL,NULL,0,'motor/single-phase-ac-motor/safe-area-single-phase-ac-motor','en',NULL,0,0),(6,102,'Hazardous Area Single Phase AC Motor','unnamed.jpg',NULL,NULL,0,'motor/single-phase-ac-motor/hazardous-area-single-phase-ac-motor','en',NULL,0,0),(7,24,'Laminated Yoke DC Motor','unnamed.jpg',NULL,NULL,0,'motor/dc-motors/laminated-yoke-dc-motor','en',NULL,0,0),(8,24,'Solid Yoke DC Motor','unnamed.jpg',NULL,NULL,0,'motor/dc-motor/solid-yoke-dc-motor','en',NULL,0,0),(9,3,'DC Motor 3',NULL,NULL,NULL,0,'motor/dc-motor/dc-motor-3','en',NULL,0,0),(11,22,'Squirrel Cage Motor IE2 Efficiency','unnamed.jpg',NULL,NULL,0,'motor/low-voltage-ac-motor/squirrel-cage-motor-ie2-efficiency','en',NULL,0,0),(12,22,'Squirrel Cage Motor IE3 Efficiency','unnamed.jpg',NULL,NULL,0,'motor/low-voltage-ac-motor/squirrel-cage-motor-ie3-efficiency','en',NULL,0,0),(13,22,'Squirrel Cage Motor IE4 Efficiency','unnamed.jpg',NULL,NULL,0,'motor/low-voltage-ac-motor/squirrel-cage-motor-ie4-efficiency','en',NULL,0,0),(14,22,'Slip Ring Induction Motors','unnamed.jpg',NULL,NULL,0,'motor/low-voltage-ac-motor/slip-ring-induction-motors','en',NULL,0,0),(15,25,'Safe Area High Voltage AC Motor','unnamed.jpg',NULL,NULL,0,'motor/high-voltage-ac-motors/safe-area-high-voltage-ac-motor','en',NULL,0,0),(16,25,'Hazardous Area High Voltage AC Motor','unnamed.jpg',NULL,NULL,0,'motor/high-voltage-ac-motors/hazardous-area-high-voltage-ac-motor','en',NULL,0,0),(17,11,'Safe Area Squirrel Cage IE2 Motors','unnamed.jpg',NULL,NULL,0,'motor/low-voltage-ac-motor/squirrel-cage-motor-ie2-efficiency/safe-area-squirrel-cage-ie2-motors','en',NULL,0,0),(18,1,'AC Motor1 third leve','unnamed.jpg','Testing',NULL,0,'motor/dc-motor/solid-yoke-dc-motor/ac-motor1-third-leve','en',NULL,0,0),(19,100,'Electric','unnamed.jpg',NULL,NULL,0,'electric','en',NULL,0,0),(20,1,'High Voltage Motors','unnamed.jpg','High voltage motors from Bombay Engineering are engineered for industrial applications requiring superior performance and reliability. These motors deliver exceptional efficiency across heavy-duty operations, from manufacturing plants to power generation facilities. Our HV motors feature advanced cooling systems, reinforced insulation, and robust construction to handle demanding environments while maintaining consistent power output and operational safety.',NULL,1,'motor/high-low-voltage-ac-dc-motors/high-voltage-motors',NULL,NULL,0,1),(21,1,'Low Voltage Motors','unnamed.jpg','Low voltage motors from Bombay Engineering combine efficiency with versatility for commercial and residential applications. Suitable for water pumps, HVAC systems, and industrial machinery, these motors offer reliable performance in diverse operational scenarios. Our LV motors feature energy-saving designs, compact profiles, and easy integration capabilities, making them ideal for cost-conscious businesses seeking dependable motor solutions.',NULL,2,'motor/high-low-voltage-ac-dc-motors/low-voltage-motors',NULL,NULL,0,1),(22,1,'Energy Efficient Motors','unnamed.jpg','Energy-efficient motors from Bombay Engineering meet international IE3 and IE4 standards, significantly reducing operational costs and carbon footprint. Ideal for environmentally-conscious industries and businesses targeting sustainability goals, these motors deliver superior efficiency without sacrificing performance. Our IE-rated motors provide lower operating temperatures, extended lifespan, and reduced maintenance requirements.',NULL,3,'motor/high-low-voltage-ac-dc-motors/energy-efficient-motors',NULL,NULL,0,1),(23,1,'Motors for Hazardous Area (LV)','unnamed.jpg','Safety-certified motors for hazardous environments from Bombay Engineering ensure operational protection in explosive atmospheres. Compliant with international safety standards, these LV hazardous area motors feature flame-proof construction, enhanced cooling, and specialized insulation for zones requiring maximum safety. Ideal for chemical plants, oil refineries, and mining operations.',NULL,4,'motor/high-low-voltage-ac-dc-motors/motors-for-hazardous-area-lv',NULL,NULL,0,1),(24,1,'DC Motors','unnamed.jpg','DC motors from Bombay Engineering provide precise speed control and exceptional torque for specialized industrial applications. From mining equipment to steel mills, our DC motors deliver consistent performance in demanding environments. Featuring robust construction, advanced cooling systems, and customizable configurations, these motors are engineered for applications requiring variable speed operation and high torque output.',NULL,6,'motor/high-low-voltage-ac-dc-motors/dc-motors',NULL,NULL,0,1),(25,1,'Motors for Hazardous Areas (HV)','unnamed.jpg','High voltage flame-proof motors from Bombay Engineering are designed for the most demanding hazardous environments. These motors meet stringent international safety standards for explosive atmospheres and provide maximum protection in high-risk industrial settings. With advanced thermal management, reinforced construction, and specialized insulation systems, our HV hazardous area motors ensure safe, reliable operation in critical applications.',NULL,5,'motor/high-low-voltage-ac-dc-motors/motors-for-hazardous-areas-hv',NULL,NULL,0,1),(26,1,'Special Application Motors','unnamed.jpg','Specialized motors from Bombay Engineering are engineered for unique industrial requirements including cement mills, sugar plants, and textile machinery. Our custom-designed motors feature application-specific configurations, enhanced durability, and superior load-handling capabilities. Whether for twin-drive systems, brake motors, or re-rolling mill applications, our specialized motors deliver optimized performance.',NULL,7,'motor/high-low-voltage-ac-dc-motors/special-application-motors',NULL,NULL,0,1),(27,0,'Motor',NULL,NULL,NULL,0,'motor','en',NULL,0,0),(100,0,'Motor','unnamed.jpg',NULL,NULL,0,'motor',NULL,NULL,0,1),(101,100,'FHP / Commercial Motors','unnamed.jpg',NULL,NULL,1,'motor/fhp-commercial-motors','en',NULL,0,1),(102,101,'Single Phase Motors','unnamed.jpg',NULL,NULL,1,'motor/fhp-commercial-motors/single-phase-motors',NULL,NULL,0,1),(103,101,'3 Phase Motors - Rolled Steel Body',NULL,NULL,NULL,2,'motor/fhp-commercial-motors/3-phase-motors-rolled-steel-body',NULL,NULL,0,0),(104,101,'Application Specific Motors','unnamed.jpg',NULL,NULL,3,'motor/fhp-commercial-motors/application-specific-motors',NULL,NULL,0,1),(105,100,'Drives and Automation','unnamed.jpg',NULL,NULL,2,'motor/drives-and-automation',NULL,NULL,0,1),(106,105,'Industrial Drives','unnamed.jpg',NULL,NULL,1,'motor/drives-and-automation/industrial-drives',NULL,NULL,0,1),(107,105,'Soft Starters','unnamed.jpg',NULL,NULL,2,'motor/drives-and-automation/soft-starters',NULL,NULL,0,1);
/*!40000 ALTER TABLE `mx_motor_category` ENABLE KEYS */;
UNLOCK TABLES;

--
-- Table structure for table `mx_motor_detail`
--

DROP TABLE IF EXISTS `mx_motor_detail`;
/*!40101 SET @saved_cs_client     = @@character_set_client */;
/*!40101 SET character_set_client = utf8 */;
CREATE TABLE `mx_motor_detail` (
  `motorDID` int(11) NOT NULL AUTO_INCREMENT,
  `motorID` int(11) DEFAULT 0,
  `descriptionTitle` varchar(255) DEFAULT NULL,
  `descriptionOutput` varchar(50) DEFAULT NULL,
  `descriptionVoltage` varchar(50) DEFAULT NULL,
  `descriptionFrameSize` varchar(50) DEFAULT NULL,
  `descriptionStandard` varchar(255) DEFAULT NULL,
  `status` tinyint(1) DEFAULT 1,
  PRIMARY KEY (`motorDID`)
) ENGINE=InnoDB AUTO_INCREMENT=196 DEFAULT CHARSET=utf8mb4 COLLATE=utf8mb4_general_ci;
/*!40101 SET character_set_client = @saved_cs_client */;

--
-- Dumping data for table `mx_motor_detail`
--

LOCK TABLES `mx_motor_detail` WRITE;
/*!40000 ALTER TABLE `mx_motor_detail` DISABLE KEYS */;
INSERT INTO `mx_motor_detail` VALUES (1,15,'Air Cooled CACA - 0.75 kW - 4 Pole - Frame 56','0.75 kW','Up to 11 kV','56','IEC 60034-1, IEC 60034-5, IEC 60034-6, IEC 60034-7, IS 2253',1),(2,15,'Air Cooled CACA - 1.5 kW - 4 Pole - Frame 63','1.5 kW','Up to 11 kV','63','IEC 60034-1, IEC 60034-5, IEC 60034-6, IEC 60034-7, IS 2253',1),(3,15,'Air Cooled CACA - 3.7 kW - 4 Pole - Frame 90','3.7 kW','Up to 11 kV','90','IEC 60034-1, IEC 60034-5, IEC 60034-6, IEC 60034-7, IS 2253',1),(4,15,'Air Cooled CACA - 7.5 kW - 4 Pole - Frame 112','7.5 kW','Up to 11 kV','112','IEC 60034-1, IEC 60034-5, IEC 60034-6, IEC 60034-7, IS 2253',1),(5,15,'Air Cooled CACA - 15 kW - 4 Pole - Frame 160','15 kW','Up to 11 kV','160','IEC 60034-1, IEC 60034-5, IEC 60034-6, IEC 60034-7, IS 2253',1),(6,15,'Air Cooled CACA - 30 kW - 4 Pole - Frame 200','30 kW','Up to 11 kV','200','IEC 60034-1, IEC 60034-5, IEC 60034-6, IEC 60034-7, IS 2253',1),(7,15,'Air Cooled CACA - 55 kW - 4 Pole - Frame 250','55 kW','Up to 11 kV','250','IEC 60034-1, IEC 60034-5, IEC 60034-6, IEC 60034-7, IS 2253',1),(8,15,'Air Cooled CACA - 75 kW - 4 Pole - Frame 280','75 kW','Up to 11 kV','280','IEC 60034-1, IEC 60034-5, IEC 60034-6, IEC 60034-7, IS 2253',1),(9,16,'Double Cage Motor - 500 kW - 6 Pole - Frame 280','500 kW','Up to 11 kV','280','IEC 60034-1, IS 2253, ISO 9001, ISO 14001',1),(10,16,'Double Cage Motor - 2500 kW - 6 Pole - Frame 355','2500 kW','Up to 11 kV','355','IEC 60034-1, IS 2253, ISO 9001, ISO 14001',1),(11,17,'Water Cooled CACW - 37 kW - 4 Pole - Frame 160','37 kW','Up to 11 kV','160','IEC 60034-1, IEC 60034-5, IEC 60034-6, IEC 60034-7, IS 2253',1),(12,17,'Water Cooled CACW - 75 kW - 4 Pole - Frame 200','75 kW','Up to 11 kV','200','IEC 60034-1, IEC 60034-5, IEC 60034-6, IEC 60034-7, IS 2253',1),(13,17,'Water Cooled CACW - 150 kW - 4 Pole - Frame 250','150 kW','Up to 11 kV','250','IEC 60034-1, IEC 60034-5, IEC 60034-6, IEC 60034-7, IS 2253',1),(14,18,'Open Air SPDP - 30 kW - 4 Pole - Frame 132','30 kW','Up to 11 kV','132','IEC 60034-1, IEC 60034-7, IS 2253',1),(15,18,'Open Air SPDP - 75 kW - 4 Pole - Frame 180','75 kW','Up to 11 kV','180','IEC 60034-1, IEC 60034-7, IS 2253',1),(16,18,'Open Air SPDP - 200 kW - 4 Pole - Frame 225','200 kW','Up to 11 kV','225','IEC 60034-1, IEC 60034-7, IS 2253',1),(17,19,'Tube Ventilated TETV - 45 kW - 4 Pole - Frame 160','45 kW','Up to 11 kV','160','IEC 60034-1, IEC 60034-5, IEC 60034-6, IEC 60034-7, IS 2253',1),(18,19,'Tube Ventilated TETV - 100 kW - 4 Pole - Frame 200','100 kW','Up to 11 kV','200','IEC 60034-1, IEC 60034-5, IEC 60034-6, IEC 60034-7, IS 2253',1),(19,19,'Tube Ventilated TETV - 250 kW - 4 Pole - Frame 280','250 kW','Up to 11 kV','280','IEC 60034-1, IEC 60034-5, IEC 60034-6, IEC 60034-7, IS 2253',1),(20,20,'Fan Cooled TEFC - 11 kW - 4 Pole - Frame 100','11 kW','Up to 11 kV','100','IEC 60034-1, IEC 60034-5, IEC 60034-6, IEC 60034-7, IS 2253',1),(21,20,'Fan Cooled TEFC - 22 kW - 4 Pole - Frame 160','22 kW','Up to 11 kV','160','IEC 60034-1, IEC 60034-5, IEC 60034-6, IEC 60034-7, IS 2253',1),(22,20,'Fan Cooled TEFC - 45 kW - 4 Pole - Frame 200','45 kW','Up to 11 kV','200','IEC 60034-1, IEC 60034-5, IEC 60034-6, IEC 60034-7, IS 2253',1),(23,21,'Energy Efficient HV N-Series - 7.5 kW - 4 Pole - Frame 90','7.5 kW','Up to 11 kV','90','IEC 60034-1, IEC 60034-5, ISO 9001, ISO 14001, IE3',1),(24,21,'Energy Efficient HV N-Series - 22 kW - 4 Pole - Frame 160','22 kW','Up to 11 kV','160','IEC 60034-1, IEC 60034-5, ISO 9001, ISO 14001, IE3',1),(25,21,'Energy Efficient HV N-Series - 75 kW - 4 Pole - Frame 250','75 kW','Up to 11 kV','250','IEC 60034-1, IEC 60034-5, ISO 9001, ISO 14001, IE3',1),(26,37,'Flame Proof Ex d HV - 5.5 kW - 4 Pole - Frame 90','5.5 kW','Up to 6.6 kV','90','ATEX II 2G, IEC 60079-1, IEC 60034-1, IS 10500',1),(27,37,'Flame Proof Ex d HV - 15 kW - 4 Pole - Frame 160','15 kW','Up to 6.6 kV','160','ATEX II 2G, IEC 60079-1, IEC 60034-1, IS 10500',1),(28,37,'Flame Proof Ex d HV - 37 kW - 4 Pole - Frame 200','37 kW','Up to 6.6 kV','200','ATEX II 2G, IEC 60079-1, IEC 60034-1, IS 10500',1),(29,37,'Flame Proof Ex d HV - 75 kW - 4 Pole - Frame 280','75 kW','Up to 6.6 kV','280','ATEX II 2G, IEC 60079-1, IEC 60034-1, IS 10500',1),(30,38,'Explosion Proof HV - 11 kW - 4 Pole - Frame 112','11 kW','Up to 11 kV','112','ATEX II 2G, EN 60079, IEC 60034-1',1),(31,38,'Explosion Proof HV - 30 kW - 4 Pole - Frame 180','30 kW','Up to 11 kV','180','ATEX II 2G, EN 60079, IEC 60034-1',1),(32,38,'Explosion Proof HV - 75 kW - 4 Pole - Frame 250','75 kW','Up to 11 kV','250','ATEX II 2G, EN 60079, IEC 60034-1',1),(33,45,'Increased Safety Ex e HV - 7.5 kW - 4 Pole - Frame 90','7.5 kW','Up to 11 kV','90','ATEX II 3G, EN 60079, IEC 60034-1',1),(34,45,'Increased Safety Ex e HV - 22 kW - 4 Pole - Frame 160','22 kW','Up to 11 kV','160','ATEX II 3G, EN 60079, IEC 60034-1',1),(35,45,'Increased Safety Ex e HV - 55 kW - 4 Pole - Frame 225','55 kW','Up to 11 kV','225','ATEX II 3G, EN 60079, IEC 60034-1',1),(36,46,'Non Sparking Ex n HV - 5.5 kW - 4 Pole - Frame 80','5.5 kW','Up to 6.6 kV','80','ATEX II 3G, EN 60079, IEC 60034-1',1),(37,46,'Non Sparking Ex n HV - 15 kW - 4 Pole - Frame 160','15 kW','Up to 6.6 kV','160','ATEX II 3G, EN 60079, IEC 60034-1',1),(38,46,'Non Sparking Ex n HV - 37 kW - 4 Pole - Frame 200','37 kW','Up to 6.6 kV','200','ATEX II 3G, EN 60079, IEC 60034-1',1),(39,23,'Flame Proof Ex db LV - 0.5 kW - 230/400V 3Ph - Frame 56','0.5 kW','230/400V 3Ph','56','ATEX II 2G, IEC 60079-1, IEC 60034-1, IS 10500',1),(40,23,'Flame Proof Ex db LV - 1.5 kW - 230/400V 3Ph - Frame 90','1.5 kW','230/400V 3Ph','90','ATEX II 2G, IEC 60079-1, IEC 60034-1, IS 10500',1),(41,23,'Flame Proof Ex db LV - 3.7 kW - 230/400V 3Ph - Frame 112','3.7 kW','230/400V 3Ph','112','ATEX II 2G, IEC 60079-1, IEC 60034-1, IS 10500',1),(42,23,'Flame Proof Ex db LV - 7.5 kW - 230/400V 3Ph - Frame 160','7.5 kW','230/400V 3Ph','160','ATEX II 2G, IEC 60079-1, IEC 60034-1, IS 10500',1),(43,23,'Flame Proof Ex db LV - 15 kW - 230/400V 3Ph - Frame 200','15 kW','230/400V 3Ph','200','ATEX II 2G, IEC 60079-1, IEC 60034-1, IS 10500',1),(44,25,'Non Sparking Ex nA LV - 0.75 kW - 230/400V 3Ph - Frame 71','0.75 kW','230/400V 3Ph','71','ATEX II 3G, EN 60079, IEC 60034-1',1),(45,25,'Non Sparking Ex nA LV - 2.2 kW - 230/400V 3Ph - Frame 90','2.2 kW','230/400V 3Ph','90','ATEX II 3G, EN 60079, IEC 60034-1',1),(46,25,'Non Sparking Ex nA LV - 5.5 kW - 230/400V 3Ph - Frame 132','5.5 kW','230/400V 3Ph','132','ATEX II 3G, EN 60079, IEC 60034-1',1),(47,25,'Non Sparking Ex ec LV - 11 kW - 230/400V 3Ph - Frame 160','11 kW','230/400V 3Ph','160','ATEX II 3G, EN 60079, IEC 60034-1',1),(48,26,'Increased Safety Ex eb LV - 1.1 kW - 230/400V 3Ph - Frame 80','1.1 kW','230/400V 3Ph','80','ATEX II 3G, EN 60079, IEC 60034-1',1),(49,26,'Increased Safety Ex eb LV - 3 kW - 230/400V 3Ph - Frame 112','3 kW','230/400V 3Ph','112','ATEX II 3G, EN 60079, IEC 60034-1',1),(50,26,'Increased Safety Ex eb LV - 7.5 kW - 230/400V 3Ph - Frame 160','7.5 kW','230/400V 3Ph','160','ATEX II 3G, EN 60079, IEC 60034-1',1),(51,29,'Slip Ring Motor - 1.5 kW - 230/400V 3Ph - Frame 90','1.5 kW','230/400V 3Ph','90','IEC 60034-1, IS 325',1),(52,29,'Slip Ring Motor - 5.5 kW - 230/400V 3Ph - Frame 160','5.5 kW','230/400V 3Ph','160','IEC 60034-1, IS 325',1),(53,29,'Slip Ring Motor - 22 kW - 230/400V 3Ph - Frame 225','22 kW','230/400V 3Ph','225','IEC 60034-1, IS 325',1),(54,33,'Flame Proof Ex d LV - 0.37 kW - 230/400V 3Ph - Frame 56','0.37 kW','230/400V 3Ph','56','ATEX II 2G, IEC 60079-1, IEC 60034-1, IS 10500',1),(55,33,'Flame Proof Ex d LV - 1.1 kW - 230/400V 3Ph - Frame 80','1.1 kW','230/400V 3Ph','80','ATEX II 2G, IEC 60079-1, IEC 60034-1, IS 10500',1),(56,33,'Flame Proof Ex d LV - 3.7 kW - 230/400V 3Ph - Frame 112','3.7 kW','230/400V 3Ph','112','ATEX II 2G, IEC 60079-1, IEC 60034-1, IS 10500',1),(57,33,'Flame Proof Ex d LV - 11 kW - 230/400V 3Ph - Frame 180','11 kW','230/400V 3Ph','180','ATEX II 2G, IEC 60079-1, IEC 60034-1, IS 10500',1),(58,34,'Non Sparking Ex n LV - 0.5 kW - 230/400V 3Ph - Frame 63','0.5 kW','230/400V 3Ph','63','ATEX II 3G, EN 60079, IEC 60034-1',1),(59,34,'Non Sparking Ex n LV - 1.5 kW - 230/400V 3Ph - Frame 90','1.5 kW','230/400V 3Ph','90','ATEX II 3G, EN 60079, IEC 60034-1',1),(60,34,'Non Sparking Ex n LV - 4 kW - 230/400V 3Ph - Frame 132','4 kW','230/400V 3Ph','132','ATEX II 3G, EN 60079, IEC 60034-1',1),(61,43,'Increased Safety Ex e LV - 0.75 kW - 230/400V 3Ph - Frame 71','0.75 kW','230/400V 3Ph','71','ATEX II 3G, EN 60079, IEC 60034-1',1),(62,43,'Increased Safety Ex e LV - 2.2 kW - 230/400V 3Ph - Frame 100','2.2 kW','230/400V 3Ph','100','ATEX II 3G, EN 60079, IEC 60034-1',1),(63,43,'Increased Safety Ex e LV - 5.5 kW - 230/400V 3Ph - Frame 160','5.5 kW','230/400V 3Ph','160','ATEX II 3G, EN 60079, IEC 60034-1',1),(64,44,'Non Sparking Ex n LV - 0.37 kW - 230/400V 3Ph - Frame 56','0.37 kW','230/400V 3Ph','56','ATEX II 3G, EN 60079, IEC 60034-1',1),(65,44,'Non Sparking Ex n LV - 1.1 kW - 230/400V 3Ph - Frame 80','1.1 kW','230/400V 3Ph','80','ATEX II 3G, EN 60079, IEC 60034-1',1),(66,44,'Non Sparking Ex n LV - 3 kW - 230/400V 3Ph - Frame 112','3 kW','230/400V 3Ph','112','ATEX II 3G, EN 60079, IEC 60034-1',1),(67,30,'IE2 Apex Series - 0.18 kW - 230/400V 3Ph - Frame 56','0.18 kW','230/400V 3Ph','56','IEC 60034-30, IEC 60034-1, IE2',1),(68,30,'IE2 Apex Series - 0.55 kW - 230/400V 3Ph - Frame 71','0.55 kW','230/400V 3Ph','71','IEC 60034-30, IEC 60034-1, IE2',1),(69,30,'IE3 Apex Series - 1.5 kW - 230/400V 3Ph - Frame 90','1.5 kW','230/400V 3Ph','90','IEC 60034-30, IEC 60034-1, IE3',1),(70,30,'IE3 Apex Series - 7.5 kW - 230/400V 3Ph - Frame 160','7.5 kW','230/400V 3Ph','160','IEC 60034-30, IEC 60034-1, IE3',1),(71,30,'IE3 Apex Series - 30 kW - 230/400V 3Ph - Frame 225','30 kW','230/400V 3Ph','225','IEC 60034-30, IEC 60034-1, IE3',1),(72,31,'IE4 Apex Series - 0.75 kW - 230/400V 3Ph - Frame 71','0.75 kW','230/400V 3Ph','71','IEC 60034-30, IEC 60034-1, IE4',1),(73,31,'IE4 Apex Series - 3 kW - 230/400V 3Ph - Frame 112','3 kW','230/400V 3Ph','112','IEC 60034-30, IEC 60034-1, IE4',1),(74,31,'IE4 Apex Series - 11 kW - 230/400V 3Ph - Frame 160','11 kW','230/400V 3Ph','160','IEC 60034-30, IEC 60034-1, IE4',1),(75,31,'IE4 Apex Series - 45 kW - 230/400V 3Ph - Frame 250','45 kW','230/400V 3Ph','250','IEC 60034-30, IEC 60034-1, IE4',1),(76,32,'TEFC NG Series - 0.5 kW - 230/400V 3Ph - Frame 63','0.5 kW','230/400V 3Ph','63','IEC 60034-1, IEC 60034-5, IEC 60034-6',1),(77,32,'TEFC NG Series - 2.2 kW - 230/400V 3Ph - Frame 100','2.2 kW','230/400V 3Ph','100','IEC 60034-1, IEC 60034-5, IEC 60034-6',1),(78,32,'TEFC NG Series - 7.5 kW - 230/400V 3Ph - Frame 160','7.5 kW','230/400V 3Ph','160','IEC 60034-1, IEC 60034-5, IEC 60034-6',1),(79,32,'TEFC NG Series - 22 kW - 230/400V 3Ph - Frame 225','22 kW','230/400V 3Ph','225','IEC 60034-1, IEC 60034-5, IEC 60034-6',1),(80,35,'Large DC Machine - 5 kW - 240V DC','5 kW','240V DC','180','IEC 60034, ISO 1192, Tropical Grade',1),(81,35,'Large DC Machine - 25 kW - 440V DC','25 kW','440V DC','225','IEC 60034, ISO 1192, Tropical Grade',1),(82,35,'Large DC Machine - 75 kW - 600V DC','75 kW','600V DC','280','IEC 60034, ISO 1192, Tropical Grade',1),(83,36,'DC Motor - 0.5 kW - 240V DC - Frame 56','0.5 kW','240V DC','56','IEC 60034, Tropical Grade',1),(84,36,'DC Motor - 1.5 kW - 440V DC - Frame 90','1.5 kW','440V DC','90','IEC 60034, Tropical Grade',1),(85,36,'DC Motor - 5.5 kW - 440V DC - Frame 160','5.5 kW','440V DC','160','IEC 60034, Tropical Grade',1),(86,36,'DC Motor - 15 kW - 600V DC - Frame 225','15 kW','600V DC','225','IEC 60034, Tropical Grade',1),(87,36,'DC Motor - 37 kW - 600V DC - Frame 280','37 kW','600V DC','280','IEC 60034, Tropical Grade',1),(88,39,'Double Cage Cement Mill HV - 300 kW - 6 Pole - Frame 250','300 kW','Up to 6.6 kV','250','IEC 60034-1, IS 2253, ISO 230',1),(89,39,'Double Cage Cement Mill HV - 700 kW - 6 Pole - Frame 315','700 kW','Up to 6.6 kV','315','IEC 60034-1, IS 2253, ISO 230',1),(90,40,'Brake Motor - 0.75 kW - 230/400V 3Ph - Frame 71','0.75 kW','230/400V 3Ph','71','IEC 60034-1, IEC 60072',1),(91,40,'Brake Motor - 3 kW - 230/400V 3Ph - Frame 112','3 kW','230/400V 3Ph','112','IEC 60034-1, IEC 60072',1),(92,40,'Brake Motor - 11 kW - 230/400V 3Ph - Frame 160','11 kW','230/400V 3Ph','160','IEC 60034-1, IEC 60072',1),(93,41,'Oil Well Pump Motor - 7.5 kW - 230/400V 3Ph - Frame 112','7.5 kW','230/400V 3Ph','112','API 546, IEC 60034-1, Tropical Grade',1),(94,41,'Oil Well Pump Motor - 22 kW - 230/400V 3Ph - Frame 160','22 kW','230/400V 3Ph','160','API 546, IEC 60034-1, Tropical Grade',1),(95,41,'Oil Well Pump Motor - 55 kW - 230/400V 3Ph - Frame 225','55 kW','230/400V 3Ph','225','API 546, IEC 60034-1, Tropical Grade',1),(96,42,'Re-Rolling Mill Motor - 30 kW - 230/400V 3Ph - Frame 180','30 kW','230/400V 3Ph','180','ISO 230, IEC 60034-1, Heavy Duty',1),(97,42,'Re-Rolling Mill Motor - 75 kW - 230/400V 3Ph - Frame 250','75 kW','230/400V 3Ph','250','ISO 230, IEC 60034-1, Heavy Duty',1),(98,42,'Re-Rolling Mill Motor - 150 kW - 230/400V 3Ph - Frame 315','150 kW','230/400V 3Ph','315','ISO 230, IEC 60034-1, Heavy Duty',1),(99,47,'Pressurized Ex p HV - 15 kW - 3.3kV 3Ph - Frame 160','15 kW','Up to 3.3 kV','160','ATEX II 2G, EN 60079, IEC 60034-1',1),(100,47,'Pressurized Ex p HV - 37 kW - 6.6kV 3Ph - Frame 200','37 kW','Up to 6.6 kV','200','ATEX II 2G, EN 60079, IEC 60034-1',1),(101,48,'AXELERA Motor - 0.75 kW - 230/400V 3Ph - Frame 71','0.75 kW','230/400V 3Ph','71','IE4, IEC 60034-30, IEC 60034-1, ISO 9001',1),(102,48,'AXELERA Motor - 11 kW - 230/400V 3Ph - Frame 160','11 kW','230/400V 3Ph','160','IE4, IEC 60034-30, IEC 60034-1, ISO 9001',1),(103,49,'SMARTOR Motor - 1.5 kW - 230/400V 3Ph - Frame 90','1.5 kW','230/400V 3Ph','90','IE3, IEC 60034-1, Remote Monitoring',1),(104,49,'SMARTOR Motor - 7.5 kW - 230/400V 3Ph - Frame 160','7.5 kW','230/400V 3Ph','160','IE3, IEC 60034-1, Remote Monitoring',1),(105,49,'SMARTOR Motor - 22 kW - 230/400V 3Ph - Frame 225','22 kW','230/400V 3Ph','225','IE3, IEC 60034-1, Remote Monitoring',1),(106,50,'Single Phase Capacitor - 0.5 kW - 230V 1Ph','0.5 kW','230V 1Ph','56','IEC 60034-1, NEMA MG-1',1),(107,50,'Single Phase Capacitor - 1 kW - 230V 1Ph','1 kW','230V 1Ph','71','IEC 60034-1, NEMA MG-1',1),(108,50,'Single Phase Capacitor - 2 kW - 230V 1Ph','2 kW','230V 1Ph','100','IEC 60034-1, NEMA MG-1',1),(109,51,'Split Phase - 0.37 kW - 230V 1Ph','0.37 kW','230V 1Ph','56','IEC 60034-1, NEMA MG-1',1),(110,51,'Split Phase - 0.75 kW - 230V 1Ph','0.75 kW','230V 1Ph','71','IEC 60034-1, NEMA MG-1',1),(111,51,'Split Phase - 1.5 kW - 230V 1Ph','1.5 kW','230V 1Ph','90','IEC 60034-1, NEMA MG-1',1),(112,52,'Rolled Steel 3Ph - 0.5 kW - 230/400V 3Ph - Frame 63','0.5 kW','230/400V 3Ph','63','IEC 60034-1, NEMA standards',1),(113,52,'Rolled Steel 3Ph - 1.5 kW - 230/400V 3Ph - Frame 90','1.5 kW','230/400V 3Ph','90','IEC 60034-1, NEMA standards',1),(114,52,'Rolled Steel 3Ph - 5.5 kW - 230/400V 3Ph - Frame 132','5.5 kW','230/400V 3Ph','132','IEC 60034-1, NEMA standards',1),(115,53,'Aluminum Compact - 0.18 kW - 230/400V 3Ph - Frame 56','0.18 kW','230/400V 3Ph','56','IEC 60034-1, IE3, Lightweight',1),(116,53,'Aluminum Compact - 0.55 kW - 230/400V 3Ph - Frame 71','0.55 kW','230/400V 3Ph','71','IEC 60034-1, IE3, Lightweight',1),(117,53,'Aluminum Compact - 1.5 kW - 230/400V 3Ph - Frame 90','1.5 kW','230/400V 3Ph','90','IEC 60034-1, IE3, Lightweight',1),(118,54,'Cast Iron Heavy Duty - 1 kW - 230/400V 3Ph - Frame 80','1 kW','230/400V 3Ph','80','IEC 60034-1, Heavy Duty, Tropical Grade',1),(119,54,'Cast Iron Heavy Duty - 3.7 kW - 230/400V 3Ph - Frame 112','3.7 kW','230/400V 3Ph','112','IEC 60034-1, Heavy Duty, Tropical Grade',1),(120,54,'Cast Iron Heavy Duty - 15 kW - 230/400V 3Ph - Frame 200','15 kW','230/400V 3Ph','200','IEC 60034-1, Heavy Duty, Tropical Grade',1),(121,55,'Custom Motor - 2.2 kW - 230/400V 3Ph - Frame 100','2.2 kW','230/400V 3Ph','100','IEC 60034-1, Customizable',1),(122,55,'Custom Motor - 9.2 kW - 230/400V 3Ph - Frame 160','9.2 kW','230/400V 3Ph','160','IEC 60034-1, Customizable',1),(123,14,'Bajaj Motor - 0.75 kW - 230/400V 3Ph - Frame 71','0.75 kW','230/400V 3Ph','71','IS 325, IEC 60034-1, Bajaj Standard',1),(124,14,'Bajaj Motor - 2.2 kW - 230/400V 3Ph - Frame 100','2.2 kW','230/400V 3Ph','100','IS 325, IEC 60034-1, Bajaj Standard',1),(125,14,'Bajaj Motor - 7.5 kW - 230/400V 3Ph - Frame 160','7.5 kW','230/400V 3Ph','160','IS 325, IEC 60034-1, Bajaj Standard',1),(126,22,'AXELERA Motor - 0.75 kW - 230/400V 3Ph - Frame 71','0.75 kW','230/400V 3Ph','71','IE4, IEC 60034-30, IEC 60034-1, ISO 9001',1),(127,22,'AXELERA Motor - 3 kW - 230/400V 3Ph - Frame 112','3 kW','230/400V 3Ph','112','IE4, IEC 60034-30, IEC 60034-1, ISO 9001',1),(128,22,'AXELERA Motor - 11 kW - 230/400V 3Ph - Frame 160','11 kW','230/400V 3Ph','160','IE4, IEC 60034-30, IEC 60034-1, ISO 9001',1),(133,27,'Cast Iron Motor - 0.37 kW - 230/400V 3Ph - Frame 56','0.37 kW','230/400V 3Ph','56','IEC 60034-1, NEMA standards, Tropical Grade',1),(134,27,'Cast Iron Motor - 1 kW - 230/400V 3Ph - Frame 80','1 kW','230/400V 3Ph','80','IEC 60034-1, NEMA standards, Tropical Grade',1),(135,27,'Cast Iron Motor - 5.5 kW - 230/400V 3Ph - Frame 132','5.5 kW','230/400V 3Ph','132','IEC 60034-1, NEMA standards, Tropical Grade',1),(136,27,'Cast Iron Motor - 22 kW - 230/400V 3Ph - Frame 225','22 kW','230/400V 3Ph','225','IEC 60034-1, NEMA standards, Tropical Grade',1),(137,28,'Aluminum Motor - 0.18 kW - 230/400V 3Ph - Frame 56','0.18 kW','230/400V 3Ph','56','IEC 60034-1, Lightweight, Aluminum Body',1),(138,28,'Aluminum Motor - 0.5 kW - 230/400V 3Ph - Frame 63','0.5 kW','230/400V 3Ph','63','IEC 60034-1, Lightweight, Aluminum Body',1),(139,28,'Aluminum Motor - 2.2 kW - 230/400V 3Ph - Frame 100','2.2 kW','230/400V 3Ph','100','IEC 60034-1, Lightweight, Aluminum Body',1),(140,28,'Aluminum Motor - 11 kW - 230/400V 3Ph - Frame 160','11 kW','230/400V 3Ph','160','IEC 60034-1, Lightweight, Aluminum Body',1),(141,56,'Huller Motor - 1 kW - 230/400V 3Ph - Frame 80','1 kW','230/400V 3Ph','80','IEC 60034-1, Agriculture Application',1),(142,56,'Huller Motor - 3 kW - 230/400V 3Ph - Frame 112','3 kW','230/400V 3Ph','112','IEC 60034-1, Agriculture Application',1),(143,56,'Huller Motor - 7.5 kW - 230/400V 3Ph - Frame 160','7.5 kW','230/400V 3Ph','160','IEC 60034-1, Agriculture Application',1),(144,57,'Cooler Motor - 0.75 kW - 230/400V 3Ph - Frame 71','0.75 kW','230/400V 3Ph','71','IEC 60034-1, HVAC Application',1),(145,57,'Cooler Motor - 1.5 kW - 230/400V 3Ph - Frame 90','1.5 kW','230/400V 3Ph','90','IEC 60034-1, HVAC Application',1),(146,57,'Cooler Motor - 5.5 kW - 230/400V 3Ph - Frame 132','5.5 kW','230/400V 3Ph','132','IEC 60034-1, HVAC Application',1),(147,58,'Flange Motor - 0.5 kW - 230/400V 3Ph - Frame 63','0.5 kW','230/400V 3Ph','63','IEC 60034-1, Flange Mount',1),(148,58,'Flange Motor - 1.5 kW - 230/400V 3Ph - Frame 90','1.5 kW','230/400V 3Ph','90','IEC 60034-1, Flange Mount',1),(149,58,'Flange Motor - 3.7 kW - 230/400V 3Ph - Frame 112','3.7 kW','230/400V 3Ph','112','IEC 60034-1, Flange Mount',1),(150,59,'Textile Motor - 2.2 kW - 230/400V 3Ph - Frame 100','2.2 kW','230/400V 3Ph','100','IEC 60034-1, Textile Industry Duty',1),(151,59,'Textile Motor - 5.5 kW - 230/400V 3Ph - Frame 132','5.5 kW','230/400V 3Ph','132','IEC 60034-1, Textile Industry Duty',1),(152,59,'Textile Motor - 15 kW - 230/400V 3Ph - Frame 200','15 kW','230/400V 3Ph','200','IEC 60034-1, Textile Industry Duty',1),(153,60,'Agricultural Motor - 0.75 kW - 230/400V 3Ph - Frame 71','0.75 kW','230/400V 3Ph','71','IEC 60034-1, Agricultural Duty',1),(154,60,'Agricultural Motor - 2.2 kW - 230/400V 3Ph - Frame 100','2.2 kW','230/400V 3Ph','100','IEC 60034-1, Agricultural Duty',1),(155,60,'Agricultural Motor - 7.5 kW - 230/400V 3Ph - Frame 160','7.5 kW','230/400V 3Ph','160','IEC 60034-1, Agricultural Duty',1),(156,61,'Emotron FDU - AC Drive - 0.37 kW','0.37 kW','230V 1Ph / 400V 3Ph','N/A','CE, EN 61800-3',1),(157,61,'Emotron FDU - AC Drive - 7.5 kW','7.5 kW','230V 1Ph / 400V 3Ph','N/A','CE, EN 61800-3',1),(158,62,'Emotron VFX - AC Drive - 0.55 kW','0.55 kW','230V 1Ph / 400V 3Ph','N/A','CE, EN 61800-3',1),(159,62,'Emotron VFX - AC Drive - 15 kW','15 kW','230V 1Ph / 400V 3Ph','N/A','CE, EN 61800-3',1),(160,63,'Emotron AFE - Active Front End - 30 kW','30 kW','400V 3Ph','N/A','CE, EN 61800-3, Power Factor Correction',1),(161,63,'Emotron AFE - Active Front End - 75 kW','75 kW','400V 3Ph','N/A','CE, EN 61800-3, Power Factor Correction',1),(162,64,'Emotron CDU/CDX - Motor-Mounted - 0.75 kW','0.75 kW','230V 1Ph / 400V 3Ph','N/A','CE, EN 61800-3, Compact Design',1),(163,64,'Emotron CDU/CDX - Motor-Mounted - 5.5 kW','5.5 kW','230V 1Ph / 400V 3Ph','N/A','CE, EN 61800-3, Compact Design',1),(164,65,'Emotron DSV/GSV - Lift Drive - 1.1 kW','1.1 kW','230V 1Ph / 400V 3Ph','N/A','CE, EN 61800-3, Lift Application',1),(165,65,'Emotron DSV/GSV - Lift Drive - 11 kW','11 kW','230V 1Ph / 400V 3Ph','N/A','CE, EN 61800-3, Lift Application',1),(166,66,'Emotron FlowDrive - Pump Control - 2.2 kW','2.2 kW','230V 1Ph / 400V 3Ph','N/A','CE, EN 61800-3, Pump Application',1),(167,66,'Emotron FlowDrive - Pump Control - 22 kW','22 kW','230V 1Ph / 400V 3Ph','N/A','CE, EN 61800-3, Pump Application',1),(168,67,'Emotron VS10 & VS30 - General Purpose - 0.37 kW','0.37 kW','230V 1Ph / 400V 3Ph','N/A','CE, EN 61800-3',1),(169,67,'Emotron VS10 & VS30 - General Purpose - 45 kW','45 kW','230V 1Ph / 400V 3Ph','N/A','CE, EN 61800-3',1),(170,68,'Emotron VSS - Servo Drive - 0.5 kW','0.5 kW','230V 1Ph / 400V 3Ph','N/A','CE, EN 61800-3, Servo Compatible',1),(171,68,'Emotron VSS - Servo Drive - 5.5 kW','5.5 kW','230V 1Ph / 400V 3Ph','N/A','CE, EN 61800-3, Servo Compatible',1),(172,69,'Emotron VSX - Synchronous Motor Drive - 2.2 kW','2.2 kW','400V 3Ph','N/A','CE, EN 61800-3, Synchronous Machines',1),(173,69,'Emotron VSX - Synchronous Motor Drive - 18.5 kW','18.5 kW','400V 3Ph','N/A','CE, EN 61800-3, Synchronous Machines',1),(174,70,'Emotron VSM - Multi-Motor Drive - 5.5 kW','5.5 kW','400V 3Ph','N/A','CE, EN 61800-3, Multi-Motor',1),(175,70,'Emotron VSM - Multi-Motor Drive - 37 kW','37 kW','400V 3Ph','N/A','CE, EN 61800-3, Multi-Motor',1),(176,71,'Emotron VSR - Solar Drive - 3 kW','3 kW','230V / 400V','N/A','CE, EN 61800-3, Solar Compatible',1),(177,71,'Emotron VSR - Solar Drive - 10 kW','10 kW','230V / 400V','N/A','CE, EN 61800-3, Solar Compatible',1),(178,72,'DC Drive - Small DC Motors - 0.25 kW','0.25 kW','230V 1Ph DC / 440V DC','N/A','CE, Industrial DC Control',1),(179,72,'DC Drive - Large DC Motors - 110 kW','110 kW','230V DC / 440V DC / 600V DC','N/A','CE, Industrial DC Control',1),(180,73,'MV Drive - Medium Voltage - 75 kW','75 kW','3.3 kV / 6.6 kV / 11 kV','N/A','CE, EN 61800-3, MV Application',1),(181,73,'MV Drive - Medium Voltage - 500 kW','500 kW','3.3 kV / 6.6 kV / 11 kV','N/A','CE, EN 61800-3, MV Application',1),(182,74,'Emotron MSF 2.0 - Softstarter - 4 kW','4 kW','230V 1Ph / 400V 3Ph','N/A','CE, EN 61800-3, Soft Starting',1),(183,74,'Emotron MSF 2.0 - Softstarter - 45 kW','45 kW','230V 1Ph / 400V 3Ph','N/A','CE, EN 61800-3, Soft Starting',1),(184,75,'Emotron TSA - Softstarter - 1.5 kW','1.5 kW','230V 1Ph / 400V 3Ph','N/A','CE, EN 61800-3, Soft Starting',1),(185,75,'Emotron TSA - Softstarter - 22 kW','22 kW','230V 1Ph / 400V 3Ph','N/A','CE, EN 61800-3, Soft Starting',1),(186,76,'Variable Frequency Starter (VFS) - General - 0.75 kW','0.75 kW','230V 1Ph / 400V 3Ph','N/A','CE, EN 61800-3, VFS Technology',1),(187,76,'Variable Frequency Starter (VFS) - General - 55 kW','55 kW','230V 1Ph / 400V 3Ph','N/A','CE, EN 61800-3, VFS Technology',1),(192,24,'SMARTOR Motor - 0.75 kW - 230/400V 3Ph - Frame 71','0.75 kW','230/400V 3Ph','71','IE3, IEC 60034-1, Remote Monitoring',1),(193,24,'SMARTOR Motor - 1.5 kW - 230/400V 3Ph - Frame 90','1.5 kW','230/400V 3Ph','90','IE3, IEC 60034-1, Remote Monitoring',1),(194,24,'SMARTOR Motor - 7.5 kW - 230/400V 3Ph - Frame 160','7.5 kW','230/400V 3Ph','160','IE3, IEC 60034-1, Remote Monitoring',1),(195,24,'SMARTOR Motor - 22 kW - 230/400V 3Ph - Frame 225','22 kW','230/400V 3Ph','225','IE3, IEC 60034-1, Remote Monitoring',1);
/*!40000 ALTER TABLE `mx_motor_detail` ENABLE KEYS */;
UNLOCK TABLES;

--
-- Table structure for table `mx_motor_specification`
--

DROP TABLE IF EXISTS `mx_motor_specification`;
/*!40101 SET @saved_cs_client     = @@character_set_client */;
/*!40101 SET character_set_client = utf8 */;
CREATE TABLE `mx_motor_specification` (
  `motorSpecID` int(11) NOT NULL AUTO_INCREMENT,
  `motorID` int(11) NOT NULL,
  `specTitle` varchar(255) DEFAULT NULL,
  `specOutput` varchar(100) DEFAULT NULL,
  `specVoltage` varchar(100) DEFAULT NULL,
  `specFrameSize` varchar(100) DEFAULT NULL,
  `specStandard` varchar(255) DEFAULT NULL,
  `specPoles` varchar(50) DEFAULT NULL,
  `specFrequency` varchar(50) DEFAULT NULL,
  `status` int(11) DEFAULT 1,
  `createdDate` timestamp NOT NULL DEFAULT current_timestamp(),
  PRIMARY KEY (`motorSpecID`),
  KEY `idx_motorID` (`motorID`),
  KEY `idx_status` (`status`),
  CONSTRAINT `mx_motor_specification_ibfk_1` FOREIGN KEY (`motorID`) REFERENCES `mx_motor` (`motorID`) ON DELETE CASCADE
) ENGINE=InnoDB AUTO_INCREMENT=103 DEFAULT CHARSET=utf8mb4 COLLATE=utf8mb4_unicode_ci;
/*!40101 SET character_set_client = @saved_cs_client */;

--
-- Dumping data for table `mx_motor_specification`
--

LOCK TABLES `mx_motor_specification` WRITE;
/*!40000 ALTER TABLE `mx_motor_specification` DISABLE KEYS */;
INSERT INTO `mx_motor_specification` VALUES (1,48,'Capacitor Start - 370W','370W','Single Phase 230V','IEC 80','IS 1161, BIS','4 Pole','50Hz',1,'2025-11-09 17:50:33'),(2,48,'Capacitor Start - 550W','550W','Single Phase 230V','IEC 90','IS 1161, BIS','4 Pole','50Hz',1,'2025-11-09 17:50:33'),(3,48,'Capacitor Start - 750W','750W','Single Phase 230V','IEC 100','IS 1161, BIS','4 Pole','50Hz',1,'2025-11-09 17:50:33'),(4,48,'Capacitor Start - 1100W','1100W','Single Phase 230V','IEC 112','IS 1161, BIS','4 Pole','50Hz',1,'2025-11-09 17:50:33'),(5,48,'Capacitor Start - 1500W','1500W','Single Phase 230V','IEC 112','IS 1161, BIS','4 Pole','50Hz',1,'2025-11-09 17:50:33'),(6,49,'Capacitor Run - 370W','370W','Single Phase 230V','IEC 80','IS 1161, BIS','4 Pole','50Hz',1,'2025-11-09 17:50:33'),(7,49,'Capacitor Run - 550W','550W','Single Phase 230V','IEC 90','IS 1161, BIS','4 Pole','50Hz',1,'2025-11-09 17:50:33'),(8,49,'Capacitor Run - 750W','750W','Single Phase 230V','IEC 100','IS 1161, BIS','4 Pole','50Hz',1,'2025-11-09 17:50:33'),(9,49,'Capacitor Run - 1100W','1100W','Single Phase 230V','IEC 112','IS 1161, BIS','4 Pole','50Hz',1,'2025-11-09 17:50:33'),(10,50,'PSC Motor - 370W','370W','Single Phase 230V','IEC 80','IS 1161, BIS','4 Pole','50Hz',1,'2025-11-09 17:50:33'),(11,50,'PSC Motor - 550W','550W','Single Phase 230V','IEC 90','IS 1161, BIS','4 Pole','50Hz',1,'2025-11-09 17:50:33'),(12,50,'PSC Motor - 750W','750W','Single Phase 230V','IEC 100','IS 1161, BIS','4 Pole','50Hz',1,'2025-11-09 17:50:33'),(13,50,'PSC Motor - 1100W','1100W','Single Phase 230V','IEC 112','IS 1161, BIS','4 Pole','50Hz',1,'2025-11-09 17:50:33'),(14,50,'PSC Motor - 1500W','1500W','Single Phase 230V','IEC 112','IS 1161, BIS','4 Pole','50Hz',1,'2025-11-09 17:50:33'),(15,51,'Split Phase - 370W','370W','Single Phase 230V','IEC 80','IS 1161, BIS','4 Pole','50Hz',1,'2025-11-09 17:50:33'),(16,51,'Split Phase - 550W','550W','Single Phase 230V','IEC 90','IS 1161, BIS','4 Pole','50Hz',1,'2025-11-09 17:50:33'),(17,51,'Split Phase - 750W','750W','Single Phase 230V','IEC 100','IS 1161, BIS','4 Pole','50Hz',1,'2025-11-09 17:50:33'),(18,51,'Split Phase - 1100W','1100W','Single Phase 230V','IEC 112','IS 1161, BIS','4 Pole','50Hz',1,'2025-11-09 17:50:33'),(19,52,'3-Phase Standard - 1.5kW','1.5kW','3 Phase 230/415V','IEC 90','IS 1161:2014, IEC 60034-1, BIS','4 Pole','50Hz',1,'2025-11-09 17:50:33'),(20,52,'3-Phase Standard - 2.2kW','2.2kW','3 Phase 230/415V','IEC 100','IS 1161:2014, IEC 60034-1, BIS','4 Pole','50Hz',1,'2025-11-09 17:50:33'),(21,52,'3-Phase Standard - 3.7kW','3.7kW','3 Phase 230/415V','IEC 112','IS 1161:2014, IEC 60034-1, BIS','4 Pole','50Hz',1,'2025-11-09 17:50:33'),(22,52,'3-Phase Standard - 5.5kW','5.5kW','3 Phase 230/415V','IEC 132','IS 1161:2014, IEC 60034-1, BIS','4 Pole','50Hz',1,'2025-11-09 17:50:33'),(23,52,'3-Phase Standard - 7.5kW','7.5kW','3 Phase 230/415V','IEC 132','IS 1161:2014, IEC 60034-1, BIS','4 Pole','50Hz',1,'2025-11-09 17:50:33'),(24,52,'3-Phase Standard - 11kW','11kW','3 Phase 230/415V','IEC 160','IS 1161:2014, IEC 60034-1, BIS','4 Pole','50Hz',1,'2025-11-09 17:50:33'),(25,53,'3-Phase Heavy Duty - 2.2kW','2.2kW','3 Phase 230/415V','IEC 100','IS 1161:2014, IEC 60034-1, BIS','4 Pole','50Hz',1,'2025-11-09 17:50:33'),(26,53,'3-Phase Heavy Duty - 3.7kW','3.7kW','3 Phase 230/415V','IEC 112','IS 1161:2014, IEC 60034-1, BIS','4 Pole','50Hz',1,'2025-11-09 17:50:33'),(27,53,'3-Phase Heavy Duty - 5.5kW','5.5kW','3 Phase 230/415V','IEC 132','IS 1161:2014, IEC 60034-1, BIS','4 Pole','50Hz',1,'2025-11-09 17:50:33'),(28,53,'3-Phase Heavy Duty - 7.5kW','7.5kW','3 Phase 230/415V','IEC 132','IS 1161:2014, IEC 60034-1, BIS','4 Pole','50Hz',1,'2025-11-09 17:50:33'),(29,53,'3-Phase Heavy Duty - 11kW','11kW','3 Phase 230/415V','IEC 160','IS 1161:2014, IEC 60034-1, BIS','4 Pole','50Hz',1,'2025-11-09 17:50:33'),(30,54,'3-Phase Premium IE2 - 1.5kW','1.5kW','3 Phase 230/415V','IEC 90','IS 1161:2014 (IE2), IEC 60034-1, BIS','4 Pole','50Hz',1,'2025-11-09 17:50:33'),(31,54,'3-Phase Premium IE2 - 2.2kW','2.2kW','3 Phase 230/415V','IEC 100','IS 1161:2014 (IE2), IEC 60034-1, BIS','4 Pole','50Hz',1,'2025-11-09 17:50:33'),(32,54,'3-Phase Premium IE2 - 3.7kW','3.7kW','3 Phase 230/415V','IEC 112','IS 1161:2014 (IE2), IEC 60034-1, BIS','4 Pole','50Hz',1,'2025-11-09 17:50:33'),(33,54,'3-Phase Premium IE2 - 5.5kW','5.5kW','3 Phase 230/415V','IEC 132','IS 1161:2014 (IE2), IEC 60034-1, BIS','4 Pole','50Hz',1,'2025-11-09 17:50:33'),(34,54,'3-Phase Premium IE2 - 7.5kW','7.5kW','3 Phase 230/415V','IEC 132','IS 1161:2014 (IE2), IEC 60034-1, BIS','4 Pole','50Hz',1,'2025-11-09 17:50:33'),(35,55,'Explosion Proof - 1.1kW','1.1kW','3 Phase 230/415V','IEC 90','ATEX II 2G/3G, IEC 60034-1, CCOE Certified','4 Pole','50Hz',1,'2025-11-09 17:50:33'),(36,55,'Explosion Proof - 1.5kW','1.5kW','3 Phase 230/415V','IEC 90','ATEX II 2G/3G, IEC 60034-1, CCOE Certified','4 Pole','50Hz',1,'2025-11-09 17:50:33'),(37,55,'Explosion Proof - 2.2kW','2.2kW','3 Phase 230/415V','IEC 100','ATEX II 2G/3G, IEC 60034-1, CCOE Certified','4 Pole','50Hz',1,'2025-11-09 17:50:33'),(38,55,'Explosion Proof - 3.7kW','3.7kW','3 Phase 230/415V','IEC 112','ATEX II 2G/3G, IEC 60034-1, CCOE Certified','4 Pole','50Hz',1,'2025-11-09 17:50:33'),(39,55,'Explosion Proof - 5.5kW','5.5kW','3 Phase 230/415V','IEC 132','ATEX II 2G/3G, IEC 60034-1, CCOE Certified','4 Pole','50Hz',1,'2025-11-09 17:50:33'),(40,55,'Explosion Proof - 7.5kW','7.5kW','3 Phase 230/415V','IEC 132','ATEX II 2G/3G, IEC 60034-1, CMRI Certified','4 Pole','50Hz',1,'2025-11-09 17:50:33'),(41,56,'Huller Motor - 1.5kW','1.5kW','3 Phase 230/415V','IEC 90','IS 1161, BIS','6 Pole','50Hz',1,'2025-11-09 17:50:33'),(42,56,'Huller Motor - 2.2kW','2.2kW','3 Phase 230/415V','IEC 100','IS 1161, BIS','6 Pole','50Hz',1,'2025-11-09 17:50:33'),(43,56,'Huller Motor - 3.7kW','3.7kW','3 Phase 230/415V','IEC 112','IS 1161, BIS','6 Pole','50Hz',1,'2025-11-09 17:50:33'),(44,57,'Cooler Motor - 0.37kW','0.37kW','Single Phase 230V','IEC 80','IS 1161, BIS','4 Pole','50Hz',1,'2025-11-09 17:50:33'),(45,57,'Cooler Motor - 0.55kW','0.55kW','Single Phase 230V','IEC 90','IS 1161, BIS','4 Pole','50Hz',1,'2025-11-09 17:50:33'),(46,57,'Cooler Motor - 0.75kW','0.75kW','3 Phase 230/415V','IEC 90','IS 1161, BIS','4 Pole','50Hz',1,'2025-11-09 17:50:33'),(47,57,'Cooler Motor - 1.1kW','1.1kW','3 Phase 230/415V','IEC 100','IS 1161, BIS','4 Pole','50Hz',1,'2025-11-09 17:50:33'),(48,57,'Cooler Motor - 1.5kW','1.5kW','3 Phase 230/415V','IEC 100','IS 1161, BIS','4 Pole','50Hz',1,'2025-11-09 17:50:33'),(49,58,'Flange Motor - 0.37kW','0.37kW','Single Phase 230V','IEC 80-F','IS 1161, BIS','4 Pole','50Hz',1,'2025-11-09 17:50:33'),(50,58,'Flange Motor - 0.55kW','0.55kW','Single Phase 230V','IEC 90-F','IS 1161, BIS','4 Pole','50Hz',1,'2025-11-09 17:50:33'),(51,58,'Flange Motor - 0.75kW','0.75kW','3 Phase 230/415V','IEC 90-F','IS 1161, BIS','4 Pole','50Hz',1,'2025-11-09 17:50:33'),(52,58,'Flange Motor - 1.1kW','1.1kW','3 Phase 230/415V','IEC 100-F','IS 1161, BIS','4 Pole','50Hz',1,'2025-11-09 17:50:33'),(53,58,'Flange Motor - 1.5kW','1.5kW','3 Phase 230/415V','IEC 112-F','IS 1161, BIS','4 Pole','50Hz',1,'2025-11-09 17:50:33'),(54,59,'Textile Motor - 0.37kW','0.37kW','Single Phase 230V','IEC 80','IS 1161, BIS','2 Pole','50Hz',1,'2025-11-09 17:50:33'),(55,59,'Textile Motor - 0.55kW','0.55kW','Single Phase 230V','IEC 90','IS 1161, BIS','2 Pole','50Hz',1,'2025-11-09 17:50:33'),(56,59,'Textile Motor - 0.75kW','0.75kW','3 Phase 230/415V','IEC 90','IS 1161, BIS','2 Pole','50Hz',1,'2025-11-09 17:50:33'),(57,59,'Textile Motor - 1.1kW','1.1kW','3 Phase 230/415V','IEC 100','IS 1161, BIS','2 Pole','50Hz',1,'2025-11-09 17:50:33'),(58,60,'Agricultural Motor - 1.5kW','1.5kW','3 Phase 230/415V','IEC 90','IS 1161, BIS','4 Pole','50Hz',1,'2025-11-09 17:50:33'),(59,60,'Agricultural Motor - 2.2kW','2.2kW','3 Phase 230/415V','IEC 100','IS 1161, BIS','4 Pole','50Hz',1,'2025-11-09 17:50:33'),(60,60,'Agricultural Motor - 3.7kW','3.7kW','3 Phase 230/415V','IEC 112','IS 1161, BIS','4 Pole','50Hz',1,'2025-11-09 17:50:33'),(61,60,'Agricultural Motor - 5.5kW','5.5kW','3 Phase 230/415V','IEC 132','IS 1161, BIS','4 Pole','50Hz',1,'2025-11-09 17:50:33'),(62,81,'Output Power','100 kW to 5000 kW','','','',NULL,NULL,1,'2025-11-09 18:28:05'),(63,81,'Frame Size IMB3','','','315 to 1400 mm','',NULL,NULL,1,'2025-11-09 18:28:05'),(64,81,'Frame Size IMV1','','','740 to 2500','',NULL,NULL,1,'2025-11-09 18:28:05'),(65,81,'Standards','','','','IEC 60034 / IS 325',NULL,NULL,1,'2025-11-09 18:28:05'),(66,86,'Cooling Type','','','','IC 8A1W7 (CACW)',NULL,NULL,1,'2025-11-09 18:28:05'),(67,86,'Standards','','','','IEC 60034 / IS 325',NULL,NULL,1,'2025-11-09 18:28:05'),(68,84,'Cooling Type','','','','IC 0A1, IC 0A6 (SPDP)',NULL,NULL,1,'2025-11-09 18:28:05'),(69,84,'Standards','','','','IEC 60034 / IS 325',NULL,NULL,1,'2025-11-09 18:28:05'),(70,85,'Cooling Type','','','','IC 5A1A1, IC 5A1A6 (TETV)',NULL,NULL,1,'2025-11-09 18:28:05'),(71,85,'Standards','','','','IEC 60034 / IS 325',NULL,NULL,1,'2025-11-09 18:28:05'),(72,83,'Cooling Type','','','','IC 4A1A1, IC 4A1A6 (TEFC)',NULL,NULL,1,'2025-11-09 18:28:05'),(73,83,'Series','','','','Global Series',NULL,NULL,1,'2025-11-09 18:28:05'),(74,82,'Series','','','','N Series',NULL,NULL,1,'2025-11-09 18:28:05'),(75,82,'Type','','','','High Voltage Energy Efficient',NULL,NULL,1,'2025-11-09 18:28:05'),(76,88,'Output Range','0.37 kW to 710 kW','','','',NULL,NULL,1,'2025-11-09 18:28:05'),(77,88,'Frame Sizes','','','63 to 500','',NULL,NULL,1,'2025-11-09 18:28:05'),(78,88,'Standard','','','','IEC',NULL,NULL,1,'2025-11-09 18:28:05'),(79,28,'Output Range','0.50 Hp to 20 Hp','','','',NULL,NULL,1,'2025-11-09 18:28:05'),(80,28,'Frame Sizes','','','NEMA 56 to 256','',NULL,NULL,1,'2025-11-09 18:28:05'),(81,28,'Standard','','','','NEMA',NULL,NULL,1,'2025-11-09 18:28:05'),(82,87,'Output Range','0.18 kW to 11 kW','','','',NULL,NULL,1,'2025-11-09 18:28:05'),(83,87,'Frame Sizes','','','IEC 63 to 160','',NULL,NULL,1,'2025-11-09 18:28:05'),(84,87,'Standard','','','','IEC',NULL,NULL,1,'2025-11-09 18:28:05'),(85,92,'Output Range','3.7 kW to 350 kW','','','',NULL,NULL,1,'2025-11-09 18:28:05'),(86,92,'Protection','','','','TEFC (IP55) & Drip Proof (IP23)',NULL,NULL,1,'2025-11-09 18:28:05'),(87,79,'Efficiency Class','','','','IE4 (Super Premium)',NULL,NULL,1,'2025-11-09 18:28:05'),(88,79,'Series','','','','Apex Series',NULL,NULL,1,'2025-11-09 18:28:05'),(89,78,'Efficiency Class','','','','IE2 / IE3',NULL,NULL,1,'2025-11-09 18:28:05'),(90,78,'Series','','','','Apex Series',NULL,NULL,1,'2025-11-09 18:28:05'),(91,80,'Cooling Type','','','','TEFC',NULL,NULL,1,'2025-11-09 18:28:05'),(92,80,'Series','','','','NG Series / Global Series',NULL,NULL,1,'2025-11-09 18:28:05'),(93,7,'Output Range','2.2 kW to 1500 kW','','','',NULL,NULL,1,'2025-11-09 18:28:05'),(94,7,'Frame Sizes','','','IEC 100 to 630','',NULL,NULL,1,'2025-11-09 18:28:05'),(95,7,'Construction','','','','Laminated Yoke',NULL,NULL,1,'2025-11-09 18:28:05'),(96,35,'Output Range','Up to 2000 kW','','','',NULL,NULL,1,'2025-11-09 18:28:05'),(97,35,'Frame Size','','','Up to 710','',NULL,NULL,1,'2025-11-09 18:28:05'),(98,15,'Output Power','100-5000 kW','3-11 kV','IMB3: 315-1400mm','IEC 60034',NULL,NULL,1,'2025-11-09 18:34:47'),(99,15,'Frame Type','Squirrel Cage','3-11 kV','Fabricated','IS 325',NULL,NULL,1,'2025-11-09 18:34:47'),(100,15,'Cooling Type','Air Cooled','3-11 kV','','IC 6A1A1',NULL,NULL,1,'2025-11-09 18:34:47'),(101,17,'Cooling Type','Up to 5000 kW','3-11 kV','740-2500','IC 8A1W7 (CACW)',NULL,NULL,1,'2025-11-09 18:34:47'),(102,17,'Cooling Method','Water Cooled','3-11 kV','','IEC 60034',NULL,NULL,1,'2025-11-09 18:34:47');
/*!40000 ALTER TABLE `mx_motor_specification` ENABLE KEYS */;
UNLOCK TABLES;

--
-- Table structure for table `mx_note_adjustment`
--

DROP TABLE IF EXISTS `mx_note_adjustment`;
/*!40101 SET @saved_cs_client     = @@character_set_client */;
/*!40101 SET character_set_client = utf8 */;
CREATE TABLE `mx_note_adjustment` (
  `adjustmentID` int(11) NOT NULL AUTO_INCREMENT,
  `noteType` enum('Credit','Debit') NOT NULL,
  `noteID` int(11) NOT NULL,
  `noteNo` varchar(50) DEFAULT NULL,
  `invoiceType` enum('B2B','PNP','Other') NOT NULL,
  `invoiceID` int(11) NOT NULL,
  `invoiceNo` varchar(50) DEFAULT NULL,
  `adjustedAmount` decimal(15,2) NOT NULL,
  `adjustmentDate` date NOT NULL,
  `notes` text DEFAULT NULL,
  `createdBy` int(11) DEFAULT NULL,
  `created` datetime DEFAULT current_timestamp(),
  PRIMARY KEY (`adjustmentID`),
  KEY `idx_note` (`noteType`,`noteID`),
  KEY `idx_invoice` (`invoiceType`,`invoiceID`)
) ENGINE=InnoDB DEFAULT CHARSET=utf8mb4 COLLATE=utf8mb4_unicode_ci;
/*!40101 SET character_set_client = @saved_cs_client */;

--
-- Dumping data for table `mx_note_adjustment`
--

LOCK TABLES `mx_note_adjustment` WRITE;
/*!40000 ALTER TABLE `mx_note_adjustment` DISABLE KEYS */;
/*!40000 ALTER TABLE `mx_note_adjustment` ENABLE KEYS */;
UNLOCK TABLES;

--
-- Table structure for table `mx_page`
--

DROP TABLE IF EXISTS `mx_page`;
/*!40101 SET @saved_cs_client     = @@character_set_client */;
/*!40101 SET character_set_client = utf8 */;
CREATE TABLE `mx_page` (
  `pageID` int(11) NOT NULL AUTO_INCREMENT,
  `langCode` varchar(4) DEFAULT NULL,
  `langChild` varchar(150) DEFAULT NULL,
  `seoUri` varchar(255) DEFAULT NULL,
  `pageTitle` varchar(255) DEFAULT NULL,
  `subTitle` varchar(100) DEFAULT NULL,
  `synopsis` text DEFAULT NULL,
  `pageContent` text DEFAULT NULL,
  `pageImage` varchar(100) DEFAULT NULL,
  `templateFile` varchar(100) DEFAULT NULL,
  `status` tinyint(1) NOT NULL DEFAULT 1,
  `parentLID` int(11) NOT NULL DEFAULT 0,
  PRIMARY KEY (`pageID`)
) ENGINE=InnoDB AUTO_INCREMENT=7 DEFAULT CHARSET=utf8 COLLATE=utf8_unicode_ci;
/*!40101 SET character_set_client = @saved_cs_client */;

--
-- Dumping data for table `mx_page`
--

LOCK TABLES `mx_page` WRITE;
/*!40000 ALTER TABLE `mx_page` DISABLE KEYS */;
INSERT INTO `mx_page` VALUES (1,'en',NULL,'footer','Footer',NULL,NULL,'<div class=\"site-footer__top\">\n <div class=\"row\">\n <div class=\"col-xl-5 col-lg-6 col-md-6 wow fadeInUp\" data-wow-delay=\"200ms\">\n <div class=\"footer-widget__column footer-widget__links\">\n <div class=\"footer-widget__title-box\">\n <h4 class=\"footer-widget__title\">Ahmedabad (Gujarat) Office</h4>\n </div>\n <ul class=\"footer-widget__links-list list-unstyled\">\n <li><i class=\"fa fa-map-marker-alt\"></i>F-10, Satyam Complex, Near Prerna Tirth Derasar, <br /> Jodhpurgam, Satellite, Ahmedabad - 380015</li>\n <li><i class=\"fa fa-phone-alt\"></i><a href=\"tel:079-26929806\">079-26929806</a> | <a href=\"tel:079-26929807\">079-26929807</a> | <a href=\"tel:079-26923834\">079-26923834</a> | <a href=\"tel:079-40095667\">079-40095667</a></li>\n <li><i class=\"fa fa-fax\"></i><a href=\"tel:079-26929806\">079-26929806</a> | <a href=\"tel:079-26929807\">079-26929807</a></li>\n <li><i class=\"fa fa-envelope\"></i><a href=\"mailto:besahmedabad@gmail.com\">besahmedabad@gmail.com</a></li>\n <li><i class=\"fa fa-mobile-alt\"></i><a href=\"tel:+919825014977\">+919825014977</a></li>\n </ul>\n </div>\n </div>\n <div class=\"col-xl-5 col-lg-6 col-md-6 wow fadeInUp\" data-wow-delay=\"200ms\">\n <div class=\"footer-widget__column footer-widget__links\">\n <div class=\"footer-widget__title-box\">\n <h4 class=\"footer-widget__title\">Mumbai ( Maharashtra ) Office</h4>\n </div>\n <ul class=\"footer-widget__links-list list-unstyled\">\n <li><i class=\"fa fa-map-marker-alt\"></i>Bombay Engineering Syndicate, 17, Dr.V.B.Gandhi Marg (Forbes Street), Fort, Mumbai - 400023</li>\n <li><i class=\"fa fa-phone-alt\"></i><a href=\"tel:022-22842982\">022-22842982</a> | <a href=\"tel:022-22844691\">022-22844691</a> | <a href=\"tel:022-22046474\">022-22046474</a></li>\n <li><i class=\"fa fa-envelope\"></i><a href=\"mailto:besyndicate@gmail.com\">besyndicate@gmail.com</a></li>\n <li><i class=\"fa fa-mobile-alt\"></i><a href=\"tel:+919820042210\">+919820042210</a></li>\n </ul>\n </div>\n </div>\n <div class=\"col-xl-2 col-lg-6 col-md-6 wow fadeInUp\" data-wow-delay=\"400ms\">\n <div class=\"footer-widget__column footer-widget__social-box\">\n <div class=\"site-footer__social\">\n <a href=\"#\"><i class=\"fab fa-twitter\"></i></a>\n <a href=\"#\"><i class=\"fab fa-facebook\"></i></a>\n <a href=\"#\"><i class=\"fab fa-pinterest-p\"></i></a>\n <a href=\"#\"><i class=\"fab fa-instagram\"></i></a>\n </div>\n </div>\n </div>\n </div>\n </div>\n <div class=\"site-footer__bottom\">\n <div class=\"row\">\n <div class=\"col-xl-12\">\n <div class=\"site-footer__bottom-inner\">\n <p class=\"site-footer__bottom-text\">┬⌐ 2023 Bombay Engineering Syndicate. All Rights Reserved.</p>\n <!-- <ul class=\"list-unstyled site-footer__bottom-menu\">\n <li><a href=\"#\">Help</a></li>\n <li><a href=\"#\">Privacy Policy</a></li>\n -->\n </div>\n </div>\n </div>\n </div>',NULL,NULL,0,0),(2,'en',NULL,'about-us','About us',NULL,'<div class=\"container\">\n <h3>Our Presence and Capabilities</h3>\n <p>BES operates from Mumbai (Maharashtra) and Ahmedabad (Gujarat), serving a diverse client base that includes industries, OEMs, EPC contractors, project consultants, infrastructure companies, and retail customers.</p>\n <br />\n <p>We are equipped to handle large-scale project enquiries, complex engineering specifications, and day-to-day retail requirements with equal precision.</p>\n <br />\n <p>Our team is experienced in working with major consultants and EPC firms such as:</p>\n <ul>\n <li>EIL</li>\n <li>TOYO</li>\n <li>L&amp;T</li>\n <li>Lurgi</li>\n <li>Mecons</li>\n <li>Foster Wheeler</li>\n <li>Jacobs</li>\n <li>BHEL</li>\n <li>NTPC</li>\n <li>NPC</li>\n <li>and more</li>\n </ul>\n <br />\n <p>We provide complete documentation support, including pre-tendering guidance, spec-matching, technical datasheets, GA drawings, QAP, inspection coordination, and post-order execution.</p>\n <br /><br />\n <h3>Our Product Range</h3>\n <p>BES offers one of the widest ranges of LV &amp; HV Industrial Motors in India:</p>\n <br />\n <p><strong><span style=\"color:#3498db;\">Types of Motors</span></strong></p>\n <ul>\n <li>LT / HT Industrial Motors</li>\n <li>IE2 / IE3 / IE4 High-Efficiency Motors</li>\n <li>Hazardous Area Motors</li>\n <li>Increased Safety Ex ΓÇ£eΓÇ¥</li>\n <li>Non-Sparking Ex ΓÇ£nΓÇ¥</li>\n <li>Flame Proof Ex ΓÇ£dΓÇ¥ (Gas Group IIA / IIB / IIC)</li>\n <li>Crane Duty Motors</li>\n <li>Ginning Motors</li>\n <li>Textile Motors</li>\n <li>Brake Motors</li>\n <li>Roller Table Motors</li>\n <li>Cooling Tower Motors</li>\n <li>Energy Efficient Motors</li>\n <li>Pressure Booster Pump Motors</li>\n <li>Special Application Motors for OEMs</li>\n </ul>\n <br />\n <p><strong><span style=\"color:#3498db;\">Drives, Controls &amp; Energy-Saving Solutions</span></strong></p>\n <ul>\n <li>AC Variable Frequency Drives (VFDs)</li>\n <li>Soft Starters</li>\n <li>Motor Protection Devices &amp; Starters</li>\n <li>IE3/IE4 energy-efficient upgrades</li>\n <li>Customized power-saving solutions for HVAC, water supply, and industrial processes</li>\n </ul>\n <br /><br />\n <h3>Substitutes for Imported Motors</h3>\n <p>We specialize in providing reliable replacements for imported NEMA and IEC frame motors, offering:</p>\n <ul>\n <li>Faster delivery</li>\n <li>Lower cost of ownership</li>\n <li>Local service support</li>\n <li>High-efficiency equivalents to global brands</li>\n </ul>\n <br />\n <p>Our technical expertise ensures accurate frame matching, RPM matching, shaft dimensions, mounting compatibility, and performance equivalence.</p>\n <br /><br />\n <h3>Industries We Serve</h3>\n <p>Our products cater to a wide spectrum of industries:</p>\n <ul>\n <li>Oil &amp; Gas</li>\n <li>Petrochemicals &amp; Chemicals</li>\n <li>Pharmaceuticals</li>\n <li>Textiles</li>\n <li>Steel &amp; Metal Processing</li>\n <li>Infrastructure &amp; Construction</li>\n <li>Water Supply &amp; Sewage</li>\n <li>HVAC &amp; Building Utilities</li>\n <li>Machine Manufacturers (OEMs)</li>\n <li>Agriculture &amp; Irrigation</li>\n <li>Paper &amp; Pulp</li>\n </ul>\n <br />\n <p>BES is trusted by both large enterprises and small businesses for providing reliable, high-quality motors with assured performance.</p>\n <br /><br />\n <h3>Why Clients Trust BES</h3>\n <ul>\n <li>Γ£ö 65+ years of industry experience</li>\n <li>Γ£ö Only genuine and certified CG / Crompton products</li>\n <li>Γ£ö Technical support for sizing, selection, and troubleshooting</li>\n <li>Γ£ö Prompt service, fast response times, and transparent communication</li>\n <li>Γ£ö Extensive ready stock for fast delivery</li>\n <li>Γ£ö Custom-engineered solutions for critical applications</li>\n <li>Γ£ö End-to-end project support (tendering to commissioning)</li>\n </ul>\n <br />\n <p>Our goal is to provide the most suitable and cost-effective solution for every customer requirementΓÇöensuring long-term reliability, energy savings, and complete customer satisfaction.</p>\n</div>','<div class=\"col-md-6\">\n<div class=\"about-one__right wow fadeInRight\" data-wow-delay=\"500ms\" data-wow-duration=\"1500ms\">\n<div class=\"section-title text-left\"><span class=\"section-title__tagline\">about us</span>\n<h2 class=\"section-title__title\">Company Profile</h2>\n</div>\n<p data-end=\"268\" data-start=\"103\"><strong data-end=\"221\" data-start=\"103\">Authorized Channel Partners of CG Power & Industrial Solutions Ltd. and Crompton Greaves Consumer Electricals Ltd.</strong><br data-end=\"224\" data-start=\"221\" />\n<strong data-end=\"268\" data-start=\"224\">Since 1957 ΓÇö The Rotating Machine People</strong></p>\n<p data-end=\"597\" data-start=\"270\">Bombay Engineering Syndicate (BES) is one of IndiaΓÇÖs oldest and most trusted suppliers of <strong data-end=\"437\" data-start=\"360\">Electric Motors, Industrial Drives, and Energy-Efficient Motion Solutions</strong>. Established in 1957, we have over <strong data-end=\"498\" data-start=\"473\">65 years of expertise</strong> as an authorized channel partner for <strong data-end=\"548\" data-start=\"536\">CG Power</strong> and <strong data-end=\"594\" data-start=\"553\">Crompton Greaves Consumer Electricals</strong>.</p>\n<p data-end=\"754\" data-start=\"599\"></p>\n</div>\n</div>','adobestock_107220281.webp','page-tpl',1,0),(3,'en',NULL,'contact-us','Contact Us',NULL,'<div class=\"col-xl-4 col-lg-5\">\n<div class=\"contact-page__left\">\n<div class=\"section-title text-left\"><span class=\"section-title__tagline\">Contact us</span>\n<h2 class=\"section-title__title\">Send a Message</h2>\n</div>\n<p class=\"contact-page__text\">Have a Query? We Will Contact you within 24 Hours!</p>\n</div>\n</div>','<div class=\"container\">\n<div class=\"section-title text-center\"><span class=\"section-title__tagline\">Locations</span>\n<h2 class=\"section-title__title\">Bombay Engineering Syndicate</h2>\n</div>\n<div class=\"row\">\n<div class=\"col-xl-6 col-lg-6 col-md-12\">\n<div class=\"spa-center-three__single\">\n<h3 class=\"spa-center-three__title\">Ahmedabad (Gujarat) Office</h3>\n<ul class=\"contact-links-list list-unstyled\">\n <li>Office No. 611, 612,Ratnanjali Solitaire,Near Sachet - 4,<br />\n Prerna Tirth Derasar Road, Jodhpurgam, Satellite, Ahmedabad - 380015</li>\n <li><a href=\"tel:079-26929806\">079-26929806</a> | <a href=\"tel:079-26929807\">079-26929807</a> | <a href=\"tel:079-26923834\">079-26923834</a> | <a href=\"tel:079-40095667\">079-40095667</a></li>\n <li><a href=\"tel:079-26929806\">079-26929806</a> | <a href=\"tel:079-26929807\">079-26929807</a></li>\n <li><a href=\"mailto:besahmedabad@gmail.com\">besahmedabad@gmail.com</a></li>\n <li><a href=\"tel:+919825014977\">+919825014977</a></li>\n</ul>\n<!-- <div class=\"spa-center-three__contact\">\n <a href=\"mailto:needhelp@company.com\">needhelp@company.com</a>\n <a href=\"tel:8889990000\">888 999 0000</a>\n </div> --></div>\n</div>\n<div class=\"col-xl-6 col-lg-6 col-md-12\">\n<div class=\"spa-center-three__single\">\n<h3 class=\"spa-center-three__title\">Mumbai ( Maharashtra ) Office</h3>\n<ul class=\"contact-links-list list-unstyled\">\n <li>Bombay Engineering Syndicate, 14, Modern House,17, Dr. V.B. Gandhi Marg (Forbes Street), Fort, Mumbai - 400023</li>\n <li><a href=\"tel:022-22842982\">022-22842982</a> | <a href=\"tel:022-22844691\">022-22844691</a> | <a href=\"tel:022-22046474\">022-22046474</a></li>\n <li><a href=\"mailto:besyndicate@gmail.com\">besyndicate@gmail.com</a></li>\n <li><a href=\"tel:+919820042210\">+919820042210</a></li>\n</ul>\n</div>\n</div>\n</div>',NULL,'contact-us-tpl',1,0),(4,'en',NULL,'financials','Financials',NULL,NULL,NULL,NULL,NULL,1,0),(5,'en',NULL,'testing-page','testing page',NULL,NULL,'<p>testing page</p>',NULL,'page-tpl',0,0),(6,'en',NULL,'terms-conditions','Terms & Conditions',NULL,NULL,NULL,NULL,NULL,1,0);
/*!40000 ALTER TABLE `mx_page` ENABLE KEYS */;
UNLOCK TABLES;

--
-- Table structure for table `mx_payment_issue`
--

DROP TABLE IF EXISTS `mx_payment_issue`;
/*!40101 SET @saved_cs_client     = @@character_set_client */;
/*!40101 SET character_set_client = utf8 */;
CREATE TABLE `mx_payment_issue` (
  `paymentIssueID` int(11) NOT NULL AUTO_INCREMENT,
  `paymentDate` date DEFAULT NULL,
  `particulars` varchar(255) DEFAULT NULL,
  `amount` decimal(10,2) DEFAULT NULL,
  `userID` int(11) DEFAULT NULL,
  `addedBy` int(11) DEFAULT NULL,
  `status` tinyint(1) NOT NULL DEFAULT 1,
  PRIMARY KEY (`paymentIssueID`)
) ENGINE=InnoDB AUTO_INCREMENT=83 DEFAULT CHARSET=utf8 COLLATE=utf8_general_ci;
/*!40101 SET character_set_client = @saved_cs_client */;

--
-- Dumping data for table `mx_payment_issue`
--

LOCK TABLES `mx_payment_issue` WRITE;
/*!40000 ALTER TABLE `mx_payment_issue` DISABLE KEYS */;
INSERT INTO `mx_payment_issue` VALUES (1,'2024-03-27','Amout paid 9017 plus previous balance',15160.00,14,3,0),(2,'2024-04-01','Advance paid to Pravin (01.04.2024 to 09.04.2024)',10000.00,14,3,0),(3,'2024-04-01','Balance as on 1st April - Carry Forward',3790.00,14,3,1),(4,'2024-04-03','Paid on 03.04.2024',8940.00,14,3,1),(5,'2024-04-03','Recd from B.G.Enterprise as freight paid by BES Ahmedabad',300.00,14,3,1),(6,'2024-04-13','FROM UBI MUM ',5000.00,14,3,1),(7,'2024-04-19','From UBI mum ',9180.00,14,3,1),(8,'2024-04-17','for expense',100.00,14,3,0),(9,'2024-04-19','payment by Reena Madam',9180.00,14,3,0),(10,'2024-04-30','Kishan Gpay',3000.00,14,3,1),(11,'2024-05-02','from UBI mum',3040.00,14,3,1),(12,'2024-05-06','from UBI mum',9855.00,14,3,1),(13,'2024-05-09','From UBI mum',6000.00,14,3,1),(14,'2024-05-13','from UBI mum',9500.00,14,3,1),(15,'2024-05-29','from UBI mum',9725.00,14,3,1),(16,'2024-06-11','UBI mum',8932.00,14,3,1),(17,'2024-06-15','from UBI mum',8208.00,14,3,1),(18,'2024-06-27','ubi mum ',9885.00,14,3,1),(19,'2024-07-10','from UBI mum',8075.00,14,3,1),(20,'2024-07-26','from UBI',8885.00,14,3,1),(21,'2024-08-01','from ubi',9050.00,14,3,1),(22,'2024-08-06','from ubi mum',9565.00,14,3,1),(23,'2024-08-07','from ubi mum',9805.00,14,3,1),(24,'2024-08-16','FROM ICICI',9745.00,14,3,1),(25,'2024-08-28','ubi mum',7395.00,14,3,1),(26,'2024-09-03','FROM  ICIC MUM',9115.00,14,3,1),(27,'2024-09-11','from icici',8705.00,14,3,1),(28,'2024-09-18','To Manish Narverkar',5000.00,14,3,1),(29,'2024-09-24','from UBI mum',8765.00,14,3,1),(30,'2024-10-01','ubimum',4000.00,14,3,1),(31,'2024-10-08','ubi mum',9777.00,14,3,1),(32,'2024-10-18','icici',9010.00,14,3,1),(33,'2024-10-29','ubi mum',8490.00,14,3,1),(34,'2024-11-05','ubi mum',6600.00,14,3,1),(35,'2024-11-11','UBI mum',9821.00,14,3,1),(36,'2024-11-14','ubi mum',9600.00,14,3,1),(37,'2024-11-23','paid by Manish Narverkar',5000.00,14,3,1),(38,'2024-11-25','ICICI',8968.00,14,3,1),(39,'2024-12-10','icici',8225.00,14,3,1),(40,'2024-12-17','ICICIC',8995.00,14,3,1),(41,'2024-12-30','ubi',8915.00,14,3,1),(42,'2025-01-09','icic mum',8950.00,14,3,1),(43,'2025-01-16','ICICI ',8855.00,14,3,1),(44,'2025-01-27','From Kishan Via Gpay',1000.00,14,3,1),(45,'2025-01-28','UBI mum',8144.00,14,3,1),(46,'2025-02-03','icici',8775.00,14,3,1),(47,'2025-02-10','FROM ICIC',8219.00,14,3,1),(48,'2025-02-21','ICICI mum',8917.00,14,3,1),(49,'2025-03-03','UBI mum',8865.00,14,3,1),(50,'2025-03-12','icici mumbai ',5000.00,14,3,1),(51,'2025-03-18','mumICIC',7241.00,14,3,1),(52,'2025-03-24','icici',8811.00,14,3,1),(53,'2025-04-01','UBI mum',8412.00,14,3,1),(54,'2025-04-09','mumUBI',8219.00,14,3,1),(55,'2025-04-15','ubimum',8110.00,14,3,1),(56,'2025-04-24','ubi mum ',7556.00,14,3,1),(57,'2025-05-02','ubi ',8996.00,14,3,1),(58,'2025-05-15','ubi',6399.00,14,3,1),(59,'2025-05-19','ubi',7890.00,14,3,1),(60,'2025-05-30','mumUBI',9558.00,14,3,1),(61,'2025-06-16','kishan paid',5000.00,14,3,1),(62,'2025-06-16','ubi',8199.00,14,3,1),(63,'2025-06-24','ubi mum',6699.00,14,3,1),(64,'2025-07-08','ubimum',7288.00,14,3,1),(65,'2025-07-09','icicibes',8111.00,14,3,1),(66,'2025-07-16','ubi',9082.00,14,3,1),(67,'2025-07-22','Kishan gpay',5000.00,14,3,1),(68,'2025-07-25','ubimum',9714.00,14,3,1),(69,'2025-08-06','ICIC',8114.00,14,3,1),(70,'2025-08-08','ICICMUM',9112.00,14,3,1),(71,'2025-08-23','ubimum',9777.00,14,3,1),(72,'2025-09-03','ICICI mum',9111.00,14,3,1),(73,'2025-09-12','ubi',8945.00,14,3,1),(74,'2025-09-18','ubimum',5000.00,14,3,1),(75,'2025-10-03','ubi mum',8798.00,14,3,1),(76,'2025-10-15','ubimum',7132.00,14,3,1),(77,'2025-10-29','UBi',7987.00,14,3,1),(78,'2025-11-05','UBI',4999.00,14,3,1),(79,'2025-11-11','UBImum',8154.00,14,3,1),(80,'2025-11-25','PRAKASHPATILAC',2000.00,14,3,1),(81,'2025-11-27','PRAVINAC',5221.00,14,3,1),(82,'2025-12-02','ubi',8859.00,14,3,1);
/*!40000 ALTER TABLE `mx_payment_issue` ENABLE KEYS */;
UNLOCK TABLES;

--
-- Table structure for table `mx_petty_cash_book`
--

DROP TABLE IF EXISTS `mx_petty_cash_book`;
/*!40101 SET @saved_cs_client     = @@character_set_client */;
/*!40101 SET character_set_client = utf8 */;
CREATE TABLE `mx_petty_cash_book` (
  `pettyCashBookID` int(11) NOT NULL AUTO_INCREMENT,
  `voucherID` int(11) NOT NULL DEFAULT 0,
  `transactionType` tinyint(1) NOT NULL DEFAULT 0 COMMENT '1=credit,2=debit',
  `transactionNo` varchar(255) DEFAULT NULL,
  `pettyCashNote` varchar(1500) DEFAULT NULL,
  `amount` decimal(10,2) DEFAULT 0.00,
  `balanceAmount` decimal(10,2) DEFAULT 0.00,
  `paymentMode` varchar(20) DEFAULT NULL,
  `receivedByID` int(11) DEFAULT 0,
  `pettyCashCatID` int(11) DEFAULT 0,
  `doc1` varchar(500) DEFAULT NULL,
  `transactionDate` date DEFAULT NULL,
  `dateAdded` datetime DEFAULT NULL,
  `dateModified` datetime DEFAULT NULL,
  `status` tinyint(1) NOT NULL DEFAULT 1,
  PRIMARY KEY (`pettyCashBookID`)
) ENGINE=InnoDB AUTO_INCREMENT=112 DEFAULT CHARSET=utf8 COLLATE=utf8_unicode_ci;
/*!40101 SET character_set_client = @saved_cs_client */;

--
-- Dumping data for table `mx_petty_cash_book`
--

LOCK TABLES `mx_petty_cash_book` WRITE;
/*!40000 ALTER TABLE `mx_petty_cash_book` DISABLE KEYS */;
INSERT INTO `mx_petty_cash_book` VALUES (1,0,1,NULL,'1000 credit',1000.00,1000.00,'Cash',0,0,NULL,'2023-05-31',NULL,NULL,0),(2,0,2,NULL,'Office',100.00,900.00,'Cash',0,2,'syllabus-mbbs.pdf','2023-05-31',NULL,NULL,0),(3,0,1,NULL,'added',600.00,1500.00,'Cash',0,0,'daylily-flower-and-buds-blur2.jpg','2023-06-01',NULL,NULL,0),(4,0,2,NULL,'99.5 debit',99.50,1400.50,'Cash',0,7,NULL,'2023-06-01',NULL,NULL,0),(5,0,2,NULL,'prtrol',100.50,1300.00,'Cash',0,6,NULL,'2023-06-01',NULL,NULL,0),(6,1,2,NULL,NULL,200.50,1099.50,'Cash',0,7,NULL,'2023-06-01',NULL,NULL,0),(7,2,2,NULL,NULL,99.35,999.65,'Cash',0,16,NULL,'2023-05-31',NULL,NULL,0),(8,3,2,NULL,NULL,99.65,899.35,'Cash',0,7,NULL,'2023-05-31',NULL,NULL,0),(9,0,2,NULL,'petrol',99.35,800.00,'Cash',0,6,NULL,'2023-06-01',NULL,NULL,0),(10,0,2,NULL,'ds',99.50,700.50,'Cash',0,2,NULL,'2023-06-01',NULL,NULL,0),(11,0,2,NULL,'sir',99.35,601.15,'Cash',0,4,NULL,'2023-06-01',NULL,NULL,0),(12,4,2,NULL,NULL,99.65,501.50,'Cash',0,7,NULL,'2023-05-03',NULL,NULL,0),(13,0,2,NULL,'test',101.15,400.35,'Cash',0,6,NULL,'2023-06-01',NULL,NULL,0),(14,0,2,NULL,'same',99.78,300.57,'Cash',0,16,NULL,'2023-05-31',NULL,NULL,0),(15,5,2,NULL,NULL,101.74,198.83,'Cash',0,12,NULL,'2023-05-31',NULL,NULL,0),(16,6,2,NULL,'test',98.83,100.00,'Cash',0,7,NULL,'2023-05-31',NULL,NULL,0),(17,0,1,NULL,'test',100.68,200.68,'Cash',0,0,NULL,'2023-05-31',NULL,NULL,0),(18,0,1,NULL,'test',535.51,736.19,'Cash',0,0,NULL,'2023-05-31',NULL,NULL,0),(19,0,2,NULL,'repair',129.83,606.36,'Cash',0,9,NULL,'2023-06-01',NULL,NULL,0),(20,0,1,NULL,'test',12.00,12.00,'Cash',0,0,NULL,'2023-06-12',NULL,NULL,0),(21,7,2,NULL,NULL,5.00,7.00,'Cash',0,7,NULL,'2023-06-12',NULL,NULL,0),(22,0,1,'13444','BES PETY CASH',4000.00,0.00,'Cheque',0,0,NULL,'2023-06-27',NULL,NULL,0),(23,8,2,NULL,'TAXI',200.00,0.00,'Cash',0,18,NULL,'2023-06-27',NULL,NULL,0),(24,9,2,NULL,NULL,500.00,0.00,'Cash',0,8,NULL,'2023-09-26',NULL,NULL,0),(25,0,2,NULL,'fsdf',500.00,0.00,'Cash',0,7,NULL,'2024-03-20',NULL,NULL,0),(26,0,2,NULL,'Transportation',100.00,0.00,'Cash',0,18,NULL,'2024-04-01',NULL,NULL,0),(27,0,1,NULL,'Dilkush Driver Overtime for the Month of April 2024',4850.00,4850.00,'Cash',0,0,NULL,'2024-05-03',NULL,NULL,1),(28,10,2,NULL,'Paid to Dilkush Driver Overtime fees for the month of April 2024',4850.00,0.00,'Cash',0,20,NULL,'2024-05-03',NULL,NULL,1),(29,0,1,NULL,'Dilkush Driver Over time May Week 1',1500.00,1500.00,'Cash',0,0,NULL,'2024-05-10',NULL,NULL,1),(30,0,1,NULL,'Added balance for driver\'s welfare',2958.00,2958.00,'Cash',0,0,NULL,'2024-05-22','2024-05-22 15:20:20',NULL,1),(31,0,2,NULL,'Settle the driver\'s balance',2958.00,0.00,NULL,0,15,NULL,'2024-05-22','2024-05-22 15:20:20',NULL,1),(32,0,1,NULL,'Added balance for driver\'s welfare',1920.00,1920.00,'Cash',0,0,NULL,'2024-05-22','2024-05-22 15:20:28',NULL,1),(33,0,2,NULL,'Settle the driver\'s balance',1920.00,0.00,NULL,0,15,NULL,'2024-05-22','2024-05-22 15:20:28',NULL,1),(34,0,1,NULL,'Added balance for driver\'s welfare',2418.00,2418.00,'Cash',0,0,NULL,'2024-05-22','2024-05-22 15:23:46',NULL,1),(35,0,2,NULL,'Settle the driver\'s balance',2418.00,0.00,NULL,0,15,NULL,'2024-05-22','2024-05-22 15:23:46',NULL,1),(36,11,2,NULL,'Paid to Dilkush Driver OT for the period from 01.05.2024 to 10.05.2024',1500.00,0.00,'Cash',0,20,NULL,'2024-05-10',NULL,NULL,1),(37,0,1,NULL,'Added balance for driver\'s welfare',5820.00,5820.00,'Cash',0,0,NULL,'2024-06-05','2024-06-05 16:27:20',NULL,1),(38,0,2,NULL,'Settle the driver\'s balance',5820.00,0.00,NULL,0,15,NULL,'2024-06-05','2024-06-05 16:27:20',NULL,1),(39,0,1,NULL,'Added balance for driver\'s welfare',822.00,822.00,'Cash',0,0,NULL,'2024-06-05','2024-06-05 16:31:13',NULL,1),(40,0,2,NULL,'Settle the driver\'s balance',822.00,0.00,NULL,0,15,NULL,'2024-06-05','2024-06-05 16:31:13',NULL,1),(41,0,1,NULL,'Added balance for driver\'s welfare',2286.00,2286.00,'Cash',0,0,NULL,'2024-06-18','2024-06-18 17:10:47',NULL,1),(42,0,2,NULL,'Settle the driver\'s balance',2286.00,0.00,NULL,0,15,NULL,'2024-06-18','2024-06-18 17:10:47',NULL,1),(43,0,1,NULL,'Added balance for driver\'s welfare',5306.00,5306.00,'Cash',0,0,NULL,'2024-07-13','2024-07-13 15:43:51',NULL,1),(44,0,2,NULL,'Settle the driver\'s balance',5306.00,0.00,NULL,0,15,NULL,'2024-07-13','2024-07-13 15:43:51',NULL,1),(45,0,1,NULL,'Added balance for driver\'s welfare',5306.00,5306.00,'Cash',0,0,NULL,'2024-07-13','2024-07-13 15:46:28',NULL,1),(46,0,2,NULL,'Settle the driver\'s balance',5306.00,0.00,NULL,0,15,NULL,'2024-07-13','2024-07-13 15:46:28',NULL,1),(47,0,1,NULL,'Dilkush',5306.00,5306.00,'Cash',0,0,NULL,'2024-07-13','2024-07-13 15:46:58',NULL,1),(48,0,1,NULL,'Added balance for driver\'s welfare',5306.00,10612.00,'Cash',0,0,NULL,'2024-07-13','2024-07-13 15:47:20',NULL,1),(49,0,2,NULL,'Settle the driver\'s balance',5306.00,5306.00,NULL,0,15,NULL,'2024-07-13','2024-07-13 15:47:20',NULL,1),(50,13,2,NULL,'Being OT Paid to Suraj for 2nd , 11th and 20th August 2024.',1525.00,3781.00,'Cash',0,20,NULL,'2024-08-23',NULL,NULL,1),(51,14,2,NULL,'Being overtime charges paid to Suraj Driver.',1275.00,2506.00,'Cash',0,20,NULL,'2024-09-10',NULL,NULL,1),(52,15,2,NULL,'Overtime charges paid - 11.09.2024, 20.09.2024 and 08.10.2024',2000.00,506.00,'Cash',0,20,NULL,'2024-10-25',NULL,NULL,1),(53,0,1,NULL,'Added balance for driver\'s welfare',2498.00,3004.00,'Cash',0,0,NULL,'2024-11-22','2024-11-22 17:34:15',NULL,1),(54,0,2,NULL,'Settle the driver\'s balance',2498.00,506.00,NULL,0,15,NULL,'2024-11-22','2024-11-22 17:34:15',NULL,1),(55,0,1,NULL,'Dilkush Overtime',2498.00,3004.00,'Cash',0,0,NULL,'2024-11-22','2024-11-22 17:34:36',NULL,1),(56,0,1,NULL,'Added balance for driver\'s welfare',2498.00,5502.00,'Cash',0,0,NULL,'2024-11-22','2024-11-22 17:34:57',NULL,1),(57,0,2,NULL,'Settle the driver\'s balance',2498.00,3004.00,NULL,0,15,NULL,'2024-11-22','2024-11-22 17:34:57',NULL,1),(58,0,1,NULL,'Dilkush Overtime for 1st and 2nd November ',1200.00,4204.00,'Cash',0,0,NULL,'2024-11-22','2024-11-22 17:43:53',NULL,1),(59,0,1,NULL,'Added balance for driver\'s welfare',1200.00,5404.00,'Cash',0,0,NULL,'2024-11-22','2024-11-22 17:44:26',NULL,1),(60,0,2,NULL,'Settle the driver\'s balance',1200.00,4204.00,NULL,0,15,NULL,'2024-11-22','2024-11-22 17:44:26',NULL,1),(61,0,1,NULL,'Dikush Overtime Nov 22 - 28',2323.00,6527.00,'Cash',0,0,NULL,'2024-11-29','2024-11-29 16:23:06',NULL,1),(62,0,1,NULL,'Added balance for driver\'s welfare',2323.00,8850.00,'Cash',0,0,NULL,'2024-11-29','2024-11-29 16:23:29',NULL,1),(63,0,2,NULL,'Settle the driver\'s balance',2323.00,6527.00,NULL,0,15,NULL,'2024-11-29','2024-11-29 16:23:29',NULL,1),(64,0,1,NULL,'Suraj Overtime uptil 29th November 2024',1250.00,7777.00,'Cash',0,0,NULL,'2024-11-29','2024-11-29 16:32:18',NULL,1),(65,19,2,NULL,'Suraj Overtime Uptil 29th November 2024',1250.00,6527.00,'Cash',0,20,NULL,'2024-11-29',NULL,NULL,1),(66,0,1,NULL,'Dilkush Overtime',5796.00,12323.00,'Cash',0,0,NULL,'2024-12-03','2025-01-03 17:59:54',NULL,1),(67,0,1,NULL,'Added balance for driver\'s welfare',5796.00,18119.00,'Cash',0,0,NULL,'2025-01-03','2025-01-03 18:00:21',NULL,1),(68,0,2,NULL,'Settle the driver\'s balance',5796.00,12323.00,NULL,0,15,NULL,'2025-01-03','2025-01-03 18:00:21',NULL,1),(69,0,1,NULL,'Suraj Overtime',1631.00,13954.00,'Cash',0,0,NULL,'2025-01-03','2025-01-03 18:03:53',NULL,1),(70,0,1,NULL,'Added balance for driver\'s welfare',1631.00,15585.00,'Cash',0,0,NULL,'2025-01-03','2025-01-03 18:04:25',NULL,1),(71,0,2,NULL,'Settle the driver\'s balance',1631.00,13954.00,NULL,0,15,NULL,'2025-01-03','2025-01-03 18:04:26',NULL,1),(72,0,1,NULL,'Dilkush OT',6573.00,20527.00,'Cash',0,0,NULL,'2025-01-31','2025-03-07 16:50:17',NULL,1),(73,0,1,NULL,'Added balance for driver\'s welfare',6573.00,32191.00,'Cash',0,0,NULL,'2025-03-07','2025-03-07 16:50:51',NULL,1),(74,0,2,NULL,'Settle the driver\'s balance',6573.00,25618.00,NULL,0,15,NULL,'2025-03-07','2025-03-07 16:50:51',NULL,1),(75,0,1,NULL,'Dilkush Feb OT 1st Feb to 28th Feb',5091.00,25618.00,'Cash',0,0,NULL,'2025-03-01','2025-03-07 16:59:07',NULL,1),(76,0,1,NULL,'Added balance for driver\'s welfare',5091.00,30709.00,'Cash',0,0,NULL,'2025-03-07','2025-03-07 16:59:36',NULL,1),(77,0,2,NULL,'Settle the driver\'s balance',5091.00,25618.00,NULL,0,15,NULL,'2025-03-07','2025-03-07 16:59:36',NULL,1),(78,0,1,'GPAY','Paid Dilkhush Driver Overtime from 06.03.2025 to 21.04.2025',6248.00,31866.00,'Cheque',0,0,NULL,'2025-04-21','2025-04-21 17:43:32',NULL,1),(79,0,1,NULL,'Added balance for driver\'s welfare',6248.00,38114.00,'Cash',0,0,NULL,'2025-04-21','2025-04-21 17:43:53',NULL,1),(80,0,2,NULL,'Settle the driver\'s balance',6248.00,31866.00,NULL,0,15,NULL,'2025-04-21','2025-04-21 17:43:53',NULL,1),(81,0,1,NULL,'DILKHUSH',4216.00,36082.00,'Cash',0,0,NULL,'2025-05-19','2025-05-19 17:41:28',NULL,1),(82,0,1,NULL,'Added balance for driver\'s welfare',5353.00,41435.00,'Cash',0,0,NULL,'2025-05-19','2025-05-19 17:44:58',NULL,1),(83,0,2,NULL,'Settle the driver\'s balance',5353.00,36082.00,NULL,0,15,NULL,'2025-05-19','2025-05-19 17:44:58',NULL,1),(84,0,1,NULL,'Dilkush ot May',3480.00,39562.00,'Cash',0,0,NULL,'2025-05-19','2025-05-19 17:51:19',NULL,1),(85,26,2,NULL,'Dilkush From May 1st to May 19th 2025',3480.00,36082.00,'Cash',0,20,NULL,'2025-05-19',NULL,NULL,1),(86,0,1,NULL,'Suraj March',900.00,36982.00,'Cash',0,0,NULL,'2025-05-19','2025-05-19 18:03:12',NULL,1),(87,0,1,NULL,'Added balance for driver\'s welfare',900.00,37882.00,'Cash',0,0,NULL,'2025-05-19','2025-05-19 18:03:38',NULL,1),(88,0,2,NULL,'Settle the driver\'s balance',900.00,36982.00,NULL,0,15,NULL,'2025-05-19','2025-05-19 18:03:38',NULL,1),(89,0,1,NULL,'Suraj April',825.00,37807.00,'Cash',0,0,NULL,'2025-05-19','2025-05-19 18:04:54',NULL,1),(90,0,1,NULL,'Added balance for driver\'s welfare',825.00,38632.00,'Cash',0,0,NULL,'2025-05-19','2025-05-19 18:05:22',NULL,1),(91,0,2,NULL,'Settle the driver\'s balance',825.00,37807.00,NULL,0,15,NULL,'2025-05-19','2025-05-19 18:05:22',NULL,1),(92,0,1,NULL,'Suraj May',600.00,38407.00,'Cash',0,0,NULL,'2025-05-19','2025-05-19 18:07:02',NULL,1),(93,0,1,NULL,'Added balance for driver\'s welfare',600.00,39007.00,'Cash',0,0,NULL,'2025-05-19','2025-05-19 18:07:21',NULL,1),(94,0,2,NULL,'Settle the driver\'s balance',600.00,38407.00,NULL,0,15,NULL,'2025-05-19','2025-05-19 18:07:21',NULL,1),(95,0,1,NULL,'Suraj Driver OT',2448.00,40855.00,'Cash',0,0,NULL,'2025-08-11','2025-08-11 17:50:29',NULL,1),(96,0,1,NULL,'Added balance for driver\'s welfare',2448.00,43303.00,'Cash',0,0,NULL,'2025-08-11','2025-08-11 17:50:41',NULL,1),(97,0,2,NULL,'Settle the driver\'s balance',2448.00,40855.00,NULL,0,15,NULL,'2025-08-11','2025-08-11 17:50:41',NULL,1),(98,0,1,NULL,'Added balance for driver\'s welfare',4148.00,45003.00,'Cash',0,0,NULL,'2025-09-19','2025-09-19 17:33:46',NULL,1),(99,0,2,NULL,'Settle the driver\'s balance',4148.00,40855.00,NULL,0,15,NULL,'2025-09-19','2025-09-19 17:33:46',NULL,1),(100,0,1,NULL,'Added balance for driver\'s welfare',6453.00,47308.00,'Cash',0,0,NULL,'2025-09-19','2025-09-19 17:34:12',NULL,1),(101,0,2,NULL,'Settle the driver\'s balance',6453.00,40855.00,NULL,0,15,NULL,'2025-09-19','2025-09-19 17:34:12',NULL,1),(102,0,1,NULL,'Added balance for driver\'s welfare',957.00,41812.00,'Cash',0,0,NULL,'2025-09-19','2025-09-19 17:34:18',NULL,1),(103,0,2,NULL,'Settle the driver\'s balance',957.00,40855.00,NULL,0,15,NULL,'2025-09-19','2025-09-19 17:34:18',NULL,1),(104,34,2,NULL,'17/10/2025 to 17/11/2025┬á overtime',4528.00,36327.00,'Cash',0,20,NULL,'2025-12-05',NULL,NULL,1),(105,35,2,NULL,'Suraj Overtime from 15.08.2025 to 05.12.2025',1150.00,36327.00,'Cash',0,20,NULL,'2025-12-05',NULL,NULL,0),(106,0,1,NULL,'Suraj Overtime',1150.00,37477.00,'Cash',0,0,NULL,'2025-12-05','2025-12-05 17:49:21',NULL,1),(107,0,1,NULL,'Added balance for driver\'s welfare',1075.00,38552.00,'Cash',0,0,NULL,'2025-12-05','2025-12-05 17:50:44',NULL,1),(108,0,2,NULL,'Settle the driver\'s balance',1075.00,37477.00,NULL,0,15,NULL,'2025-12-05','2025-12-05 17:50:44',NULL,1),(109,0,1,NULL,'Dilkhush OT',4528.00,37477.00,'Cash',0,0,NULL,'2025-12-05','2025-12-05 17:51:56',NULL,0),(110,0,1,NULL,'Added balance for driver\'s welfare',5803.00,43280.00,'Cash',0,0,NULL,'2025-12-05','2025-12-05 17:52:43',NULL,1),(111,0,2,NULL,'Settle the driver\'s balance',5803.00,37477.00,NULL,0,15,NULL,'2025-12-05','2025-12-05 17:52:43',NULL,1);
/*!40000 ALTER TABLE `mx_petty_cash_book` ENABLE KEYS */;
UNLOCK TABLES;

--
-- Table structure for table `mx_pettycash_category`
--

DROP TABLE IF EXISTS `mx_pettycash_category`;
/*!40101 SET @saved_cs_client     = @@character_set_client */;
/*!40101 SET character_set_client = utf8 */;
CREATE TABLE `mx_pettycash_category` (
  `pettyCashCatID` int(11) NOT NULL AUTO_INCREMENT,
  `pettyCashCat` varchar(255) DEFAULT NULL,
  `status` tinyint(1) NOT NULL DEFAULT 1,
  PRIMARY KEY (`pettyCashCatID`)
) ENGINE=InnoDB AUTO_INCREMENT=21 DEFAULT CHARSET=utf8 COLLATE=utf8_unicode_ci;
/*!40101 SET character_set_client = @saved_cs_client */;

--
-- Dumping data for table `mx_pettycash_category`
--

LOCK TABLES `mx_pettycash_category` WRITE;
/*!40000 ALTER TABLE `mx_pettycash_category` DISABLE KEYS */;
INSERT INTO `mx_pettycash_category` VALUES (1,'Tea Expenses',1),(2,'Office Expenses',1),(3,'Staff Welfare',1),(4,'To Paritosh sir',1),(5,'Toll/Parking/Road expenses.',1),(6,'Diesel and Petrol Expenses',1),(7,'For Petty Cash',1),(8,'Travelling Expenses',1),(9,'Repairs and maintenance expenses',1),(10,'POSTAGE & COURIER',1),(11,'PRINTING & STATIONERY',1),(12,'Telephone & Mobile Expenses',1),(13,'Job Work Charges',1),(14,'Salary ',1),(15,'Overtime Work Charges',1),(16,'General',1),(17,'Gernal t',0),(18,'Labour Charges',1),(19,'petty',1),(20,'Driver Overtime',1);
/*!40000 ALTER TABLE `mx_pettycash_category` ENABLE KEYS */;
UNLOCK TABLES;

--
-- Table structure for table `mx_pnp_booking`
--

DROP TABLE IF EXISTS `mx_pnp_booking`;
/*!40101 SET @saved_cs_client     = @@character_set_client */;
/*!40101 SET character_set_client = utf8 */;
CREATE TABLE `mx_pnp_booking` (
  `bookingID` int(11) NOT NULL AUTO_INCREMENT,
  `bookingNo` varchar(50) NOT NULL,
  `locationID` int(11) NOT NULL,
  `courtID` int(11) NOT NULL,
  `bookingSource` enum('Hudle','Walk-in','Phone','Website','App') DEFAULT 'Walk-in',
  `hudelBookingID` varchar(100) DEFAULT NULL COMMENT 'Hudle API Booking ID',
  `hudelTransactionID` varchar(100) DEFAULT NULL,
  `customerName` varchar(200) NOT NULL,
  `customerPhone` varchar(20) DEFAULT NULL,
  `customerEmail` varchar(150) DEFAULT NULL,
  `customerType` enum('Guest','Member','Corporate') DEFAULT 'Guest',
  `membershipID` varchar(50) DEFAULT NULL,
  `bookingDate` date NOT NULL,
  `startTime` time NOT NULL,
  `endTime` time NOT NULL,
  `duration` int(11) DEFAULT 60 COMMENT 'Duration in minutes',
  `numberOfPlayers` int(11) DEFAULT 2,
  `baseAmount` decimal(10,2) DEFAULT 0.00,
  `discountAmount` decimal(10,2) DEFAULT 0.00,
  `taxAmount` decimal(10,2) DEFAULT 0.00,
  `totalAmount` decimal(10,2) DEFAULT 0.00,
  `paymentStatus` enum('Pending','Paid','Partial','Refunded','Cancelled') DEFAULT 'Pending',
  `paymentMethod` enum('Cash','Card','UPI','Hudle','Wallet','Bank Transfer') DEFAULT 'Hudle',
  `paymentReference` varchar(100) DEFAULT NULL,
  `paidAmount` decimal(10,2) DEFAULT 0.00,
  `paidAt` datetime DEFAULT NULL,
  `bookingStatus` enum('Confirmed','Checked-In','In-Progress','Completed','No-Show','Cancelled') DEFAULT 'Confirmed',
  `checkInTime` datetime DEFAULT NULL,
  `checkOutTime` datetime DEFAULT NULL,
  `checkedInBy` int(11) DEFAULT NULL COMMENT 'Staff userID',
  `invoiceGenerated` tinyint(4) DEFAULT 0,
  `invoiceNo` varchar(50) DEFAULT NULL,
  `feedbackSent` tinyint(4) DEFAULT 0,
  `feedbackReceived` tinyint(4) DEFAULT 0,
  `notes` text DEFAULT NULL,
  `status` tinyint(4) DEFAULT 1,
  `createdBy` int(11) DEFAULT NULL,
  `created` datetime DEFAULT current_timestamp(),
  `modified` datetime DEFAULT NULL ON UPDATE current_timestamp(),
  PRIMARY KEY (`bookingID`),
  UNIQUE KEY `bookingNo` (`bookingNo`),
  KEY `courtID` (`courtID`),
  KEY `idx_booking_date` (`bookingDate`),
  KEY `idx_location_date` (`locationID`,`bookingDate`),
  KEY `idx_customer_phone` (`customerPhone`),
  KEY `idx_booking_status` (`bookingStatus`),
  CONSTRAINT `mx_pnp_booking_ibfk_1` FOREIGN KEY (`locationID`) REFERENCES `mx_pnp_location` (`locationID`),
  CONSTRAINT `mx_pnp_booking_ibfk_2` FOREIGN KEY (`courtID`) REFERENCES `mx_pnp_court` (`courtID`)
) ENGINE=InnoDB AUTO_INCREMENT=20 DEFAULT CHARSET=utf8mb4 COLLATE=utf8mb4_general_ci;
/*!40101 SET character_set_client = @saved_cs_client */;

--
-- Dumping data for table `mx_pnp_booking`
--

LOCK TABLES `mx_pnp_booking` WRITE;
/*!40000 ALTER TABLE `mx_pnp_booking` DISABLE KEYS */;
INSERT INTO `mx_pnp_booking` VALUES (1,'BK-20251225-0001',1,1,'Walk-in',NULL,NULL,'Vikram Malhotra','9820123456','vikram.m@gmail.com','Member',NULL,'2025-12-25','09:00:00','10:00:00',60,4,1800.00,0.00,324.00,2124.00,'Paid','UPI',NULL,2124.00,NULL,'Confirmed',NULL,NULL,NULL,0,NULL,0,0,'Regular member booking',1,NULL,'2025-12-25 00:36:02',NULL),(2,'BK-20251225-0002',1,2,'Hudle',NULL,NULL,'Neha Kapoor','9820234567','neha.k@outlook.com','Guest',NULL,'2025-12-25','10:00:00','11:00:00',60,2,2000.00,200.00,324.00,2124.00,'Paid','Hudle',NULL,2124.00,NULL,'Checked-In',NULL,NULL,NULL,0,NULL,0,0,'First time player, booked via Hudle',1,NULL,'2025-12-25 00:36:02',NULL),(3,'BK-20251225-0003',1,3,'Phone',NULL,NULL,'Arjun Singh','9820345678','arjun.s@yahoo.com','Guest',NULL,'2025-12-25','11:00:00','12:30:00',90,4,2250.00,0.00,405.00,2655.00,'Paid','Card',NULL,2655.00,NULL,'In-Progress',NULL,NULL,NULL,0,NULL,0,0,'1.5 hour session',1,NULL,'2025-12-25 00:36:02',NULL),(4,'BK-20251225-0004',1,1,'Website',NULL,NULL,'Priyanka Joshi','9820456789','priyanka.j@gmail.com','Corporate',NULL,'2025-12-25','14:00:00','15:00:00',60,4,2500.00,500.00,360.00,2360.00,'Paid','Bank Transfer',NULL,2360.00,NULL,'Confirmed',NULL,NULL,NULL,0,NULL,0,0,'Corporate booking - ABC Corp',1,NULL,'2025-12-25 00:36:02',NULL),(5,'BK-20251225-0005',1,2,'App',NULL,NULL,'Rohan Desai','9820567890','rohan.d@gmail.com','Member',NULL,'2025-12-25','17:00:00','18:00:00',60,2,1800.00,0.00,324.00,2124.00,'Pending','Cash',NULL,0.00,NULL,'Confirmed',NULL,NULL,NULL,0,NULL,0,0,'Evening peak slot',1,NULL,'2025-12-25 00:36:02',NULL),(6,'BK-20251225-0006',2,4,'Walk-in',NULL,NULL,'Kavita Rao','9821123456','kavita.rao@gmail.com','Guest',NULL,'2025-12-25','08:00:00','09:00:00',60,4,1800.00,0.00,324.00,2124.00,'Paid','Cash',NULL,2124.00,NULL,'Completed',NULL,NULL,NULL,0,NULL,0,0,'Morning booking',1,NULL,'2025-12-25 00:36:02',NULL),(7,'BK-20251225-0007',2,5,'Hudle',NULL,NULL,'Sanjay Mehta','9821234567','sanjay.m@hotmail.com','Member',NULL,'2025-12-25','10:00:00','11:00:00',60,4,1600.00,0.00,288.00,1888.00,'Paid','Hudle',NULL,1888.00,NULL,'Checked-In',NULL,NULL,NULL,0,NULL,0,0,'',1,NULL,'2025-12-25 00:36:02',NULL),(8,'BK-20251225-0008',2,4,'Phone',NULL,NULL,'Anita Sharma','9821345678','anita.sharma@gmail.com','Guest',NULL,'2025-12-25','15:00:00','16:00:00',60,2,1800.00,0.00,324.00,2124.00,'Paid','UPI',NULL,2124.00,NULL,'Confirmed',NULL,NULL,NULL,0,NULL,0,0,'',1,NULL,'2025-12-25 00:36:02',NULL),(9,'BK-20251225-0009',3,6,'Walk-in',NULL,NULL,'Deepak Kumar','9822123456','deepak.k@gmail.com','Guest',NULL,'2025-12-25','07:00:00','08:00:00',60,4,1200.00,0.00,216.00,1416.00,'Paid','Cash',NULL,1416.00,NULL,'Completed',NULL,NULL,NULL,0,NULL,0,0,'Early morning session',1,NULL,'2025-12-25 00:36:02',NULL),(10,'BK-20251225-0010',3,7,'Hudle',NULL,NULL,'Meera Iyer','9822234567','meera.i@gmail.com','Member',NULL,'2025-12-25','09:00:00','10:00:00',60,2,1100.00,0.00,198.00,1298.00,'Paid','Hudle',NULL,1298.00,NULL,'Checked-In',NULL,NULL,NULL,0,NULL,0,0,'',1,NULL,'2025-12-25 00:36:02',NULL),(11,'BK-20251224-0001',1,1,'Hudle',NULL,NULL,'Rajesh Khanna','9823123456','rajesh.k@gmail.com','Guest',NULL,'2025-12-24','10:00:00','11:00:00',60,4,2000.00,0.00,360.00,2360.00,'Paid','Hudle',NULL,2360.00,NULL,'Completed',NULL,NULL,NULL,0,NULL,0,0,'',1,NULL,'2025-12-24 00:36:02',NULL),(12,'BK-20251224-0002',1,2,'Walk-in',NULL,NULL,'Sunita Verma','9823234567','sunita.v@gmail.com','Member',NULL,'2025-12-24','14:00:00','15:00:00',60,4,1800.00,0.00,324.00,2124.00,'Paid','UPI',NULL,2124.00,NULL,'Completed',NULL,NULL,NULL,0,NULL,0,0,'',1,NULL,'2025-12-24 00:36:02',NULL),(13,'BK-20251224-0003',2,4,'Hudle',NULL,NULL,'Amit Chandra','9823345678','amit.c@yahoo.com','Guest',NULL,'2025-12-24','18:00:00','19:00:00',60,4,2200.00,0.00,396.00,2596.00,'Paid','Hudle',NULL,2596.00,NULL,'Completed',NULL,NULL,NULL,0,NULL,0,0,'Peak hour booking',1,NULL,'2025-12-24 00:36:02',NULL),(14,'BK-20251223-0001',1,3,'Phone',NULL,NULL,'Pooja Nair','9824123456','pooja.n@gmail.com','Corporate',NULL,'2025-12-23','16:00:00','18:00:00',120,4,3000.00,300.00,486.00,3186.00,'Paid','Bank Transfer',NULL,3186.00,NULL,'Completed',NULL,NULL,NULL,0,NULL,0,0,'2 hour corporate event',1,NULL,'2025-12-23 00:36:02',NULL),(15,'BK-20251222-0001',3,6,'Hudle',NULL,NULL,'Karan Johar','9824234567','karan.j@gmail.com','Guest',NULL,'2025-12-22','11:00:00','12:00:00',60,4,1200.00,0.00,216.00,1416.00,'Paid','Hudle',NULL,1416.00,NULL,'Completed',NULL,NULL,NULL,0,NULL,0,0,'',1,NULL,'2025-12-22 00:36:02',NULL),(16,'BK-20251224-0004',1,1,'Website',NULL,NULL,'Vijay Kumar','9825123456','vijay.k@gmail.com','Guest',NULL,'2025-12-24','20:00:00','21:00:00',60,4,2500.00,0.00,450.00,2950.00,'Refunded','UPI',NULL,0.00,NULL,'Cancelled',NULL,NULL,NULL,0,NULL,0,0,'Customer cancelled 2 hours before',1,NULL,'2025-12-24 00:36:02',NULL),(17,'BK-20251223-0002',2,5,'Hudle',NULL,NULL,'Rekha Sharma','9825234567','rekha.s@gmail.com','Guest',NULL,'2025-12-23','19:00:00','20:00:00',60,2,2200.00,0.00,396.00,2596.00,'Paid','Hudle',NULL,2596.00,NULL,'No-Show',NULL,NULL,NULL,0,NULL,0,0,'Did not show up',1,NULL,'2025-12-23 00:36:02',NULL),(18,'BK-20251226-0001',1,1,'App',NULL,NULL,'Nikhil Agarwal','9826123456','nikhil.a@gmail.com','Member',NULL,'2025-12-26','10:00:00','11:00:00',60,4,1800.00,0.00,324.00,2124.00,'Paid','Card',NULL,2124.00,NULL,'Confirmed',NULL,NULL,NULL,0,NULL,0,0,'Advance booking',1,NULL,'2025-12-25 00:36:02',NULL),(19,'BK-20251227-0001',2,4,'Phone',NULL,NULL,'Swati Patel','9826234567','swati.p@gmail.com','Guest',NULL,'2025-12-27','14:00:00','15:00:00',60,2,1800.00,0.00,324.00,2124.00,'Pending','Cash',NULL,0.00,NULL,'Confirmed',NULL,NULL,NULL,0,NULL,0,0,'',1,NULL,'2025-12-25 00:36:02',NULL);
/*!40000 ALTER TABLE `mx_pnp_booking` ENABLE KEYS */;
UNLOCK TABLES;

--
-- Table structure for table `mx_pnp_consumption`
--

DROP TABLE IF EXISTS `mx_pnp_consumption`;
/*!40101 SET @saved_cs_client     = @@character_set_client */;
/*!40101 SET character_set_client = utf8 */;
CREATE TABLE `mx_pnp_consumption` (
  `consumptionID` int(11) NOT NULL AUTO_INCREMENT,
  `locationID` int(11) NOT NULL,
  `courtID` int(11) DEFAULT NULL,
  `bookingID` int(11) DEFAULT NULL,
  `consumptionDate` date NOT NULL,
  `itemType` varchar(100) NOT NULL COMMENT 'e.g., Padel Balls',
  `quantity` int(11) DEFAULT 1,
  `unitCost` decimal(10,2) DEFAULT 0.00,
  `totalCost` decimal(10,2) DEFAULT 0.00,
  `notes` text DEFAULT NULL,
  `createdBy` int(11) DEFAULT NULL,
  `created` datetime DEFAULT current_timestamp(),
  PRIMARY KEY (`consumptionID`),
  KEY `locationID` (`locationID`),
  KEY `courtID` (`courtID`),
  KEY `bookingID` (`bookingID`),
  CONSTRAINT `mx_pnp_consumption_ibfk_1` FOREIGN KEY (`locationID`) REFERENCES `mx_pnp_location` (`locationID`),
  CONSTRAINT `mx_pnp_consumption_ibfk_2` FOREIGN KEY (`courtID`) REFERENCES `mx_pnp_court` (`courtID`) ON DELETE SET NULL,
  CONSTRAINT `mx_pnp_consumption_ibfk_3` FOREIGN KEY (`bookingID`) REFERENCES `mx_pnp_booking` (`bookingID`) ON DELETE SET NULL
) ENGINE=InnoDB DEFAULT CHARSET=utf8mb4 COLLATE=utf8mb4_general_ci;
/*!40101 SET character_set_client = @saved_cs_client */;

--
-- Dumping data for table `mx_pnp_consumption`
--

LOCK TABLES `mx_pnp_consumption` WRITE;
/*!40000 ALTER TABLE `mx_pnp_consumption` DISABLE KEYS */;
/*!40000 ALTER TABLE `mx_pnp_consumption` ENABLE KEYS */;
UNLOCK TABLES;

--
-- Table structure for table `mx_pnp_court`
--

DROP TABLE IF EXISTS `mx_pnp_court`;
/*!40101 SET @saved_cs_client     = @@character_set_client */;
/*!40101 SET character_set_client = utf8 */;
CREATE TABLE `mx_pnp_court` (
  `courtID` int(11) NOT NULL AUTO_INCREMENT,
  `locationID` int(11) NOT NULL,
  `courtCode` varchar(20) NOT NULL,
  `courtName` varchar(100) NOT NULL,
  `courtType` enum('Indoor','Outdoor','Covered') DEFAULT 'Indoor',
  `surfaceType` varchar(50) DEFAULT 'Artificial Turf',
  `courtSize` varchar(50) DEFAULT 'Standard (10m x 20m)',
  `maxPlayers` int(11) DEFAULT 4,
  `hourlyRate` decimal(10,2) DEFAULT 0.00,
  `peakHourlyRate` decimal(10,2) DEFAULT 0.00,
  `weekendRate` decimal(10,2) DEFAULT 0.00,
  `memberRate` decimal(10,2) DEFAULT 0.00,
  `hudelCourtID` varchar(100) DEFAULT NULL COMMENT 'Hudle API Court ID',
  `amenities` text DEFAULT NULL COMMENT 'JSON array of amenities',
  `maintenanceStatus` enum('Active','Under Maintenance','Closed') DEFAULT 'Active',
  `sortOrder` int(11) DEFAULT 0,
  `status` tinyint(4) DEFAULT 1,
  `created` datetime DEFAULT current_timestamp(),
  `modified` datetime DEFAULT NULL ON UPDATE current_timestamp(),
  PRIMARY KEY (`courtID`),
  UNIQUE KEY `location_court` (`locationID`,`courtCode`),
  CONSTRAINT `mx_pnp_court_ibfk_1` FOREIGN KEY (`locationID`) REFERENCES `mx_pnp_location` (`locationID`) ON DELETE CASCADE
) ENGINE=InnoDB AUTO_INCREMENT=9 DEFAULT CHARSET=utf8mb4 COLLATE=utf8mb4_general_ci;
/*!40101 SET character_set_client = @saved_cs_client */;

--
-- Dumping data for table `mx_pnp_court`
--

LOCK TABLES `mx_pnp_court` WRITE;
/*!40000 ALTER TABLE `mx_pnp_court` DISABLE KEYS */;
INSERT INTO `mx_pnp_court` VALUES (1,1,'BKC-C1','Court 1 - Premium','Indoor','Artificial Turf','Standard (10m x 20m)',4,2000.00,2500.00,2500.00,1800.00,NULL,'AC, LED Lights, Spectator Area','Active',1,1,'2025-12-25 00:34:47',NULL),(2,1,'BKC-C2','Court 2 - Premium','Indoor','Artificial Turf','Standard (10m x 20m)',4,2000.00,2500.00,2500.00,1800.00,NULL,'AC, LED Lights, Spectator Area','Active',2,1,'2025-12-25 00:34:47',NULL),(3,1,'BKC-C3','Court 3 - Standard','Indoor','Artificial Turf','Standard (10m x 20m)',4,1500.00,2000.00,2000.00,1400.00,NULL,'AC, LED Lights','Active',3,1,'2025-12-25 00:34:47',NULL),(4,2,'ANH-C1','Court A','Covered','Artificial Turf','Standard (10m x 20m)',4,1800.00,2200.00,2200.00,1600.00,NULL,'Covered, LED Lights','Active',1,1,'2025-12-25 00:34:47',NULL),(5,2,'ANH-C2','Court B','Covered','Artificial Turf','Standard (10m x 20m)',4,1800.00,2200.00,2200.00,1600.00,NULL,'Covered, LED Lights','Active',2,1,'2025-12-25 00:34:47',NULL),(6,3,'PWI-C1','Lakeside Court 1','Outdoor','Artificial Turf','Standard (10m x 20m)',4,1200.00,1600.00,1600.00,1100.00,NULL,'LED Lights, Lake View','Active',1,1,'2025-12-25 00:34:47',NULL),(7,3,'PWI-C2','Lakeside Court 2','Outdoor','Artificial Turf','Standard (10m x 20m)',4,1200.00,1600.00,1600.00,1100.00,NULL,'LED Lights, Lake View','Active',2,1,'2025-12-25 00:34:47',NULL),(8,3,'PWI-C3','Garden Court','Covered','Artificial Turf','Standard (10m x 20m)',4,1500.00,1800.00,1800.00,1350.00,NULL,'Covered, LED Lights, Garden Area','Under Maintenance',3,1,'2025-12-25 00:34:47',NULL);
/*!40000 ALTER TABLE `mx_pnp_court` ENABLE KEYS */;
UNLOCK TABLES;

--
-- Table structure for table `mx_pnp_equipment`
--

DROP TABLE IF EXISTS `mx_pnp_equipment`;
/*!40101 SET @saved_cs_client     = @@character_set_client */;
/*!40101 SET character_set_client = utf8 */;
CREATE TABLE `mx_pnp_equipment` (
  `equipmentID` int(11) NOT NULL AUTO_INCREMENT,
  `locationID` int(11) NOT NULL,
  `equipmentCode` varchar(50) NOT NULL,
  `equipmentName` varchar(200) NOT NULL,
  `equipmentType` enum('Racket','Balls','Shoes','Accessories','Other') DEFAULT 'Racket',
  `brand` varchar(100) DEFAULT NULL,
  `model` varchar(100) DEFAULT NULL,
  `rentalRate` decimal(10,2) DEFAULT 0.00 COMMENT 'Per session rental rate',
  `depositAmount` decimal(10,2) DEFAULT 0.00,
  `damageChargeRate` decimal(10,2) DEFAULT 0.00,
  `totalQuantity` int(11) DEFAULT 1,
  `availableQuantity` int(11) DEFAULT 1,
  `condition` enum('Excellent','Good','Fair','Poor') DEFAULT 'Good',
  `description` text DEFAULT NULL,
  `status` tinyint(4) DEFAULT 1,
  `created` datetime DEFAULT current_timestamp(),
  `modified` datetime DEFAULT NULL ON UPDATE current_timestamp(),
  PRIMARY KEY (`equipmentID`),
  UNIQUE KEY `location_equipment` (`locationID`,`equipmentCode`),
  CONSTRAINT `mx_pnp_equipment_ibfk_1` FOREIGN KEY (`locationID`) REFERENCES `mx_pnp_location` (`locationID`) ON DELETE CASCADE
) ENGINE=InnoDB AUTO_INCREMENT=16 DEFAULT CHARSET=utf8mb4 COLLATE=utf8mb4_general_ci;
/*!40101 SET character_set_client = @saved_cs_client */;

--
-- Dumping data for table `mx_pnp_equipment`
--

LOCK TABLES `mx_pnp_equipment` WRITE;
/*!40000 ALTER TABLE `mx_pnp_equipment` DISABLE KEYS */;
INSERT INTO `mx_pnp_equipment` VALUES (1,1,'EQ-BKC-R01','Pro Padel Racket','Racket','Head','Delta Pro',200.00,2000.00,1500.00,10,8,'Excellent','Professional grade racket with carbon frame',1,'2025-12-25 00:35:14',NULL),(2,1,'EQ-BKC-R02','Standard Racket','Racket','Wilson','Blade',150.00,1500.00,1000.00,15,12,'Good','Standard intermediate racket',1,'2025-12-25 00:35:14',NULL),(3,1,'EQ-BKC-B01','Padel Balls (Pack of 3)','Balls','Head','Padel Pro',100.00,0.00,100.00,50,45,'Excellent','Official padel balls, pack of 3',1,'2025-12-25 00:35:14',NULL),(4,1,'EQ-BKC-S01','Court Shoes','Shoes','Asics','Gel-Padel Pro',150.00,500.00,300.00,20,16,'Good','Non-marking court shoes, various sizes',1,'2025-12-25 00:35:14',NULL),(5,1,'EQ-BKC-A01','Grip Tape Set','Accessories','Wilson','Pro Overgrip',50.00,0.00,50.00,30,28,'Excellent','Set of 3 grip tapes',1,'2025-12-25 00:35:14',NULL),(6,2,'EQ-ANH-R01','Pro Padel Racket','Racket','Babolat','Viper',180.00,1800.00,1400.00,8,6,'Excellent','Tournament grade racket',1,'2025-12-25 00:35:14',NULL),(7,2,'EQ-ANH-R02','Beginner Racket','Racket','Dunlop','Force',100.00,1000.00,800.00,12,10,'Good','Perfect for beginners',1,'2025-12-25 00:35:14',NULL),(8,2,'EQ-ANH-B01','Padel Balls (Pack of 3)','Balls','Dunlop','Pro Padel',80.00,0.00,80.00,40,35,'Excellent','Official padel balls',1,'2025-12-25 00:35:14',NULL),(9,2,'EQ-ANH-S01','Court Shoes','Shoes','Nike','Court Air',130.00,400.00,250.00,15,12,'Good','Lightweight court shoes',1,'2025-12-25 00:35:14',NULL),(10,3,'EQ-PWI-R01','Premium Racket','Racket','Adidas','Adipower',220.00,2200.00,1600.00,6,5,'Excellent','Top-tier professional racket',1,'2025-12-25 00:35:14',NULL),(11,3,'EQ-PWI-R02','Club Racket','Racket','Nox','ML10',120.00,1200.00,900.00,10,8,'Good','Club level racket',1,'2025-12-25 00:35:14',NULL),(12,3,'EQ-PWI-B01','Padel Balls (Pack of 3)','Balls','Head','Padel Pro',100.00,0.00,100.00,35,30,'Excellent','Premium balls',1,'2025-12-25 00:35:14',NULL),(13,3,'EQ-PWI-S01','Court Shoes','Shoes','K-Swiss','Express',140.00,450.00,280.00,18,15,'Good','Durable court shoes',1,'2025-12-25 00:35:14',NULL),(14,3,'EQ-PWI-A01','Wristbands Set','Accessories','Nike','Dri-FIT',30.00,0.00,30.00,25,22,'Excellent','Pair of absorbent wristbands',1,'2025-12-25 00:35:14',NULL),(15,3,'EQ-PWI-A02','Sports Bag','Accessories','Head','Tour Team',100.00,200.00,150.00,5,4,'Good','Large padel bag with compartments',1,'2025-12-25 00:35:14',NULL);
/*!40000 ALTER TABLE `mx_pnp_equipment` ENABLE KEYS */;
UNLOCK TABLES;

--
-- Table structure for table `mx_pnp_feedback`
--

DROP TABLE IF EXISTS `mx_pnp_feedback`;
/*!40101 SET @saved_cs_client     = @@character_set_client */;
/*!40101 SET character_set_client = utf8 */;
CREATE TABLE `mx_pnp_feedback` (
  `feedbackID` int(11) NOT NULL AUTO_INCREMENT,
  `bookingID` int(11) DEFAULT NULL,
  `locationID` int(11) NOT NULL,
  `courtID` int(11) DEFAULT NULL,
  `customerName` varchar(200) DEFAULT NULL,
  `customerPhone` varchar(20) DEFAULT NULL,
  `customerEmail` varchar(150) DEFAULT NULL,
  `feedbackDate` date NOT NULL,
  `feedbackType` enum('Post-Session','General','Complaint','Suggestion') DEFAULT 'Post-Session',
  `overallRating` int(11) DEFAULT 0,
  `courtConditionRating` int(11) DEFAULT 0,
  `staffBehaviorRating` int(11) DEFAULT 0,
  `cleanlinessRating` int(11) DEFAULT 0,
  `valueForMoneyRating` int(11) DEFAULT 0,
  `amenitiesRating` int(11) DEFAULT 0,
  `comments` text DEFAULT NULL,
  `suggestions` text DEFAULT NULL,
  `responseStatus` enum('Pending','Acknowledged','In-Progress','Resolved','Closed') DEFAULT 'Pending',
  `responseNotes` text DEFAULT NULL,
  `respondedBy` int(11) DEFAULT NULL,
  `respondedAt` datetime DEFAULT NULL,
  `status` tinyint(4) DEFAULT 1,
  `created` datetime DEFAULT current_timestamp(),
  `modified` datetime DEFAULT NULL ON UPDATE current_timestamp(),
  PRIMARY KEY (`feedbackID`),
  KEY `bookingID` (`bookingID`),
  KEY `locationID` (`locationID`),
  KEY `courtID` (`courtID`),
  KEY `idx_feedback_date` (`feedbackDate`),
  CONSTRAINT `mx_pnp_feedback_ibfk_1` FOREIGN KEY (`bookingID`) REFERENCES `mx_pnp_booking` (`bookingID`) ON DELETE SET NULL,
  CONSTRAINT `mx_pnp_feedback_ibfk_2` FOREIGN KEY (`locationID`) REFERENCES `mx_pnp_location` (`locationID`),
  CONSTRAINT `mx_pnp_feedback_ibfk_3` FOREIGN KEY (`courtID`) REFERENCES `mx_pnp_court` (`courtID`) ON DELETE SET NULL
) ENGINE=InnoDB DEFAULT CHARSET=utf8mb4 COLLATE=utf8mb4_general_ci;
/*!40101 SET character_set_client = @saved_cs_client */;

--
-- Dumping data for table `mx_pnp_feedback`
--

LOCK TABLES `mx_pnp_feedback` WRITE;
/*!40000 ALTER TABLE `mx_pnp_feedback` DISABLE KEYS */;
/*!40000 ALTER TABLE `mx_pnp_feedback` ENABLE KEYS */;
UNLOCK TABLES;

--
-- Table structure for table `mx_pnp_invoice`
--

DROP TABLE IF EXISTS `mx_pnp_invoice`;
/*!40101 SET @saved_cs_client     = @@character_set_client */;
/*!40101 SET character_set_client = utf8 */;
CREATE TABLE `mx_pnp_invoice` (
  `invoiceID` int(11) NOT NULL AUTO_INCREMENT,
  `invoiceNo` varchar(50) NOT NULL,
  `bookingID` int(11) DEFAULT NULL,
  `rentalID` int(11) DEFAULT NULL,
  `saleID` int(11) DEFAULT NULL,
  `locationID` int(11) NOT NULL,
  `hudelReceiptID` varchar(100) DEFAULT NULL,
  `hudelTransactionID` varchar(100) DEFAULT NULL,
  `customerName` varchar(200) NOT NULL,
  `customerPhone` varchar(20) DEFAULT NULL,
  `customerEmail` varchar(150) DEFAULT NULL,
  `customerGSTIN` varchar(50) DEFAULT NULL,
  `invoiceDate` date NOT NULL,
  `invoiceType` enum('Booking','Rental','Combined','Other') DEFAULT 'Booking',
  `subtotal` decimal(10,2) DEFAULT 0.00,
  `discountAmount` decimal(10,2) DEFAULT 0.00,
  `taxableAmount` decimal(10,2) DEFAULT 0.00,
  `cgstRate` decimal(5,2) DEFAULT 9.00,
  `cgstAmount` decimal(10,2) DEFAULT 0.00,
  `sgstRate` decimal(5,2) DEFAULT 9.00,
  `sgstAmount` decimal(10,2) DEFAULT 0.00,
  `totalAmount` decimal(10,2) NOT NULL,
  `paymentMethod` enum('Cash','Card','UPI','Hudle','Wallet','Bank Transfer') DEFAULT 'Cash',
  `paymentReference` varchar(100) DEFAULT NULL,
  `paymentStatus` enum('Pending','Paid','Partial','Refunded') DEFAULT 'Paid',
  `paidAmount` decimal(10,2) DEFAULT 0.00,
  `invoiceStatus` enum('Draft','Generated','Sent','Cancelled') DEFAULT 'Generated',
  `notes` text DEFAULT NULL,
  `status` tinyint(4) DEFAULT 1,
  `createdBy` int(11) DEFAULT NULL,
  `created` datetime DEFAULT current_timestamp(),
  `modified` datetime DEFAULT NULL ON UPDATE current_timestamp(),
  PRIMARY KEY (`invoiceID`),
  UNIQUE KEY `invoiceNo` (`invoiceNo`),
  KEY `idx_booking` (`bookingID`),
  KEY `idx_location` (`locationID`),
  KEY `idx_hudle` (`hudelReceiptID`),
  KEY `idx_date` (`invoiceDate`),
  KEY `idx_saleID` (`saleID`)
) ENGINE=InnoDB AUTO_INCREMENT=16 DEFAULT CHARSET=utf8mb4 COLLATE=utf8mb4_general_ci;
/*!40101 SET character_set_client = @saved_cs_client */;

--
-- Dumping data for table `mx_pnp_invoice`
--

LOCK TABLES `mx_pnp_invoice` WRITE;
/*!40000 ALTER TABLE `mx_pnp_invoice` DISABLE KEYS */;
INSERT INTO `mx_pnp_invoice` VALUES (1,'INV-20251225-0001',6,NULL,NULL,2,NULL,NULL,'Kavita Rao','9821123456','kavita.rao@gmail.com',NULL,'2025-12-25','Booking',1800.00,0.00,1800.00,9.00,162.00,9.00,162.00,2124.00,'Cash','CASH-001','Paid',2124.00,'Cancelled','Early morning booking',1,NULL,'2025-12-25 00:37:41','2025-12-29 03:33:59'),(2,'INV-20251224-0001',11,NULL,NULL,1,NULL,NULL,'Rajesh Khanna','9823123456','rajesh.k@gmail.com',NULL,'2025-12-24','Booking',2000.00,0.00,2000.00,9.00,180.00,9.00,180.00,2360.00,'Hudle','HUD-TXN-12345','Paid',2360.00,'Sent','',1,NULL,'2025-12-24 00:37:41',NULL),(3,'INV-20251224-0002',12,NULL,NULL,1,NULL,NULL,'Sunita Verma','9823234567','sunita.v@gmail.com',NULL,'2025-12-24','Booking',1800.00,0.00,1800.00,9.00,162.00,9.00,162.00,2124.00,'UPI','UPI-REF-54321','Paid',2124.00,'Sent','',1,NULL,'2025-12-24 00:37:41',NULL),(4,'INV-20251224-0003',13,NULL,NULL,2,NULL,NULL,'Amit Chandra','9823345678','amit.c@yahoo.com',NULL,'2025-12-24','Booking',2200.00,0.00,2200.00,9.00,198.00,9.00,198.00,2596.00,'Hudle','HUD-TXN-12346','Paid',2596.00,'Sent','Peak hour booking',1,NULL,'2025-12-24 00:37:41',NULL),(5,'INV-20251223-0001',14,NULL,NULL,1,NULL,NULL,'Pooja Nair','9824123456','pooja.n@gmail.com','27AABCP1234N1ZP','2025-12-23','Booking',3000.00,300.00,2700.00,9.00,243.00,9.00,243.00,3186.00,'Bank Transfer','NEFT-REF-78901','Paid',3186.00,'Sent','Corporate invoice with GST',1,NULL,'2025-12-23 00:37:41',NULL),(6,'INV-20251222-0001',15,NULL,NULL,3,NULL,NULL,'Karan Johar','9824234567','karan.j@gmail.com',NULL,'2025-12-22','Booking',1200.00,0.00,1200.00,9.00,108.00,9.00,108.00,1416.00,'Hudle','HUD-TXN-12347','Paid',1416.00,'Sent','',1,NULL,'2025-12-22 00:37:41',NULL),(7,'INV-20251225-0002',9,NULL,NULL,3,NULL,NULL,'Deepak Kumar','9822123456','deepak.k@gmail.com',NULL,'2025-12-25','Booking',1200.00,0.00,1200.00,9.00,108.00,9.00,108.00,1416.00,'Cash','CASH-002','Paid',1416.00,'Generated','',1,NULL,'2025-12-25 00:37:41',NULL),(8,'INV-20251225-0003',NULL,4,NULL,2,NULL,NULL,'Shreya Gupta','9827234567','shreya.g@gmail.com',NULL,'2025-12-25','Rental',280.00,0.00,280.00,9.00,25.20,9.00,25.20,330.40,'UPI','UPI-REF-11111','Paid',330.40,'Generated','Rental only invoice',1,NULL,'2025-12-25 00:37:41',NULL),(9,'INV-20251224-0004',NULL,5,NULL,1,NULL,NULL,'Rajesh Khanna','9823123456','rajesh.k@gmail.com',NULL,'2025-12-24','Rental',350.00,0.00,350.00,9.00,31.50,9.00,31.50,413.00,'Hudle','HUD-TXN-12348','Paid',413.00,'Sent','',1,NULL,'2025-12-24 00:37:41',NULL),(10,'INV-20251223-0002',NULL,7,NULL,3,NULL,NULL,'Rahul Dravid','9828123456','rahul.d@gmail.com',NULL,'2025-12-23','Rental',220.00,0.00,220.00,9.00,19.80,9.00,19.80,259.60,'Card','CARD-REF-99999','Paid',259.60,'Sent','Includes damage charge separately collected',1,NULL,'2025-12-23 00:37:41',NULL),(11,'INV-20251225-0004',NULL,9,NULL,3,NULL,NULL,'Deepak Kumar','9822123456','deepak.k@gmail.com',NULL,'2025-12-25','Rental',220.00,0.00,220.00,9.00,19.80,9.00,19.80,259.60,'Cash','CASH-003','Paid',259.60,'Generated','',1,NULL,'2025-12-25 00:37:41',NULL),(12,'INV-20251225-0005',9,9,NULL,3,NULL,NULL,'Deepak Kumar','9822123456','deepak.k@gmail.com',NULL,'2025-12-25','Combined',1420.00,0.00,1420.00,9.00,127.80,9.00,127.80,1675.60,'Cash','CASH-004','Paid',1675.60,'Generated','Combined booking and rental invoice',1,NULL,'2025-12-25 00:37:41',NULL),(13,'INV-20251225-0006',5,NULL,NULL,1,NULL,NULL,'Rohan Desai','9820567890','rohan.d@gmail.com',NULL,'2025-12-25','Booking',1800.00,0.00,1800.00,9.00,162.00,9.00,162.00,2124.00,'Cash',NULL,'Pending',0.00,'Draft','Payment pending for evening slot',1,NULL,'2025-12-25 00:37:41',NULL),(14,'INV-20251229-0004',NULL,NULL,7,1,NULL,NULL,'',NULL,NULL,NULL,'2025-12-29','Other',400.00,0.00,400.00,9.00,36.00,9.00,36.00,472.00,'Cash','','Paid',472.00,'Generated',NULL,1,NULL,'2025-12-29 02:12:11',NULL),(15,'INV-20251229-0005',NULL,NULL,8,1,NULL,NULL,'',NULL,NULL,NULL,'2025-12-29','Other',580.00,0.00,580.00,9.00,52.20,9.00,52.20,684.00,'Cash','','Paid',684.00,'Generated',NULL,1,NULL,'2025-12-29 02:14:02',NULL);
/*!40000 ALTER TABLE `mx_pnp_invoice` ENABLE KEYS */;
UNLOCK TABLES;

--
-- Table structure for table `mx_pnp_location`
--

DROP TABLE IF EXISTS `mx_pnp_location`;
/*!40101 SET @saved_cs_client     = @@character_set_client */;
/*!40101 SET character_set_client = utf8 */;
CREATE TABLE `mx_pnp_location` (
  `locationID` int(11) NOT NULL AUTO_INCREMENT,
  `locationCode` varchar(20) NOT NULL,
  `locationName` varchar(200) NOT NULL,
  `locationType` enum('Owned','Franchise','Partner') DEFAULT 'Owned',
  `address` text DEFAULT NULL,
  `city` varchar(100) DEFAULT NULL,
  `state` varchar(100) DEFAULT NULL,
  `pincode` varchar(10) DEFAULT NULL,
  `contactPerson` varchar(150) DEFAULT NULL,
  `contactPhone` varchar(20) DEFAULT NULL,
  `contactEmail` varchar(150) DEFAULT NULL,
  `operatingHoursStart` time DEFAULT '06:00:00',
  `operatingHoursEnd` time DEFAULT '23:00:00',
  `gstNo` varchar(50) DEFAULT NULL,
  `hudelLocationID` varchar(100) DEFAULT NULL COMMENT 'Hudle API Location ID',
  `warehouseID` int(11) DEFAULT NULL,
  `latitude` decimal(10,8) DEFAULT NULL,
  `longitude` decimal(11,8) DEFAULT NULL,
  `status` tinyint(4) DEFAULT 1,
  `created` datetime DEFAULT current_timestamp(),
  `modified` datetime DEFAULT NULL ON UPDATE current_timestamp(),
  PRIMARY KEY (`locationID`),
  UNIQUE KEY `locationCode` (`locationCode`)
) ENGINE=InnoDB AUTO_INCREMENT=4 DEFAULT CHARSET=utf8mb4 COLLATE=utf8mb4_general_ci;
/*!40101 SET character_set_client = @saved_cs_client */;

--
-- Dumping data for table `mx_pnp_location`
--

LOCK TABLES `mx_pnp_location` WRITE;
/*!40000 ALTER TABLE `mx_pnp_location` DISABLE KEYS */;
INSERT INTO `mx_pnp_location` VALUES (1,'LOC-BKC','Sky Padel BKC','Owned','Ground Floor, One BKC, G Block, Bandra Kurla Complex','Mumbai','Maharashtra','400051','Rahul Sharma','9876543210','bkc@skypadel.in','06:00:00','23:00:00','27AABCS1234F1ZP',NULL,2,19.05960000,72.86560000,1,'2025-12-25 00:34:23','2025-12-29 00:12:26'),(2,'LOC-ANH','Sky Padel Andheri','Franchise','2nd Floor, Infinity Mall, Link Road, Andheri West','Mumbai','Maharashtra','400053','Priya Mehta','9876543211','andheri@skypadel.in','07:00:00','22:00:00','27AABCS5678G2ZQ',NULL,3,19.13640000,72.82960000,1,'2025-12-25 00:34:23','2025-12-29 00:12:26'),(3,'LOC-PWI','Sky Padel Powai','Partner','Hiranandani Gardens, Near Galleria Mall, Powai','Mumbai','Maharashtra','400076','Amit Patel','9876543212','powai@skypadel.in','06:30:00','22:30:00','27AABCS9012H3ZR',NULL,4,19.11760000,72.90600000,1,'2025-12-25 00:34:23','2025-12-29 00:12:26');
/*!40000 ALTER TABLE `mx_pnp_location` ENABLE KEYS */;
UNLOCK TABLES;

--
-- Table structure for table `mx_pnp_rental`
--

DROP TABLE IF EXISTS `mx_pnp_rental`;
/*!40101 SET @saved_cs_client     = @@character_set_client */;
/*!40101 SET character_set_client = utf8 */;
CREATE TABLE `mx_pnp_rental` (
  `rentalID` int(11) NOT NULL AUTO_INCREMENT,
  `rentalNo` varchar(50) NOT NULL,
  `locationID` int(11) NOT NULL,
  `bookingID` int(11) DEFAULT NULL COMMENT 'Linked booking if any',
  `hudelBookingID` varchar(100) DEFAULT NULL COMMENT 'Hudle Booking reference',
  `customerName` varchar(200) NOT NULL,
  `customerPhone` varchar(20) DEFAULT NULL,
  `customerEmail` varchar(150) DEFAULT NULL,
  `rentalDate` date NOT NULL,
  `issueTime` datetime DEFAULT NULL,
  `expectedReturnTime` datetime DEFAULT NULL,
  `actualReturnTime` datetime DEFAULT NULL,
  `rentalAmount` decimal(10,2) DEFAULT 0.00,
  `depositAmount` decimal(10,2) DEFAULT 0.00,
  `damageCharge` decimal(10,2) DEFAULT 0.00,
  `totalAmount` decimal(10,2) DEFAULT 0.00,
  `refundAmount` decimal(10,2) DEFAULT 0.00,
  `paymentStatus` enum('Pending','Deposit Paid','Fully Paid','Refunded') DEFAULT 'Pending',
  `paymentMethod` enum('Cash','Card','UPI','Hudle','Wallet') DEFAULT 'Cash',
  `paymentReference` varchar(100) DEFAULT NULL,
  `rentalStatus` enum('Reserved','Issued','Returned','Returned-Damaged','Lost') DEFAULT 'Reserved',
  `issuedBy` int(11) DEFAULT NULL COMMENT 'Staff userID',
  `returnedTo` int(11) DEFAULT NULL COMMENT 'Staff userID',
  `damageNotes` text DEFAULT NULL,
  `invoiceNo` varchar(50) DEFAULT NULL,
  `notes` text DEFAULT NULL,
  `status` tinyint(4) DEFAULT 1,
  `createdBy` int(11) DEFAULT NULL,
  `created` datetime DEFAULT current_timestamp(),
  `modified` datetime DEFAULT NULL ON UPDATE current_timestamp(),
  PRIMARY KEY (`rentalID`),
  UNIQUE KEY `rentalNo` (`rentalNo`),
  KEY `locationID` (`locationID`),
  KEY `bookingID` (`bookingID`),
  KEY `idx_rental_date` (`rentalDate`),
  KEY `idx_rental_status` (`rentalStatus`),
  CONSTRAINT `mx_pnp_rental_ibfk_1` FOREIGN KEY (`locationID`) REFERENCES `mx_pnp_location` (`locationID`),
  CONSTRAINT `mx_pnp_rental_ibfk_2` FOREIGN KEY (`bookingID`) REFERENCES `mx_pnp_booking` (`bookingID`) ON DELETE SET NULL
) ENGINE=InnoDB AUTO_INCREMENT=11 DEFAULT CHARSET=utf8mb4 COLLATE=utf8mb4_general_ci;
/*!40101 SET character_set_client = @saved_cs_client */;

--
-- Dumping data for table `mx_pnp_rental`
--

LOCK TABLES `mx_pnp_rental` WRITE;
/*!40000 ALTER TABLE `mx_pnp_rental` DISABLE KEYS */;
INSERT INTO `mx_pnp_rental` VALUES (1,'RN-20251225-0001',1,2,NULL,'Neha Kapoor','9820234567','neha.k@outlook.com','2025-12-25','2025-12-25 00:36:39','2025-12-25 01:36:39',NULL,350.00,2000.00,0.00,2350.00,0.00,'Deposit Paid','UPI',NULL,'Issued',NULL,NULL,NULL,NULL,'Rental with booking BK-20251225-0002',1,NULL,'2025-12-25 00:36:39',NULL),(2,'RN-20251225-0002',1,3,NULL,'Arjun Singh','9820345678','arjun.s@yahoo.com','2025-12-25','2025-12-25 00:36:39','2025-12-25 02:36:39',NULL,500.00,3500.00,0.00,4000.00,0.00,'Deposit Paid','Card',NULL,'Issued',NULL,NULL,NULL,NULL,'Full equipment set for 1.5 hour session',1,NULL,'2025-12-25 00:36:39',NULL),(3,'RN-20251225-0003',1,NULL,NULL,'Aditya Prakash','9827123456','aditya.p@gmail.com','2025-12-25','2025-12-25 00:36:39','2025-12-25 02:36:39',NULL,200.00,2000.00,0.00,2200.00,0.00,'Deposit Paid','Cash',NULL,'Issued',NULL,NULL,NULL,NULL,'Just racket rental',1,NULL,'2025-12-25 00:36:39',NULL),(4,'RN-20251225-0004',2,NULL,NULL,'Shreya Gupta','9827234567','shreya.g@gmail.com','2025-12-25','2025-12-24 22:36:39','2025-12-24 23:36:39','2025-12-24 23:46:39',280.00,1800.00,0.00,2080.00,1800.00,'Fully Paid','UPI',NULL,'Returned',NULL,NULL,NULL,NULL,'Returned on time',1,NULL,'2025-12-25 00:36:39',NULL),(5,'RN-20251224-0001',1,11,NULL,'Rajesh Khanna','9823123456','rajesh.k@gmail.com','2025-12-24','2025-12-23 23:36:39','2025-12-24 00:36:39','2025-12-24 00:36:39',350.00,3500.00,0.00,3850.00,3500.00,'Fully Paid','Hudle',NULL,'Returned',NULL,NULL,NULL,NULL,'',1,NULL,'2025-12-24 00:36:39',NULL),(6,'RN-20251224-0002',2,13,NULL,'Amit Chandra','9823345678','amit.c@yahoo.com','2025-12-24','2025-12-23 18:36:39','2025-12-23 19:36:39','2025-12-23 19:36:39',180.00,1800.00,0.00,1980.00,1800.00,'Fully Paid','Hudle',NULL,'Returned',NULL,NULL,NULL,NULL,'',1,NULL,'2025-12-24 00:36:39',NULL),(7,'RN-20251223-0001',3,NULL,NULL,'Rahul Dravid','9828123456','rahul.d@gmail.com','2025-12-23','2025-12-22 22:36:39','2025-12-22 23:36:39','2025-12-22 23:36:39',220.00,2200.00,500.00,2920.00,1700.00,'Fully Paid','Card',NULL,'Returned-Damaged',NULL,NULL,NULL,NULL,'Minor racket damage - grip torn',1,NULL,'2025-12-23 00:36:39',NULL),(8,'RN-20251220-0001',1,NULL,NULL,'Unknown Player','9828234567','','2025-12-20','2025-12-19 22:36:39','2025-12-19 23:36:39',NULL,100.00,500.00,500.00,1100.00,0.00,'Fully Paid','Cash',NULL,'Lost',NULL,NULL,NULL,NULL,'Ball pack not returned, deposit forfeited',1,NULL,'2025-12-20 00:36:39',NULL),(9,'RN-20251225-0005',3,9,NULL,'Deepak Kumar','9822123456','deepak.k@gmail.com','2025-12-25','2025-12-24 19:36:39','2025-12-24 20:36:39','2025-12-24 20:36:39',220.00,2200.00,0.00,2420.00,2200.00,'Fully Paid','Cash',NULL,'Returned',NULL,NULL,NULL,NULL,'Early morning rental',1,NULL,'2025-12-25 00:36:39',NULL),(10,'RN-20251225-0006',3,10,NULL,'Meera Iyer','9822234567','meera.i@gmail.com','2025-12-25','2025-12-25 00:36:39','2025-12-25 01:36:39',NULL,120.00,1200.00,0.00,1320.00,0.00,'Deposit Paid','Hudle',NULL,'Issued',NULL,NULL,NULL,NULL,'Member discount applied',1,NULL,'2025-12-25 00:36:39',NULL);
/*!40000 ALTER TABLE `mx_pnp_rental` ENABLE KEYS */;
UNLOCK TABLES;

--
-- Table structure for table `mx_pnp_rental_item`
--

DROP TABLE IF EXISTS `mx_pnp_rental_item`;
/*!40101 SET @saved_cs_client     = @@character_set_client */;
/*!40101 SET character_set_client = utf8 */;
CREATE TABLE `mx_pnp_rental_item` (
  `rentalItemID` int(11) NOT NULL AUTO_INCREMENT,
  `rentalID` int(11) NOT NULL,
  `equipmentID` int(11) NOT NULL,
  `quantity` int(11) DEFAULT 1,
  `rentalRate` decimal(10,2) DEFAULT 0.00,
  `totalAmount` decimal(10,2) DEFAULT 0.00,
  `itemStatus` enum('Reserved','Issued','Returned-Good','Returned-Damaged','Lost') DEFAULT 'Reserved',
  `damageDescription` text DEFAULT NULL,
  `damageCharge` decimal(10,2) DEFAULT 0.00,
  `created` datetime DEFAULT current_timestamp(),
  PRIMARY KEY (`rentalItemID`),
  KEY `rentalID` (`rentalID`),
  KEY `equipmentID` (`equipmentID`),
  CONSTRAINT `mx_pnp_rental_item_ibfk_1` FOREIGN KEY (`rentalID`) REFERENCES `mx_pnp_rental` (`rentalID`) ON DELETE CASCADE,
  CONSTRAINT `mx_pnp_rental_item_ibfk_2` FOREIGN KEY (`equipmentID`) REFERENCES `mx_pnp_equipment` (`equipmentID`)
) ENGINE=InnoDB AUTO_INCREMENT=17 DEFAULT CHARSET=utf8mb4 COLLATE=utf8mb4_general_ci;
/*!40101 SET character_set_client = @saved_cs_client */;

--
-- Dumping data for table `mx_pnp_rental_item`
--

LOCK TABLES `mx_pnp_rental_item` WRITE;
/*!40000 ALTER TABLE `mx_pnp_rental_item` DISABLE KEYS */;
INSERT INTO `mx_pnp_rental_item` VALUES (1,1,1,1,200.00,200.00,'Issued',NULL,0.00,'2025-12-25 00:37:02'),(2,1,3,1,100.00,100.00,'Issued',NULL,0.00,'2025-12-25 00:37:02'),(3,1,5,1,50.00,50.00,'Issued',NULL,0.00,'2025-12-25 00:37:02'),(4,2,1,2,200.00,400.00,'Issued',NULL,0.00,'2025-12-25 00:37:02'),(5,2,3,1,100.00,100.00,'Issued',NULL,0.00,'2025-12-25 00:37:02'),(6,3,2,1,150.00,150.00,'Issued',NULL,0.00,'2025-12-25 00:37:02'),(7,3,5,1,50.00,50.00,'Issued',NULL,0.00,'2025-12-25 00:37:02'),(8,4,6,1,180.00,180.00,'Returned-Good',NULL,0.00,'2025-12-25 00:37:02'),(9,4,8,1,80.00,80.00,'Returned-Good',NULL,0.00,'2025-12-25 00:37:02'),(10,5,1,2,200.00,400.00,'Returned-Good',NULL,0.00,'2025-12-25 00:37:02'),(11,6,6,1,180.00,180.00,'Returned-Good',NULL,0.00,'2025-12-25 00:37:02'),(12,7,10,1,220.00,220.00,'Returned-Damaged','Grip tape torn, minor frame scratch',500.00,'2025-12-25 00:37:02'),(13,8,3,1,100.00,100.00,'Lost','Customer did not return balls',500.00,'2025-12-25 00:37:02'),(14,9,11,1,120.00,120.00,'Returned-Good',NULL,0.00,'2025-12-25 00:37:02'),(15,9,12,1,100.00,100.00,'Returned-Good',NULL,0.00,'2025-12-25 00:37:02'),(16,10,11,1,120.00,120.00,'Issued',NULL,0.00,'2025-12-25 00:37:02');
/*!40000 ALTER TABLE `mx_pnp_rental_item` ENABLE KEYS */;
UNLOCK TABLES;

--
-- Table structure for table `mx_pnp_retail_sale`
--

DROP TABLE IF EXISTS `mx_pnp_retail_sale`;
/*!40101 SET @saved_cs_client     = @@character_set_client */;
/*!40101 SET character_set_client = utf8 */;
CREATE TABLE `mx_pnp_retail_sale` (
  `saleID` int(11) NOT NULL AUTO_INCREMENT,
  `saleNo` varchar(50) NOT NULL,
  `locationID` int(11) NOT NULL,
  `staffID` int(11) NOT NULL,
  `customerName` varchar(200) DEFAULT NULL,
  `customerPhone` varchar(20) DEFAULT NULL,
  `bookingID` int(11) DEFAULT NULL,
  `subtotal` decimal(12,2) DEFAULT 0.00,
  `discountPercent` decimal(5,2) DEFAULT 0.00,
  `discountAmount` decimal(12,2) DEFAULT 0.00,
  `taxAmount` decimal(12,2) DEFAULT 0.00,
  `totalAmount` decimal(12,2) DEFAULT 0.00,
  `paymentMethod` enum('Cash','Card','UPI','Mixed') DEFAULT 'Cash',
  `paymentStatus` enum('Pending','Paid','Refunded') DEFAULT 'Pending',
  `paymentReference` varchar(255) DEFAULT NULL,
  `upiTransactionID` varchar(100) DEFAULT NULL,
  `saleDate` date NOT NULL,
  `saleTime` time NOT NULL,
  `notes` text DEFAULT NULL,
  `status` tinyint(4) DEFAULT 1,
  `created` datetime DEFAULT current_timestamp(),
  PRIMARY KEY (`saleID`),
  UNIQUE KEY `saleNo` (`saleNo`),
  KEY `idx_location` (`locationID`),
  KEY `idx_date` (`saleDate`),
  KEY `idx_staff` (`staffID`)
) ENGINE=InnoDB AUTO_INCREMENT=9 DEFAULT CHARSET=utf8mb4 COLLATE=utf8mb4_unicode_ci;
/*!40101 SET character_set_client = @saved_cs_client */;

--
-- Dumping data for table `mx_pnp_retail_sale`
--

LOCK TABLES `mx_pnp_retail_sale` WRITE;
/*!40000 ALTER TABLE `mx_pnp_retail_sale` DISABLE KEYS */;
INSERT INTO `mx_pnp_retail_sale` VALUES (1,'PNP-20251229-0001',1,1,NULL,NULL,NULL,370.00,0.00,0.00,67.00,437.00,'Cash','Paid','',NULL,'2025-12-29','02:06:13',NULL,1,'2025-12-29 02:06:13'),(5,'PNP-20251229-0002',1,1,NULL,NULL,NULL,110.00,0.00,0.00,20.00,130.00,'Cash','Paid','',NULL,'2025-12-29','02:09:42',NULL,1,'2025-12-29 02:09:42'),(6,'PNP-20251229-0003',1,1,NULL,NULL,NULL,110.00,0.00,0.00,20.00,130.00,'Cash','Paid','',NULL,'2025-12-29','02:09:51',NULL,1,'2025-12-29 02:09:51'),(7,'PNP-20251229-0004',1,1,NULL,NULL,NULL,400.00,0.00,0.00,72.00,472.00,'Cash','Paid','',NULL,'2025-12-29','02:12:11',NULL,1,'2025-12-29 02:12:11'),(8,'PNP-20251229-0005',1,1,NULL,NULL,NULL,580.00,0.00,0.00,104.00,684.00,'Cash','Paid','',NULL,'2025-12-29','02:14:02',NULL,1,'2025-12-29 02:14:02');
/*!40000 ALTER TABLE `mx_pnp_retail_sale` ENABLE KEYS */;
UNLOCK TABLES;

--
-- Table structure for table `mx_pnp_retail_sale_item`
--

DROP TABLE IF EXISTS `mx_pnp_retail_sale_item`;
/*!40101 SET @saved_cs_client     = @@character_set_client */;
/*!40101 SET character_set_client = utf8 */;
CREATE TABLE `mx_pnp_retail_sale_item` (
  `itemID` int(11) NOT NULL AUTO_INCREMENT,
  `saleID` int(11) NOT NULL,
  `productID` int(11) NOT NULL,
  `productSKU` varchar(50) DEFAULT NULL,
  `productName` varchar(255) DEFAULT NULL,
  `barcode` varchar(50) DEFAULT NULL,
  `quantity` decimal(10,2) DEFAULT 1.00,
  `unitPrice` decimal(12,2) DEFAULT 0.00,
  `discountAmount` decimal(12,2) DEFAULT 0.00,
  `taxRate` decimal(5,2) DEFAULT 0.00,
  `taxAmount` decimal(12,2) DEFAULT 0.00,
  `totalAmount` decimal(12,2) DEFAULT 0.00,
  `status` tinyint(4) DEFAULT 1,
  PRIMARY KEY (`itemID`),
  KEY `saleID` (`saleID`),
  CONSTRAINT `mx_pnp_retail_sale_item_ibfk_1` FOREIGN KEY (`saleID`) REFERENCES `mx_pnp_retail_sale` (`saleID`) ON DELETE CASCADE
) ENGINE=InnoDB AUTO_INCREMENT=8 DEFAULT CHARSET=utf8mb4 COLLATE=utf8mb4_unicode_ci;
/*!40101 SET character_set_client = @saved_cs_client */;

--
-- Dumping data for table `mx_pnp_retail_sale_item`
--

LOCK TABLES `mx_pnp_retail_sale_item` WRITE;
/*!40000 ALTER TABLE `mx_pnp_retail_sale_item` DISABLE KEYS */;
INSERT INTO `mx_pnp_retail_sale_item` VALUES (1,1,79,'PNP-GRIP-STD','Racket Grip Tape',NULL,1.00,250.00,0.00,18.00,45.00,295.00,1),(2,5,80,'PNP-WATER-500','Mineral Water 500ml',NULL,1.00,30.00,0.00,18.00,5.40,35.40,1),(3,6,80,'PNP-WATER-500','Mineral Water 500ml',NULL,1.00,30.00,0.00,18.00,5.40,35.40,1),(4,7,84,'PNP-COCONUT','Tender Coconut Water',NULL,5.00,80.00,0.00,18.00,72.00,472.00,1),(5,8,84,'PNP-COCONUT','Tender Coconut Water',NULL,1.00,80.00,0.00,18.00,14.40,94.40,1),(6,8,86,'PNP-TOWEL','Sports Towel',NULL,1.00,350.00,0.00,18.00,63.00,413.00,1),(7,8,83,'PNP-REDBULL','Red Bull Energy Drink',NULL,1.00,150.00,0.00,18.00,27.00,177.00,1);
/*!40000 ALTER TABLE `mx_pnp_retail_sale_item` ENABLE KEYS */;
UNLOCK TABLES;

--
-- Table structure for table `mx_pnp_staff`
--

DROP TABLE IF EXISTS `mx_pnp_staff`;
/*!40101 SET @saved_cs_client     = @@character_set_client */;
/*!40101 SET character_set_client = utf8 */;
CREATE TABLE `mx_pnp_staff` (
  `pnpStaffID` int(11) NOT NULL AUTO_INCREMENT,
  `locationID` int(11) NOT NULL,
  `staffName` varchar(200) NOT NULL,
  `staffCode` varchar(50) NOT NULL,
  `pin` varchar(10) NOT NULL,
  `phone` varchar(20) DEFAULT NULL,
  `email` varchar(150) DEFAULT NULL,
  `role` enum('Cashier','Supervisor','Manager') DEFAULT 'Cashier',
  `isActive` tinyint(4) DEFAULT 1,
  `lastLogin` datetime DEFAULT NULL,
  `status` tinyint(4) DEFAULT 1,
  `created` datetime DEFAULT current_timestamp(),
  PRIMARY KEY (`pnpStaffID`),
  UNIQUE KEY `staffCode` (`staffCode`),
  KEY `idx_location` (`locationID`),
  KEY `idx_code` (`staffCode`)
) ENGINE=InnoDB AUTO_INCREMENT=7 DEFAULT CHARSET=utf8mb4 COLLATE=utf8mb4_unicode_ci;
/*!40101 SET character_set_client = @saved_cs_client */;

--
-- Dumping data for table `mx_pnp_staff`
--

LOCK TABLES `mx_pnp_staff` WRITE;
/*!40000 ALTER TABLE `mx_pnp_staff` DISABLE KEYS */;
INSERT INTO `mx_pnp_staff` VALUES (1,1,'Rahul Sharma','BKC001','1234','9876543210',NULL,'Cashier',1,'2025-12-29 02:18:48',1,'2025-12-29 01:38:38'),(2,1,'Priya Patel','BKC002','2345','9876543211',NULL,'Supervisor',1,NULL,1,'2025-12-29 01:38:38'),(3,2,'Amit Kumar','ANH001','3456','9876543212',NULL,'Cashier',1,NULL,1,'2025-12-29 01:38:38'),(4,2,'Sneha Desai','ANH002','4567','9876543213',NULL,'Manager',1,NULL,1,'2025-12-29 01:38:38'),(5,3,'Vikram Singh','PWI001','5678','9876543214',NULL,'Cashier',1,NULL,1,'2025-12-29 01:38:38'),(6,3,'Neha Joshi','PWI002','6789','9876543215',NULL,'Supervisor',1,NULL,1,'2025-12-29 01:38:38');
/*!40000 ALTER TABLE `mx_pnp_staff` ENABLE KEYS */;
UNLOCK TABLES;

--
-- Table structure for table `mx_price_list`
--

DROP TABLE IF EXISTS `mx_price_list`;
/*!40101 SET @saved_cs_client     = @@character_set_client */;
/*!40101 SET character_set_client = utf8 */;
CREATE TABLE `mx_price_list` (
  `priceListID` int(11) NOT NULL AUTO_INCREMENT,
  `priceListName` varchar(100) NOT NULL,
  `priceListCode` varchar(20) DEFAULT NULL,
  `description` text DEFAULT NULL,
  `discountPercent` decimal(5,2) DEFAULT 0.00,
  `markupPercent` decimal(5,2) DEFAULT 0.00,
  `validFrom` date DEFAULT NULL,
  `validTo` date DEFAULT NULL,
  `isDefault` tinyint(4) DEFAULT 0,
  `isActive` tinyint(4) DEFAULT 1,
  `status` tinyint(4) DEFAULT 1,
  `created` datetime DEFAULT current_timestamp(),
  PRIMARY KEY (`priceListID`),
  UNIQUE KEY `priceListCode` (`priceListCode`)
) ENGINE=InnoDB AUTO_INCREMENT=2 DEFAULT CHARSET=utf8mb4 COLLATE=utf8mb4_unicode_ci;
/*!40101 SET character_set_client = @saved_cs_client */;

--
-- Dumping data for table `mx_price_list`
--

LOCK TABLES `mx_price_list` WRITE;
/*!40000 ALTER TABLE `mx_price_list` DISABLE KEYS */;
INSERT INTO `mx_price_list` VALUES (1,'Standard Price List','STD','Default pricing for all distributors',0.00,0.00,NULL,NULL,1,1,1,'2025-12-28 20:35:16');
/*!40000 ALTER TABLE `mx_price_list` ENABLE KEYS */;
UNLOCK TABLES;

--
-- Table structure for table `mx_price_list_item`
--

DROP TABLE IF EXISTS `mx_price_list_item`;
/*!40101 SET @saved_cs_client     = @@character_set_client */;
/*!40101 SET character_set_client = utf8 */;
CREATE TABLE `mx_price_list_item` (
  `itemID` int(11) NOT NULL AUTO_INCREMENT,
  `priceListID` int(11) NOT NULL,
  `productID` int(11) NOT NULL,
  `specialPrice` decimal(15,2) DEFAULT NULL,
  `discountPercent` decimal(5,2) DEFAULT 0.00,
  `minQty` decimal(10,2) DEFAULT 1.00,
  `status` tinyint(4) DEFAULT 1,
  PRIMARY KEY (`itemID`),
  UNIQUE KEY `unique_price` (`priceListID`,`productID`),
  CONSTRAINT `mx_price_list_item_ibfk_1` FOREIGN KEY (`priceListID`) REFERENCES `mx_price_list` (`priceListID`) ON DELETE CASCADE
) ENGINE=InnoDB DEFAULT CHARSET=utf8mb4 COLLATE=utf8mb4_unicode_ci;
/*!40101 SET character_set_client = @saved_cs_client */;

--
-- Dumping data for table `mx_price_list_item`
--

LOCK TABLES `mx_price_list_item` WRITE;
/*!40000 ALTER TABLE `mx_price_list_item` DISABLE KEYS */;
/*!40000 ALTER TABLE `mx_price_list_item` ENABLE KEYS */;
UNLOCK TABLES;

--
-- Table structure for table `mx_product`
--

DROP TABLE IF EXISTS `mx_product`;
/*!40101 SET @saved_cs_client     = @@character_set_client */;
/*!40101 SET character_set_client = utf8 */;
CREATE TABLE `mx_product` (
  `productID` int(11) NOT NULL AUTO_INCREMENT,
  `productSKU` varchar(50) DEFAULT NULL,
  `productName` varchar(255) DEFAULT NULL,
  `orgID` int(11) NOT NULL DEFAULT 0,
  `productTitle` varchar(255) DEFAULT NULL,
  `seoUri` varchar(255) DEFAULT NULL,
  `isSP` tinyint(4) NOT NULL DEFAULT 0,
  `isPP` tinyint(4) NOT NULL DEFAULT 0,
  `productDesc` text DEFAULT NULL,
  `description` text DEFAULT NULL,
  `productImg` varchar(255) DEFAULT NULL,
  `hsnID` int(11) DEFAULT 0,
  `unitID` int(11) DEFAULT 0,
  `categoryID` int(11) NOT NULL DEFAULT 0,
  `brandID` int(11) DEFAULT NULL,
  `hsnCode` int(11) NOT NULL DEFAULT 0,
  `prodPurchaseRate` decimal(11,2) NOT NULL DEFAULT 0.00,
  `prodSaleRate` decimal(10,2) NOT NULL DEFAULT 0.00,
  `basePrice` decimal(15,2) DEFAULT 0.00,
  `gstRate` decimal(5,2) DEFAULT 18.00,
  `uom` varchar(20) DEFAULT 'Pcs',
  `isSalesProduct` tinyint(1) NOT NULL DEFAULT 0,
  `qtyPurchased` decimal(11,2) NOT NULL DEFAULT 0.00,
  `qtySale` decimal(11,2) NOT NULL DEFAULT 0.00,
  `qtyBalance` decimal(11,2) NOT NULL DEFAULT 0.00,
  `qtyPurchaseReturn` decimal(10,2) NOT NULL DEFAULT 0.00,
  `qtySalesReturn` decimal(10,2) NOT NULL DEFAULT 0.00,
  `barcodeNo` varchar(100) DEFAULT NULL,
  `isActive` int(11) NOT NULL DEFAULT 1 COMMENT '1=Active,0=Deactive',
  `totalSaleQty` decimal(11,2) NOT NULL DEFAULT 0.00,
  `totalPurchaseQty` decimal(11,2) NOT NULL DEFAULT 0.00,
  `totalBalanceQty` decimal(11,2) NOT NULL DEFAULT 0.00,
  `status` tinyint(1) NOT NULL DEFAULT 1,
  `weight` decimal(10,3) DEFAULT NULL,
  `length` decimal(10,2) DEFAULT NULL,
  `width` decimal(10,2) DEFAULT NULL,
  `height` decimal(10,2) DEFAULT NULL,
  `reorderLevel` int(11) DEFAULT 10,
  `isStockable` tinyint(4) DEFAULT 1,
  `barcode` varchar(50) DEFAULT NULL,
  `retailPrice` decimal(12,2) DEFAULT 0.00,
  `isRetailItem` tinyint(4) DEFAULT 0,
  PRIMARY KEY (`productID`)
) ENGINE=InnoDB AUTO_INCREMENT=90 DEFAULT CHARSET=utf8 COLLATE=utf8_unicode_ci;
/*!40101 SET character_set_client = @saved_cs_client */;

--
-- Dumping data for table `mx_product`
--

LOCK TABLES `mx_product` WRITE;
/*!40000 ALTER TABLE `mx_product` DISABLE KEYS */;
INSERT INTO `mx_product` VALUES (1,'BP-VERTEX-04','Bullpadel Vertex 04 Comfort',1,'I-BEAM','i-beam',1,1,'I-BEAM',NULL,'',1,1,1,NULL,72163300,0.00,0.00,18500.00,18.00,'Pcs',0,18683.40,18683.40,0.00,0.00,0.00,'',1,18683.40,18683.00,-0.40,1,NULL,NULL,NULL,NULL,20,1,NULL,0.00,0),(2,'BP-HACK-03','Bullpadel Hack 03 CTR',1,'MS PIPE','pipes',1,1,'PIPES',NULL,NULL,53,1,1,NULL,73069011,0.00,0.00,22000.00,18.00,'Pcs',0,814321.50,851997.50,-37676.00,0.00,0.00,'',1,941167.50,1076481.00,135313.50,1,NULL,NULL,NULL,NULL,15,1,NULL,0.00,0),(3,'BP-FLOW-LT','Bullpadel Flow Light Racket',1,'CHANNEL','channel',1,1,'CHANNEL',NULL,'',1,1,1,1,72163100,0.00,0.00,12500.00,18.00,'Pcs',0,105985.20,105985.20,0.00,0.00,0.00,'',1,105985.20,105984.00,-1.20,1,NULL,NULL,NULL,NULL,25,1,NULL,0.00,0),(4,'BP-BAG-PRO','Bullpadel Pro Racket Bag',1,'M/S PIPE','ms-pipe',1,1,'M/S PIPE',NULL,'',6,1,1,NULL,73041110,0.00,0.00,4500.00,18.00,'Pcs',0,16880.00,16880.00,0.00,0.00,0.00,'',1,16948.20,16880.00,-68.20,1,NULL,NULL,NULL,NULL,30,1,NULL,0.00,0),(5,'BP-BALL-3P','Bullpadel Premium Balls (3 Pack)',1,'REJECTED PIPES','rejected-pipes',1,1,'REJECTED PIPES',NULL,'',47,1,1,NULL,73041910,0.00,0.00,850.00,18.00,'Pcs',0,3954407.00,3954407.00,0.08,0.00,0.00,'',1,3954407.00,3848537.00,-105870.00,1,NULL,NULL,NULL,NULL,100,1,NULL,0.00,0),(6,'PRD-00006','ANGLE',1,'ANGLE','angle',1,1,'ANGLE',NULL,'',7,1,1,NULL,72165000,0.00,0.00,0.00,18.00,'Pcs',0,106380.70,106380.70,0.00,0.00,0.00,'',1,116380.70,106380.00,-10000.70,0,NULL,NULL,NULL,NULL,10,1,NULL,0.00,0),(7,'PRD-00007','FIRE BRICKS',1,'FIRE BRICKS','fire-bricks',1,1,'FIRE BRICKS',NULL,'',8,1,1,NULL,69021040,0.00,0.00,0.00,18.00,'Pcs',0,126080.00,126080.00,0.00,0.00,0.00,'',1,126080.00,126080.00,0.00,0,NULL,NULL,NULL,NULL,10,1,NULL,0.00,0),(8,'PRD-00008','T-ANGLE',1,'T-ANGLE','t-angle',1,1,'T-ANGLE',NULL,'',9,1,1,NULL,72162100,0.00,0.00,0.00,18.00,'Pcs',0,1600.00,1600.00,0.00,0.00,0.00,'',1,1600.00,1600.00,0.00,0,NULL,NULL,NULL,NULL,10,1,NULL,0.00,0),(9,'PRD-00009','M/S CHANNEL',1,'M/S CHANNEL','ms-channel',1,1,'M/S CHANNEL',NULL,'',10,1,1,NULL,72169990,0.00,0.00,0.00,18.00,'Pcs',0,741.20,741.20,0.00,0.00,0.00,'',1,741.20,741.00,-0.20,0,NULL,NULL,NULL,NULL,10,1,NULL,0.00,0),(10,'PRD-00010','FLAT',1,'FLAT','flat',1,1,'FLAT',NULL,'',11,1,1,NULL,72111410,0.00,0.00,0.00,18.00,'Pcs',0,25035.10,25035.10,0.00,0.00,0.00,'',1,25035.10,25034.00,-1.10,0,NULL,NULL,NULL,NULL,10,1,NULL,0.00,0),(11,'PRD-00011','M/S TURNING SCRAP',1,'M/S TURNING SCRAP','ms-turning-scrap',1,1,'M/S TURNING SCRAP',NULL,'',23,1,1,NULL,72044900,0.00,0.00,0.00,18.00,'Pcs',0,4280.00,4280.00,0.00,0.00,0.00,'',1,4280.00,4280.00,0.00,0,NULL,NULL,NULL,NULL,10,1,NULL,0.00,0),(12,'PRD-00012','MISS ROLL PIPE SCRAP',1,'MISS ROLL PIPE SCRAP','miss-roll-pipe-scrap',1,1,'MISS ROLL PIPE SCRAP',NULL,'',45,1,1,NULL,72042990,0.00,0.00,0.00,18.00,'Pcs',0,579950.00,579950.00,0.00,0.00,0.00,'',1,579950.00,579950.00,0.00,0,NULL,NULL,NULL,NULL,10,1,NULL,0.00,0),(13,'PRD-00013','MISS ROLL SCRAP',1,'MISS ROLL SCRAP','miss-roll-scrap',1,1,'MISS ROLL SCRAP',NULL,'',45,1,1,NULL,72042990,0.00,0.00,0.00,18.00,'Pcs',0,1402125.00,1402125.00,0.00,0.00,0.00,'',1,1402125.00,1347285.00,-54840.00,0,NULL,NULL,NULL,NULL,10,1,NULL,0.00,0),(14,'PRD-00014','WASTE & SCRAP WASTE ',1,'WASTE & SCRAP WASTE ','waste-scrap-waste',1,1,'WASTE & SCRAP WASTE',NULL,'',45,1,1,NULL,72042990,0.00,0.00,0.00,18.00,'Pcs',0,332370.00,332370.00,0.00,0.00,0.00,'',1,332370.00,332370.00,0.00,0,NULL,NULL,NULL,NULL,10,1,NULL,0.00,0),(15,'PRD-00015','M/S BEAM',1,'M/S BEAM','ms-beam',1,1,'M/S BEAM',NULL,'',18,1,1,NULL,72163200,0.00,0.00,0.00,18.00,'Pcs',0,40775.00,40775.00,0.00,0.00,0.00,'',1,40775.00,40775.00,0.00,0,NULL,NULL,NULL,NULL,10,1,NULL,0.00,0),(16,'PRD-00016','M/S BAR',1,'M/S BAR','ms-bar',1,1,'M/S BAR',NULL,'',19,1,1,NULL,72149190,0.00,0.00,0.00,18.00,'Pcs',0,19363.60,19363.60,0.00,0.00,0.00,'',1,19363.60,19363.00,-0.60,0,NULL,NULL,NULL,NULL,10,1,NULL,0.00,0),(17,'PRD-00017','STEEL SHEET COATED COIL',1,'STEEL SHEET COATED COIL','steel-sheet-coated-coil',1,1,'STEEL SHEET COATED COIL',NULL,'',20,1,1,NULL,7210,0.00,0.00,0.00,18.00,'Pcs',0,73130.00,73130.00,0.00,0.00,0.00,'',1,73130.00,73130.00,0.00,0,NULL,NULL,NULL,NULL,10,1,NULL,0.00,0),(18,'PRD-00018','WASTE ELECTRONIC & MIX SCRAP',1,'WASTE ELECTRONIC & MIX SCRAP','waste-electronic-mix-scrap',1,1,'WASTE ELECTRONIC & MIX SCRAP',NULL,'',21,1,1,NULL,85481010,0.00,0.00,0.00,18.00,'Pcs',0,790.00,790.00,0.00,0.00,0.00,'',1,790.00,790.00,0.00,0,NULL,NULL,NULL,NULL,10,1,NULL,0.00,0),(19,'PRD-00019','M/S REJECTED PIPE SCRAP',1,'M/S REJECTED PIPE SCRAP','ms-rejected-pipe-scrap',1,1,'M/S REJECTED PIPE SCRAP',NULL,'',40,1,1,NULL,7306,0.00,0.00,0.00,18.00,'Pcs',0,124115.00,124115.00,0.00,0.00,0.00,'',1,124115.00,124115.00,0.00,0,NULL,NULL,NULL,NULL,10,1,NULL,0.00,0),(20,'PRD-00020','M/S SCRAP',1,'M/S SCRAP','ms-scrap',1,1,'M/S SCRAP',NULL,NULL,63,1,1,NULL,72044100,0.00,0.00,0.00,18.00,'Pcs',0,167015.00,143700.00,23315.00,0.00,0.00,'',1,227871.00,784475.00,556604.00,0,NULL,NULL,NULL,NULL,10,1,NULL,0.00,0),(21,'PRD-00021','C.S SCRAP',1,'C.S SCRAP','c-s-scrap',1,1,'C.S SCRAP',NULL,'',45,1,1,NULL,72042990,0.00,0.00,0.00,18.00,'Pcs',0,524730.00,524730.00,0.00,0.00,0.00,'',1,524730.00,524730.00,0.00,0,NULL,NULL,NULL,NULL,10,1,NULL,0.00,0),(22,'PRD-00022','M/S PLATE',1,'M/S PLATE','ms-plate',1,1,'M/S PLATE',NULL,'',25,1,1,NULL,7208,0.00,0.00,0.00,18.00,'Pcs',0,375.10,375.10,0.00,0.00,0.00,'',1,375.10,375.00,-0.10,0,NULL,NULL,NULL,NULL,10,1,NULL,0.00,0),(23,'PRD-00023','TRANSPORT',1,'TRANSPORT','transport',1,0,'TRANSPORT',NULL,'',26,0,1,NULL,9965,0.00,0.00,0.00,18.00,'Pcs',0,0.00,0.00,0.00,0.00,0.00,'',1,1.00,0.00,0.00,0,NULL,NULL,NULL,NULL,10,1,NULL,0.00,0),(24,'PRD-00024','LOADING',1,'LOADING','loading-and-unloading',1,0,'LOADING ',NULL,'',26,1,1,NULL,9965,0.00,0.00,0.00,18.00,'Pcs',0,0.00,0.00,0.00,0.00,0.00,'',1,4.00,0.00,0.00,0,NULL,NULL,NULL,NULL,10,1,NULL,0.00,0),(25,'PRD-00025','GI COIL & SHEET',1,'GI COIL & SHEET','gi-coil-sheet',1,1,'GI COIL & SHEET',NULL,'',49,1,1,NULL,72107000,0.00,0.00,0.00,18.00,'Pcs',0,25645.00,25645.00,0.00,0.00,0.00,'',1,25645.00,25645.00,0.00,0,NULL,NULL,NULL,NULL,10,1,NULL,0.00,0),(26,'PRD-00026','MS STEEL',1,'MS STEEL','ms-steel',1,1,'MS STEEL',NULL,'',46,1,1,NULL,7214,0.00,0.00,0.00,18.00,'Pcs',0,407.00,407.00,0.00,0.00,0.00,'',1,418.00,407.00,-11.00,0,NULL,NULL,NULL,NULL,10,1,NULL,0.00,0),(27,'PRD-00027','M.S.PIPE',1,'M.S.PIPE','m-s-pipe',1,1,'M.S.PIPE',NULL,NULL,39,1,1,NULL,73063090,0.00,0.00,0.00,18.00,'Pcs',0,412915.00,367895.00,45020.00,0.00,0.00,'',1,460646.00,5554325.00,5093679.00,0,NULL,NULL,NULL,NULL,10,1,NULL,0.00,0),(28,'PRD-00028','SKELP END CUTTING(SLITTED COIL SCRAP)',1,'SKELP END CUTTING(SLITTED COIL SCRAP)','skelp-end-cuttingslitted-coil-scrap',1,1,'SKELP END CUTTING(SLITTED COIL SCRAP)',NULL,'',44,1,1,NULL,7204,0.00,0.00,0.00,18.00,'Pcs',0,47540.00,47540.00,0.00,0.00,0.00,'',1,47540.00,47540.00,0.00,0,NULL,NULL,NULL,NULL,10,1,NULL,0.00,0),(29,'PRD-00029','MIXED STORE ITEM SCRAP (BRASS COPPER OTHER )',1,'MIXED STORE ITEM SCRAP (BRASS COPPER OTHER )','furnace-bricks-scrap',1,1,NULL,NULL,NULL,23,1,1,NULL,72044900,0.00,0.00,0.00,18.00,'Pcs',0,28800.00,28800.00,0.00,0.00,0.00,'',1,28800.00,28800.00,0.00,0,NULL,NULL,NULL,NULL,10,1,NULL,0.00,0),(30,'PRD-00030','M/S SEAMLESS PIPE',1,'M/S SEAMLESS PIPE','seamless-steel-pipe-tube',1,1,NULL,NULL,NULL,30,1,1,NULL,73041910,0.00,0.00,0.00,18.00,'Pcs',0,2194650.00,2096970.00,97680.00,0.00,0.00,'',1,3047987.40,63942340.00,60894352.60,0,NULL,NULL,NULL,NULL,10,1,NULL,0.00,0),(31,'PRD-00031','MIXED ALUMINIUM SCRAP',1,'MIXED ALUMINIUM SCRAP','mixed-aluminium-scrap',1,1,'',NULL,'',31,1,1,NULL,76020090,0.00,0.00,0.00,18.00,'Pcs',0,710.00,710.00,0.00,0.00,0.00,'',1,710.00,710.00,0.00,0,NULL,NULL,NULL,NULL,10,1,NULL,0.00,0),(32,'PRD-00032','G I PIPE',1,'G I PIPE','g-i-pipe',1,1,'',NULL,'',32,1,1,NULL,73063010,0.00,0.00,0.00,18.00,'Pcs',0,24225.00,24225.00,0.00,0.00,0.00,'',1,24225.00,24225.00,0.00,0,NULL,NULL,NULL,NULL,10,1,NULL,0.00,0),(33,'PRD-00033','OIL & SOIL MIX RUSTY TURNING SEGG FROM P',1,'OIL & SOIL MIX RUSTY TURNING SEGG FROM P','oil-soil-mix-rusty-turning-segg-from-p',1,1,'',NULL,'',45,1,1,NULL,72042990,0.00,0.00,0.00,18.00,'Pcs',0,29100.00,29100.00,0.00,0.00,0.00,'',1,29100.00,29100.00,0.00,0,NULL,NULL,NULL,NULL,10,1,NULL,0.00,0),(34,'PRD-00034','HDPE LUMPS SCRAP',1,'HDPE LUMPS SCRAP','hdpe-lumps-scrap',1,1,'',NULL,'',34,1,1,NULL,39152000,0.00,0.00,0.00,18.00,'Pcs',0,5060.00,5060.00,0.00,0.00,0.00,'',1,5060.00,5060.00,0.00,0,NULL,NULL,NULL,NULL,10,1,NULL,0.00,0),(35,'PRD-00035','RENT Apr 22 To Mar 23',1,'RENT Apr 22 To Mar 23','rent',1,1,'RENT FOR PERIOD OF April 2022 To March 2023',NULL,NULL,35,2,1,NULL,997212,5000.00,0.00,0.00,18.00,'Pcs',0,12.00,12.00,0.00,0.00,0.00,'',1,12.00,0.00,0.00,0,NULL,NULL,NULL,NULL,10,1,NULL,0.00,0),(36,'PRD-00036','DAMAGED PLASTIC FIBER SHEET',1,'DAMAGED PLASTIC FIBER SHEET','damaged-plastic-fiber-sheet',1,1,'',NULL,'',36,1,1,NULL,39153090,0.00,0.00,0.00,18.00,'Pcs',0,2120.00,1.00,2119.00,0.00,0.00,'',1,2.00,2120.00,2118.00,0,NULL,NULL,NULL,NULL,10,1,NULL,0.00,0),(37,'PRD-00037','SEAMLESS PIPES',1,'SEAMLESS PIPES',NULL,1,1,NULL,NULL,NULL,47,1,1,NULL,73041910,0.00,0.00,0.00,18.00,'Pcs',0,346500.00,346500.00,0.00,0.00,0.00,NULL,1,346500.00,268060.00,-78440.00,0,NULL,NULL,NULL,NULL,10,1,NULL,0.00,0),(38,'PRD-00038','ERW PIPES',1,'ERW PIPES',NULL,1,1,NULL,NULL,NULL,40,1,1,NULL,7306,0.00,0.00,0.00,18.00,'Pcs',0,7190.00,7190.00,0.00,0.00,0.00,NULL,1,7190.00,0.00,0.00,0,NULL,NULL,NULL,NULL,10,1,NULL,0.00,0),(39,'PRD-00039','MISCELLANEOUS ELECTRICAL SCRAP',1,'MISCELLANEOUS ELECTRICAL SCRAP',NULL,1,1,NULL,NULL,NULL,37,1,1,NULL,85446090,0.00,0.00,0.00,18.00,'Pcs',0,4650.00,4650.00,0.00,0.00,0.00,NULL,1,4650.00,0.00,0.00,0,NULL,NULL,NULL,NULL,10,1,NULL,0.00,0),(40,'PRD-00040','M/S SCRAP ( G/P END CUT PATRA )',1,'M/S SCRAP ( G/P END CUT PATRA )',NULL,1,1,NULL,NULL,NULL,54,1,1,NULL,72044100,0.00,0.00,0.00,18.00,'Pcs',0,21600.00,0.00,21600.00,0.00,0.00,NULL,1,0.00,10900.00,0.00,0,NULL,NULL,NULL,NULL,10,1,NULL,0.00,0),(41,'PRD-00041','M/S SCRAP ( HR END CUT PATRA )',1,'M/S SCRAP ( HR END CUT PATRA )',NULL,1,1,NULL,NULL,NULL,54,1,1,NULL,72044100,0.00,0.00,0.00,18.00,'Pcs',0,35420.00,0.00,35420.00,0.00,0.00,NULL,1,0.00,20160.00,0.00,0,NULL,NULL,NULL,NULL,10,1,NULL,0.00,0),(42,'PRD-00042','M/S - PIPE',2,'M/S - PIPE','ms-pipe',1,1,'M/S - PIPE',NULL,'',40,3,1,NULL,7306,0.00,0.00,0.00,18.00,'Pcs',0,922377.50,883771.69,38605.79,0.00,0.00,'',1,974515.31,3014868.00,2040352.69,0,NULL,NULL,NULL,NULL,10,1,NULL,0.00,0),(43,'PRD-00043','M/S - CHANNEL',2,'M/S - CHANNEL','ms-channel',1,1,'M/S - CHANNEL',NULL,'',52,3,1,NULL,7216,0.00,0.00,0.00,18.00,'Pcs',0,122486.40,113080.20,9406.20,0.00,0.00,'',1,136694.70,1003506.00,866811.30,0,NULL,NULL,NULL,NULL,10,1,NULL,0.00,0),(44,'PRD-00044','M/S BEAM',2,'M/S BEAM','ms-beam',1,1,'M/S BEAM',NULL,'',52,3,1,NULL,7216,0.00,0.00,0.00,18.00,'Pcs',0,77500.40,64287.10,13213.30,0.00,0.00,'',1,83620.10,456940.00,373319.90,0,NULL,NULL,NULL,NULL,10,1,NULL,0.00,0),(45,'PRD-00045','M/S - ANGLE',2,'M/S - ANGLE','ms-angle',1,1,'M/S - ANGLE',NULL,'',52,3,1,NULL,7216,0.00,0.00,0.00,18.00,'Pcs',0,129511.15,121261.19,8249.96,0.00,0.00,'',1,149450.99,751371.00,601920.01,0,NULL,NULL,NULL,NULL,10,1,NULL,0.00,0),(46,'PRD-00046','M/S - FLAT',2,'M/S - FLAT','ms-flat',1,1,'M/S - FLAT',NULL,'',43,3,1,NULL,7211,0.00,0.00,0.00,18.00,'Pcs',0,11399.70,10567.20,832.50,0.00,0.00,'',1,11399.70,11400.00,0.30,0,NULL,NULL,NULL,NULL,10,1,NULL,0.00,0),(47,'PRD-00047','M/S - BAAR',2,'M/S - BAAR','ms-baar',1,1,'M/S - BAAR',NULL,'',46,3,1,NULL,7214,0.00,0.00,0.00,18.00,'Pcs',0,11570.60,10099.90,1470.70,0.00,0.00,'',1,11570.60,11571.00,0.40,0,NULL,NULL,NULL,NULL,10,1,NULL,0.00,0),(48,'PRD-00048','C.S SCRAP',2,'C.S SCRAP','c-s-scrap',1,1,'C.S SCRAP',NULL,'',44,3,1,NULL,7204,0.00,0.00,0.00,18.00,'Pcs',0,461665.00,461665.00,0.00,0.00,0.00,'',1,0.00,0.00,0.00,0,NULL,NULL,NULL,NULL,10,1,NULL,0.00,0),(49,'PRD-00049','WASTE & SCRAP',2,'WASTE & SCRAP','waste-scrap',1,1,'WASTE & SCRAP',NULL,'',44,3,1,NULL,7204,0.00,0.00,0.00,18.00,'Pcs',0,51160.00,51160.00,0.00,0.00,0.00,'',1,0.00,0.00,0.00,0,NULL,NULL,NULL,NULL,10,1,NULL,0.00,0),(50,'PRD-00050','MISS ROLL PIPE SCRAP',2,'MISS ROLL PIPE SCRAP','miss-roll-pipe-scrap',1,1,'',NULL,'',45,3,1,NULL,72042990,0.00,0.00,0.00,18.00,'Pcs',0,66030.00,66030.00,0.00,0.00,0.00,'',1,66030.00,66030.00,0.00,0,NULL,NULL,NULL,NULL,10,1,NULL,0.00,0),(51,'PRD-00051','T.M.T BAR',2,'T.M.T BAR','t-m-t-bar',1,1,'T.M.T BAR',NULL,'',46,3,1,NULL,7214,0.00,0.00,0.00,18.00,'Pcs',0,31640.00,31640.00,0.00,0.00,0.00,'',1,31640.00,31640.00,0.00,0,NULL,NULL,NULL,NULL,10,1,NULL,0.00,0),(52,'PRD-00052','REJECTED PIPES',2,'REJECTED PIPES','rejected-pipes',1,1,'REJECTED PIPES',NULL,'',47,3,1,NULL,73041910,0.00,0.00,0.00,18.00,'Pcs',0,212650.00,212650.00,0.00,0.00,0.00,'',1,212650.00,183170.00,-29480.00,0,NULL,NULL,NULL,NULL,10,1,NULL,0.00,0),(53,'PRD-00053','CEMENT',2,'CEMENT','cement',1,1,'CEMENT',NULL,'',48,4,1,NULL,2523,0.00,0.00,0.00,18.00,'Pcs',0,517.00,517.00,0.00,0.00,0.00,'',1,517.00,517.00,0.00,0,NULL,NULL,NULL,NULL,10,1,NULL,0.00,0),(54,'PRD-00054','CC SHEET AND COIL',2,'CC SHEET AND COIL',NULL,1,1,NULL,NULL,NULL,49,3,1,NULL,72107000,0.00,0.00,0.00,18.00,'Pcs',0,6951.30,6951.30,0.00,0.00,0.00,NULL,1,6951.30,11.00,-6940.30,0,NULL,NULL,NULL,NULL,10,1,NULL,0.00,0),(55,'PRD-00055','M/S SCRAP',3,'M/S SCRAP',NULL,1,1,NULL,NULL,NULL,62,5,1,NULL,7204,0.00,0.00,0.00,18.00,'Pcs',0,0.00,0.00,0.00,0.00,0.00,NULL,1,120110.00,2500150.00,2380040.00,0,NULL,NULL,NULL,NULL,10,1,NULL,0.00,0),(56,'PRD-00056','MS PIPE',3,'MS PIPE',NULL,1,1,NULL,NULL,NULL,61,5,2,NULL,7306,0.00,0.00,0.00,18.00,'Pcs',0,0.00,0.00,0.00,0.00,0.00,NULL,1,191650.00,0.00,0.00,0,NULL,NULL,NULL,NULL,10,1,NULL,0.00,0),(57,'PRD-00057','MS ANGLE',3,'MS ANGLE',NULL,1,1,NULL,NULL,NULL,52,5,3,NULL,7216,0.00,0.00,0.00,18.00,'Pcs',0,0.00,0.00,0.00,0.00,0.00,NULL,1,24330.00,0.00,0.00,0,NULL,NULL,NULL,NULL,10,1,NULL,0.00,0),(58,'PRD-00058','MS PIPE',4,'MS PIPE',NULL,1,1,NULL,NULL,NULL,53,6,1,NULL,73069011,0.00,0.00,0.00,18.00,'Pcs',0,0.00,0.00,0.00,0.00,0.00,NULL,1,6725.00,0.00,0.00,0,NULL,NULL,NULL,NULL,10,1,NULL,0.00,0),(59,'PRD-00059','MS SCRAP',4,'MS SCRAP',NULL,1,1,NULL,NULL,NULL,54,6,2,NULL,72044100,0.00,0.00,0.00,18.00,'Pcs',0,0.00,0.00,0.00,0.00,0.00,NULL,1,219750.00,0.00,0.00,0,NULL,NULL,NULL,NULL,10,1,NULL,0.00,0),(60,'PRD-00060','M/S SCRAP',2,'M/S SCRAP',NULL,1,1,NULL,NULL,NULL,44,3,0,NULL,7204,0.00,0.00,0.00,18.00,'Pcs',0,0.00,0.00,0.00,0.00,0.00,NULL,1,9520.00,590240.00,580720.00,0,NULL,NULL,NULL,NULL,10,1,NULL,0.00,0),(61,'PRD-00061','COPPER SCRAP',4,'COPPER SCRAP',NULL,1,1,NULL,NULL,NULL,55,6,0,NULL,7404,18.00,18.00,0.00,18.00,'Pcs',0,0.00,0.00,0.00,0.00,0.00,NULL,1,65.00,10.00,-55.00,0,NULL,NULL,NULL,NULL,10,1,NULL,0.00,0),(62,'PRD-00062','MS ANGLE',4,'MS ANGLE',NULL,1,1,NULL,NULL,NULL,52,6,0,NULL,7216,0.00,0.00,0.00,18.00,'Pcs',0,0.00,0.00,0.00,0.00,0.00,NULL,1,5870.00,0.00,0.00,0,NULL,NULL,NULL,NULL,10,1,NULL,0.00,0),(63,'PRD-00063','PLASTIC CRATE',4,'PLASTIC CRATE',NULL,1,1,NULL,NULL,NULL,57,6,0,NULL,39231090,0.00,0.00,0.00,18.00,'Pcs',0,0.00,0.00,0.00,0.00,0.00,NULL,1,613.00,0.00,0.00,0,NULL,NULL,NULL,NULL,10,1,NULL,0.00,0),(64,'PRD-00064','M/S - PIPE',1,'M/S - PIPE',NULL,1,1,NULL,NULL,NULL,58,1,0,NULL,73061011,0.00,0.00,0.00,18.00,'Pcs',0,0.00,0.00,0.00,0.00,0.00,NULL,1,28261.20,1922124.00,1893862.80,0,NULL,NULL,NULL,NULL,10,1,NULL,0.00,0),(65,'PRD-00065','M/S - FLAT',1,'M/S - FLAT',NULL,1,1,NULL,NULL,NULL,59,1,0,NULL,72111910,0.00,0.00,0.00,18.00,'Pcs',0,0.00,0.00,0.00,0.00,0.00,NULL,1,100.00,53248.00,53148.00,0,NULL,NULL,NULL,NULL,10,1,NULL,0.00,0),(66,'PRD-00066','M/S - BAR',1,'M/S - BAR',NULL,1,1,NULL,NULL,NULL,60,1,0,NULL,72149110,0.00,0.00,0.00,18.00,'Pcs',0,0.00,0.00,0.00,0.00,0.00,NULL,1,1.00,98490.00,98489.00,0,NULL,NULL,NULL,NULL,10,1,NULL,0.00,0),(67,'PRD-00067','M/S - ANGLE',1,'M/S - ANGLE',NULL,1,1,NULL,NULL,NULL,9,1,0,NULL,72162100,0.00,0.00,0.00,18.00,'Pcs',0,0.00,0.00,0.00,0.00,0.00,NULL,1,1043.40,1086736.00,1085692.60,0,NULL,NULL,NULL,NULL,10,1,NULL,0.00,0),(68,'PRD-00068','M/S - BEAM',1,'M/S - BEAM',NULL,1,1,NULL,NULL,NULL,9,1,0,NULL,72162100,0.00,0.00,0.00,18.00,'Pcs',0,0.00,0.00,0.00,0.00,0.00,NULL,1,0.00,1198646.00,0.00,0,NULL,NULL,NULL,NULL,10,1,NULL,0.00,0),(69,'PRD-00069','M/S - CHANNEL',1,'M/S - CHANNEL',NULL,1,1,NULL,NULL,NULL,9,1,0,NULL,72162100,0.00,0.00,0.00,18.00,'Pcs',0,0.00,0.00,0.00,0.00,0.00,NULL,1,0.00,1316508.00,0.00,0,NULL,NULL,NULL,NULL,10,1,NULL,0.00,0),(70,'PRD-00070','TCS',1,'TCS',NULL,1,1,NULL,NULL,NULL,64,2,0,NULL,0,0.00,0.00,0.00,18.00,'Pcs',0,0.00,0.00,0.00,0.00,0.00,NULL,1,0.00,0.00,0.00,0,NULL,NULL,NULL,NULL,10,1,NULL,0.00,0),(71,'PRD-00071','Gasket Fixing Press',5,'Gasket Fixing Press',NULL,1,1,'Gasket',NULL,NULL,65,9,0,NULL,84425020,320.00,500.00,0.00,18.00,'Pcs',0,0.00,0.00,0.00,0.00,0.00,NULL,1,19.00,10.00,-9.00,0,NULL,NULL,NULL,NULL,10,1,NULL,0.00,0),(72,'PRD-00072','TPE COMPOUND ( GRADE NO. TPE A 60 NATURAL )',5,'TPE COMPOUND ( GRADE NO. TPE A 60 NATURAL )',NULL,0,1,NULL,NULL,NULL,68,9,0,NULL,40059990,130.00,0.00,0.00,18.00,'Pcs',0,0.00,0.00,0.00,0.00,0.00,NULL,1,0.00,335000.00,0.00,0,NULL,NULL,NULL,NULL,10,1,NULL,0.00,0),(73,'PRD-00073','KANATOL-800',5,'KANATOL-800',NULL,0,1,NULL,NULL,NULL,67,9,0,NULL,29173910,116.50,0.00,0.00,18.00,'Pcs',0,0.00,0.00,0.00,0.00,0.00,NULL,1,0.00,29040.00,0.00,0,NULL,NULL,NULL,NULL,10,1,NULL,0.00,0),(74,'PRD-00074','F-TYPE PROFILE',5,'F-TYPE PROFILE',NULL,1,0,NULL,NULL,NULL,69,9,0,NULL,39162019,0.00,0.00,0.00,18.00,'Pcs',0,0.00,0.00,0.00,0.00,0.00,NULL,1,0.00,0.00,0.00,0,NULL,NULL,NULL,NULL,10,1,NULL,0.00,0),(75,'PRD-00075','TPE PROFILE',5,'TPE PROFILE',NULL,1,0,NULL,NULL,NULL,68,10,0,NULL,40059990,0.00,0.00,0.00,18.00,'Pcs',0,0.00,0.00,0.00,0.00,0.00,NULL,1,80800.00,0.00,0.00,0,NULL,NULL,NULL,NULL,10,1,NULL,0.00,0),(76,'PRD-00076','UPVC GASKET',5,'UPVC GASKET',NULL,1,0,NULL,NULL,NULL,69,9,0,NULL,39162019,0.00,0.00,0.00,18.00,'Pcs',0,0.00,0.00,0.00,0.00,0.00,NULL,1,0.00,0.00,0.00,0,NULL,NULL,NULL,NULL,10,1,NULL,0.00,0),(77,'PNP-BALL-NEW','Padel Ball (New)',0,NULL,NULL,0,0,NULL,NULL,NULL,0,0,0,NULL,95066290,0.00,0.00,250.00,18.00,'Pcs',0,0.00,0.00,0.00,0.00,0.00,NULL,1,0.00,0.00,0.00,1,NULL,NULL,NULL,NULL,10,1,'8901234567890',350.00,1),(78,'PNP-BALL-USED','Padel Ball (Used/Practice)',0,NULL,NULL,0,0,NULL,NULL,NULL,0,0,0,NULL,95066290,0.00,0.00,100.00,18.00,'Pcs',0,0.00,0.00,0.00,0.00,0.00,NULL,1,0.00,0.00,0.00,1,NULL,NULL,NULL,NULL,10,1,'8901234567891',150.00,1),(79,'PNP-GRIP-STD','Racket Grip Tape',0,NULL,NULL,0,0,NULL,NULL,NULL,0,0,0,NULL,95069990,0.00,0.00,150.00,18.00,'Pcs',0,0.00,0.00,0.00,0.00,0.00,NULL,1,0.00,0.00,0.00,1,NULL,NULL,NULL,NULL,10,1,'8901234567892',250.00,1),(80,'PNP-WATER-500','Mineral Water 500ml',0,NULL,NULL,0,0,NULL,NULL,NULL,0,0,0,NULL,22011010,0.00,0.00,15.00,18.00,'Bottle',0,0.00,0.00,0.00,0.00,0.00,NULL,1,0.00,0.00,0.00,1,NULL,NULL,NULL,NULL,10,1,'8901234567893',30.00,1),(81,'PNP-WATER-1L','Mineral Water 1L',0,NULL,NULL,0,0,NULL,NULL,NULL,0,0,0,NULL,22011010,0.00,0.00,25.00,18.00,'Bottle',0,0.00,0.00,0.00,0.00,0.00,NULL,1,0.00,0.00,0.00,1,NULL,NULL,NULL,NULL,10,1,'8901234567894',40.00,1),(82,'PNP-GATORADE','Gatorade Sports Drink',0,NULL,NULL,0,0,NULL,NULL,NULL,0,0,0,NULL,22029990,0.00,0.00,80.00,18.00,'Bottle',0,0.00,0.00,0.00,0.00,0.00,NULL,1,0.00,0.00,0.00,1,NULL,NULL,NULL,NULL,10,1,'8901234567895',120.00,1),(83,'PNP-REDBULL','Red Bull Energy Drink',0,NULL,NULL,0,0,NULL,NULL,NULL,0,0,0,NULL,22029990,0.00,0.00,100.00,18.00,'Can',0,0.00,0.00,0.00,0.00,0.00,NULL,1,0.00,0.00,0.00,1,NULL,NULL,NULL,NULL,10,1,'8901234567896',150.00,1),(84,'PNP-COCONUT','Tender Coconut Water',0,NULL,NULL,0,0,NULL,NULL,NULL,0,0,0,NULL,20098990,0.00,0.00,40.00,18.00,'Pack',0,0.00,0.00,0.00,0.00,0.00,NULL,1,0.00,0.00,0.00,1,NULL,NULL,NULL,NULL,10,1,'8901234567897',80.00,1),(85,'PNP-SNACK-BAR','Protein Bar',0,NULL,NULL,0,0,NULL,NULL,NULL,0,0,0,NULL,19059090,0.00,0.00,80.00,18.00,'Pcs',0,0.00,0.00,0.00,0.00,0.00,NULL,1,0.00,0.00,0.00,1,NULL,NULL,NULL,NULL,10,1,'8901234567898',120.00,1),(86,'PNP-TOWEL','Sports Towel',0,NULL,NULL,0,0,NULL,NULL,NULL,0,0,0,NULL,63029100,0.00,0.00,200.00,18.00,'Pcs',0,0.00,0.00,0.00,0.00,0.00,NULL,1,0.00,0.00,0.00,1,NULL,NULL,NULL,NULL,10,1,'8901234567899',350.00,1),(87,'PNP-WRISTBAND','Wristband (Pair)',0,NULL,NULL,0,0,NULL,NULL,NULL,0,0,0,NULL,61178010,0.00,0.00,100.00,18.00,'Pair',0,0.00,0.00,0.00,0.00,0.00,NULL,1,0.00,0.00,0.00,1,NULL,NULL,NULL,NULL,10,1,'8901234567900',180.00,1),(88,'PNP-RENTAL-RAC','Racket Rental (Per Hour)',0,NULL,NULL,0,0,NULL,NULL,NULL,0,0,0,NULL,95069990,0.00,0.00,0.00,18.00,'Hour',0,0.00,0.00,0.00,0.00,0.00,NULL,1,0.00,0.00,0.00,1,NULL,NULL,NULL,NULL,10,0,'8901234567901',200.00,1),(89,'PNP-RENTAL-BALL','Ball Rental (Per Session)',0,NULL,NULL,0,0,NULL,NULL,NULL,0,0,0,NULL,95066290,0.00,0.00,0.00,18.00,'Session',0,0.00,0.00,0.00,0.00,0.00,NULL,1,0.00,0.00,0.00,1,NULL,NULL,NULL,NULL,10,0,'8901234567902',100.00,1);
/*!40000 ALTER TABLE `mx_product` ENABLE KEYS */;
UNLOCK TABLES;

--
-- Table structure for table `mx_product_brand`
--

DROP TABLE IF EXISTS `mx_product_brand`;
/*!40101 SET @saved_cs_client     = @@character_set_client */;
/*!40101 SET character_set_client = utf8 */;
CREATE TABLE `mx_product_brand` (
  `brandID` int(11) NOT NULL AUTO_INCREMENT,
  `brandName` varchar(100) NOT NULL,
  `brandLogo` varchar(255) DEFAULT NULL,
  `description` text DEFAULT NULL,
  `sortOrder` int(11) DEFAULT 0,
  `status` tinyint(4) DEFAULT 1,
  `created` datetime DEFAULT current_timestamp(),
  PRIMARY KEY (`brandID`)
) ENGINE=InnoDB AUTO_INCREMENT=8 DEFAULT CHARSET=utf8mb4 COLLATE=utf8mb4_general_ci;
/*!40101 SET character_set_client = @saved_cs_client */;

--
-- Dumping data for table `mx_product_brand`
--

LOCK TABLES `mx_product_brand` WRITE;
/*!40000 ALTER TABLE `mx_product_brand` DISABLE KEYS */;
INSERT INTO `mx_product_brand` VALUES (1,'Bullpadel',NULL,'Premium padel equipment brand',1,1,'2025-12-28 15:55:53'),(2,'Head',NULL,'Sports equipment manufacturer',2,1,'2025-12-28 15:55:53'),(3,'Adidas',NULL,'Sports apparel and equipment',3,1,'2025-12-28 15:55:53'),(4,'Wilson',NULL,'Tennis and padel equipment',4,1,'2025-12-28 15:55:53'),(5,'Nox',NULL,'Padel specialist brand',5,1,'2025-12-28 15:55:53'),(6,'Babolat',NULL,'Racket sports equipment',6,1,'2025-12-28 15:55:53'),(7,'GamePark',NULL,'In-house brand',7,1,'2025-12-28 15:55:53');
/*!40000 ALTER TABLE `mx_product_brand` ENABLE KEYS */;
UNLOCK TABLES;

--
-- Table structure for table `mx_product_category`
--

DROP TABLE IF EXISTS `mx_product_category`;
/*!40101 SET @saved_cs_client     = @@character_set_client */;
/*!40101 SET character_set_client = utf8 */;
CREATE TABLE `mx_product_category` (
  `categoryID` int(11) NOT NULL AUTO_INCREMENT,
  `categoryName` varchar(100) NOT NULL,
  `parentCategoryID` int(11) DEFAULT NULL,
  `description` text DEFAULT NULL,
  `sortOrder` int(11) DEFAULT 0,
  `status` tinyint(4) DEFAULT 1,
  `created` datetime DEFAULT current_timestamp(),
  PRIMARY KEY (`categoryID`),
  KEY `idx_parent` (`parentCategoryID`)
) ENGINE=InnoDB AUTO_INCREMENT=9 DEFAULT CHARSET=utf8mb4 COLLATE=utf8mb4_general_ci;
/*!40101 SET character_set_client = @saved_cs_client */;

--
-- Dumping data for table `mx_product_category`
--

LOCK TABLES `mx_product_category` WRITE;
/*!40000 ALTER TABLE `mx_product_category` DISABLE KEYS */;
INSERT INTO `mx_product_category` VALUES (1,'Padel Rackets',NULL,'Padel rackets and frames',1,1,'2025-12-28 15:55:53'),(2,'Padel Balls',NULL,'Padel balls and ball hoppers',2,1,'2025-12-28 15:55:53'),(3,'Court Equipment',NULL,'Court construction materials',3,1,'2025-12-28 15:55:53'),(4,'Accessories',NULL,'Grips, bags, strings, etc.',4,1,'2025-12-28 15:55:53'),(5,'Apparel',NULL,'Sports clothing and footwear',5,1,'2025-12-28 15:55:53'),(6,'Lighting',NULL,'Court lighting equipment',6,1,'2025-12-28 15:55:53'),(7,'Fencing & Nets',NULL,'Court fencing and nets',7,1,'2025-12-28 15:55:53'),(8,'Flooring',NULL,'Court surface materials',8,1,'2025-12-28 15:55:53');
/*!40000 ALTER TABLE `mx_product_category` ENABLE KEYS */;
UNLOCK TABLES;

--
-- Table structure for table `mx_product_inquiry`
--

DROP TABLE IF EXISTS `mx_product_inquiry`;
/*!40101 SET @saved_cs_client     = @@character_set_client */;
/*!40101 SET character_set_client = utf8 */;
CREATE TABLE `mx_product_inquiry` (
  `productInquiryID` int(11) NOT NULL AUTO_INCREMENT,
  `companyName` varchar(100) DEFAULT NULL,
  `userName` varchar(50) DEFAULT NULL,
  `userEmail` varchar(50) DEFAULT NULL,
  `userMobile` varchar(20) DEFAULT NULL,
  `makeOfMotor` varchar(100) DEFAULT NULL,
  `kw` varchar(40) DEFAULT NULL,
  `hp` varchar(20) DEFAULT NULL,
  `dutyID` int(11) NOT NULL DEFAULT 0,
  `rpm` varchar(20) DEFAULT NULL,
  `mountingID` int(11) NOT NULL DEFAULT 0,
  `typeOfMotorID` int(11) NOT NULL DEFAULT 0,
  `rotorTypeID` int(11) NOT NULL DEFAULT 0,
  `voltageID` int(11) DEFAULT 0,
  `frequencyID` int(11) NOT NULL DEFAULT 0,
  `shaftExtensionID` int(11) NOT NULL DEFAULT 0,
  `expectedDeliveryTimeID` int(11) NOT NULL DEFAULT 0,
  `offerRequirementIs` varchar(5) DEFAULT NULL,
  `uploadFile` varchar(200) DEFAULT NULL,
  `requirementIsForRplc` tinyint(1) DEFAULT NULL,
  `makeOfMotorD` varchar(100) DEFAULT NULL,
  `kwD` varchar(40) DEFAULT NULL,
  `hpD` varchar(20) DEFAULT NULL,
  `rpmD` varchar(20) DEFAULT NULL,
  `mounting` varchar(50) DEFAULT NULL,
  `poleID` int(11) NOT NULL DEFAULT 0,
  `uploadFileD` varchar(200) DEFAULT NULL,
  `application` varchar(100) DEFAULT NULL,
  `otherSpec` text DEFAULT NULL,
  `dutyOther` varchar(100) DEFAULT NULL,
  `mountingOther` varchar(100) DEFAULT NULL,
  `typeOfMotorOther` varchar(100) DEFAULT NULL,
  `voltageOther` varchar(100) DEFAULT NULL,
  `shaftExtensionOther` varchar(100) DEFAULT NULL,
  `expectedDeliveryTimeOther` varchar(100) DEFAULT NULL,
  `status` tinyint(1) NOT NULL DEFAULT 1,
  PRIMARY KEY (`productInquiryID`)
) ENGINE=InnoDB AUTO_INCREMENT=13 DEFAULT CHARSET=utf8mb4 COLLATE=utf8mb4_general_ci;
/*!40101 SET character_set_client = @saved_cs_client */;

--
-- Dumping data for table `mx_product_inquiry`
--

LOCK TABLES `mx_product_inquiry` WRITE;
/*!40000 ALTER TABLE `mx_product_inquiry` DISABLE KEYS */;
INSERT INTO `mx_product_inquiry` VALUES (1,'Maxdigi','ganesh','testing@gmail.com','9960064783','sss',NULL,NULL,0,NULL,0,0,0,0,0,0,0,NULL,NULL,NULL,NULL,NULL,NULL,NULL,NULL,0,NULL,NULL,NULL,NULL,NULL,NULL,NULL,NULL,NULL,0),(2,'Maxdigi','ganesh','testing@gmail.com','9960064783','sss','sss','ss',5,'ssss',6,6,2,5,2,3,5,'1,2','service-2.jpeg',1,'sgadfs','adfvbsf ','adsfgsvdb','adfbsg','safvda',3,'service-1.jpeg','sdgab','ssasxsaca','ssss','sdfsadvdaf','sdfdav','sadgvafv ','dvafb s','adsvaf',0),(3,'Soka','Adok','ssadsad@aa','2039029112','21321321','9ksksks',NULL,0,NULL,0,0,0,0,0,0,0,NULL,NULL,NULL,NULL,NULL,NULL,NULL,NULL,0,NULL,NULL,NULL,NULL,NULL,NULL,NULL,NULL,NULL,0),(4,',mhgf','aa','chandrakant.p@maxdigi.com','1234567899',NULL,NULL,NULL,0,NULL,0,0,0,0,0,0,0,NULL,NULL,NULL,NULL,NULL,NULL,NULL,NULL,0,NULL,NULL,NULL,NULL,NULL,NULL,NULL,NULL,NULL,0),(5,' R Y EXTRUSION PVT LTD','TEJAS','purchasemum@ryextrusion.com','8010086302','crompton',NULL,'3',0,'2900',1,6,0,1,1,0,1,'1',NULL,2,NULL,NULL,NULL,NULL,NULL,0,NULL,NULL,NULL,NULL,NULL,'Monoblock ',NULL,NULL,NULL,0),(6,'Shah Pneumatics','Saumil','saumil@shah-pneumatics.com','9819361911','Any reputed brand like Flowmatics ','0.75','1',1,'2900',6,1,1,1,1,1,1,'2',NULL,2,NULL,NULL,NULL,NULL,NULL,0,NULL,NULL,'we are looking for booster pump to boost BMC line',NULL,'1ΓÇ¥ bsp',NULL,NULL,NULL,NULL,1),(7,'NA','paritosh.ajmera@gmail.com','pari588@protonmail.com','07799125798',NULL,'5','5',3,'11111',2,2,2,2,1,1,1,'1',NULL,2,NULL,NULL,NULL,NULL,NULL,0,NULL,NULL,NULL,NULL,NULL,NULL,NULL,NULL,NULL,0),(8,'Bombay Engineering Syndicate','Suraj','paritosh.ajmera@gmail.com','09867212135','CG','5','5',4,'11111',4,3,1,2,1,1,1,'1',NULL,2,NULL,NULL,NULL,NULL,NULL,0,NULL,NULL,'s',NULL,NULL,NULL,NULL,NULL,NULL,0),(9,'Bombay Engineering Syndicate','Paritosh','paritosh.ajmera@gmail.com','09867212135','est','4','4',2,'4444',1,1,1,1,1,1,1,'1',NULL,2,NULL,NULL,NULL,NULL,NULL,0,NULL,NULL,NULL,NULL,NULL,NULL,NULL,NULL,NULL,0),(10,'INDIA ENGINEERING CO','Alam Shaikh','navjivanmotor@gmail.com','9920547502','CROMPTON','2.2','3',1,'1440',1,1,1,1,1,1,1,'1',NULL,2,NULL,NULL,NULL,NULL,NULL,0,NULL,NULL,NULL,NULL,NULL,NULL,NULL,NULL,NULL,1),(11,'R DESAI AND COMPANY','Paritosh','paritosh.ajmera@gmail.com','9867212135',NULL,NULL,NULL,0,NULL,0,0,0,0,0,0,0,'2',NULL,2,NULL,NULL,NULL,NULL,NULL,0,NULL,NULL,NULL,NULL,NULL,NULL,NULL,NULL,NULL,0),(12,'Paritosh Ajmera','Paritosh Ajmera','paritosh.ajmera@gmail.com','9867212135',NULL,NULL,NULL,0,NULL,0,0,0,0,0,0,0,'2',NULL,2,NULL,NULL,NULL,NULL,NULL,0,NULL,NULL,NULL,NULL,NULL,NULL,NULL,NULL,NULL,0);
/*!40000 ALTER TABLE `mx_product_inquiry` ENABLE KEYS */;
UNLOCK TABLES;

--
-- Table structure for table `mx_product_sku`
--

DROP TABLE IF EXISTS `mx_product_sku`;
/*!40101 SET @saved_cs_client     = @@character_set_client */;
/*!40101 SET character_set_client = utf8 */;
CREATE TABLE `mx_product_sku` (
  `productSkuID` int(11) NOT NULL AUTO_INCREMENT,
  `categoryID` int(11) DEFAULT NULL,
  `productSku` varchar(255) DEFAULT NULL,
  `currentStock` int(11) DEFAULT 0,
  `hsnCode` varchar(255) DEFAULT NULL,
  `hsnID` int(11) NOT NULL DEFAULT 0,
  `unitID` int(11) NOT NULL DEFAULT 0,
  `totalSaleQty` decimal(10,2) NOT NULL,
  `totalPurchaseQty` decimal(10,2) NOT NULL,
  `totalBalanceQty` decimal(10,2) NOT NULL,
  `status` tinyint(1) NOT NULL DEFAULT 1,
  PRIMARY KEY (`productSkuID`)
) ENGINE=InnoDB AUTO_INCREMENT=2 DEFAULT CHARSET=utf8 COLLATE=utf8_general_ci;
/*!40101 SET character_set_client = @saved_cs_client */;

--
-- Dumping data for table `mx_product_sku`
--

LOCK TABLES `mx_product_sku` WRITE;
/*!40000 ALTER TABLE `mx_product_sku` DISABLE KEYS */;
INSERT INTO `mx_product_sku` VALUES (1,5,'SKU-2255',0,NULL,1,0,0.00,0.00,0.00,1);
/*!40000 ALTER TABLE `mx_product_sku` ENABLE KEYS */;
UNLOCK TABLES;

--
-- Table structure for table `mx_project_milestone`
--

DROP TABLE IF EXISTS `mx_project_milestone`;
/*!40101 SET @saved_cs_client     = @@character_set_client */;
/*!40101 SET character_set_client = utf8 */;
CREATE TABLE `mx_project_milestone` (
  `milestoneID` int(11) NOT NULL AUTO_INCREMENT,
  `projectID` int(11) NOT NULL,
  `milestoneName` varchar(200) NOT NULL,
  `milestoneDescription` text DEFAULT NULL,
  `targetDate` date DEFAULT NULL,
  `completionDate` date DEFAULT NULL,
  `completionPercentage` int(11) DEFAULT 0,
  `isCompleted` tinyint(4) DEFAULT 0,
  `sortOrder` int(11) DEFAULT 0,
  `status` tinyint(4) DEFAULT 1,
  `paymentPercentage` decimal(5,2) DEFAULT 0.00,
  `paymentAmount` decimal(15,2) DEFAULT 0.00,
  `dueDate` date DEFAULT NULL,
  `paymentStatus` enum('Pending','Invoiced','Paid') DEFAULT 'Pending',
  `linkedPaymentID` int(11) DEFAULT NULL,
  PRIMARY KEY (`milestoneID`)
) ENGINE=InnoDB AUTO_INCREMENT=24 DEFAULT CHARSET=utf8mb4 COLLATE=utf8mb4_general_ci;
/*!40101 SET character_set_client = @saved_cs_client */;

--
-- Dumping data for table `mx_project_milestone`
--

LOCK TABLES `mx_project_milestone` WRITE;
/*!40000 ALTER TABLE `mx_project_milestone` DISABLE KEYS */;
INSERT INTO `mx_project_milestone` VALUES (1,1,'Site Preparation','Ground preparation, marking, and foundation excavation','2024-12-20',NULL,100,1,1,1,0.00,0.00,NULL,'Pending',NULL),(2,1,'Foundation Work','Concrete foundation and base preparation','2024-12-30',NULL,80,0,2,1,0.00,0.00,NULL,'Pending',NULL),(3,1,'Court Structure','Metal frame and glass wall installation','2025-01-15',NULL,0,0,3,1,0.00,0.00,NULL,'Pending',NULL),(4,1,'Flooring Installation','Premium synthetic turf installation','2025-02-01',NULL,0,0,4,1,0.00,0.00,NULL,'Pending',NULL),(5,1,'Lighting & Electrical','LED lighting and electrical work','2025-02-15',NULL,0,0,5,1,0.00,0.00,NULL,'Pending',NULL),(6,1,'Final Finishing','Net installation, line marking, and finishing touches','2025-03-01',NULL,0,0,6,1,0.00,0.00,NULL,'Pending',NULL),(7,1,'Handover','Final inspection and project handover','2025-03-15',NULL,0,0,7,1,0.00,0.00,NULL,'Pending',NULL),(8,2,'Site Preparation','Ground preparation and marking','2025-01-10',NULL,0,0,1,1,0.00,0.00,NULL,'Pending',NULL),(9,2,'Foundation Work','Foundation construction','2025-01-20',NULL,0,0,2,1,0.00,0.00,NULL,'Pending',NULL),(10,2,'Court Structure','Structure and wall installation','2025-02-05',NULL,0,0,3,1,0.00,0.00,NULL,'Pending',NULL),(11,2,'Completion','Final installation and handover','2025-03-05',NULL,0,0,4,1,0.00,0.00,NULL,'Pending',NULL),(12,1,'Site Preparation','Ground preparation, marking, and foundation excavation','2024-12-20','2024-12-19',100,1,1,1,0.00,0.00,NULL,'Pending',NULL),(13,1,'Foundation Work','Concrete foundation and base preparation','2024-12-30','2024-12-28',100,1,2,1,0.00,0.00,NULL,'Pending',NULL),(14,1,'Court Structure','Metal frame and glass wall installation','2025-01-15',NULL,40,0,3,1,0.00,0.00,NULL,'Pending',NULL),(15,1,'Flooring Installation','Premium synthetic turf installation','2025-02-01',NULL,0,0,4,1,0.00,0.00,NULL,'Pending',NULL),(16,1,'Lighting & Electrical','LED lighting and electrical work','2025-02-15',NULL,0,0,5,1,0.00,0.00,NULL,'Pending',NULL),(17,1,'Final Finishing','Net installation, line marking, and finishing touches','2025-03-01',NULL,0,0,6,1,0.00,0.00,NULL,'Pending',NULL),(18,1,'Handover','Final inspection and project handover','2025-03-15',NULL,0,0,7,1,0.00,0.00,NULL,'Pending',NULL),(19,2,'Site Preparation','Ground preparation and marking','2025-01-10',NULL,0,0,1,1,0.00,0.00,NULL,'Pending',NULL),(20,2,'Foundation Work','Foundation construction','2025-01-25',NULL,0,0,2,1,0.00,0.00,NULL,'Pending',NULL),(21,2,'Court Structure','Structure and wall installation','2025-02-15',NULL,0,0,3,1,0.00,0.00,NULL,'Pending',NULL),(22,2,'Flooring & Finishing','Flooring installation and finishing','2025-03-10',NULL,0,0,4,1,0.00,0.00,NULL,'Pending',NULL),(23,2,'Handover','Final handover','2025-03-20',NULL,0,0,5,1,0.00,0.00,NULL,'Pending',NULL);
/*!40000 ALTER TABLE `mx_project_milestone` ENABLE KEYS */;
UNLOCK TABLES;

--
-- Table structure for table `mx_pump`
--

DROP TABLE IF EXISTS `mx_pump`;
/*!40101 SET @saved_cs_client     = @@character_set_client */;
/*!40101 SET character_set_client = utf8 */;
CREATE TABLE `mx_pump` (
  `pumpID` int(11) NOT NULL AUTO_INCREMENT,
  `categoryPID` int(11) NOT NULL DEFAULT 0,
  `pumpTitle` varchar(50) DEFAULT NULL,
  `seoUri` varchar(200) DEFAULT NULL,
  `pumpImage` varchar(200) DEFAULT NULL,
  `pumpFeatures` text DEFAULT NULL,
  `kwhp` varchar(10) DEFAULT NULL,
  `supplyPhase` varchar(10) DEFAULT NULL,
  `deliveryPipe` varchar(10) DEFAULT NULL,
  `noOfStage` varchar(10) DEFAULT NULL,
  `isi` varchar(10) DEFAULT NULL,
  `mnre` varchar(10) DEFAULT NULL,
  `pumpType` varchar(50) DEFAULT NULL,
  `status` tinyint(1) NOT NULL DEFAULT 1,
  PRIMARY KEY (`pumpID`)
) ENGINE=InnoDB AUTO_INCREMENT=110 DEFAULT CHARSET=utf8mb4 COLLATE=utf8mb4_general_ci;
/*!40101 SET character_set_client = @saved_cs_client */;

--
-- Dumping data for table `mx_pump`
--

LOCK TABLES `mx_pump` WRITE;
/*!40000 ALTER TABLE `mx_pump` DISABLE KEYS */;
INSERT INTO `mx_pump` VALUES (2,32,'Janta Series','janta-series','borewell-submersible-pump-100w-v__530x530.png','<p>Monoset Construction with High Quality Mechanical Seal</p>\n<p>High Grade Electrical Stamping CRNGO-M47 for higher efficiency</p>\n<p>Works in wide voltage band effectively</p>',NULL,NULL,NULL,NULL,NULL,NULL,NULL,0),(3,32,'V-4 Stainless Steel Pumps','4--tainless--teel--umps','borewell-submersible-pump-100w-v__530x530-2.png','<p>Specially designed thrust bearing ensures highest reliability</p>\n<p>High Grade Electrical Stamping CRNGO-M47 for higher efficiency</p>\n<p>Wide voltage operation from 250 -440V</p>','0.1 to 10','1 Ph, 3 Ph','21 to 40','21 to 30,','No','No','Borewell Submersible',0),(4,32,'V-4 Stainless Steel Pumps','4--tainless--teel--umps','borewell-submersible-pump-3w__530x530.png','<p>Specially designed thrust bearing ensures highest reliability</p>\n<p>High Grade Electrical Stamping CRNGO-M47 for higher efficiency</p>\n<p>Wide voltage operation from 250 -440V</p>','0.1 to 10','1 Ph, 3 Ph','1 Ph, 3 Ph','1 Ph, 3 Ph','Yes','No','Borewell Submersible',0),(21,24,'Mini Everest Mini Pump','mini-everest-mini-pump','aquagold-50-30.webp','The Mini Everest Mini Pump is a premium Crompton pump engineered for reliable water extraction and pressure management. Features advanced electrical technology, IP55 protection, and energy-efficient operation. Suitable for residential, agricultural, and commercial applications. Available now at Bombay Engineering Syndicate ΓÇô your trusted Crompton distributor.','1.1kW','SP','25x25','1','BIS','No','Residential',1),(22,24,'AQUAGOLD DURA 150','aquagold-dura-150','champ-plus-ii.webp','The AQUAGOLD DURA 150 is a self-priming mini pump engineered for residential and light commercial water supply applications. 1.5HP/1.1 capacity with advanced electrical stamping and Hy-Flo technology. Features brass impellers, stainless steel components, and IP55 protection. Reliable for domestic water boosting and pressure management. Compact, efficient, and low-maintenance. Available at Bombay Engineering Syndicate ΓÇô Crompton\'s authorized distributor.','1.5HP/1.1','SP','25-32','1','Yes','No','Residential',1),(23,24,'AQUAGOLD 150','aquagold-150','flomax-plus-ii.webp','The AQUAGOLD 150 is a self-priming mini pump engineered for residential and light commercial water supply applications. 1.5HP/1.1 capacity with advanced electrical stamping and Hy-Flo technology. Features brass impellers, stainless steel components, and IP55 protection. Reliable for domestic water boosting and pressure management. Compact, efficient, and low-maintenance. Available at Bombay Engineering Syndicate ΓÇô Crompton\'s authorized distributor.','1.5HP/1.1','SP','25-32','1','Yes','No','Residential',1),(24,24,'WIN PLUS I','win-plus-i','mini-marvel-ii.webp','The WIN PLUS I is a premium Crompton pump engineered for reliable water extraction and pressure management. Features advanced electrical technology, IP55 protection, and energy-efficient operation. Suitable for residential, agricultural, and commercial applications. Available now at Bombay Engineering Syndicate ΓÇô your trusted Crompton distributor.','1HP/0.75','SP','25x25','1','Yes','No','Residential',1),(25,24,'ULTIMO II','ultimo-ii','mini-master-ii.webp','The ULTIMO II is a premium Crompton pump engineered for reliable water extraction and pressure management. Features advanced electrical technology, IP55 protection, and energy-efficient operation. Suitable for residential, agricultural, and commercial applications. Available now at Bombay Engineering Syndicate ΓÇô your trusted Crompton distributor.','1HP/0.75','SP','32','1','Yes','No','Residential',1),(26,24,'ULTIMO I','ultimo-i','mini-masterplus-ii.webp','The ULTIMO I is a premium Crompton pump engineered for reliable water extraction and pressure management. Features advanced electrical technology, IP55 protection, and energy-efficient operation. Suitable for residential, agricultural, and commercial applications. Available now at Bombay Engineering Syndicate ΓÇô your trusted Crompton distributor.','1HP/0.75','SP','32','1','Yes','No','Residential',1),(27,24,'STAR PLUS I','star-plus-i','swj100a-36-plus.webp','The STAR PLUS I is a premium Crompton pump engineered for reliable water extraction and pressure management. Features advanced electrical technology, IP55 protection, and energy-efficient operation. Suitable for residential, agricultural, and commercial applications. Available now at Bombay Engineering Syndicate ΓÇô your trusted Crompton distributor.','1HP/0.75','SP','32','1','Yes','No','Residential',1),(28,24,'STAR DURA I','star-dura-i','swj100ap-36-plus.webp','The STAR DURA I is a premium Crompton pump engineered for reliable water extraction and pressure management. Features advanced electrical technology, IP55 protection, and energy-efficient operation. Suitable for residential, agricultural, and commercial applications. Available now at Bombay Engineering Syndicate ΓÇô your trusted Crompton distributor.','1HP/0.75','SP','32','1','Yes','No','Residential',1),(29,24,'PRIMO I','primo-i','swj50a-30-plus.webp','The PRIMO I is a premium Crompton pump engineered for reliable water extraction and pressure management. Features advanced electrical technology, IP55 protection, and energy-efficient operation. Suitable for residential, agricultural, and commercial applications. Available now at Bombay Engineering Syndicate ΓÇô your trusted Crompton distributor.','1HP/0.75','SP','32','1','Yes','No','Residential',1),(30,25,'CMB10NV PLUS','cmb10nv-plus','cmb10nv-plus.webp','The CMB10NV PLUS is a premium Crompton pump engineered for reliable water extraction and pressure management. Features advanced electrical technology, IP55 protection, and energy-efficient operation. Suitable for residential, agricultural, and commercial applications. Available now at Bombay Engineering Syndicate ΓÇô your trusted Crompton distributor.','0.5HP/0.37','SP','0.5','1','BIS','Yes','Residential',1),(31,25,'DMB10D PLUS','dmb10d-plus','dmb10d-plus.webp','The DMB10D PLUS is a premium Crompton pump engineered for reliable water extraction and pressure management. Features advanced electrical technology, IP55 protection, and energy-efficient operation. Suitable for residential, agricultural, and commercial applications. Available now at Bombay Engineering Syndicate ΓÇô your trusted Crompton distributor.','1HP/0.75','SP','0.75','1','BIS','Yes','Residential',1),(32,25,'DMB10DCSL','dmb10dcsl','dmb10dcsl.webp','The DMB10DCSL is a premium Crompton pump engineered for reliable water extraction and pressure management. Features advanced electrical technology, IP55 protection, and energy-efficient operation. Suitable for residential, agricultural, and commercial applications. Available now at Bombay Engineering Syndicate ΓÇô your trusted Crompton distributor.','1HP/0.75','SP','0.75','1','BIS','Yes','Residential',1),(33,25,'CMB05NV PLUS','cmb05nv-plus','cmb05nv-plus.webp','The CMB05NV PLUS is a premium Crompton pump engineered for reliable water extraction and pressure management. Features advanced electrical technology, IP55 protection, and energy-efficient operation. Suitable for residential, agricultural, and commercial applications. Available now at Bombay Engineering Syndicate ΓÇô your trusted Crompton distributor.','0.5HP/0.37','SP','0.5','1','BIS','Yes','Residential',1),(34,26,'SWJ1','swj1','swj1.webp','The SWJ1 is a shallow well self-priming pump ideal for extracting water from shallow borewells and surface sources. 1HP/0.75 capacity single-phase operation with reliable self-priming capability. Perfect for residential water supply and agricultural irrigation. Compact design with easy installation. Features advanced electrical technology, IP55 protection, and energy-efficient performance. Low maintenance with long service life. Bombay Engineering Syndicate ΓÇô your Crompton pump specialist.','1HP/0.75','SP','50','1','Yes','No','Shallow Well Self-Priming',1),(35,26,'SWJ100AT-36 PLUS','swj100at-36-plus','swj100at-36-plus.webp','The SWJ100AT-36 PLUS is a shallow well self-priming pump ideal for extracting water from shallow borewells and surface sources. 1HP/0.75 capacity single-phase operation with reliable self-priming capability. Perfect for residential water supply and agricultural irrigation. Compact design with easy installation. Features advanced electrical technology, IP55 protection, and energy-efficient performance. Low maintenance with long service life. Bombay Engineering Syndicate ΓÇô your Crompton pump specialist.','1HP','S','50','1','Yes','No','Shallow Well Self-Priming',1),(36,26,'SWJ50AT-30 PLUS','swj50at-30-plus','swj50at-30-plus.webp','The SWJ50AT-30 PLUS is a shallow well self-priming pump ideal for extracting water from shallow borewells and surface sources. 0.5HP/0.37 capacity single-phase operation with reliable self-priming capability. Perfect for residential water supply and agricultural irrigation. Compact design with easy installation. Features advanced electrical technology, IP55 protection, and energy-efficient performance. Low maintenance with long service life. Bombay Engineering Syndicate ΓÇô your Crompton pump specialist.','0.5HP','S','32','1','Yes','No','Shallow Well Self-Priming',1),(37,27,'3W12AP1D','3w12ap1d','3w12ap1d.webp','The 3W12AP1D is a 3-inch submersible pump designed for shallow to medium-depth borewell applications. 1HP/0.75 capacity with single-phase operation ensures reliable water extraction from depths up to 150 feet. Features deep borewell submersible technology with IP55 protection and energy-efficient performance. Ideal for small farms and residential water supply. Trusted Crompton quality. Available at Bombay Engineering Syndicate.','1HP','S','76','8','Yes','Yes','Submersible Agricultural',1),(38,27,'3W10AP1D','3w10ap1d','3w10ap1d.webp','The 3W10AP1D is a 3-inch submersible pump designed for shallow to medium-depth borewell applications. 1HP/0.75 capacity with single-phase operation ensures reliable water extraction from depths up to 150 feet. Features deep borewell submersible technology with IP55 protection and energy-efficient performance. Ideal for small farms and residential water supply. Trusted Crompton quality. Available at Bombay Engineering Syndicate.','1HP','S','76','8','Yes','Yes','Submersible Agricultural',1),(39,27,'3W10AK1A','3w10ak1a','3w10ak1a.webp','The 3W10AK1A is a 3-inch submersible pump designed for shallow to medium-depth borewell applications. 1HP/0.75 capacity with single-phase operation ensures reliable water extraction from depths up to 150 feet. Features deep borewell submersible technology with IP55 protection and energy-efficient performance. Ideal for small farms and residential water supply. Trusted Crompton quality. Available at Bombay Engineering Syndicate.','1HP','S','76','8','Yes','Yes','Submersible Agricultural',1),(40,28,'4W7BU1AU','4w7bu1au','4w7bu1au.webp','The 4W7BU1AU is a water-filled borewell submersible pump combining eco-friendly design with reliable performance. 1HP/0.75 capacity single-phase operation with excellent voltage fluctuation tolerance. Ideal for residential and agricultural water supply applications. Features sturdy construction, low noise operation, and energy-efficient performance. IP55 protected. Requires routine maintenance. Your trusted source: Bombay Engineering Syndicate ΓÇô Crompton distributor.','1HP','S','100','4','Yes','Yes','Submersible Water-Filled Borewell',1),(41,28,'4W14BU2EU','4w14bu2eu','4w14bu2eu.webp','The 4W14BU2EU is a water-filled borewell submersible pump combining eco-friendly design with reliable performance. 2HP/1.5 capacity single-phase operation with excellent voltage fluctuation tolerance. Ideal for residential and agricultural water supply applications. Features sturdy construction, low noise operation, and energy-efficient performance. IP55 protected. Requires routine maintenance. Your trusted source: Bombay Engineering Syndicate ΓÇô Crompton distributor.','2HP','S','100','10','Yes','Yes','Submersible Water-Filled Borewell',1),(42,28,'4W10BU1AU','4w10bu1au','4w10bu1au.webp','The 4W10BU1AU is a water-filled borewell submersible pump combining eco-friendly design with reliable performance. 1HP/0.75 capacity single-phase operation with excellent voltage fluctuation tolerance. Ideal for residential and agricultural water supply applications. Features sturdy construction, low noise operation, and energy-efficient performance. IP55 protected. Requires routine maintenance. Your trusted source: Bombay Engineering Syndicate ΓÇô Crompton distributor.','1HP','S','100','7','Yes','Yes','Submersible Water-Filled Borewell',1),(43,29,'OWE12(1PH)Z-28','owe12-1ph-z-28','owe12-1ph-z-28.webp','The OWE12(1PH)Z-28 is a premium Crompton pump engineered for reliable water extraction and pressure management. Features advanced electrical technology, IP55 protection, and energy-efficient operation. Suitable for residential, agricultural, and commercial applications. Available now at Bombay Engineering Syndicate ΓÇô your trusted Crompton distributor.','1HP','S','50','1','Yes','No','Openwell Self-Priming',1),(44,29,'OWE052(1PH)Z-21FS','owe052-1ph-z-21fs','owe052-1ph-z-21fs.webp','The OWE052(1PH)Z-21FS is a premium Crompton pump engineered for reliable water extraction and pressure management. Features advanced electrical technology, IP55 protection, and energy-efficient operation. Suitable for residential, agricultural, and commercial applications. Available now at Bombay Engineering Syndicate ΓÇô your trusted Crompton distributor.','0.5HP','S','32','1','Yes','No','Openwell Self-Priming',1),(45,30,'Mini Force I','mini-force-i','mini-force-i.webp','The Mini Force I mini force pump combines efficiency with reliability for modern residential water management. 0.5HP/0.37 capacity with single-phase operation, featuring advanced electrical construction. Delivers consistent pressure for water boosting and domestic applications. Compact design fits residential spaces. Energy-efficient with IP55 protection. Perfect for home water supply systems. Get yours from Bombay Engineering Syndicate ΓÇô Crompton\'s authorized distributor.','0.5HP/0.37','SP','32','1','Yes','No','Residential',1),(46,30,'CFMSMB5D1.00-V24','cfmsmb5d1-00-v24','cfmsmb5d1-00-v24.webp','The CFMSMB5D1.00-V24 is a premium Crompton pump engineered for reliable water extraction and pressure management. Features advanced electrical technology, IP55 protection, and energy-efficient operation. Suitable for residential, agricultural, and commercial applications. Available now at Bombay Engineering Syndicate ΓÇô your trusted Crompton distributor.','1HP','S','32','N/A','Yes','No','Pressure Booster',1),(47,31,'ARMOR1.5-DSU','armor1-5-dsu','armor1-5-dsu.webp','The ARMOR1.5-DSU is a premium Crompton pump engineered for reliable water extraction and pressure management. Features advanced electrical technology, IP55 protection, and energy-efficient operation. Suitable for residential, agricultural, and commercial applications. Available now at Bombay Engineering Syndicate ΓÇô your trusted Crompton distributor.','1.5HP/1.1','SP','25-32','1','Yes','No','Residential',1),(48,31,'ARMOR1.0-CQU','armor1-0-cqu','armor1-0-cqu.webp','The ARMOR1.0-CQU is a premium Crompton pump engineered for reliable water extraction and pressure management. Features advanced electrical technology, IP55 protection, and energy-efficient operation. Suitable for residential, agricultural, and commercial applications. Available now at Bombay Engineering Syndicate ΓÇô your trusted Crompton distributor.','1HP/0.75','SP','25-32','1','Yes','No','Residential',1),(49,24,'NILE PLUS I','nile-plus-i','mini-marvel-ii.webp','The NILE PLUS I is a premium Crompton pump engineered for reliable water extraction and pressure management. Features advanced electrical technology, IP55 protection, and energy-efficient operation. Suitable for residential, agricultural, and commercial applications. Available now at Bombay Engineering Syndicate ΓÇô your trusted Crompton distributor.','1HP','1PH','25mm','Regen','Yes','No','Mini',1),(50,24,'NILE DURA I','nile-dura-i','mini-master-ii.webp','The NILE DURA I is a premium Crompton pump engineered for reliable water extraction and pressure management. Features advanced electrical technology, IP55 protection, and energy-efficient operation. Suitable for residential, agricultural, and commercial applications. Available now at Bombay Engineering Syndicate ΓÇô your trusted Crompton distributor.','1HP','1PH','25mm','Regen','Yes','No','Mini',1),(51,24,'MINI SUMO I','mini-sumo-i','mini-masterplus-ii.webp','The MINI SUMO I is a premium Crompton pump engineered for reliable water extraction and pressure management. Features advanced electrical technology, IP55 protection, and energy-efficient operation. Suitable for residential, agricultural, and commercial applications. Available now at Bombay Engineering Syndicate ΓÇô your trusted Crompton distributor.','1HP','1PH','25mm','Regen','Yes','No','Mini',1),(52,24,'MINI MASTERPLUS I','mini-masterplus-i','swj100a-36-plus.webp','The MINI MASTERPLUS I is a premium self-priming mini pump engineered for residential water pressure boosting and domestic applications. With 1HP capacity and single-phase operation, this Crompton mini pump delivers reliable performance with advanced electrical stamping technology. Features brass impellers, stainless steel components, and IP55 protection. Ideal for water extraction, gardening, and household plumbing. Available at Bombay Engineering Syndicate ΓÇô your trusted Crompton distributor.','1HP','1PH','25mm','Regen','Yes','No','Mini',1),(53,24,'MINI MARVEL I','mini-marvel-i','swj100ap-36-plus.webp','The MINI MARVEL I is an economical mini pump for residential water pressure needs with consistent performance. 1HP single-phase operation with reliable self-priming capability. Compact design ideal for domestic water supply and pressure boosting. Features advanced electrical technology and IP55 protection. Low maintenance, high reliability. Available at Bombay Engineering Syndicate ΓÇô your Crompton distributor.','1HP','1PH','25mm','Regen','Yes','No','Mini',1),(54,24,'GLORY PLUS I','glory-plus-i','swj50a-30-plus.webp','The GLORY PLUS I is a premium Crompton pump engineered for reliable water extraction and pressure management. Features advanced electrical technology, IP55 protection, and energy-efficient operation. Suitable for residential, agricultural, and commercial applications. Available now at Bombay Engineering Syndicate ΓÇô your trusted Crompton distributor.','1HP','1PH','25mm','Regen','Yes','No','Mini',1),(55,24,'MINI CREST I','mini-crest-i','swj50ap-30-plus.webp','The MINI CREST I is a premium Crompton pump engineered for reliable water extraction and pressure management. Features advanced electrical technology, IP55 protection, and energy-efficient operation. Suitable for residential, agricultural, and commercial applications. Available now at Bombay Engineering Syndicate ΓÇô your trusted Crompton distributor.','1HP','1PH','25mm','Regen','Yes','No','Mini',1),(56,24,'CHAMP PLUS I','champ-plus-i','aquagold-50-30.webp','The CHAMP PLUS I is an economical choice for residential water pressure needs with consistent performance. 1HP single-phase operation with reliable self-priming capability. Compact design ideal for domestic water supply and pressure boosting. Features advanced electrical stamping and IP55 protection. Low maintenance, high reliability. Trusted by homeowners. Available at Bombay Engineering Syndicate ΓÇô your Crompton distributor.','1HP','1PH','25mm','Regen','Yes','No','Mini',1),(57,24,'MASTER PLUS I','master-plus-i','champ-plus-ii.webp','The MASTER PLUS I is a premium Crompton pump engineered for reliable water extraction and pressure management. Features advanced electrical technology, IP55 protection, and energy-efficient operation. Suitable for residential, agricultural, and commercial applications. Available now at Bombay Engineering Syndicate ΓÇô your trusted Crompton distributor.','1HP','1PH','25mm','Regen','Yes','No','Mini',1),(58,24,'MASTER DURA I','master-dura-i','flomax-plus-ii.webp','The MASTER DURA I is a premium Crompton pump engineered for reliable water extraction and pressure management. Features advanced electrical technology, IP55 protection, and energy-efficient operation. Suitable for residential, agricultural, and commercial applications. Available now at Bombay Engineering Syndicate ΓÇô your trusted Crompton distributor.','1HP','1PH','25mm','Regen','Yes','No','Mini',1),(59,24,'GLIDE PLUS II','glide-plus-ii','mini-marvel-ii.webp','The GLIDE PLUS II is a premium Crompton pump engineered for reliable water extraction and pressure management. Features advanced electrical technology, IP55 protection, and energy-efficient operation. Suitable for residential, agricultural, and commercial applications. Available now at Bombay Engineering Syndicate ΓÇô your trusted Crompton distributor.','1HP','1PH','25mm','Regen','Yes','No','Mini',1),(60,24,'GLIDE PLUS I','glide-plus-i','mini-master-ii.webp','The GLIDE PLUS I is a premium Crompton pump engineered for reliable water extraction and pressure management. Features advanced electrical technology, IP55 protection, and energy-efficient operation. Suitable for residential, agricultural, and commercial applications. Available now at Bombay Engineering Syndicate ΓÇô your trusted Crompton distributor.','1HP','1PH','25mm','Regen','Yes','No','Mini',1),(61,24,'FLOMAX PLUS I','flomax-plus-i','mini-masterplus-ii.webp','The FLOMAX PLUS I is an economical choice for residential water pressure needs with consistent performance. 1HP single-phase operation with reliable self-priming capability. Compact design ideal for domestic water supply and pressure boosting. Features advanced electrical stamping and IP55 protection. Low maintenance, high reliability. Trusted by homeowners. Available at Bombay Engineering Syndicate ΓÇô your Crompton distributor.','1HP','1PH','25mm','Regen','Yes','No','Mini',1),(62,24,'CHAMP DURA I','champ-dura-i','swj100a-36-plus.webp','The CHAMP DURA I is an economical choice for residential water pressure needs with consistent performance. 1HP single-phase operation with reliable self-priming capability. Compact design ideal for domestic water supply and pressure boosting. Features advanced electrical stamping and IP55 protection. Low maintenance, high reliability. Trusted by homeowners. Available at Bombay Engineering Syndicate ΓÇô your Crompton distributor.','1HP','1PH','25mm','Regen','Yes','No','Mini',1),(63,24,'MINI MASTER I','mini-master-i','swj100ap-36-plus.webp','The MINI MASTER I is a premium self-priming mini pump engineered for residential water pressure boosting and domestic applications. With 0.74KW capacity and single-phase operation, this Crompton mini pump delivers reliable performance with advanced electrical stamping technology. Features brass impellers, stainless steel components, and IP55 protection. Ideal for water extraction, gardening, and household plumbing. Available at Bombay Engineering Syndicate ΓÇô your trusted Crompton distributor.','0.74KW','1PH','25mm','Regen','Yes','No','Mini',1),(64,24,'MINI MASTER II','mini-master-ii','mini-master-ii.webp','The MINI MASTER II is a premium self-priming mini pump engineered for residential water pressure boosting and domestic applications. With 0.5 HP capacity and single-phase operation, this Crompton mini pump delivers reliable performance with advanced electrical stamping technology. Features brass impellers, stainless steel components, and IP55 protection. Ideal for water extraction, gardening, and household plumbing. Available at Bombay Engineering Syndicate ΓÇô your trusted Crompton distributor.','0.5 HP','1PH','25 mm','1','Yes','No','Mini Self-Priming',1),(65,24,'CHAMP PLUS II','champ-plus-ii','champ-plus-ii.webp','The CHAMP PLUS II is an economical choice for residential water pressure needs with consistent performance. 0.5 HP single-phase operation with reliable self-priming capability. Compact design ideal for domestic water supply and pressure boosting. Features advanced electrical stamping and IP55 protection. Low maintenance, high reliability. Trusted by homeowners. Available at Bombay Engineering Syndicate ΓÇô your Crompton distributor.','0.5 HP','1PH','25 mm','1','Yes','No','Mini Self-Priming',1),(66,24,'MINI MASTERPLUS II','mini-masterplus-ii','mini-masterplus-ii.webp','The MINI MASTERPLUS II is a premium self-priming mini pump engineered for residential water pressure boosting and domestic applications. With 0.5 HP capacity and single-phase operation, this Crompton mini pump delivers reliable performance with advanced electrical stamping technology. Features brass impellers, stainless steel components, and IP55 protection. Ideal for water extraction, gardening, and household plumbing. Available at Bombay Engineering Syndicate ΓÇô your trusted Crompton distributor.','0.5 HP','1PH','25 mm','1','Yes','No','Mini Self-Priming',1),(67,24,'MINI MARVEL II','mini-marvel-ii','mini-marvel-ii.webp','The MINI MARVEL II is an economical mini pump for residential water pressure needs with consistent performance. 0.5 HP single-phase operation with reliable self-priming capability. Compact design ideal for domestic water supply and pressure boosting. Features advanced electrical technology and IP55 protection. Low maintenance, high reliability. Available at Bombay Engineering Syndicate ΓÇô your Crompton distributor.','0.5 HP','1PH','25 mm','1','Yes','No','Mini Self-Priming',1),(68,24,'MINI CREST II','mini-crest-ii','mini-master-ii.webp','The MINI CREST II is a premium Crompton pump engineered for reliable water extraction and pressure management. Features advanced electrical technology, IP55 protection, and energy-efficient operation. Suitable for residential, agricultural, and commercial applications. Available now at Bombay Engineering Syndicate ΓÇô your trusted Crompton distributor.','0.5 HP','1PH','25 mm','1','Yes','No','Mini Self-Priming',1),(69,24,'AQUAGOLD 50-30','aquagold-50-30','aquagold-50-30.webp','The AQUAGOLD 50-30 is a self-priming mini pump engineered for residential and light commercial water supply applications. 0.5 HP capacity with advanced electrical stamping and Hy-Flo technology. Features brass impellers, stainless steel components, and IP55 protection. Reliable for domestic water boosting and pressure management. Compact, efficient, and low-maintenance. Available at Bombay Engineering Syndicate ΓÇô Crompton\'s authorized distributor.','0.5 HP','1PH','25 mm','1','Yes','No','Mini Self-Priming',1),(70,24,'AQUAGOLD 100-33','aquagold-100-33','aquagold-50-30.webp','The AQUAGOLD 100-33 is a self-priming mini pump engineered for residential and light commercial water supply applications. 1.0 HP capacity with advanced electrical stamping and Hy-Flo technology. Features brass impellers, stainless steel components, and IP55 protection. Reliable for domestic water boosting and pressure management. Compact, efficient, and low-maintenance. Available at Bombay Engineering Syndicate ΓÇô Crompton\'s authorized distributor.','1.0 HP','1PH','32 mm','1','Yes','No','Mini Self-Priming',1),(71,24,'FLOMAX PLUS II','flomax-plus-ii','flomax-plus-ii.webp','The FLOMAX PLUS II is an economical choice for residential water pressure needs with consistent performance. 0.5 HP single-phase operation with reliable self-priming capability. Compact design ideal for domestic water supply and pressure boosting. Features advanced electrical stamping and IP55 protection. Low maintenance, high reliability. Trusted by homeowners. Available at Bombay Engineering Syndicate ΓÇô your Crompton distributor.','0.5 HP','1PH','25 mm','1','Yes','No','Mini Self-Priming',1),(72,24,'MASTER DURA II','master-dura-ii','mini-master-ii.webp','The MASTER DURA II is a premium Crompton pump engineered for reliable water extraction and pressure management. Features advanced electrical technology, IP55 protection, and energy-efficient operation. Suitable for residential, agricultural, and commercial applications. Available now at Bombay Engineering Syndicate ΓÇô your trusted Crompton distributor.','0.5 HP','1PH','25 mm','1','Yes','No','Mini Self-Priming',1),(73,24,'MASTER PLUS II','master-plus-ii','mini-masterplus-ii.webp','The MASTER PLUS II is a premium Crompton pump engineered for reliable water extraction and pressure management. Features advanced electrical technology, IP55 protection, and energy-efficient operation. Suitable for residential, agricultural, and commercial applications. Available now at Bombay Engineering Syndicate ΓÇô your trusted Crompton distributor.','0.5 HP','1PH','25 mm','1','Yes','No','Mini Self-Priming',1),(74,24,'STAR PLUS II','star-plus-ii','mini-masterplus-ii.webp','The STAR PLUS II is a premium Crompton pump engineered for reliable water extraction and pressure management. Features advanced electrical technology, IP55 protection, and energy-efficient operation. Suitable for residential, agricultural, and commercial applications. Available now at Bombay Engineering Syndicate ΓÇô your trusted Crompton distributor.','0.5 HP','1PH','25 mm','1','Yes','No','Mini Self-Priming',1),(75,24,'CHAMP DURA II','champ-dura-ii','champ-plus-ii.webp','The CHAMP DURA II is an economical choice for residential water pressure needs with consistent performance. 0.5 HP single-phase operation with reliable self-priming capability. Compact design ideal for domestic water supply and pressure boosting. Features advanced electrical stamping and IP55 protection. Low maintenance, high reliability. Trusted by homeowners. Available at Bombay Engineering Syndicate ΓÇô your Crompton distributor.','0.5 HP','1PH','25 mm','1','Yes','No','Mini Self-Priming',1),(76,28,'4W12BF1.5E','4w12bf1-5e','4w12bf1-5e.webp','The 4W12BF1.5E is a water-filled borewell submersible pump combining eco-friendly design with reliable performance. 1.5 HP capacity single-phase operation with excellent voltage fluctuation tolerance. Ideal for residential and agricultural water supply applications. Features sturdy construction, low noise operation, and energy-efficient performance. IP55 protected. Requires routine maintenance. Your trusted source: Bombay Engineering Syndicate ΓÇô Crompton distributor.','1.5HP','S','100','5','Yes','Yes','Submersible Water-Filled Borewell',1),(77,28,'4W14BF1.5E','4w14bf1-5e','4w14bf1-5e.webp','The 4W14BF1.5E is a water-filled borewell submersible pump combining eco-friendly design with reliable performance. 1.5 HP capacity single-phase operation with excellent voltage fluctuation tolerance. Ideal for residential and agricultural water supply applications. Features sturdy construction, low noise operation, and energy-efficient performance. IP55 protected. Requires routine maintenance. Your trusted source: Bombay Engineering Syndicate ΓÇô Crompton distributor.','1.5HP','S','100','7','Yes','Yes','Submersible Water-Filled Borewell',1),(78,28,'4VO1/7-BUE(U4S)','4vo1-7-bue-u4s','4vo1-7-bue-u4s.webp','The 4VO1/7-BUE(U4S) is a water-filled borewell submersible pump combining eco-friendly design with reliable performance. 1 HP capacity single-phase operation with excellent voltage fluctuation tolerance. Ideal for residential and agricultural water supply applications. Features sturdy construction, low noise operation, and energy-efficient performance. IP55 protected. Requires routine maintenance. Your trusted source: Bombay Engineering Syndicate ΓÇô Crompton distributor.','1HP','S','100','4','Yes','Yes','Submersible Oil-Filled Borewell',1),(79,28,'4VO1/10-BUE(U4S)','4vo1-10-bue-u4s','4vo1-10-bue-u4s.webp','The 4VO1/10-BUE(U4S) is a water-filled borewell submersible pump combining eco-friendly design with reliable performance. 1 HP capacity single-phase operation with excellent voltage fluctuation tolerance. Ideal for residential and agricultural water supply applications. Features sturdy construction, low noise operation, and energy-efficient performance. IP55 protected. Requires routine maintenance. Your trusted source: Bombay Engineering Syndicate ΓÇô Crompton distributor.','1HP','S','100','5','Yes','Yes','Submersible Oil-Filled Borewell',1),(80,28,'4VO7BU1EU','4vo7bu1eu','4vo7bu1eu.webp','The 4VO7BU1EU is a water-filled borewell submersible pump combining eco-friendly design with reliable performance. 1 HP capacity single-phase operation with excellent voltage fluctuation tolerance. Ideal for residential and agricultural water supply applications. Features sturdy construction, low noise operation, and energy-efficient performance. IP55 protected. Requires routine maintenance. Your trusted source: Bombay Engineering Syndicate ΓÇô Crompton distributor.','1HP','S','100','4','Yes','Yes','Submersible Oil-Filled Borewell',1),(81,28,'4VO10BU1EU','4vo10bu1eu','4vo10bu1eu.webp','The 4VO10BU1EU is a water-filled borewell submersible pump combining eco-friendly design with reliable performance. 1 HP capacity single-phase operation with excellent voltage fluctuation tolerance. Ideal for residential and agricultural water supply applications. Features sturdy construction, low noise operation, and energy-efficient performance. IP55 protected. Requires routine maintenance. Your trusted source: Bombay Engineering Syndicate ΓÇô Crompton distributor.','1HP','S','100','5','Yes','Yes','Submersible Oil-Filled Borewell',1),(82,28,'4VO1.5/12-BUE(U4S)','4vo1-5-12-bue-u4s','4vo1-5-12-bue-u4s.webp','The 4VO1.5/12-BUE(U4S) is a water-filled borewell submersible pump combining eco-friendly design with reliable performance. 1.5 HP capacity single-phase operation with excellent voltage fluctuation tolerance. Ideal for residential and agricultural water supply applications. Features sturdy construction, low noise operation, and energy-efficient performance. IP55 protected. Requires routine maintenance. Your trusted source: Bombay Engineering Syndicate ΓÇô Crompton distributor.','1.5HP','S','100','6','Yes','Yes','Submersible Oil-Filled Borewell',1),(83,28,'4VO1.5/14-BUE(U4S)','4vo1-5-14-bue-u4s','4vo1-5-14-bue-u4s.webp','The 4VO1.5/14-BUE(U4S) is a water-filled borewell submersible pump combining eco-friendly design with reliable performance. 1.5 HP capacity single-phase operation with excellent voltage fluctuation tolerance. Ideal for residential and agricultural water supply applications. Features sturdy construction, low noise operation, and energy-efficient performance. IP55 protected. Requires routine maintenance. Your trusted source: Bombay Engineering Syndicate ΓÇô Crompton distributor.','1.5HP','S','100','7','Yes','Yes','Submersible Oil-Filled Borewell',1),(84,30,'CFMSMB3D0.50-V24','cfmsmb3d0-50-v24','cfmsmb3d0-50-v24.webp','The CFMSMB3D0.50-V24 is a premium Crompton pump engineered for reliable water extraction and pressure management. Features advanced electrical technology, IP55 protection, and energy-efficient operation. Suitable for residential, agricultural, and commercial applications. Available now at Bombay Engineering Syndicate ΓÇô your trusted Crompton distributor.','0.5HP','S','25','N/A','Yes','No','Pressure Booster',1),(85,30,'MINI FORCE II','mini-force-ii','mini-force-ii.webp','The MINI FORCE II mini force pump combines efficiency with reliability for modern residential water management. 0.5 HP capacity with single-phase operation, featuring advanced electrical construction. Delivers consistent pressure for water boosting and domestic applications. Compact design fits residential spaces. Energy-efficient with IP55 protection. Perfect for home water supply systems. Get yours from Bombay Engineering Syndicate ΓÇô Crompton\'s authorized distributor.','0.5 HP','1-Phase','32','1','Yes','No','Pressure Booster',1),(86,32,'100W25RA5TP-50','100w25ra5tp-50','100w25ra5tp-50.webp','The 100W25RA5TP-50 is an agricultural submersible pump purpose-built for farm irrigation and borewell water extraction. 100W capacity with single-phase operation for deep water wells and borewells. Energy-efficient design reduces operational costs while maintaining consistent performance. IP55 protection and robust construction handle demanding farm conditions. Ideal for large farms and irrigation projects. Available at Bombay Engineering Syndicate ΓÇô Crompton\'s authorized distributor.','100W','1-Phase','32','1','Yes','Yes','Submersible',1),(87,32,'100W15RA3TP-50','100w15ra3tp-50','100w15ra3tp-50.webp','The 100W15RA3TP-50 is an agricultural submersible pump purpose-built for farm irrigation and borewell water extraction. 100W capacity with single-phase operation for deep water wells and borewells. Energy-efficient design reduces operational costs while maintaining consistent performance. IP55 protection and robust construction handle demanding farm conditions. Ideal for large farms and irrigation projects. Available at Bombay Engineering Syndicate ΓÇô Crompton\'s authorized distributor.','100W','1-Phase','32','1','Yes','Yes','Submersible',1),(88,32,'100W12RA3TP-50','100w12ra3tp-50','100w12ra3tp-50.webp','The 100W12RA3TP-50 is an agricultural submersible pump purpose-built for farm irrigation and borewell water extraction. 100W capacity with single-phase operation for deep water wells and borewells. Energy-efficient design reduces operational costs while maintaining consistent performance. IP55 protection and robust construction handle demanding farm conditions. Ideal for large farms and irrigation projects. Available at Bombay Engineering Syndicate ΓÇô Crompton\'s authorized distributor.','100W','1-Phase','32','1','Yes','Yes','Submersible',1),(89,32,'MIN32-26','min32-26','min32-26.webp','The MIN32-26 is a premium Crompton pump engineered for reliable water extraction and pressure management. Features advanced electrical technology, IP55 protection, and energy-efficient operation. Suitable for residential, agricultural, and commercial applications. Available now at Bombay Engineering Syndicate ΓÇô your trusted Crompton distributor.','3 HP','3-Phase','25-32','1','Yes','No','Submersible',1),(90,32,'MIK32-27','mik32-27','mik32-27.webp','The MIK32-27 is a premium Crompton pump engineered for reliable water extraction and pressure management. Features advanced electrical technology, IP55 protection, and energy-efficient operation. Suitable for residential, agricultural, and commercial applications. Available now at Bombay Engineering Syndicate ΓÇô your trusted Crompton distributor.','3 HP','3-Phase','25-32','1','Yes','No','Submersible',1),(91,32,'MIP52-27','mip52-27','mip52-27.webp','The MIP52-27 is a premium Crompton pump engineered for reliable water extraction and pressure management. Features advanced electrical technology, IP55 protection, and energy-efficient operation. Suitable for residential, agricultural, and commercial applications. Available now at Bombay Engineering Syndicate ΓÇô your trusted Crompton distributor.','5 HP','3-Phase','25-32','1','Yes','No','Submersible',1),(92,32,'MINH52-30','minh52-30','minh52-30.webp','The MINH52-30 is a premium Crompton pump engineered for reliable water extraction and pressure management. Features advanced electrical technology, IP55 protection, and energy-efficient operation. Suitable for residential, agricultural, and commercial applications. Available now at Bombay Engineering Syndicate ΓÇô your trusted Crompton distributor.','5 HP','3-Phase','25-32','1','Yes','No','Submersible',1),(93,32,'MIP7.52-30','mip7-52-30','mip7-52-30.webp','The MIP7.52-30 is a premium Crompton pump engineered for reliable water extraction and pressure management. Features advanced electrical technology, IP55 protection, and energy-efficient operation. Suitable for residential, agricultural, and commercial applications. Available now at Bombay Engineering Syndicate ΓÇô your trusted Crompton distributor.','7.5 HP','3-Phase','25-32','1','Yes','No','Submersible',1),(94,32,'MBG1.52','mbg1-52','mbg1-52.webp','The MBG1.52 is a premium Crompton pump engineered for reliable water extraction and pressure management. Features advanced electrical technology, IP55 protection, and energy-efficient operation. Suitable for residential, agricultural, and commercial applications. Available now at Bombay Engineering Syndicate ΓÇô your trusted Crompton distributor.','1 HP','1-Phase','32-50','N/A','Yes','No','Centrifugal',1),(95,4,'MBG12(3PHASE)','mbg123phase','mbg12-3phase.webp','The MBG12(3PHASE) is a premium Crompton pump engineered for reliable water extraction and pressure management. Features advanced electrical technology, IP55 protection, and energy-efficient operation. Suitable for residential, agricultural, and commercial applications. Available now at Bombay Engineering Syndicate ΓÇô your trusted Crompton distributor.','1 HP','3-Phase','32-50','N/A','Yes','No','Centrifugal',1),(96,32,'MBQ22-1PH-14','mbq22-1ph-14','mbq22-1ph-14.webp','The MBQ22-1PH-14 is a premium Crompton pump engineered for reliable water extraction and pressure management. Features advanced electrical technology, IP55 protection, and energy-efficient operation. Suitable for residential, agricultural, and commercial applications. Available now at Bombay Engineering Syndicate ΓÇô your trusted Crompton distributor.','1 HP','1-Phase','32-50','N/A','Yes','No','Centrifugal',1),(97,32,'MAD052(1PH)Y-14','mad052-1ph-y-14','mad052-1ph-y-14.webp','The MAD052(1PH)Y-14 is a premium Crompton pump engineered for reliable water extraction and pressure management. Features advanced electrical technology, IP55 protection, and energy-efficient operation. Suitable for residential, agricultural, and commercial applications. Available now at Bombay Engineering Syndicate ΓÇô your trusted Crompton distributor.','0.5 HP','1-Phase','32-50','N/A','Yes','Yes','Domestic/Agricultural',1),(98,32,'MIK22-18','mik22-18','mik22-18.webp','The MIK22-18 is a premium Crompton pump engineered for reliable water extraction and pressure management. Features advanced electrical technology, IP55 protection, and energy-efficient operation. Suitable for residential, agricultural, and commercial applications. Available now at Bombay Engineering Syndicate ΓÇô your trusted Crompton distributor.','2.2 HP','3-Phase','25-32','1','Yes','No','Submersible',1),(99,4,'MBK22(1PH)-24','mbk221ph-24','mbk22-1ph-24.webp','The MBK22(1PH)-24 is a premium Crompton pump engineered for reliable water extraction and pressure management. Features advanced electrical technology, IP55 protection, and energy-efficient operation. Suitable for residential, agricultural, and commercial applications. Available now at Bombay Engineering Syndicate ΓÇô your trusted Crompton distributor.','2.2 HP','1-Phase','32-50','N/A','Yes','No','Centrifugal',1),(100,32,'MBM12(1PH)','mbm12-1ph','mbm12-1ph.webp','The MBM12(1PH) is a premium Crompton pump engineered for reliable water extraction and pressure management. Features advanced electrical technology, IP55 protection, and energy-efficient operation. Suitable for residential, agricultural, and commercial applications. Available now at Bombay Engineering Syndicate ΓÇô your trusted Crompton distributor.','1.2 HP','1-Phase','32-50','N/A','Yes','No','Centrifugal',1),(101,4,'MBQ22(1PH)-12U','mbq221ph-12u','mbq22-1ph-12u.webp','The MBQ22(1PH)-12U is a premium Crompton pump engineered for reliable water extraction and pressure management. Features advanced electrical technology, IP55 protection, and energy-efficient operation. Suitable for residential, agricultural, and commercial applications. Available now at Bombay Engineering Syndicate ΓÇô your trusted Crompton distributor.','2.2 HP','1-Phase','32-50','N/A','Yes','No','Centrifugal',1),(102,4,'MBG12(1PH)-21','mbg121ph-21','mbg12-1ph-21.webp','The MBG12(1PH)-21 is a premium Crompton pump engineered for reliable water extraction and pressure management. Features advanced electrical technology, IP55 protection, and energy-efficient operation. Suitable for residential, agricultural, and commercial applications. Available now at Bombay Engineering Syndicate ΓÇô your trusted Crompton distributor.','1.2 HP','1-Phase','32-50','N/A','Yes','No','Centrifugal',1),(103,4,'MAD12(1PH)Y-30','mad121phy-30','mad12-1ph-y-30.webp','The MAD12(1PH)Y-30 is a premium Crompton pump engineered for reliable water extraction and pressure management. Features advanced electrical technology, IP55 protection, and energy-efficient operation. Suitable for residential, agricultural, and commercial applications. Available now at Bombay Engineering Syndicate ΓÇô your trusted Crompton distributor.','1.2 HP','1-Phase','32-50','N/A','Yes','Yes','Domestic/Agricultural',1),(104,32,'MAD052(1PH)Y-21+','mad052-1ph-y-21-plus','mad052-1ph-y-21-plus.webp','The MAD052(1PH)Y-21+ is a premium Crompton pump engineered for reliable water extraction and pressure management. Features advanced electrical technology, IP55 protection, and energy-efficient operation. Suitable for residential, agricultural, and commercial applications. Available now at Bombay Engineering Syndicate ΓÇô your trusted Crompton distributor.','0.5 HP','1-Phase','32-50','N/A','Yes','Yes','Domestic/Agricultural',1),(105,4,'MAD052(1PH)Y-18+','mad0521phy-18','mad052-1ph-y-18-plus.webp','The MAD052(1PH)Y-18+ is a premium Crompton pump engineered for reliable water extraction and pressure management. Features advanced electrical technology, IP55 protection, and energy-efficient operation. Suitable for residential, agricultural, and commercial applications. Available now at Bombay Engineering Syndicate ΓÇô your trusted Crompton distributor.','0.5 HP','1-Phase','32-50','N/A','Yes','Yes','Domestic/Agricultural',1),(106,26,'SWJ100AP-36 PLUS','swj100ap-36-plus','swj100ap-36-plus.webp','The SWJ100AP-36 PLUS is a shallow well self-priming pump ideal for extracting water from shallow borewells and surface sources. 1 HP capacity single-phase operation with reliable self-priming capability. Perfect for residential water supply and agricultural irrigation. Compact design with easy installation. Features advanced electrical technology, IP55 protection, and energy-efficient performance. Low maintenance with long service life. Bombay Engineering Syndicate ΓÇô your Crompton pump specialist.','1HP','S','50','1','Yes','No','Shallow Well Self-Priming',1),(107,26,'SWJ100A-36 PLUS','swj100a-36-plus','swj100a-36-plus.webp','The SWJ100A-36 PLUS is a shallow well self-priming pump ideal for extracting water from shallow borewells and surface sources. 1 HP capacity single-phase operation with reliable self-priming capability. Perfect for residential water supply and agricultural irrigation. Compact design with easy installation. Features advanced electrical technology, IP55 protection, and energy-efficient performance. Low maintenance with long service life. Bombay Engineering Syndicate ΓÇô your Crompton pump specialist.','1HP','S','50','1','Yes','No','Shallow Well Self-Priming',1),(108,26,'SWJ50AP-30 PLUS','swj50ap-30-plus','swj50ap-30-plus.webp','The SWJ50AP-30 PLUS is a shallow well self-priming pump ideal for extracting water from shallow borewells and surface sources. 0.5 HP capacity single-phase operation with reliable self-priming capability. Perfect for residential water supply and agricultural irrigation. Compact design with easy installation. Features advanced electrical technology, IP55 protection, and energy-efficient performance. Low maintenance with long service life. Bombay Engineering Syndicate ΓÇô your Crompton pump specialist.','0.5HP','S','32','1','Yes','No','Shallow Well Self-Priming',1),(109,26,'SWJ50A-30 PLUS','swj50a-30-plus','swj50a-30-plus.webp','The SWJ50A-30 PLUS is a shallow well self-priming pump ideal for extracting water from shallow borewells and surface sources. 0.5 HP capacity single-phase operation with reliable self-priming capability. Perfect for residential water supply and agricultural irrigation. Compact design with easy installation. Features advanced electrical technology, IP55 protection, and energy-efficient performance. Low maintenance with long service life. Bombay Engineering Syndicate ΓÇô your Crompton pump specialist.','0.5HP','S','32','1','Yes','No','Shallow Well Self-Priming',1);
/*!40000 ALTER TABLE `mx_pump` ENABLE KEYS */;
UNLOCK TABLES;

--
-- Table structure for table `mx_pump_category`
--

DROP TABLE IF EXISTS `mx_pump_category`;
/*!40101 SET @saved_cs_client     = @@character_set_client */;
/*!40101 SET character_set_client = utf8 */;
CREATE TABLE `mx_pump_category` (
  `categoryPID` int(11) NOT NULL AUTO_INCREMENT,
  `parentID` int(11) NOT NULL DEFAULT 0,
  `categoryTitle` varchar(250) DEFAULT NULL,
  `imageName` varchar(255) DEFAULT NULL,
  `synopsis` text DEFAULT NULL,
  `templateFile` varchar(100) DEFAULT NULL,
  `xOrder` int(11) NOT NULL DEFAULT 0,
  `seoUri` varchar(255) DEFAULT NULL,
  `langCode` varchar(4) DEFAULT NULL,
  `langChild` varchar(150) DEFAULT NULL,
  `parentLID` int(11) DEFAULT 0,
  `status` tinyint(1) NOT NULL DEFAULT 1,
  PRIMARY KEY (`categoryPID`)
) ENGINE=InnoDB AUTO_INCREMENT=33 DEFAULT CHARSET=utf8mb4 COLLATE=utf8mb4_general_ci;
/*!40101 SET character_set_client = @saved_cs_client */;

--
-- Dumping data for table `mx_pump_category`
--

LOCK TABLES `mx_pump_category` WRITE;
/*!40000 ALTER TABLE `mx_pump_category` DISABLE KEYS */;
INSERT INTO `mx_pump_category` VALUES (1,0,'Pump',NULL,NULL,NULL,0,'pump','en',NULL,0,1),(2,1,'Agricultural Pump',NULL,NULL,NULL,0,'pump/agricultural-pump','en',NULL,0,1),(4,2,'Centrifugal Monoset',NULL,NULL,NULL,0,'pump/agricultural-pump/centrifugal-monoset','en',NULL,0,1),(17,5,'Testing 3 level one',NULL,NULL,NULL,0,'pump/agricultural-pump/testing-3-level-one','en',NULL,0,0),(18,5,'Testing 3rd level Two',NULL,NULL,NULL,0,'pump/agricultural-pump/testing-3rd-level-two','en',NULL,0,0),(19,5,'Pumps third level Category',NULL,'Testing',NULL,0,'pump/agricultural-pump/pumps-third-level-category','en',NULL,0,0),(22,0,'home pump',NULL,NULL,NULL,0,'home-pump','en',NULL,0,0),(23,1,'Residential Pumps',NULL,NULL,NULL,0,'pump/residential-pumps',NULL,NULL,0,1),(24,23,'Mini Pumps',NULL,NULL,NULL,0,'pump/residential-pumps/mini-pumps',NULL,NULL,0,1),(25,23,'DMB-CMB Pumps',NULL,NULL,NULL,0,'pump/residential-pumps/dmb-cmb-pumps',NULL,NULL,0,1),(26,23,'Shallow Well Pumps',NULL,NULL,NULL,0,'pump/residential-pumps/shallow-well-pumps',NULL,NULL,0,1),(27,23,'3-Inch Borewell',NULL,NULL,NULL,0,'pump/residential-pumps/3-inch-borewell',NULL,NULL,0,1),(28,23,'4-Inch Borewell',NULL,NULL,NULL,0,'pump/residential-pumps/4-inch-borewell',NULL,NULL,0,1),(29,23,'Openwell Pumps',NULL,NULL,NULL,0,'pump/residential-pumps/openwell-pumps',NULL,NULL,0,1),(30,23,'Booster Pumps',NULL,NULL,NULL,0,'pump/residential-pumps/booster-pumps',NULL,NULL,0,1),(31,23,'Control Panels',NULL,NULL,NULL,0,'pump/residential-pumps/control-panels',NULL,NULL,0,1),(32,2,'Agricultural Pumps',NULL,NULL,NULL,0,'pump/agricultural-pump/agricultural-pumps','en',NULL,0,1);
/*!40000 ALTER TABLE `mx_pump_category` ENABLE KEYS */;
UNLOCK TABLES;

--
-- Table structure for table `mx_pump_detail`
--

DROP TABLE IF EXISTS `mx_pump_detail`;
/*!40101 SET @saved_cs_client     = @@character_set_client */;
/*!40101 SET character_set_client = utf8 */;
CREATE TABLE `mx_pump_detail` (
  `pumpDID` int(11) NOT NULL AUTO_INCREMENT,
  `pumpID` int(11) NOT NULL DEFAULT 0,
  `categoryref` varchar(250) DEFAULT NULL,
  `powerKw` double DEFAULT NULL,
  `powerHp` double DEFAULT NULL,
  `supplyPhaseD` int(11) DEFAULT NULL,
  `pipePhase` double DEFAULT NULL,
  `noOfStageD` int(11) DEFAULT NULL,
  `headRange` double DEFAULT NULL,
  `dischargeRange` varchar(100) DEFAULT NULL,
  `mrp` varchar(100) DEFAULT NULL,
  `warrenty` varchar(100) DEFAULT NULL,
  `status` tinyint(1) NOT NULL DEFAULT 1,
  PRIMARY KEY (`pumpDID`)
) ENGINE=InnoDB AUTO_INCREMENT=156 DEFAULT CHARSET=utf8mb4 COLLATE=utf8mb4_general_ci;
/*!40101 SET character_set_client = @saved_cs_client */;

--
-- Dumping data for table `mx_pump_detail`
--

LOCK TABLES `mx_pump_detail` WRITE;
/*!40000 ALTER TABLE `mx_pump_detail` DISABLE KEYS */;
INSERT INTO `mx_pump_detail` VALUES (8,1,'MAD052(1PH)Y-14',0.5,0.36,1,25,1,9,'90-50 LPM','4,100/-','12 Months',1),(19,2,NULL,NULL,NULL,NULL,NULL,NULL,NULL,NULL,'4,400/-	',NULL,1),(20,3,'2.2',2.2,2.2,2,2.2,2,2.2,'2.2','2.2','2.2',1),(22,5,'4W12F5TPJ-VX',2.2,2.2,2,2.2,2,2.2,'2.2','2.2','2.2',1),(23,6,'6W5R5-65',3.7,5,3,2,8,80,'90-300 LPM','32,950/-','12 Months',1),(24,7,'6W14U5',90,2.2,3,1,8,80,'90-300 LPM','1200','90-300 LPM',1),(25,8,'6W5R5-65',90,5,1,2,1,80,'90-300 LPM','1200','12 Months',1),(26,9,'1 Ph, 3 Ph',3.7,0.36,2,2.2,2,2.2,'90-50 LPM','1200','1 Ph, 3 Ph',1),(28,10,'2.2',1,1,1,25,2,80,'2.2','4,100/-','12 Months',1),(32,4,'1 Ph, 3 Ph',1,1,1,1,1,1,'1 Ph, 3 Ph','1 Ph, 3 Ph','1 Ph, 3 Ph',1),(42,85,'MINI FORCE II',0.37,0.5,1,NULL,NULL,NULL,NULL,'13,225/-','12 months',1),(43,86,'100W25RA5TP-50',0.1,0.13,1,NULL,NULL,NULL,NULL,'48,750/-','12 months',1),(44,87,'100W15RA3TP-50',0.1,0.13,1,NULL,NULL,NULL,NULL,'37,725/-','12 months',1),(45,88,'100W12RA3TP-50',0.1,0.13,1,NULL,NULL,NULL,NULL,'35,525/-','12 months',1),(46,89,'MIN32-26',2.2,3,3,NULL,NULL,NULL,NULL,'33,375/-','12 months',1),(47,90,'MIK32-27',2.2,3,3,NULL,NULL,NULL,NULL,'33,375/-','12 months',1),(48,91,'MIP52-27',3.7,5,3,NULL,NULL,NULL,NULL,'43,775/-','12 months',1),(49,92,'MINH52-30',3.7,5,3,NULL,NULL,NULL,NULL,'44,100/-','12 months',1),(50,93,'MIP7.52-30',5.5,7.5,3,NULL,NULL,NULL,NULL,'58,300/-','12 months',1),(51,94,'MBG1.52',0.75,1,1,NULL,NULL,NULL,NULL,'18,750/-','12 months',1),(53,96,'MBQ22-1PH-14',0.75,1,1,NULL,NULL,NULL,NULL,'21,550/-','12 months',1),(54,97,'MAD052(1PH)Y-14',0.37,0.5,1,NULL,NULL,NULL,NULL,'7,325/-','12 months',1),(55,98,'MIK22-18',1.5,2.2,3,NULL,NULL,NULL,NULL,'25,775/-','12 months',1),(57,100,'MBM12(1PH)',0.9,1.2,1,NULL,NULL,NULL,NULL,'15,425/-','12 months',1),(61,104,'MAD052(1PH)Y-21+',0.37,0.5,1,NULL,NULL,NULL,NULL,'8,300/-','12 months',1),(67,99,'MBK22(1PH)-24',1.5,2.2,1,NULL,NULL,NULL,NULL,'22,200/-','12 months',1),(68,101,'MBQ22(1PH)-12U',1.5,2.2,1,NULL,NULL,NULL,NULL,'21,025/-','12 months',1),(69,102,'MBG12(1PH)-21',0.9,1.2,1,NULL,NULL,NULL,NULL,'15,425/-','12 months',1),(70,103,'MAD12(1PH)Y-30',0.9,1.2,1,NULL,NULL,NULL,NULL,'13,875/-','12 months',1),(71,105,'MAD052(1PH)Y-18+',0.37,0.5,1,NULL,NULL,NULL,NULL,'7,625/-','12 months',1),(72,95,'MBG12(3PHASE)',0.75,1,3,NULL,NULL,NULL,NULL,'15,375/-','12 months',1),(73,52,'Residential',0.74,1,1,32,1,25,'12-18','Γé╣13,050.00','12 Months',1),(74,63,'Residential',0.74,1,1,32,1,25,'12-18','Γé╣12,025.00','12 Months',1),(75,64,'Residential',0.74,1,1,32,1,25,'12-18','Γé╣12,025.00','12 Months',1),(76,66,'Residential',0.74,1,1,32,1,25,'12-18','Γé╣13,050.00','12 Months',1),(77,45,'Residential',0.37,0.5,1,25,1,16,'8-12','4500-6500','12 Months',1),(78,45,'Residential',0.75,1,1,32,1,21,'10-16','6500-8000','12 Months',1),(79,53,'Residential',0.75,1,1,32,1,25,'12-18','Γé╣7,950.00','12 Months',1),(80,67,'Residential',0.75,1,1,32,1,25,'12-18','Γé╣7,950.00','12 Months',1),(81,55,'Residential',0.75,1,1,32,1,21,'10-16','Γé╣6,375.00','12 Months',1),(82,68,'Residential',0.75,1,1,32,1,21,'10-16','Γé╣6,375.00','12 Months',1),(83,51,'Residential',0.75,1,1,32,1,21,'10-16','Γé╣6,025.00','12 Months',1),(84,56,'Residential',0.75,1,1,25,1,21,'10-14','Γé╣6,025.00','12 Months',1),(85,62,'Residential',0.75,1,1,25,1,21,'10-14','Γé╣6,375.00','12 Months',1),(86,65,'Residential',0.75,1,1,25,1,21,'10-14','Γé╣6,025.00','12 Months',1),(87,75,'Residential',0.75,1,1,25,1,21,'10-14','Γé╣6,375.00','12 Months',1),(88,61,'Residential',0.55,0.75,1,25,1,19,'9-13','Γé╣12,900.00','12 Months',1),(89,71,'Residential',0.55,0.75,1,25,1,19,'9-13','Γé╣12,900.00','12 Months',1),(90,59,'Residential',0.75,1,1,32,1,22,'11-17','Γé╣4,525.00','12 Months',1),(91,60,'Residential',0.75,1,1,32,1,22,'11-17','Γé╣5,850.00','12 Months',1),(92,54,'Residential',0.75,1,1,32,1,21,'10-16','4500-6500','12 Months',1),(93,57,'Residential',0.75,1,1,32,1,22,'11-17','Γé╣12,350.00','12 Months',1),(94,58,'Residential',0.75,1,1,32,1,22,'11-17','Γé╣12,700.00','12 Months',1),(95,72,'Residential',0.75,1,1,32,1,22,'11-17','Γé╣12,700.00','12 Months',1),(96,73,'Residential',0.75,1,1,32,1,22,'11-17','Γé╣12,350.00','12 Months',1),(97,49,'Residential',0.75,1,1,32,1,21,'10-16','Γé╣5,850.00','12 Months',1),(98,50,'Residential',0.75,1,1,32,1,21,'10-16','Γé╣6,700.00','12 Months',1),(99,29,'Residential',0.75,1,1,32,1,21,'10-15','Γé╣5,400.00','12 Months',1),(100,27,'Residential',0.75,1,1,32,1,21,'10-16','Γé╣8,950.00','12 Months',1),(101,28,'Residential',0.75,1,1,32,1,21,'10-16','Γé╣9,525.00','12 Months',1),(102,74,'Residential',0.75,1,1,32,1,21,'10-16','Γé╣8,950.00','12 Months',1),(103,25,'Residential',0.75,1,1,32,1,21,'10-16','Γé╣4,400.00','12 Months',1),(104,26,'Residential',0.75,1,1,32,1,21,'10-16','Γé╣5,675.00','12 Months',1),(105,24,'Residential',0.75,1,1,32,1,21,'10-16','Γé╣5,400.00','12 Months',1),(106,21,'Residential',0.55,0.75,1,25,1,19,'9-14','Γé╣22,775.00','12 Months',1),(107,31,'Agricultural',0.75,1,1,32,1,21,'14-22','Γé╣17,925.00','12 Months',1),(108,32,'Agricultural',0.75,1,1,32,1,21,'14-22','Γé╣17,850.00','12 Months',1),(109,30,'Agricultural',0.37,0.5,1,25,1,17,'10-16','Γé╣16,150.00','12 Months',1),(110,30,'Agricultural',0.75,1,1,32,1,21,'14-22','Γé╣16,150.00','12 Months',1),(111,33,'Agricultural',0.37,0.5,1,25,1,17,'10-16','Γé╣12,575.00','12 Months',1),(112,33,'Agricultural',0.75,1,1,32,1,21,'14-22','Γé╣12,575.00','12 Months',1),(113,22,'Residential',0.37,0.5,1,25,1,16,'8-12','Γé╣15,550.00','12 Months',1),(114,22,'Residential',0.75,1,1,32,1,21,'10-15','Γé╣15,550.00','12 Months',1),(115,22,'Residential',1.1,1.5,1,32,1,25,'12-20','Γé╣15,550.00','12 Months',1),(116,23,'Residential',0.37,0.5,1,25,1,16,'8-12','Γé╣15,550.00','12 Months',1),(117,23,'Residential',0.75,1,1,32,1,21,'10-15','Γé╣15,550.00','12 Months',1),(118,23,'Residential',1.1,1.5,1,32,1,25,'12-20','Γé╣15,550.00','12 Months',1),(119,69,'Residential',0.37,0.5,1,25,1,16,'8-12','Γé╣8,575.00','12 Months',1),(120,69,'Residential',0.75,1,1,32,1,21,'10-15','Γé╣8,575.00','12 Months',1),(121,69,'Residential',1.1,1.5,1,32,1,25,'12-20','Γé╣8,575.00','12 Months',1),(122,70,'Residential',0.37,0.5,1,25,1,16,'8-12','Γé╣10,525.00','12 Months',1),(123,70,'Residential',0.75,1,1,32,1,21,'10-15','Γé╣10,525.00','12 Months',1),(124,70,'Residential',1.1,1.5,1,32,1,25,'12-20','Γé╣10,525.00','12 Months',1),(128,34,'Residential',0.75,1,1,50,1,18,'25-40','Γé╣16,200.00','12 Months',1),(132,109,'Residential',0.37,0.5,1,32,1,15,'15-25','Γé╣11,050.00','12 Months',1),(133,108,'Residential',0.37,0.5,1,32,1,15,'15-25','Γé╣10,225.00','12 Months',1),(134,36,'Residential',0.37,0.5,1,32,1,15,'15-25','Γé╣10,850.00','12 Months',1),(135,107,'Residential',0.75,1,1,50,1,18,'25-40','Γé╣13,125.00','12 Months',1),(136,106,'Residential',0.75,1,1,50,1,18,'25-40','Γé╣12,025.00','12 Months',1),(137,35,'Residential',0.75,1,1,50,1,18,'25-40','Γé╣12,875.00','12 Months',1),(138,39,'Agricultural',0.75,1,1,76,8,70,'15-25','Γé╣13,800.00','18 Months',1),(139,38,'Agricultural',0.75,1,1,76,8,70,'15-25','Γé╣13,800.00','18 Months',1),(140,37,'Agricultural',0.75,1,1,76,8,70,'15-25','Γé╣14,600.00','18 Months',1),(141,40,'Agricultural',0.75,1,1,100,4,35,'22-38','Γé╣14,750.00','18 Months',1),(142,42,'Agricultural',0.75,1,1,100,7,65,'18-28','Γé╣15,875.00','18 Months',1),(143,76,'Agricultural',1.1,1.5,1,100,5,60,'1000-1200','Γé╣17,700.00','18 Months',1),(144,77,'Agricultural',1.1,1.5,1,100,7,85,'900-1100','Γé╣19,750.00','18 Months',1),(145,41,'Agricultural',1.5,2,1,100,10,95,'800-1000','Γé╣22,700.00','18 Months',1),(146,80,'Agricultural',0.75,1,1,100,4,50,'800-1000','Γé╣12,850.00','24 Months',1),(147,78,'Agricultural',0.75,1,1,100,4,50,'800-1000','Γé╣12,850.00','24 Months',1),(148,81,'Agricultural',0.75,1,1,100,5,65,'700-900','Γé╣13,650.00','24 Months',1),(149,79,'Agricultural',0.75,1,1,100,5,65,'700-900','Γé╣13,650.00','24 Months',1),(150,82,'Agricultural',1.1,1.5,1,100,6,75,'1000-1200','Γé╣16,450.00','24 Months',1),(151,83,'Agricultural',1.1,1.5,1,100,7,90,'900-1100','Γé╣17,200.00','24 Months',1),(152,84,'Residential',0.37,0.5,1,25,1,20,'15-25','Γé╣26,075.00','12 Months',1),(153,46,'Residential',0.75,1,1,32,1,30,'30-50','Γé╣27,950.00','12 Months',1),(154,44,'Residential',0.37,0.5,1,32,1,8,'25-40','Γé╣11,500.00','12 Months',1),(155,43,'Residential',0.75,1,1,50,1,10,'40-60','Γé╣13,625.00','12 Months',1);
/*!40000 ALTER TABLE `mx_pump_detail` ENABLE KEYS */;
UNLOCK TABLES;

--
-- Table structure for table `mx_pump_inquiry`
--

DROP TABLE IF EXISTS `mx_pump_inquiry`;
/*!40101 SET @saved_cs_client     = @@character_set_client */;
/*!40101 SET character_set_client = utf8 */;
CREATE TABLE `mx_pump_inquiry` (
  `pumpInquiryID` int(11) NOT NULL AUTO_INCREMENT,
  `userName` varchar(255) NOT NULL,
  `userEmail` varchar(255) NOT NULL,
  `userMobile` varchar(20) NOT NULL,
  `enquiryText` text NOT NULL,
  `createdDate` timestamp NOT NULL DEFAULT current_timestamp(),
  `status` tinyint(1) NOT NULL DEFAULT 1,
  PRIMARY KEY (`pumpInquiryID`)
) ENGINE=InnoDB AUTO_INCREMENT=13 DEFAULT CHARSET=utf8 COLLATE=utf8_general_ci;
/*!40101 SET character_set_client = @saved_cs_client */;

--
-- Dumping data for table `mx_pump_inquiry`
--

LOCK TABLES `mx_pump_inquiry` WRITE;
/*!40000 ALTER TABLE `mx_pump_inquiry` DISABLE KEYS */;
INSERT INTO `mx_pump_inquiry` VALUES (1,'admin','test@gmail.com','8989898989','test','2025-04-21 10:47:28',0),(2,'maxdigi','test123@gmail.com','7620188159','cdsc','2025-04-21 10:52:37',0),(3,'NehjehGh','test@gmail.com','7620188159','Ssr','2025-04-21 10:57:58',0),(4,'NehjGh','test@gmail.com','7620188159','Ssr','2025-04-21 10:57:58',0),(5,'NehjGh','test@gmail.com','7620188159','Ssr','2025-04-21 10:57:58',0),(6,'NehjehGh','test@gmail.com','7620188159','Ssr','2025-04-21 10:57:59',0),(7,'Ddc','Test@gmail.com','7620188159','Fffff','2025-04-21 10:59:26',0),(8,'Adddd','argadesantosh45@gmail.com','7620188159','Ffffgg','2025-04-21 11:01:00',0),(9,'Bombay Engineering Syndicate','paritosh.ajmera@gmail.com','9867212135','kllkkl','2025-05-12 17:55:05',0),(10,'R DESAI AND COMPANY','paritosh.ajmera@gmail.com','9867212135','sfsfdsfdf','2025-11-03 20:11:18',0),(11,'','paritosh.ajmera@gmail.com','9867212135','','2025-11-05 09:10:40',1),(12,'','paritosh.ajmera@gmail.com','9867212135','','2025-11-05 09:12:37',1);
/*!40000 ALTER TABLE `mx_pump_inquiry` ENABLE KEYS */;
UNLOCK TABLES;

--
-- Table structure for table `mx_purchase`
--

DROP TABLE IF EXISTS `mx_purchase`;
/*!40101 SET @saved_cs_client     = @@character_set_client */;
/*!40101 SET character_set_client = utf8 */;
CREATE TABLE `mx_purchase` (
  `purchaseID` int(11) NOT NULL AUTO_INCREMENT,
  `vendorID` int(11) DEFAULT 0,
  `purchaseInwardDate` date DEFAULT NULL,
  `subTotal` decimal(11,2) NOT NULL DEFAULT 0.00,
  `tcsPercent` decimal(11,2) NOT NULL DEFAULT 0.00,
  `tcsAmount` decimal(11,2) NOT NULL DEFAULT 0.00,
  `taxTotal` decimal(11,2) NOT NULL DEFAULT 0.00,
  `grandTotal` decimal(11,2) NOT NULL DEFAULT 0.00,
  `taxPercent` decimal(10,0) NOT NULL DEFAULT 0,
  `customerPerson` varchar(200) DEFAULT NULL,
  `totQuantity` decimal(11,2) NOT NULL DEFAULT 0.00,
  `totRate` decimal(11,2) NOT NULL DEFAULT 0.00,
  `totCGST` decimal(11,2) NOT NULL DEFAULT 0.00,
  `totSGST` decimal(11,2) NOT NULL DEFAULT 0.00,
  `totIGST` decimal(11,2) NOT NULL DEFAULT 0.00,
  `paymentStatus` enum('1','2','3') DEFAULT NULL,
  `interState` tinyint(4) DEFAULT 0,
  `totProductAmt` decimal(10,0) NOT NULL DEFAULT 0,
  `totDiscountAmt` decimal(10,0) NOT NULL DEFAULT 0,
  `totTaxableAmt` decimal(10,0) NOT NULL DEFAULT 0,
  `totTaxAmt` decimal(10,0) NOT NULL DEFAULT 0,
  `returnAmt` decimal(10,0) NOT NULL DEFAULT 0,
  `receivedAmt` decimal(10,0) NOT NULL DEFAULT 0,
  `status` tinyint(1) NOT NULL DEFAULT 1,
  PRIMARY KEY (`purchaseID`)
) ENGINE=InnoDB AUTO_INCREMENT=2 DEFAULT CHARSET=utf8 COLLATE=utf8_unicode_ci;
/*!40101 SET character_set_client = @saved_cs_client */;

--
-- Dumping data for table `mx_purchase`
--

LOCK TABLES `mx_purchase` WRITE;
/*!40000 ALTER TABLE `mx_purchase` DISABLE KEYS */;
INSERT INTO `mx_purchase` VALUES (1,1,NULL,472.00,0.00,0.00,0.00,472.00,0,NULL,1.00,0.00,0.00,0.00,72.00,NULL,0,400,0,0,72,0,0,0);
/*!40000 ALTER TABLE `mx_purchase` ENABLE KEYS */;
UNLOCK TABLES;

--
-- Table structure for table `mx_purchase_details`
--

DROP TABLE IF EXISTS `mx_purchase_details`;
/*!40101 SET @saved_cs_client     = @@character_set_client */;
/*!40101 SET character_set_client = utf8 */;
CREATE TABLE `mx_purchase_details` (
  `purchaseDID` int(11) NOT NULL AUTO_INCREMENT,
  `purchaseID` int(11) DEFAULT 0,
  `type` varchar(255) DEFAULT NULL,
  `pPurchaseDetailsID` int(11) DEFAULT 0,
  `isPurchased` tinyint(1) NOT NULL DEFAULT 0,
  `productID` varchar(1000) DEFAULT NULL,
  `unitID` int(11) DEFAULT 0,
  `unitName` varchar(100) DEFAULT NULL,
  `receivedQty` decimal(10,2) NOT NULL DEFAULT 0.00,
  `discountPerQty` decimal(10,2) NOT NULL DEFAULT 0.00,
  `prodPurchaseRate` decimal(10,2) DEFAULT 0.00,
  `taxID` int(11) DEFAULT 0,
  `taxRate` decimal(11,2) NOT NULL DEFAULT 0.00,
  `quantity` decimal(11,2) NOT NULL DEFAULT 0.00,
  `returnQty` int(11) NOT NULL DEFAULT 0,
  `hsnID` int(11) DEFAULT 0,
  `hsnCode` varchar(50) DEFAULT NULL,
  `amount` decimal(11,2) NOT NULL DEFAULT 0.00,
  `cgstAmt` decimal(11,2) NOT NULL DEFAULT 0.00,
  `sgstAmt` decimal(11,2) NOT NULL DEFAULT 0.00,
  `igstAmt` decimal(11,2) NOT NULL DEFAULT 0.00,
  `discountAmt` decimal(11,2) NOT NULL DEFAULT 0.00,
  `taxableAmt` decimal(11,2) NOT NULL DEFAULT 0.00,
  `totalAmt` decimal(10,2) NOT NULL DEFAULT 0.00,
  `purchaseDate` date DEFAULT NULL,
  `status` tinyint(1) NOT NULL DEFAULT 1,
  PRIMARY KEY (`purchaseDID`)
) ENGINE=InnoDB AUTO_INCREMENT=2 DEFAULT CHARSET=utf8 COLLATE=utf8_unicode_ci;
/*!40101 SET character_set_client = @saved_cs_client */;

--
-- Dumping data for table `mx_purchase_details`
--

LOCK TABLES `mx_purchase_details` WRITE;
/*!40000 ALTER TABLE `mx_purchase_details` DISABLE KEYS */;
INSERT INTO `mx_purchase_details` VALUES (1,1,NULL,0,0,'1',1,'NOS',0.00,0.00,400.00,0,18.00,1.00,0,0,'4407',400.00,0.00,0.00,72.00,0.00,0.00,472.00,'2024-04-19',0);
/*!40000 ALTER TABLE `mx_purchase_details` ENABLE KEYS */;
UNLOCK TABLES;

--
-- Table structure for table `mx_sales`
--

DROP TABLE IF EXISTS `mx_sales`;
/*!40101 SET @saved_cs_client     = @@character_set_client */;
/*!40101 SET character_set_client = utf8 */;
CREATE TABLE `mx_sales` (
  `salesID` int(11) NOT NULL AUTO_INCREMENT,
  `totProductAmt` decimal(10,2) NOT NULL DEFAULT 0.00,
  `customerID` int(11) DEFAULT 0,
  `subTotal` decimal(11,2) DEFAULT 0.00,
  `tcsPercent` decimal(11,2) NOT NULL DEFAULT 0.00,
  `tcsAmount` decimal(11,2) NOT NULL DEFAULT 0.00,
  `totQuantity` decimal(11,2) NOT NULL DEFAULT 0.00,
  `totAmount` decimal(11,2) NOT NULL DEFAULT 0.00,
  `totCGST` decimal(11,2) NOT NULL DEFAULT 0.00,
  `totSGST` decimal(11,2) NOT NULL DEFAULT 0.00,
  `totIGST` decimal(11,2) NOT NULL DEFAULT 0.00,
  `amountReceived` decimal(11,2) NOT NULL DEFAULT 0.00,
  `outstandingInvoiceAmt` decimal(11,2) NOT NULL DEFAULT 0.00,
  `grandTotal` decimal(10,2) NOT NULL DEFAULT 0.00,
  `status` tinyint(1) NOT NULL DEFAULT 1,
  PRIMARY KEY (`salesID`)
) ENGINE=InnoDB AUTO_INCREMENT=2 DEFAULT CHARSET=utf8 COLLATE=utf8_unicode_ci;
/*!40101 SET character_set_client = @saved_cs_client */;

--
-- Dumping data for table `mx_sales`
--

LOCK TABLES `mx_sales` WRITE;
/*!40000 ALTER TABLE `mx_sales` DISABLE KEYS */;
INSERT INTO `mx_sales` VALUES (1,400.00,1,472.00,0.00,0.00,1.00,0.00,36.00,36.00,0.00,0.00,0.00,472.00,0);
/*!40000 ALTER TABLE `mx_sales` ENABLE KEYS */;
UNLOCK TABLES;

--
-- Table structure for table `mx_sales_details`
--

DROP TABLE IF EXISTS `mx_sales_details`;
/*!40101 SET @saved_cs_client     = @@character_set_client */;
/*!40101 SET character_set_client = utf8 */;
CREATE TABLE `mx_sales_details` (
  `invoiceDID` int(11) NOT NULL AUTO_INCREMENT,
  `salesID` int(11) NOT NULL DEFAULT 0,
  `productID` int(11) DEFAULT 0,
  `unitName` varchar(100) DEFAULT NULL,
  `prodSaleRate` decimal(10,2) NOT NULL DEFAULT 0.00,
  `taxRate` decimal(11,2) NOT NULL DEFAULT 0.00,
  `quantity` decimal(11,2) NOT NULL DEFAULT 0.00,
  `unitID` int(11) DEFAULT 0,
  `hsnCode` varchar(50) DEFAULT NULL,
  `amount` decimal(10,2) DEFAULT 0.00,
  `cgstAmt` decimal(11,2) NOT NULL DEFAULT 0.00,
  `sgstAmt` decimal(11,2) NOT NULL DEFAULT 0.00,
  `igstAmt` decimal(11,2) NOT NULL DEFAULT 0.00,
  `taxableAmt` decimal(10,2) DEFAULT 0.00,
  `totalAmt` decimal(10,2) DEFAULT 0.00,
  `salesDate` date DEFAULT NULL,
  `status` tinyint(1) NOT NULL DEFAULT 1,
  PRIMARY KEY (`invoiceDID`)
) ENGINE=InnoDB AUTO_INCREMENT=2 DEFAULT CHARSET=utf8 COLLATE=utf8_unicode_ci;
/*!40101 SET character_set_client = @saved_cs_client */;

--
-- Dumping data for table `mx_sales_details`
--

LOCK TABLES `mx_sales_details` WRITE;
/*!40000 ALTER TABLE `mx_sales_details` DISABLE KEYS */;
INSERT INTO `mx_sales_details` VALUES (1,1,1,'NOS',400.00,18.00,1.00,1,'4407',400.00,36.00,36.00,0.00,0.00,472.00,'2024-04-19',0);
/*!40000 ALTER TABLE `mx_sales_details` ENABLE KEYS */;
UNLOCK TABLES;

--
-- Table structure for table `mx_site_grn`
--

DROP TABLE IF EXISTS `mx_site_grn`;
/*!40101 SET @saved_cs_client     = @@character_set_client */;
/*!40101 SET character_set_client = utf8 */;
CREATE TABLE `mx_site_grn` (
  `grnID` int(11) NOT NULL AUTO_INCREMENT,
  `grnNo` varchar(50) NOT NULL,
  `projectID` int(11) NOT NULL,
  `allocationID` int(11) DEFAULT NULL COMMENT 'Link to stock allocation',
  `siteWarehouseID` int(11) DEFAULT NULL COMMENT 'Project site warehouse if any',
  `grnDate` date NOT NULL,
  `grnType` enum('From-Warehouse','Direct-Purchase','Transfer','Return') DEFAULT 'From-Warehouse',
  `supplierID` int(11) DEFAULT NULL,
  `supplierName` varchar(200) DEFAULT NULL,
  `invoiceNo` varchar(50) DEFAULT NULL,
  `invoiceDate` date DEFAULT NULL,
  `vehicleNo` varchar(50) DEFAULT NULL,
  `transporterName` varchar(100) DEFAULT NULL,
  `lrNumber` varchar(50) DEFAULT NULL COMMENT 'Lorry Receipt Number',
  `receivedBy` int(11) DEFAULT NULL,
  `receiverName` varchar(100) DEFAULT NULL,
  `totalItems` int(11) DEFAULT 0,
  `totalQty` decimal(15,3) DEFAULT 0.000,
  `totalValue` decimal(15,2) DEFAULT 0.00,
  `grnStatus` enum('Draft','Pending-Inspection','Inspected','Accepted','Partial','Rejected') DEFAULT 'Draft',
  `inspectedBy` int(11) DEFAULT NULL,
  `inspectionDate` datetime DEFAULT NULL,
  `inspectionNotes` text DEFAULT NULL,
  `acceptedBy` int(11) DEFAULT NULL,
  `acceptedDate` datetime DEFAULT NULL,
  `latitude` decimal(10,8) DEFAULT NULL,
  `longitude` decimal(11,8) DEFAULT NULL,
  `sitePhotos` text DEFAULT NULL COMMENT 'JSON array of photo paths',
  `notes` text DEFAULT NULL,
  `createdBy` int(11) DEFAULT NULL,
  `created` datetime DEFAULT current_timestamp(),
  `modified` datetime DEFAULT NULL ON UPDATE current_timestamp(),
  `status` tinyint(4) DEFAULT 1,
  PRIMARY KEY (`grnID`),
  UNIQUE KEY `grnNo` (`grnNo`),
  KEY `idx_project` (`projectID`),
  KEY `idx_allocation` (`allocationID`),
  KEY `idx_grn_status` (`grnStatus`),
  KEY `idx_date` (`grnDate`)
) ENGINE=InnoDB DEFAULT CHARSET=utf8mb4 COLLATE=utf8mb4_unicode_ci;
/*!40101 SET character_set_client = @saved_cs_client */;

--
-- Dumping data for table `mx_site_grn`
--

LOCK TABLES `mx_site_grn` WRITE;
/*!40000 ALTER TABLE `mx_site_grn` DISABLE KEYS */;
/*!40000 ALTER TABLE `mx_site_grn` ENABLE KEYS */;
UNLOCK TABLES;

--
-- Table structure for table `mx_site_grn_item`
--

DROP TABLE IF EXISTS `mx_site_grn_item`;
/*!40101 SET @saved_cs_client     = @@character_set_client */;
/*!40101 SET character_set_client = utf8 */;
CREATE TABLE `mx_site_grn_item` (
  `itemID` int(11) NOT NULL AUTO_INCREMENT,
  `grnID` int(11) NOT NULL,
  `allocationItemID` int(11) DEFAULT NULL COMMENT 'Link to allocation item',
  `productID` int(11) NOT NULL,
  `productName` varchar(200) DEFAULT NULL,
  `productSKU` varchar(50) DEFAULT NULL,
  `unit` varchar(20) DEFAULT NULL,
  `expectedQty` decimal(15,3) DEFAULT 0.000 COMMENT 'Expected from allocation',
  `receivedQty` decimal(15,3) DEFAULT 0.000,
  `acceptedQty` decimal(15,3) DEFAULT 0.000,
  `rejectedQty` decimal(15,3) DEFAULT 0.000,
  `shortageQty` decimal(15,3) DEFAULT 0.000,
  `excessQty` decimal(15,3) DEFAULT 0.000,
  `unitCost` decimal(15,2) DEFAULT 0.00,
  `totalCost` decimal(15,2) DEFAULT 0.00,
  `itemCondition` enum('Good','Damaged','Partial-Damage') DEFAULT 'Good',
  `damageNotes` varchar(500) DEFAULT NULL,
  `damagePhotos` text DEFAULT NULL,
  `lotNumber` varchar(50) DEFAULT NULL,
  `serialNumbers` text DEFAULT NULL,
  `expiryDate` date DEFAULT NULL,
  `storageLocation` varchar(100) DEFAULT NULL COMMENT 'Where stored at site',
  `notes` varchar(255) DEFAULT NULL,
  `status` tinyint(4) DEFAULT 1,
  PRIMARY KEY (`itemID`),
  KEY `idx_grn` (`grnID`),
  KEY `idx_product` (`productID`)
) ENGINE=InnoDB DEFAULT CHARSET=utf8mb4 COLLATE=utf8mb4_unicode_ci;
/*!40101 SET character_set_client = @saved_cs_client */;

--
-- Dumping data for table `mx_site_grn_item`
--

LOCK TABLES `mx_site_grn_item` WRITE;
/*!40000 ALTER TABLE `mx_site_grn_item` DISABLE KEYS */;
/*!40000 ALTER TABLE `mx_site_grn_item` ENABLE KEYS */;
UNLOCK TABLES;

--
-- Table structure for table `mx_site_setting`
--

DROP TABLE IF EXISTS `mx_site_setting`;
/*!40101 SET @saved_cs_client     = @@character_set_client */;
/*!40101 SET character_set_client = utf8 */;
CREATE TABLE `mx_site_setting` (
  `siteSettingID` int(11) NOT NULL AUTO_INCREMENT,
  `stateID` int(11) NOT NULL DEFAULT 0,
  `contactNo` varchar(50) DEFAULT NULL,
  `contactMail` varchar(50) DEFAULT NULL,
  `twitterUrl` varchar(50) DEFAULT NULL,
  `facebookUrl` varchar(50) DEFAULT NULL,
  `pintrestUrl` varchar(50) DEFAULT NULL,
  `instaUrl` varchar(50) DEFAULT NULL,
  `enquiryFormUrl` varchar(50) DEFAULT NULL,
  `siteFooterInfo` text DEFAULT NULL,
  `communicationEmail` varchar(200) DEFAULT NULL,
  `invoiceTitle` varchar(100) DEFAULT NULL,
  `invoiceAddr` text DEFAULT NULL,
  `pinCode` varchar(10) NOT NULL,
  `webUrl` varchar(150) DEFAULT NULL,
  `status` tinyint(1) NOT NULL DEFAULT 1,
  PRIMARY KEY (`siteSettingID`)
) ENGINE=InnoDB AUTO_INCREMENT=2 DEFAULT CHARSET=utf8mb4 COLLATE=utf8mb4_general_ci;
/*!40101 SET character_set_client = @saved_cs_client */;

--
-- Dumping data for table `mx_site_setting`
--

LOCK TABLES `mx_site_setting` WRITE;
/*!40000 ALTER TABLE `mx_site_setting` DISABLE KEYS */;
INSERT INTO `mx_site_setting` VALUES (1,24,'+919820042210','besyndicate@gmail.com',NULL,NULL,NULL,NULL,'enquiryForm.php','<div class=\"site-footer__top\">\r\n<div class=\"row\">\r\n<div class=\"col-xl-5 col-lg-6 col-md-6 wow fadeInUp\" data-wow-delay=\"200ms\">\r\n<div class=\"footer-widget__column footer-widget__links\">\r\n<div class=\"footer-widget__title-box\">\r\n<h4 class=\"footer-widget__title\">Ahmedabad (Gujarat) Office</h4>\r\n</div>\r\n\r\n<ul class=\"footer-widget__links-list list-unstyled\">\r\n	<li>Office No. 611, 612, Ratnanjali Solitaire, Near Sachet - 4, Prerna Tirth Derasar Road, Jodhpurgam, Satellite, Ahmedabad - 380015</li>\r\n	<li><a href=\"tel:079-26929806\">079-26929806</a> | <a href=\"tel:079-26929807\">079-26929807</a> | <a href=\"tel:079-26923834\">079-26923834</a> | <a href=\"tel:079-40095667\">079-40095667</a></li>\r\n	<li><a href=\"mailto:besahmedabad@gmail.com\">besahmedabad@gmail.com</a></li>\r\n	<li><a href=\"tel:+919825014977\">+919825014977</a></li>\r\n</ul>\r\n</div>\r\n</div>\r\n\r\n<div class=\"col-xl-5 col-lg-6 col-md-6 wow fadeInUp\" data-wow-delay=\"200ms\">\r\n<div class=\"footer-widget__column footer-widget__links\">\r\n<div class=\"footer-widget__title-box\">\r\n<h4 class=\"footer-widget__title\">Mumbai ( Maharashtra ) Office</h4>\r\n</div>\r\n\r\n<ul class=\"footer-widget__links-list list-unstyled\">\r\n	<li>Bombay Engineering Syndicate, 17, Dr.V.B.Gandhi Marg (Forbes Street), Fort, Mumbai - 400023</li>\r\n	<li><a href=\"tel:022-22842982\">022-22842982</a> | <a href=\"tel:022-22844691\">022-22844691</a> | <a href=\"tel:022-22046474\">022-22046474</a></li>\r\n	<li><a href=\"mailto:besyndicate@gmail.com\">besyndicate@gmail.com</a></li>\r\n	<li><a href=\"tel:+919820042210\">+919820042210</a></li>\r\n</ul>\r\n</div>\r\n</div>\r\n\r\n<div class=\"col-xl-2 col-lg-6 col-md-6 wow fadeInUp\" data-wow-delay=\"400ms\">\r\n<div class=\"footer-widget__column footer-widget__social-box\">\r\n<div class=\"site-footer__social\"></div>\r\n</div>\r\n</div>\r\n</div>\r\n</div>\r\n\r\n<div class=\"site-footer__bottom\">\r\n<div class=\"row\">\r\n<div class=\"col-xl-12\">\r\n<div class=\"site-footer__bottom-inner\">\r\n<p class=\"site-footer__bottom-text\">┬⌐ 2025 Bombay Engineering Syndicate. All Rights Reserved.</p>\r\n<!-- <ul class=\"list-unstyled site-footer__bottom-menu\">\r\n <li><a href=\"#\">Help</a></li>\r\n <li><a href=\"#\">Privacy Policy</a></li>\r\n --></div>\r\n</div>\r\n</div>\r\n</div>','akash.tdf@gmail.com, manish.besyndicate@gmail.com','BOMBAY ENGINEERING SYNDICATE','2nd Floor, Modern House, 17 Dr. V B Gandhi Marg, Fort, Mumbai - 400 001.','400023','https://www.bombayengg.net/',1);
/*!40000 ALTER TABLE `mx_site_setting` ENABLE KEYS */;
UNLOCK TABLES;

--
-- Table structure for table `mx_sky_padel_client_activity`
--

DROP TABLE IF EXISTS `mx_sky_padel_client_activity`;
/*!40101 SET @saved_cs_client     = @@character_set_client */;
/*!40101 SET character_set_client = utf8 */;
CREATE TABLE `mx_sky_padel_client_activity` (
  `activityID` int(11) NOT NULL AUTO_INCREMENT,
  `clientEmail` varchar(150) DEFAULT NULL,
  `activityType` enum('Login','Logout','ViewProject','ViewQuotation','ViewInvoice','ViewPayment','ApproveQuotation') NOT NULL,
  `entityType` varchar(50) DEFAULT NULL,
  `entityID` int(11) DEFAULT NULL,
  `ipAddress` varchar(45) DEFAULT NULL,
  `userAgent` text DEFAULT NULL,
  `created` datetime DEFAULT current_timestamp(),
  PRIMARY KEY (`activityID`)
) ENGINE=InnoDB AUTO_INCREMENT=151 DEFAULT CHARSET=utf8mb4 COLLATE=utf8mb4_unicode_ci;
/*!40101 SET character_set_client = @saved_cs_client */;

--
-- Dumping data for table `mx_sky_padel_client_activity`
--

LOCK TABLES `mx_sky_padel_client_activity` WRITE;
/*!40000 ALTER TABLE `mx_sky_padel_client_activity` DISABLE KEYS */;
INSERT INTO `mx_sky_padel_client_activity` VALUES (1,'rahul.verma@corporate.com','Login',NULL,NULL,'::1','Mozilla/5.0 (Windows NT 10.0; Win64; x64) AppleWebKit/537.36 (KHTML, like Gecko) Chrome/144.0.0.0 Safari/537.36 Edg/144.0.0.0','2025-12-29 20:06:42'),(2,'rahul.verma@corporate.com','ViewProject','Dashboard',0,'::1','Mozilla/5.0 (Windows NT 10.0; Win64; x64) AppleWebKit/537.36 (KHTML, like Gecko) Chrome/144.0.0.0 Safari/537.36 Edg/144.0.0.0','2025-12-29 20:09:23'),(3,'rahul.verma@corporate.com','ViewProject','Dashboard',0,'::1','Mozilla/5.0 (Windows NT 10.0; Win64; x64) AppleWebKit/537.36 (KHTML, like Gecko) Chrome/144.0.0.0 Safari/537.36 Edg/144.0.0.0','2025-12-29 20:09:24'),(4,'rahul.verma@corporate.com','ViewProject','Dashboard',0,'::1','Mozilla/5.0 (Windows NT 10.0; Win64; x64) AppleWebKit/537.36 (KHTML, like Gecko) Chrome/144.0.0.0 Safari/537.36 Edg/144.0.0.0','2025-12-29 20:09:26'),(5,'rahul.verma@corporate.com','ViewProject','ProjectList',0,'::1','Mozilla/5.0 (Windows NT 10.0; Win64; x64) AppleWebKit/537.36 (KHTML, like Gecko) Chrome/144.0.0.0 Safari/537.36 Edg/144.0.0.0','2025-12-29 20:09:33'),(6,'rahul.verma@corporate.com','ViewProject','Project',1,'::1','Mozilla/5.0 (Windows NT 10.0; Win64; x64) AppleWebKit/537.36 (KHTML, like Gecko) Chrome/144.0.0.0 Safari/537.36 Edg/144.0.0.0','2025-12-29 20:09:35'),(7,'rahul.verma@corporate.com','ViewPayment','PaymentList',0,'::1','Mozilla/5.0 (Windows NT 10.0; Win64; x64) AppleWebKit/537.36 (KHTML, like Gecko) Chrome/144.0.0.0 Safari/537.36 Edg/144.0.0.0','2025-12-29 20:09:54'),(8,'rahul.verma@corporate.com','ViewInvoice','InvoiceList',0,'::1','Mozilla/5.0 (Windows NT 10.0; Win64; x64) AppleWebKit/537.36 (KHTML, like Gecko) Chrome/144.0.0.0 Safari/537.36 Edg/144.0.0.0','2025-12-29 20:09:55'),(9,'rahul.verma@corporate.com','ViewInvoice','InvoiceList',0,'::1','Mozilla/5.0 (Windows NT 10.0; Win64; x64) AppleWebKit/537.36 (KHTML, like Gecko) Chrome/144.0.0.0 Safari/537.36 Edg/144.0.0.0','2025-12-29 20:09:57'),(10,'rahul.verma@corporate.com','ViewProject','ProjectList',0,'::1','Mozilla/5.0 (Windows NT 10.0; Win64; x64) AppleWebKit/537.36 (KHTML, like Gecko) Chrome/144.0.0.0 Safari/537.36 Edg/144.0.0.0','2025-12-29 20:10:00'),(11,'rahul.verma@corporate.com','ViewProject','Dashboard',0,'::1','Mozilla/5.0 (Windows NT 10.0; Win64; x64) AppleWebKit/537.36 (KHTML, like Gecko) Chrome/144.0.0.0 Safari/537.36 Edg/144.0.0.0','2025-12-29 20:10:01'),(12,'rahul.verma@corporate.com','ViewProject','Project',1,'::1','Mozilla/5.0 (Windows NT 10.0; Win64; x64) AppleWebKit/537.36 (KHTML, like Gecko) Chrome/144.0.0.0 Safari/537.36 Edg/144.0.0.0','2025-12-29 20:10:03'),(13,'rahul.verma@corporate.com','ViewProject','Dashboard',0,'::1','Mozilla/5.0 (Windows NT 10.0; Win64; x64) AppleWebKit/537.36 (KHTML, like Gecko) Chrome/144.0.0.0 Safari/537.36 Edg/144.0.0.0','2025-12-29 20:10:06'),(14,'rahul.verma@corporate.com','ViewQuotation','QuotationList',0,'::1','Mozilla/5.0 (Windows NT 10.0; Win64; x64) AppleWebKit/537.36 (KHTML, like Gecko) Chrome/144.0.0.0 Safari/537.36 Edg/144.0.0.0','2025-12-29 20:10:47'),(15,'rahul.verma@corporate.com','ViewQuotation','Quotation',2,'::1','Mozilla/5.0 (Windows NT 10.0; Win64; x64) AppleWebKit/537.36 (KHTML, like Gecko) Chrome/144.0.0.0 Safari/537.36 Edg/144.0.0.0','2025-12-29 20:11:37'),(16,'rahul.verma@corporate.com','ViewProject','Dashboard',0,'::1','Mozilla/5.0 (Windows NT 10.0; Win64; x64) AppleWebKit/537.36 (KHTML, like Gecko) Chrome/144.0.0.0 Safari/537.36 Edg/144.0.0.0','2025-12-29 20:11:48'),(17,'rahul.verma@corporate.com','ViewProject','Dashboard',0,'::1','Mozilla/5.0 (Windows NT 10.0; Win64; x64) AppleWebKit/537.36 (KHTML, like Gecko) Chrome/144.0.0.0 Safari/537.36 Edg/144.0.0.0','2025-12-29 20:16:50'),(18,'rahul.verma@corporate.com','ViewProject','Dashboard',0,'::1','Mozilla/5.0 (Windows NT 10.0; Win64; x64) AppleWebKit/537.36 (KHTML, like Gecko) Chrome/144.0.0.0 Safari/537.36 Edg/144.0.0.0','2025-12-29 20:16:51'),(19,'rahul.verma@corporate.com','ViewProject','Dashboard',0,'::1','Mozilla/5.0 (Windows NT 10.0; Win64; x64) AppleWebKit/537.36 (KHTML, like Gecko) Chrome/144.0.0.0 Safari/537.36 Edg/144.0.0.0','2025-12-29 20:16:51'),(20,'rahul.verma@corporate.com','ViewProject','Dashboard',0,'::1','Mozilla/5.0 (Windows NT 10.0; Win64; x64) AppleWebKit/537.36 (KHTML, like Gecko) Chrome/144.0.0.0 Safari/537.36 Edg/144.0.0.0','2025-12-29 20:16:51'),(21,'rahul.verma@corporate.com','ViewProject','Dashboard',0,'::1','Mozilla/5.0 (Windows NT 10.0; Win64; x64) AppleWebKit/537.36 (KHTML, like Gecko) Chrome/144.0.0.0 Safari/537.36 Edg/144.0.0.0','2025-12-29 20:17:05'),(22,'rahul.verma@corporate.com','ViewProject','Dashboard',0,'::1','Mozilla/5.0 (Windows NT 10.0; Win64; x64) AppleWebKit/537.36 (KHTML, like Gecko) Chrome/144.0.0.0 Safari/537.36 Edg/144.0.0.0','2025-12-29 20:17:09'),(23,'rahul.verma@corporate.com','Logout',NULL,NULL,'::1','Mozilla/5.0 (Windows NT 10.0; Win64; x64) AppleWebKit/537.36 (KHTML, like Gecko) Chrome/144.0.0.0 Safari/537.36 Edg/144.0.0.0','2025-12-29 20:17:12'),(24,'rahul.verma@corporate.com','Login',NULL,NULL,'::1','Mozilla/5.0 (Windows NT 10.0; Win64; x64) AppleWebKit/537.36 (KHTML, like Gecko) Chrome/144.0.0.0 Safari/537.36 Edg/144.0.0.0','2025-12-29 20:18:19'),(25,'rahul.verma@corporate.com','ViewProject','Dashboard',0,'::1','Mozilla/5.0 (Windows NT 10.0; Win64; x64) AppleWebKit/537.36 (KHTML, like Gecko) Chrome/144.0.0.0 Safari/537.36 Edg/144.0.0.0','2025-12-29 20:18:19'),(26,'rahul.verma@corporate.com','ViewProject','Dashboard',0,'::1','Mozilla/5.0 (Windows NT 10.0; Win64; x64) AppleWebKit/537.36 (KHTML, like Gecko) Chrome/144.0.0.0 Safari/537.36 Edg/144.0.0.0','2025-12-29 20:18:21'),(27,'rahul.verma@corporate.com','ViewProject','Dashboard',0,'::1','Mozilla/5.0 (Windows NT 10.0; Win64; x64) AppleWebKit/537.36 (KHTML, like Gecko) Chrome/144.0.0.0 Safari/537.36 Edg/144.0.0.0','2025-12-29 20:18:31'),(28,'rahul.verma@corporate.com','ViewProject','Dashboard',0,'::1','Mozilla/5.0 (Windows NT 10.0; Win64; x64) AppleWebKit/537.36 (KHTML, like Gecko) Chrome/144.0.0.0 Safari/537.36 Edg/144.0.0.0','2025-12-29 20:18:31'),(29,'rahul.verma@corporate.com','ViewProject','Dashboard',0,'::1','Mozilla/5.0 (Windows NT 10.0; Win64; x64) AppleWebKit/537.36 (KHTML, like Gecko) Chrome/144.0.0.0 Safari/537.36 Edg/144.0.0.0','2025-12-29 20:18:31'),(30,'rahul.verma@corporate.com','ViewQuotation','QuotationList',0,'::1','Mozilla/5.0 (Windows NT 10.0; Win64; x64) AppleWebKit/537.36 (KHTML, like Gecko) Chrome/144.0.0.0 Safari/537.36 Edg/144.0.0.0','2025-12-29 20:18:33'),(31,'rahul.verma@corporate.com','ViewProject','ProjectList',0,'::1','Mozilla/5.0 (Windows NT 10.0; Win64; x64) AppleWebKit/537.36 (KHTML, like Gecko) Chrome/144.0.0.0 Safari/537.36 Edg/144.0.0.0','2025-12-29 20:18:34'),(32,'rahul.verma@corporate.com','ViewInvoice','InvoiceList',0,'::1','Mozilla/5.0 (Windows NT 10.0; Win64; x64) AppleWebKit/537.36 (KHTML, like Gecko) Chrome/144.0.0.0 Safari/537.36 Edg/144.0.0.0','2025-12-29 20:18:35'),(33,'rahul.verma@corporate.com','ViewPayment','PaymentList',0,'::1','Mozilla/5.0 (Windows NT 10.0; Win64; x64) AppleWebKit/537.36 (KHTML, like Gecko) Chrome/144.0.0.0 Safari/537.36 Edg/144.0.0.0','2025-12-29 20:18:36'),(34,'rahul.verma@corporate.com','ViewProject','Dashboard',0,'::1','Mozilla/5.0 (Windows NT 10.0; Win64; x64) AppleWebKit/537.36 (KHTML, like Gecko) Chrome/144.0.0.0 Safari/537.36 Edg/144.0.0.0','2025-12-29 20:18:40'),(35,'rahul.verma@corporate.com','ViewProject','ProjectList',0,'::1','Mozilla/5.0 (Windows NT 10.0; Win64; x64) AppleWebKit/537.36 (KHTML, like Gecko) Chrome/144.0.0.0 Safari/537.36 Edg/144.0.0.0','2025-12-29 20:18:44'),(36,'rahul.verma@corporate.com','ViewProject','Project',1,'::1','Mozilla/5.0 (Windows NT 10.0; Win64; x64) AppleWebKit/537.36 (KHTML, like Gecko) Chrome/144.0.0.0 Safari/537.36 Edg/144.0.0.0','2025-12-29 20:18:46'),(37,'rahul.verma@corporate.com','ViewProject','Project',1,'::1','Mozilla/5.0 (Windows NT 10.0; Win64; x64) AppleWebKit/537.36 (KHTML, like Gecko) Chrome/144.0.0.0 Safari/537.36 Edg/144.0.0.0','2025-12-29 20:19:23'),(38,'rahul.verma@corporate.com','ViewProject','Dashboard',0,'::1','Mozilla/5.0 (Windows NT 10.0; Win64; x64) AppleWebKit/537.36 (KHTML, like Gecko) Chrome/144.0.0.0 Safari/537.36 Edg/144.0.0.0','2025-12-29 20:19:27'),(39,'rahul.verma@corporate.com','ViewProject','Dashboard',0,'::1','Mozilla/5.0 (Windows NT 10.0; Win64; x64) AppleWebKit/537.36 (KHTML, like Gecko) Chrome/144.0.0.0 Safari/537.36 Edg/144.0.0.0','2025-12-29 20:19:28'),(40,'rahul.verma@corporate.com','ViewProject','Dashboard',0,'::1','Mozilla/5.0 (Windows NT 10.0; Win64; x64) AppleWebKit/537.36 (KHTML, like Gecko) Chrome/144.0.0.0 Safari/537.36 Edg/144.0.0.0','2025-12-29 20:19:29'),(41,'rahul.verma@corporate.com','ViewProject','ProjectList',0,'::1','Mozilla/5.0 (Windows NT 10.0; Win64; x64) AppleWebKit/537.36 (KHTML, like Gecko) Chrome/144.0.0.0 Safari/537.36 Edg/144.0.0.0','2025-12-29 20:19:30'),(42,'rahul.verma@corporate.com','ViewProject','Dashboard',0,'::1','Mozilla/5.0 (Windows NT 10.0; Win64; x64) AppleWebKit/537.36 (KHTML, like Gecko) Chrome/144.0.0.0 Safari/537.36 Edg/144.0.0.0','2025-12-29 20:19:31'),(43,'rahul.verma@corporate.com','ViewProject','ProjectList',0,'::1','Mozilla/5.0 (Windows NT 10.0; Win64; x64) AppleWebKit/537.36 (KHTML, like Gecko) Chrome/144.0.0.0 Safari/537.36 Edg/144.0.0.0','2025-12-29 20:19:32'),(44,'rahul.verma@corporate.com','ViewProject','Dashboard',0,'::1','Mozilla/5.0 (Windows NT 10.0; Win64; x64) AppleWebKit/537.36 (KHTML, like Gecko) Chrome/144.0.0.0 Safari/537.36 Edg/144.0.0.0','2025-12-29 20:19:33'),(45,'rahul.verma@corporate.com','ViewQuotation','QuotationList',0,'::1','Mozilla/5.0 (Windows NT 10.0; Win64; x64) AppleWebKit/537.36 (KHTML, like Gecko) Chrome/144.0.0.0 Safari/537.36 Edg/144.0.0.0','2025-12-29 20:19:34'),(46,'rahul.verma@corporate.com','ViewInvoice','InvoiceList',0,'::1','Mozilla/5.0 (Windows NT 10.0; Win64; x64) AppleWebKit/537.36 (KHTML, like Gecko) Chrome/144.0.0.0 Safari/537.36 Edg/144.0.0.0','2025-12-29 20:19:35'),(47,'rahul.verma@corporate.com','ViewPayment','PaymentList',0,'::1','Mozilla/5.0 (Windows NT 10.0; Win64; x64) AppleWebKit/537.36 (KHTML, like Gecko) Chrome/144.0.0.0 Safari/537.36 Edg/144.0.0.0','2025-12-29 20:19:35'),(48,'rahul.verma@corporate.com','ViewQuotation','QuotationList',0,'::1','Mozilla/5.0 (Windows NT 10.0; Win64; x64) AppleWebKit/537.36 (KHTML, like Gecko) Chrome/144.0.0.0 Safari/537.36 Edg/144.0.0.0','2025-12-29 20:19:36'),(49,'rahul.verma@corporate.com','ViewProject','ProjectList',0,'::1','Mozilla/5.0 (Windows NT 10.0; Win64; x64) AppleWebKit/537.36 (KHTML, like Gecko) Chrome/144.0.0.0 Safari/537.36 Edg/144.0.0.0','2025-12-29 20:19:36'),(50,'rahul.verma@corporate.com','ViewProject','Dashboard',0,'::1','Mozilla/5.0 (Windows NT 10.0; Win64; x64) AppleWebKit/537.36 (KHTML, like Gecko) Chrome/144.0.0.0 Safari/537.36 Edg/144.0.0.0','2025-12-29 20:19:37'),(51,'rahul.verma@corporate.com','',NULL,NULL,'::1','Mozilla/5.0 (Windows NT 10.0; Win64; x64) AppleWebKit/537.36 (KHTML, like Gecko) Chrome/144.0.0.0 Safari/537.36 Edg/144.0.0.0','2025-12-29 20:34:31'),(52,'rahul.verma@corporate.com','',NULL,NULL,'::1','Mozilla/5.0 (Windows NT 10.0; Win64; x64) AppleWebKit/537.36 (KHTML, like Gecko) Chrome/144.0.0.0 Safari/537.36 Edg/144.0.0.0','2025-12-29 20:34:32'),(53,'rahul.verma@corporate.com','ViewProject','ProjectList',0,'::1','Mozilla/5.0 (Windows NT 10.0; Win64; x64) AppleWebKit/537.36 (KHTML, like Gecko) Chrome/144.0.0.0 Safari/537.36 Edg/144.0.0.0','2025-12-29 20:34:35'),(54,'rahul.verma@corporate.com','ViewQuotation','QuotationList',0,'::1','Mozilla/5.0 (Windows NT 10.0; Win64; x64) AppleWebKit/537.36 (KHTML, like Gecko) Chrome/144.0.0.0 Safari/537.36 Edg/144.0.0.0','2025-12-29 20:34:36'),(55,'rahul.verma@corporate.com','ViewQuotation','QuotationList',0,'::1','Mozilla/5.0 (Windows NT 10.0; Win64; x64) AppleWebKit/537.36 (KHTML, like Gecko) Chrome/144.0.0.0 Safari/537.36 Edg/144.0.0.0','2025-12-29 20:34:36'),(56,'rahul.verma@corporate.com','ViewPayment','PaymentList',0,'::1','Mozilla/5.0 (Windows NT 10.0; Win64; x64) AppleWebKit/537.36 (KHTML, like Gecko) Chrome/144.0.0.0 Safari/537.36 Edg/144.0.0.0','2025-12-29 20:34:47'),(57,'rahul.verma@corporate.com','ViewPayment','PaymentList',0,'::1','Mozilla/5.0 (Windows NT 10.0; Win64; x64) AppleWebKit/537.36 (KHTML, like Gecko) Chrome/144.0.0.0 Safari/537.36 Edg/144.0.0.0','2025-12-29 20:34:48'),(58,'rahul.verma@corporate.com','ViewQuotation','QuotationList',0,'::1','Mozilla/5.0 (Windows NT 10.0; Win64; x64) AppleWebKit/537.36 (KHTML, like Gecko) Chrome/144.0.0.0 Safari/537.36 Edg/144.0.0.0','2025-12-29 20:35:14'),(59,'rahul.verma@corporate.com','ViewQuotation','Quotation',2,'::1','Mozilla/5.0 (Windows NT 10.0; Win64; x64) AppleWebKit/537.36 (KHTML, like Gecko) Chrome/144.0.0.0 Safari/537.36 Edg/144.0.0.0','2025-12-29 20:35:15'),(60,'rahul.verma@corporate.com','ViewQuotation','QuotationList',0,'::1','Mozilla/5.0 (Windows NT 10.0; Win64; x64) AppleWebKit/537.36 (KHTML, like Gecko) Chrome/144.0.0.0 Safari/537.36 Edg/144.0.0.0','2025-12-29 20:35:18'),(61,'rahul.verma@corporate.com','',NULL,NULL,'::1','Mozilla/5.0 (Windows NT 10.0; Win64; x64) AppleWebKit/537.36 (KHTML, like Gecko) Chrome/144.0.0.0 Safari/537.36 Edg/144.0.0.0','2025-12-29 20:35:20'),(62,'rahul.verma@corporate.com','',NULL,NULL,'::1','Mozilla/5.0 (Windows NT 10.0; Win64; x64) AppleWebKit/537.36 (KHTML, like Gecko) Chrome/144.0.0.0 Safari/537.36 Edg/144.0.0.0','2025-12-29 20:35:21'),(63,'rahul.verma@corporate.com','',NULL,NULL,'::1','Mozilla/5.0 (Windows NT 10.0; Win64; x64) AppleWebKit/537.36 (KHTML, like Gecko) Chrome/144.0.0.0 Safari/537.36 Edg/144.0.0.0','2025-12-29 20:35:22'),(64,'rahul.verma@corporate.com','ViewQuotation','QuotationList',0,'::1','Mozilla/5.0 (Windows NT 10.0; Win64; x64) AppleWebKit/537.36 (KHTML, like Gecko) Chrome/144.0.0.0 Safari/537.36 Edg/144.0.0.0','2025-12-29 20:35:24'),(65,'rahul.verma@corporate.com','ViewInvoice','InvoiceList',0,'::1','Mozilla/5.0 (Windows NT 10.0; Win64; x64) AppleWebKit/537.36 (KHTML, like Gecko) Chrome/144.0.0.0 Safari/537.36 Edg/144.0.0.0','2025-12-29 20:35:38'),(66,'rahul.verma@corporate.com','ViewInvoice','InvoiceList',0,'::1','Mozilla/5.0 (Windows NT 10.0; Win64; x64) AppleWebKit/537.36 (KHTML, like Gecko) Chrome/144.0.0.0 Safari/537.36 Edg/144.0.0.0','2025-12-29 20:35:39'),(67,'rahul.verma@corporate.com','ViewPayment','PaymentList',0,'::1','Mozilla/5.0 (Windows NT 10.0; Win64; x64) AppleWebKit/537.36 (KHTML, like Gecko) Chrome/144.0.0.0 Safari/537.36 Edg/144.0.0.0','2025-12-29 20:35:41'),(68,'rahul.verma@corporate.com','ViewPayment','PaymentList',0,'::1','Mozilla/5.0 (Windows NT 10.0; Win64; x64) AppleWebKit/537.36 (KHTML, like Gecko) Chrome/144.0.0.0 Safari/537.36 Edg/144.0.0.0','2025-12-29 20:35:42'),(69,'rahul.verma@corporate.com','ViewQuotation','QuotationList',0,'::1','Mozilla/5.0 (Windows NT 10.0; Win64; x64) AppleWebKit/537.36 (KHTML, like Gecko) Chrome/144.0.0.0 Safari/537.36 Edg/144.0.0.0','2025-12-29 20:36:07'),(70,'rahul.verma@corporate.com','ViewQuotation','QuotationList',0,'::1','Mozilla/5.0 (Windows NT 10.0; Win64; x64) AppleWebKit/537.36 (KHTML, like Gecko) Chrome/144.0.0.0 Safari/537.36 Edg/144.0.0.0','2025-12-29 20:36:08'),(71,'rahul.verma@corporate.com','ViewQuotation','QuotationList',0,'::1','Mozilla/5.0 (Windows NT 10.0; Win64; x64) AppleWebKit/537.36 (KHTML, like Gecko) Chrome/144.0.0.0 Safari/537.36 Edg/144.0.0.0','2025-12-29 20:36:08'),(72,'rahul.verma@corporate.com','ViewQuotation','QuotationList',0,'::1','Mozilla/5.0 (Windows NT 10.0; Win64; x64) AppleWebKit/537.36 (KHTML, like Gecko) Chrome/144.0.0.0 Safari/537.36 Edg/144.0.0.0','2025-12-29 20:36:09'),(73,'rahul.verma@corporate.com','ViewPayment','PaymentList',0,'::1','Mozilla/5.0 (Windows NT 10.0; Win64; x64) AppleWebKit/537.36 (KHTML, like Gecko) Chrome/144.0.0.0 Safari/537.36 Edg/144.0.0.0','2025-12-29 20:36:09'),(74,'rahul.verma@corporate.com','ViewPayment','PaymentList',0,'::1','Mozilla/5.0 (Windows NT 10.0; Win64; x64) AppleWebKit/537.36 (KHTML, like Gecko) Chrome/144.0.0.0 Safari/537.36 Edg/144.0.0.0','2025-12-29 20:36:10'),(75,'rahul.verma@corporate.com','ViewPayment','PaymentList',0,'::1','Mozilla/5.0 (Windows NT 10.0; Win64; x64) AppleWebKit/537.36 (KHTML, like Gecko) Chrome/144.0.0.0 Safari/537.36 Edg/144.0.0.0','2025-12-29 20:36:10'),(76,'rahul.verma@corporate.com','ViewPayment','PaymentList',0,'::1','Mozilla/5.0 (Windows NT 10.0; Win64; x64) AppleWebKit/537.36 (KHTML, like Gecko) Chrome/144.0.0.0 Safari/537.36 Edg/144.0.0.0','2025-12-29 20:36:11'),(77,'rahul.verma@corporate.com','ViewInvoice','InvoiceList',0,'::1','Mozilla/5.0 (Windows NT 10.0; Win64; x64) AppleWebKit/537.36 (KHTML, like Gecko) Chrome/144.0.0.0 Safari/537.36 Edg/144.0.0.0','2025-12-29 20:36:12'),(78,'rahul.verma@corporate.com','ViewInvoice','InvoiceList',0,'::1','Mozilla/5.0 (Windows NT 10.0; Win64; x64) AppleWebKit/537.36 (KHTML, like Gecko) Chrome/144.0.0.0 Safari/537.36 Edg/144.0.0.0','2025-12-29 20:36:12'),(79,'rahul.verma@corporate.com','ViewQuotation','QuotationList',0,'::1','Mozilla/5.0 (Windows NT 10.0; Win64; x64) AppleWebKit/537.36 (KHTML, like Gecko) Chrome/144.0.0.0 Safari/537.36 Edg/144.0.0.0','2025-12-29 20:36:13'),(80,'rahul.verma@corporate.com','ViewQuotation','QuotationList',0,'::1','Mozilla/5.0 (Windows NT 10.0; Win64; x64) AppleWebKit/537.36 (KHTML, like Gecko) Chrome/144.0.0.0 Safari/537.36 Edg/144.0.0.0','2025-12-29 20:36:14'),(81,'rahul.verma@corporate.com','ViewQuotation','QuotationList',0,'::1','Mozilla/5.0 (Windows NT 10.0; Win64; x64) AppleWebKit/537.36 (KHTML, like Gecko) Chrome/144.0.0.0 Safari/537.36 Edg/144.0.0.0','2025-12-29 20:36:14'),(82,'rahul.verma@corporate.com','ViewQuotation','QuotationList',0,'::1','Mozilla/5.0 (Windows NT 10.0; Win64; x64) AppleWebKit/537.36 (KHTML, like Gecko) Chrome/144.0.0.0 Safari/537.36 Edg/144.0.0.0','2025-12-29 20:36:15'),(83,'rahul.verma@corporate.com','ViewQuotation','QuotationList',0,'::1','Mozilla/5.0 (Windows NT 10.0; Win64; x64) AppleWebKit/537.36 (KHTML, like Gecko) Chrome/144.0.0.0 Safari/537.36 Edg/144.0.0.0','2025-12-29 20:36:15'),(84,'rahul.verma@corporate.com','ViewQuotation','QuotationList',0,'::1','Mozilla/5.0 (Windows NT 10.0; Win64; x64) AppleWebKit/537.36 (KHTML, like Gecko) Chrome/144.0.0.0 Safari/537.36 Edg/144.0.0.0','2025-12-29 20:36:16'),(85,'rahul.verma@corporate.com','ViewQuotation','QuotationList',0,'::1','Mozilla/5.0 (Windows NT 10.0; Win64; x64) AppleWebKit/537.36 (KHTML, like Gecko) Chrome/144.0.0.0 Safari/537.36 Edg/144.0.0.0','2025-12-29 20:36:16'),(86,'rahul.verma@corporate.com','ViewQuotation','Quotation',2,'::1','Mozilla/5.0 (Windows NT 10.0; Win64; x64) AppleWebKit/537.36 (KHTML, like Gecko) Chrome/144.0.0.0 Safari/537.36 Edg/144.0.0.0','2025-12-29 20:36:17'),(87,'rahul.verma@corporate.com','ViewProject','ProjectList',0,'::1','Mozilla/5.0 (Windows NT 10.0; Win64; x64) AppleWebKit/537.36 (KHTML, like Gecko) Chrome/144.0.0.0 Safari/537.36 Edg/144.0.0.0','2025-12-29 20:36:20'),(88,'rahul.verma@corporate.com','ViewProject','ProjectList',0,'::1','Mozilla/5.0 (Windows NT 10.0; Win64; x64) AppleWebKit/537.36 (KHTML, like Gecko) Chrome/144.0.0.0 Safari/537.36 Edg/144.0.0.0','2025-12-29 20:36:21'),(89,'rahul.verma@corporate.com','',NULL,NULL,'::1','Mozilla/5.0 (Windows NT 10.0; Win64; x64) AppleWebKit/537.36 (KHTML, like Gecko) Chrome/144.0.0.0 Safari/537.36 Edg/144.0.0.0','2025-12-29 20:36:22'),(90,'rahul.verma@corporate.com','',NULL,NULL,'::1','Mozilla/5.0 (Windows NT 10.0; Win64; x64) AppleWebKit/537.36 (KHTML, like Gecko) Chrome/144.0.0.0 Safari/537.36 Edg/144.0.0.0','2025-12-29 20:36:22'),(91,'rahul.verma@corporate.com','ViewProject','Project',1,'::1','Mozilla/5.0 (Windows NT 10.0; Win64; x64) AppleWebKit/537.36 (KHTML, like Gecko) Chrome/144.0.0.0 Safari/537.36 Edg/144.0.0.0','2025-12-29 20:36:24'),(92,'rahul.verma@corporate.com','ViewProject','Project',1,'::1','Mozilla/5.0 (Windows NT 10.0; Win64; x64) AppleWebKit/537.36 (KHTML, like Gecko) Chrome/144.0.0.0 Safari/537.36 Edg/144.0.0.0','2025-12-29 20:36:31'),(93,'rahul.verma@corporate.com','ViewProject','Project',1,'::1','Mozilla/5.0 (Windows NT 10.0; Win64; x64) AppleWebKit/537.36 (KHTML, like Gecko) Chrome/144.0.0.0 Safari/537.36 Edg/144.0.0.0','2025-12-29 20:36:48'),(94,'rahul.verma@corporate.com','ViewProject','Project',1,'::1','Mozilla/5.0 (Windows NT 10.0; Win64; x64) AppleWebKit/537.36 (KHTML, like Gecko) Chrome/144.0.0.0 Safari/537.36 Edg/144.0.0.0','2025-12-29 20:36:49'),(95,'rahul.verma@corporate.com','ViewProject','Project',1,'::1','Mozilla/5.0 (Windows NT 10.0; Win64; x64) AppleWebKit/537.36 (KHTML, like Gecko) Chrome/144.0.0.0 Safari/537.36 Edg/144.0.0.0','2025-12-29 20:36:49'),(96,'rahul.verma@corporate.com','ViewProject','ProjectList',0,'::1','Mozilla/5.0 (Windows NT 10.0; Win64; x64) AppleWebKit/537.36 (KHTML, like Gecko) Chrome/144.0.0.0 Safari/537.36 Edg/144.0.0.0','2025-12-29 20:36:50'),(97,'rahul.verma@corporate.com','ViewProject','Project',1,'::1','Mozilla/5.0 (Windows NT 10.0; Win64; x64) AppleWebKit/537.36 (KHTML, like Gecko) Chrome/144.0.0.0 Safari/537.36 Edg/144.0.0.0','2025-12-29 20:36:52'),(98,'rahul.verma@corporate.com','ViewProject','Project',1,'::1','Mozilla/5.0 (Windows NT 10.0; Win64; x64) AppleWebKit/537.36 (KHTML, like Gecko) Chrome/144.0.0.0 Safari/537.36 Edg/144.0.0.0','2025-12-29 20:37:39'),(99,'rahul.verma@corporate.com','ViewQuotation','QuotationList',0,'::1','Mozilla/5.0 (Windows NT 10.0; Win64; x64) AppleWebKit/537.36 (KHTML, like Gecko) Chrome/144.0.0.0 Safari/537.36 Edg/144.0.0.0','2025-12-29 20:37:44'),(100,'rahul.verma@corporate.com','ViewInvoice','InvoiceList',0,'::1','Mozilla/5.0 (Windows NT 10.0; Win64; x64) AppleWebKit/537.36 (KHTML, like Gecko) Chrome/144.0.0.0 Safari/537.36 Edg/144.0.0.0','2025-12-29 20:37:44'),(101,'rahul.verma@corporate.com','ViewInvoice','InvoiceList',0,'::1','Mozilla/5.0 (Windows NT 10.0; Win64; x64) AppleWebKit/537.36 (KHTML, like Gecko) Chrome/144.0.0.0 Safari/537.36 Edg/144.0.0.0','2025-12-29 20:37:45'),(102,'rahul.verma@corporate.com','ViewQuotation','QuotationList',0,'::1','Mozilla/5.0 (Windows NT 10.0; Win64; x64) AppleWebKit/537.36 (KHTML, like Gecko) Chrome/144.0.0.0 Safari/537.36 Edg/144.0.0.0','2025-12-29 20:37:45'),(103,'rahul.verma@corporate.com','ViewInvoice','InvoiceList',0,'::1','Mozilla/5.0 (Windows NT 10.0; Win64; x64) AppleWebKit/537.36 (KHTML, like Gecko) Chrome/144.0.0.0 Safari/537.36 Edg/144.0.0.0','2025-12-29 20:37:46'),(104,'rahul.verma@corporate.com','ViewPayment','PaymentList',0,'::1','Mozilla/5.0 (Windows NT 10.0; Win64; x64) AppleWebKit/537.36 (KHTML, like Gecko) Chrome/144.0.0.0 Safari/537.36 Edg/144.0.0.0','2025-12-29 20:37:46'),(105,'rahul.verma@corporate.com','',NULL,NULL,'::1','Mozilla/5.0 (Windows NT 10.0; Win64; x64) AppleWebKit/537.36 (KHTML, like Gecko) Chrome/144.0.0.0 Safari/537.36 Edg/144.0.0.0','2025-12-29 20:37:48'),(106,'rahul.verma@corporate.com','',NULL,NULL,'::1','Mozilla/5.0 (Windows NT 10.0; Win64; x64) AppleWebKit/537.36 (KHTML, like Gecko) Chrome/144.0.0.0 Safari/537.36 Edg/144.0.0.0','2025-12-29 21:26:22'),(107,'rahul.verma@corporate.com','ViewProject','Project',1,'::1','Mozilla/5.0 (Windows NT 10.0; Win64; x64) AppleWebKit/537.36 (KHTML, like Gecko) Chrome/144.0.0.0 Safari/537.36 Edg/144.0.0.0','2025-12-29 21:26:42'),(108,'rahul.verma@corporate.com','',NULL,NULL,'::1','Mozilla/5.0 (Windows NT 10.0; Win64; x64) AppleWebKit/537.36 (KHTML, like Gecko) Chrome/144.0.0.0 Safari/537.36 Edg/144.0.0.0','2025-12-29 21:26:52'),(109,'rahul.verma@corporate.com','Login',NULL,NULL,'::1','Mozilla/5.0 (Windows NT 10.0; Win64; x64) AppleWebKit/537.36 (KHTML, like Gecko) Chrome/144.0.0.0 Safari/537.36 Edg/144.0.0.0','2026-01-20 02:03:17'),(110,'rahul.verma@corporate.com','',NULL,NULL,'::1','Mozilla/5.0 (Windows NT 10.0; Win64; x64) AppleWebKit/537.36 (KHTML, like Gecko) Chrome/144.0.0.0 Safari/537.36 Edg/144.0.0.0','2026-01-20 02:03:17'),(111,'rahul.verma@corporate.com','ViewProject','ProjectList',0,'::1','Mozilla/5.0 (Windows NT 10.0; Win64; x64) AppleWebKit/537.36 (KHTML, like Gecko) Chrome/144.0.0.0 Safari/537.36 Edg/144.0.0.0','2026-01-20 02:03:20'),(112,'rahul.verma@corporate.com','ViewQuotation','QuotationList',0,'::1','Mozilla/5.0 (Windows NT 10.0; Win64; x64) AppleWebKit/537.36 (KHTML, like Gecko) Chrome/144.0.0.0 Safari/537.36 Edg/144.0.0.0','2026-01-20 02:03:21'),(113,'rahul.verma@corporate.com','ViewQuotation','Quotation',2,'::1','Mozilla/5.0 (Windows NT 10.0; Win64; x64) AppleWebKit/537.36 (KHTML, like Gecko) Chrome/144.0.0.0 Safari/537.36 Edg/144.0.0.0','2026-01-20 02:03:23'),(114,'rahul.verma@corporate.com','ViewInvoice','InvoiceList',0,'::1','Mozilla/5.0 (Windows NT 10.0; Win64; x64) AppleWebKit/537.36 (KHTML, like Gecko) Chrome/144.0.0.0 Safari/537.36 Edg/144.0.0.0','2026-01-20 02:03:34'),(115,'rahul.verma@corporate.com','ViewPayment','PaymentList',0,'::1','Mozilla/5.0 (Windows NT 10.0; Win64; x64) AppleWebKit/537.36 (KHTML, like Gecko) Chrome/144.0.0.0 Safari/537.36 Edg/144.0.0.0','2026-01-20 02:03:35'),(116,'rahul.verma@corporate.com','ViewInvoice','InvoiceList',0,'::1','Mozilla/5.0 (Windows NT 10.0; Win64; x64) AppleWebKit/537.36 (KHTML, like Gecko) Chrome/144.0.0.0 Safari/537.36 Edg/144.0.0.0','2026-01-20 02:03:36'),(117,'rahul.verma@corporate.com','ViewQuotation','QuotationList',0,'::1','Mozilla/5.0 (Windows NT 10.0; Win64; x64) AppleWebKit/537.36 (KHTML, like Gecko) Chrome/144.0.0.0 Safari/537.36 Edg/144.0.0.0','2026-01-20 02:03:36'),(118,'rahul.verma@corporate.com','ViewQuotation','Quotation',2,'::1','Mozilla/5.0 (Windows NT 10.0; Win64; x64) AppleWebKit/537.36 (KHTML, like Gecko) Chrome/144.0.0.0 Safari/537.36 Edg/144.0.0.0','2026-01-20 02:03:38'),(119,'rahul.verma@corporate.com','ViewProject','ProjectList',0,'::1','Mozilla/5.0 (Windows NT 10.0; Win64; x64) AppleWebKit/537.36 (KHTML, like Gecko) Chrome/144.0.0.0 Safari/537.36 Edg/144.0.0.0','2026-01-20 02:03:45'),(120,'rahul.verma@corporate.com','',NULL,NULL,'::1','Mozilla/5.0 (Windows NT 10.0; Win64; x64) AppleWebKit/537.36 (KHTML, like Gecko) Chrome/144.0.0.0 Safari/537.36 Edg/144.0.0.0','2026-01-20 02:03:45'),(121,'rahul.verma@corporate.com','ViewInvoice','InvoiceList',0,'::1','Mozilla/5.0 (Windows NT 10.0; Win64; x64) AppleWebKit/537.36 (KHTML, like Gecko) Chrome/144.0.0.0 Safari/537.36 Edg/144.0.0.0','2026-01-20 02:03:47'),(122,'rahul.verma@corporate.com','ViewPayment','PaymentList',0,'::1','Mozilla/5.0 (Windows NT 10.0; Win64; x64) AppleWebKit/537.36 (KHTML, like Gecko) Chrome/144.0.0.0 Safari/537.36 Edg/144.0.0.0','2026-01-20 02:03:48'),(123,'rahul.verma@corporate.com','ViewPayment','PaymentList',0,'::1','Mozilla/5.0 (Windows NT 10.0; Win64; x64) AppleWebKit/537.36 (KHTML, like Gecko) Chrome/144.0.0.0 Safari/537.36 Edg/144.0.0.0','2026-01-20 02:06:23'),(124,'rahul.verma@corporate.com','ViewQuotation','QuotationList',0,'::1','Mozilla/5.0 (Windows NT 10.0; Win64; x64) AppleWebKit/537.36 (KHTML, like Gecko) Chrome/144.0.0.0 Safari/537.36 Edg/144.0.0.0','2026-01-20 02:06:24'),(125,'rahul.verma@corporate.com','ViewQuotation','Quotation',2,'::1','Mozilla/5.0 (Windows NT 10.0; Win64; x64) AppleWebKit/537.36 (KHTML, like Gecko) Chrome/144.0.0.0 Safari/537.36 Edg/144.0.0.0','2026-01-20 02:06:25'),(126,'rahul.verma@corporate.com','ViewProject','ProjectList',0,'::1','Mozilla/5.0 (Windows NT 10.0; Win64; x64) AppleWebKit/537.36 (KHTML, like Gecko) Chrome/144.0.0.0 Safari/537.36 Edg/144.0.0.0','2026-01-20 02:06:51'),(127,'rahul.verma@corporate.com','',NULL,NULL,'::1','Mozilla/5.0 (Windows NT 10.0; Win64; x64) AppleWebKit/537.36 (KHTML, like Gecko) Chrome/144.0.0.0 Safari/537.36 Edg/144.0.0.0','2026-01-20 02:06:51'),(128,'rahul.verma@corporate.com','ViewProject','ProjectList',0,'::1','Mozilla/5.0 (Windows NT 10.0; Win64; x64) AppleWebKit/537.36 (KHTML, like Gecko) Chrome/144.0.0.0 Safari/537.36 Edg/144.0.0.0','2026-01-20 02:06:56'),(129,'rahul.verma@corporate.com','ViewInvoice','InvoiceList',0,'::1','Mozilla/5.0 (Windows NT 10.0; Win64; x64) AppleWebKit/537.36 (KHTML, like Gecko) Chrome/144.0.0.0 Safari/537.36 Edg/144.0.0.0','2026-01-20 02:06:56'),(130,'rahul.verma@corporate.com','ViewPayment','PaymentList',0,'::1','Mozilla/5.0 (Windows NT 10.0; Win64; x64) AppleWebKit/537.36 (KHTML, like Gecko) Chrome/144.0.0.0 Safari/537.36 Edg/144.0.0.0','2026-01-20 02:06:57'),(131,'rahul.verma@corporate.com','ViewPayment','PaymentList',0,'::1','Mozilla/5.0 (Windows NT 10.0; Win64; x64) AppleWebKit/537.36 (KHTML, like Gecko) Chrome/144.0.0.0 Safari/537.36 Edg/144.0.0.0','2026-01-20 02:10:05'),(132,'rahul.verma@corporate.com','','ContractList',0,'::1','Mozilla/5.0 (Windows NT 10.0; Win64; x64) AppleWebKit/537.36 (KHTML, like Gecko) Chrome/144.0.0.0 Safari/537.36 Edg/144.0.0.0','2026-01-20 02:10:07'),(133,'rahul.verma@corporate.com','ViewQuotation','QuotationList',0,'::1','Mozilla/5.0 (Windows NT 10.0; Win64; x64) AppleWebKit/537.36 (KHTML, like Gecko) Chrome/144.0.0.0 Safari/537.36 Edg/144.0.0.0','2026-01-20 02:10:08'),(134,'rahul.verma@corporate.com','','ContractList',0,'::1','Mozilla/5.0 (Windows NT 10.0; Win64; x64) AppleWebKit/537.36 (KHTML, like Gecko) Chrome/144.0.0.0 Safari/537.36 Edg/144.0.0.0','2026-01-20 02:10:12'),(135,'rahul.verma@corporate.com','ViewInvoice','InvoiceList',0,'::1','Mozilla/5.0 (Windows NT 10.0; Win64; x64) AppleWebKit/537.36 (KHTML, like Gecko) Chrome/144.0.0.0 Safari/537.36 Edg/144.0.0.0','2026-01-20 02:10:12'),(136,'rahul.verma@corporate.com','','ContractList',0,'::1','Mozilla/5.0 (Windows NT 10.0; Win64; x64) AppleWebKit/537.36 (KHTML, like Gecko) Chrome/144.0.0.0 Safari/537.36 Edg/144.0.0.0','2026-01-20 02:10:13'),(137,'rahul.verma@corporate.com','ViewProject','ProjectList',0,'::1','Mozilla/5.0 (Windows NT 10.0; Win64; x64) AppleWebKit/537.36 (KHTML, like Gecko) Chrome/144.0.0.0 Safari/537.36 Edg/144.0.0.0','2026-01-20 02:10:14'),(138,'rahul.verma@corporate.com','',NULL,NULL,'::1','Mozilla/5.0 (Windows NT 10.0; Win64; x64) AppleWebKit/537.36 (KHTML, like Gecko) Chrome/144.0.0.0 Safari/537.36 Edg/144.0.0.0','2026-01-20 02:10:14'),(139,'rahul.verma@corporate.com','ViewProject','Project',1,'::1','Mozilla/5.0 (Windows NT 10.0; Win64; x64) AppleWebKit/537.36 (KHTML, like Gecko) Chrome/144.0.0.0 Safari/537.36 Edg/144.0.0.0','2026-01-20 02:11:02'),(140,'rahul.verma@corporate.com','ViewProject','ProjectList',0,'::1','Mozilla/5.0 (Windows NT 10.0; Win64; x64) AppleWebKit/537.36 (KHTML, like Gecko) Chrome/144.0.0.0 Safari/537.36 Edg/144.0.0.0','2026-01-20 02:11:11'),(141,'rahul.verma@corporate.com','ViewProject','ProjectList',0,'::1','Mozilla/5.0 (Windows NT 10.0; Win64; x64) AppleWebKit/537.36 (KHTML, like Gecko) Chrome/144.0.0.0 Safari/537.36 Edg/144.0.0.0','2026-01-20 02:11:12'),(142,'rahul.verma@corporate.com','ViewProject','Project',1,'::1','Mozilla/5.0 (Windows NT 10.0; Win64; x64) AppleWebKit/537.36 (KHTML, like Gecko) Chrome/144.0.0.0 Safari/537.36 Edg/144.0.0.0','2026-01-20 02:11:12'),(143,'rahul.verma@corporate.com','ViewQuotation','QuotationList',0,'::1','Mozilla/5.0 (Windows NT 10.0; Win64; x64) AppleWebKit/537.36 (KHTML, like Gecko) Chrome/144.0.0.0 Safari/537.36 Edg/144.0.0.0','2026-01-20 02:11:15'),(144,'rahul.verma@corporate.com','','ContractList',0,'::1','Mozilla/5.0 (Windows NT 10.0; Win64; x64) AppleWebKit/537.36 (KHTML, like Gecko) Chrome/144.0.0.0 Safari/537.36 Edg/144.0.0.0','2026-01-20 02:11:16'),(145,'rahul.verma@corporate.com','ViewInvoice','InvoiceList',0,'::1','Mozilla/5.0 (Windows NT 10.0; Win64; x64) AppleWebKit/537.36 (KHTML, like Gecko) Chrome/144.0.0.0 Safari/537.36 Edg/144.0.0.0','2026-01-20 02:11:17'),(146,'rahul.verma@corporate.com','ViewPayment','PaymentList',0,'::1','Mozilla/5.0 (Windows NT 10.0; Win64; x64) AppleWebKit/537.36 (KHTML, like Gecko) Chrome/144.0.0.0 Safari/537.36 Edg/144.0.0.0','2026-01-20 02:11:19'),(147,'rahul.verma@corporate.com','',NULL,NULL,'::1','Mozilla/5.0 (Windows NT 10.0; Win64; x64) AppleWebKit/537.36 (KHTML, like Gecko) Chrome/144.0.0.0 Safari/537.36 Edg/144.0.0.0','2026-01-20 02:11:20'),(148,'rahul.verma@corporate.com','','ContractList',0,'::1','Mozilla/5.0 (Windows NT 10.0; Win64; x64) AppleWebKit/537.36 (KHTML, like Gecko) Chrome/144.0.0.0 Safari/537.36 Edg/144.0.0.0','2026-01-20 02:11:24'),(149,'rahul.verma@corporate.com','ViewQuotation','QuotationList',0,'::1','Mozilla/5.0 (Windows NT 10.0; Win64; x64) AppleWebKit/537.36 (KHTML, like Gecko) Chrome/144.0.0.0 Safari/537.36 Edg/144.0.0.0','2026-01-20 02:11:26'),(150,'rahul.verma@corporate.com','ViewQuotation','QuotationList',0,'::1','Mozilla/5.0 (Windows NT 10.0; Win64; x64) AppleWebKit/537.36 (KHTML, like Gecko) Chrome/144.0.0.0 Safari/537.36 Edg/144.0.0.0','2026-01-20 02:11:30');
/*!40000 ALTER TABLE `mx_sky_padel_client_activity` ENABLE KEYS */;
UNLOCK TABLES;

--
-- Table structure for table `mx_sky_padel_client_auth`
--

DROP TABLE IF EXISTS `mx_sky_padel_client_auth`;
/*!40101 SET @saved_cs_client     = @@character_set_client */;
/*!40101 SET character_set_client = utf8 */;
CREATE TABLE `mx_sky_padel_client_auth` (
  `authID` int(11) NOT NULL AUTO_INCREMENT,
  `clientEmail` varchar(150) NOT NULL,
  `passwordHash` varchar(255) DEFAULT NULL,
  `otpCode` varchar(6) DEFAULT NULL,
  `otpExpiry` datetime DEFAULT NULL,
  `lastLogin` datetime DEFAULT NULL,
  `loginAttempts` int(11) DEFAULT 0,
  `isLocked` tinyint(4) DEFAULT 0,
  `authToken` varchar(255) DEFAULT NULL,
  `tokenExpiry` datetime DEFAULT NULL,
  `created` datetime DEFAULT current_timestamp(),
  `modified` datetime DEFAULT NULL ON UPDATE current_timestamp(),
  `status` tinyint(4) DEFAULT 1,
  PRIMARY KEY (`authID`),
  UNIQUE KEY `clientEmail` (`clientEmail`),
  KEY `idx_email` (`clientEmail`),
  KEY `idx_token` (`authToken`)
) ENGINE=InnoDB AUTO_INCREMENT=2 DEFAULT CHARSET=utf8mb4 COLLATE=utf8mb4_unicode_ci;
/*!40101 SET character_set_client = @saved_cs_client */;

--
-- Dumping data for table `mx_sky_padel_client_auth`
--

LOCK TABLES `mx_sky_padel_client_auth` WRITE;
/*!40000 ALTER TABLE `mx_sky_padel_client_auth` DISABLE KEYS */;
INSERT INTO `mx_sky_padel_client_auth` VALUES (1,'rahul.verma@corporate.com',NULL,NULL,NULL,'2026-01-20 02:03:16',0,0,'ec16a576c5fb86214dbe9a6b5dc578c605090d709f9c17e77453dc55ed1eb456','2026-01-20 21:33:16','2025-12-29 20:02:46','2026-01-20 02:03:16',1);
/*!40000 ALTER TABLE `mx_sky_padel_client_auth` ENABLE KEYS */;
UNLOCK TABLES;

--
-- Table structure for table `mx_sky_padel_contract`
--

DROP TABLE IF EXISTS `mx_sky_padel_contract`;
/*!40101 SET @saved_cs_client     = @@character_set_client */;
/*!40101 SET character_set_client = utf8 */;
CREATE TABLE `mx_sky_padel_contract` (
  `contractID` int(11) NOT NULL AUTO_INCREMENT,
  `contractNo` varchar(50) NOT NULL,
  `quotationID` int(11) NOT NULL,
  `leadID` int(11) NOT NULL,
  `clientName` varchar(200) DEFAULT NULL,
  `clientEmail` varchar(200) DEFAULT NULL,
  `clientPhone` varchar(50) DEFAULT NULL,
  `clientAddress` text DEFAULT NULL,
  `contractDate` date NOT NULL,
  `projectDescription` text DEFAULT NULL,
  `courtConfiguration` varchar(100) DEFAULT NULL,
  `contractAmount` decimal(15,2) NOT NULL,
  `advanceAmount` decimal(15,2) DEFAULT NULL,
  `advancePercentage` decimal(5,2) DEFAULT 50.00,
  `termsAndConditions` text DEFAULT NULL,
  `paymentTerms` text DEFAULT NULL,
  `scopeOfWork` text DEFAULT NULL,
  `contractPDF` varchar(500) DEFAULT NULL,
  `signedBy` varchar(200) DEFAULT NULL,
  `signedAt` datetime DEFAULT NULL,
  `signatureIP` varchar(50) DEFAULT NULL,
  `otpCode` varchar(10) DEFAULT NULL,
  `otpSentAt` datetime DEFAULT NULL,
  `otpVerifiedAt` datetime DEFAULT NULL,
  `otpAttempts` int(11) DEFAULT 0,
  `signatureMethod` enum('Basic','OTP-Verified') DEFAULT 'Basic',
  `agreementAccepted` tinyint(4) DEFAULT 0,
  `authorizationAccepted` tinyint(4) DEFAULT 0,
  `contractStatus` enum('Pending Signature','Signed','Cancelled') DEFAULT 'Pending Signature',
  `createdBy` int(11) DEFAULT NULL,
  `created` datetime DEFAULT current_timestamp(),
  `modified` datetime DEFAULT NULL ON UPDATE current_timestamp(),
  `status` tinyint(4) DEFAULT 1,
  PRIMARY KEY (`contractID`),
  UNIQUE KEY `contractNo` (`contractNo`),
  KEY `idx_quotation` (`quotationID`),
  KEY `idx_lead` (`leadID`),
  KEY `idx_status` (`contractStatus`),
  KEY `idx_email` (`clientEmail`)
) ENGINE=InnoDB AUTO_INCREMENT=3 DEFAULT CHARSET=utf8mb4 COLLATE=utf8mb4_unicode_ci;
/*!40101 SET character_set_client = @saved_cs_client */;

--
-- Dumping data for table `mx_sky_padel_contract`
--

LOCK TABLES `mx_sky_padel_contract` WRITE;
/*!40000 ALTER TABLE `mx_sky_padel_contract` DISABLE KEYS */;
INSERT INTO `mx_sky_padel_contract` VALUES (1,'CON-20241229-0001',1,3,'Vikrant Singh','vikrant.singh@yahoo.com','9654321987','123 Green Valley Apartments, Mumbai, Maharashtra','2025-12-29',NULL,'1 Indoor Court - Premium',2578300.00,1289150.00,50.00,'1. DEFINITIONS AND INTERPRETATION\r\n1.1 \"Contractor\" means Sky Padel India, including its authorized representatives and sub-contractors.\r\n1.2 \"Client\" means the party entering into this contract for the installation of padel court facilities.\r\n1.3 \"Work\" means the supply, installation, and commissioning of padel court(s) as per the agreed specifications.\r\n1.4 \"Site\" means the location where the padel court installation is to be performed.\r\n1.5 \"Contract Price\" means the total amount payable as specified in this contract.\r\n\r\n2. SCOPE OF WORK\r\n2.1 The Contractor shall supply all materials, labor, equipment, and services necessary for the complete installation of the padel court(s) as per the specifications provided.\r\n2.2 The scope includes but is not limited to: site preparation (if included), structural framework, glass panels, artificial turf, lighting system (if included), drainage system, and all necessary accessories.\r\n2.3 Any work not explicitly mentioned in the quotation shall be considered as additional work and will be charged separately.\r\n\r\n3. CLIENT OBLIGATIONS\r\n3.1 The Client shall provide unobstructed access to the Site during working hours.\r\n3.2 The Client shall ensure availability of water and electricity connections at the Site at their own cost.\r\n3.3 The Client shall obtain all necessary permits, licenses, and approvals required for the installation.\r\n3.4 The Client shall ensure the Site is clear of any obstructions, debris, or hazardous materials.\r\n3.5 The Client shall designate a representative authorized to make decisions on their behalf during the installation.\r\n\r\n4. TIMELINE AND DELAYS\r\n4.1 The estimated timeline for completion shall be communicated separately and is subject to Site conditions.\r\n4.2 The Contractor shall not be liable for delays caused by: force majeure events, weather conditions, Client-caused delays, permit delays, or changes in scope requested by the Client.\r\n4.3 Any delay caused by the Client may result in additional charges and extension of the completion timeline.\r\n\r\n5. VARIATIONS AND CHANGES\r\n5.1 Any variation or change to the scope of work must be agreed upon in writing by both parties.\r\n5.2 Variations may affect the Contract Price and completion timeline.\r\n5.3 The Contractor reserves the right to make minor modifications to specifications if necessary for technical or safety reasons, without affecting the overall quality.\r\n\r\n6. QUALITY AND MATERIALS\r\n6.1 All materials used shall meet or exceed industry standards for padel court construction.\r\n6.2 The Contractor guarantees the quality of workmanship for a period specified in the warranty section.\r\n6.3 Material specifications may vary slightly based on availability, but equivalent quality materials will be used.\r\n\r\n7. INSPECTION AND ACCEPTANCE\r\n7.1 The Client or their representative shall inspect the completed work within 7 days of completion notification.\r\n7.2 Any defects or non-conformities must be reported in writing within this period.\r\n7.3 Failure to report defects within the specified period shall constitute acceptance of the work.\r\n\r\n8. WARRANTY\r\n8.1 Structural framework: 5 years warranty against manufacturing defects.\r\n8.2 Glass panels: 2 years warranty against defects (excluding damage from impact or misuse).\r\n8.3 Artificial turf: 5 years warranty on material, 2 years on installation.\r\n8.4 Lighting system (if included): 2 years warranty on fixtures, subject to manufacturer\'s terms.\r\n8.5 Warranty does not cover: damage due to misuse, negligence, unauthorized modifications, natural disasters, or normal wear and tear.\r\n8.6 Warranty claims must be submitted in writing with photographic evidence.\r\n\r\n9. LIABILITY AND INDEMNIFICATION\r\n9.1 The Contractor\'s total liability under this contract shall not exceed the Contract Price.\r\n9.2 The Contractor shall not be liable for any indirect, consequential, or incidental damages.\r\n9.3 The Client shall indemnify the Contractor against any claims arising from the Client\'s failure to obtain necessary permits or approvals.\r\n\r\n10. INSURANCE\r\n10.1 The Contractor shall maintain adequate insurance coverage during the installation period.\r\n10.2 The Client is advised to obtain appropriate insurance for the completed installation.\r\n\r\n11. INTELLECTUAL PROPERTY\r\n11.1 All designs, drawings, and specifications provided by the Contractor remain their intellectual property.\r\n11.2 The Client may not reproduce or share these materials without prior written consent.\r\n\r\n12. CONFIDENTIALITY\r\n12.1 Both parties agree to keep confidential any proprietary information shared during the course of this contract.\r\n\r\n13. TERMINATION\r\n13.1 Either party may terminate this contract with 30 days written notice.\r\n13.2 In case of termination by the Client, payments made shall be non-refundable and payment for work completed shall be due.\r\n13.3 The Contractor may terminate immediately if payments are overdue by more than 30 days.\r\n\r\n14. DISPUTE RESOLUTION\r\n14.1 Any disputes shall first be attempted to be resolved through mutual negotiation.\r\n14.2 If negotiation fails, disputes shall be referred to arbitration in accordance with the Arbitration and Conciliation Act, 1996.\r\n14.3 The seat of arbitration shall be Mumbai, Maharashtra.\r\n14.4 The language of arbitration shall be English.\r\n\r\n15. GOVERNING LAW\r\n15.1 This contract shall be governed by and construed in accordance with the laws of India.\r\n15.2 The courts in Mumbai shall have exclusive jurisdiction over any legal proceedings.\r\n\r\n16. FORCE MAJEURE\r\n16.1 Neither party shall be liable for failure to perform due to causes beyond their reasonable control, including but not limited to: natural disasters, war, terrorism, government actions, pandemics, or civil unrest.\r\n16.2 The affected party shall notify the other party promptly and take reasonable steps to mitigate the effects.\r\n\r\n17. ENTIRE AGREEMENT\r\n17.1 This contract, along with the quotation and any annexures, constitutes the entire agreement between the parties.\r\n17.2 No oral agreements or representations shall be binding unless incorporated into this contract in writing.\r\n\r\n18. AMENDMENTS\r\n18.1 Any amendments to this contract must be made in writing and signed by both parties.\r\n\r\n19. SEVERABILITY\r\n19.1 If any provision of this contract is found to be invalid or unenforceable, the remaining provisions shall continue in full force and effect.\r\n\r\n20. NOTICES\r\n20.1 All notices under this contract shall be in writing and delivered by email, registered post, or courier to the addresses specified herein.\r\n20.2 Notices shall be deemed delivered: immediately if by email (with confirmation), 3 days after posting if by registered post, or upon receipt if by courier.','PAYMENT TERMS AND CONDITIONS\r\n\r\n1. PAYMENT SCHEDULE\r\n   Payments shall be made as per the milestone schedule specified in this contract.\r\n\r\n2. PAYMENT METHODS\r\n   - Bank Transfer (NEFT/RTGS/IMPS) to the account specified in the invoice\r\n   - Cheque payable to \"Sky Padel India\" (subject to clearance)\r\n   - UPI payments accepted for amounts up to Rs. 1,00,000\r\n\r\n3. ADVANCE PAYMENT\r\n   - The advance payment (as specified) is required to confirm the order and commence material procurement.\r\n   - Work shall commence only after receipt of the advance payment.\r\n   - Advance payment is non-refundable once material procurement has begun.\r\n\r\n4. MILESTONE PAYMENTS\r\n   - Each milestone payment is due within 7 days of milestone completion notification.\r\n   - Milestone completion shall be communicated via email with supporting documentation/photographs.\r\n   - Inspection by the Client shall be completed within 3 days of notification.\r\n\r\n5. FINAL PAYMENT\r\n   - The final payment is due upon completion and handover of the project.\r\n   - Final payment must be cleared before handover of the completed facility.\r\n\r\n6. LATE PAYMENT\r\n   - Payments overdue by more than 7 days shall attract interest at 1.5% per month.\r\n   - Work may be suspended if payments are overdue by more than 15 days.\r\n   - The Contractor reserves the right to withdraw from the project if payments are overdue by more than 30 days.\r\n\r\n7. TAXES\r\n   - All prices are exclusive of GST unless otherwise specified.\r\n   - GST at the applicable rate shall be charged on all invoices.\r\n   - Any changes in tax rates after quotation shall be borne by the Client.\r\n\r\n8. PRICE VALIDITY\r\n   - The Contract Price is valid for 30 days from the date of this contract.\r\n   - Prices may be revised if there are significant changes in material costs or exchange rates.\r\n\r\n9. REFUND POLICY\r\n   - Advance payments are non-refundable once material procurement has commenced.\r\n   - In case of project cancellation by the Client, charges shall apply based on work completed.\r\n   - Refunds, if applicable, shall be processed within 30 working days.\r\n\r\n10. BANK DETAILS\r\n    Account Name: Sky Padel India\r\n    Bank: [Bank Name]\r\n    Account No: [Account Number]\r\n    IFSC Code: [IFSC Code]\r\n    Branch: [Branch Name]','Complete design, supply, and installation of premium padel court facility including:\n\n1. CIVIL WORKS\n- Site preparation and leveling as per court dimensions\n- Foundation work with proper drainage system\n- Perimeter concrete works\n\n2. STRUCTURAL FRAMEWORK\n- Hot-dip galvanized steel structure conforming to international padel standards\n- All bolts, nuts, and fasteners in stainless steel grade\n- Powder coating in specified color\n\n3. GLASS PANELS\n- 12mm tempered safety glass for back walls\n- 10mm tempered safety glass for side walls (optional areas)\n- All glass panels meeting EN12150 safety standards\n\n4. PLAYING SURFACE\n- Premium artificial turf specifically designed for padel\n- Infill sand as per manufacturer specifications\n- White line markings as per padel court regulations\n\n5. LIGHTING SYSTEM\n- LED floodlights with minimum 400 lux average illumination\n- Mounting brackets and electrical works\n- Control panel with timer facility\n\n6. ACCESSORIES\n- Premium quality net with tension adjustment system\n- Entry gates with self-closing mechanism\n- Net posts as per regulations\n\n7. INSTALLATION & COMMISSIONING\n- Complete installation by trained technicians\n- Final inspection and testing\n- Handover documentation and warranty cards',NULL,NULL,NULL,NULL,NULL,NULL,NULL,0,'Basic',0,0,'Pending Signature',NULL,'2025-12-29 23:36:05','2025-12-29 23:49:58',1),(2,'CON-20241229-0002',3,2,'Meera Kapoor','meera.k@outlook.com','9765432198','78 Sports Complex, Koregaon Park, Pune, Maharashtra','2025-12-29',NULL,'4 Outdoor Covered Courts - Academy Package',8684800.00,4342400.00,50.00,'1. DEFINITIONS AND INTERPRETATION\r\n1.1 \"Contractor\" means Sky Padel India, including its authorized representatives and sub-contractors.\r\n1.2 \"Client\" means the party entering into this contract for the installation of padel court facilities.\r\n1.3 \"Work\" means the supply, installation, and commissioning of padel court(s) as per the agreed specifications.\r\n1.4 \"Site\" means the location where the padel court installation is to be performed.\r\n1.5 \"Contract Price\" means the total amount payable as specified in this contract.\r\n\r\n2. SCOPE OF WORK\r\n2.1 The Contractor shall supply all materials, labor, equipment, and services necessary for the complete installation of the padel court(s) as per the specifications provided.\r\n2.2 The scope includes but is not limited to: site preparation (if included), structural framework, glass panels, artificial turf, lighting system (if included), drainage system, and all necessary accessories.\r\n2.3 Any work not explicitly mentioned in the quotation shall be considered as additional work and will be charged separately.\r\n\r\n3. CLIENT OBLIGATIONS\r\n3.1 The Client shall provide unobstructed access to the Site during working hours.\r\n3.2 The Client shall ensure availability of water and electricity connections at the Site at their own cost.\r\n3.3 The Client shall obtain all necessary permits, licenses, and approvals required for the installation.\r\n3.4 The Client shall ensure the Site is clear of any obstructions, debris, or hazardous materials.\r\n3.5 The Client shall designate a representative authorized to make decisions on their behalf during the installation.\r\n\r\n4. TIMELINE AND DELAYS\r\n4.1 The estimated timeline for completion shall be communicated separately and is subject to Site conditions.\r\n4.2 The Contractor shall not be liable for delays caused by: force majeure events, weather conditions, Client-caused delays, permit delays, or changes in scope requested by the Client.\r\n4.3 Any delay caused by the Client may result in additional charges and extension of the completion timeline.\r\n\r\n5. VARIATIONS AND CHANGES\r\n5.1 Any variation or change to the scope of work must be agreed upon in writing by both parties.\r\n5.2 Variations may affect the Contract Price and completion timeline.\r\n5.3 The Contractor reserves the right to make minor modifications to specifications if necessary for technical or safety reasons, without affecting the overall quality.\r\n\r\n6. QUALITY AND MATERIALS\r\n6.1 All materials used shall meet or exceed industry standards for padel court construction.\r\n6.2 The Contractor guarantees the quality of workmanship for a period specified in the warranty section.\r\n6.3 Material specifications may vary slightly based on availability, but equivalent quality materials will be used.\r\n\r\n7. INSPECTION AND ACCEPTANCE\r\n7.1 The Client or their representative shall inspect the completed work within 7 days of completion notification.\r\n7.2 Any defects or non-conformities must be reported in writing within this period.\r\n7.3 Failure to report defects within the specified period shall constitute acceptance of the work.\r\n\r\n8. WARRANTY\r\n8.1 Structural framework: 5 years warranty against manufacturing defects.\r\n8.2 Glass panels: 2 years warranty against defects (excluding damage from impact or misuse).\r\n8.3 Artificial turf: 5 years warranty on material, 2 years on installation.\r\n8.4 Lighting system (if included): 2 years warranty on fixtures, subject to manufacturer\'s terms.\r\n8.5 Warranty does not cover: damage due to misuse, negligence, unauthorized modifications, natural disasters, or normal wear and tear.\r\n8.6 Warranty claims must be submitted in writing with photographic evidence.\r\n\r\n9. LIABILITY AND INDEMNIFICATION\r\n9.1 The Contractor\'s total liability under this contract shall not exceed the Contract Price.\r\n9.2 The Contractor shall not be liable for any indirect, consequential, or incidental damages.\r\n9.3 The Client shall indemnify the Contractor against any claims arising from the Client\'s failure to obtain necessary permits or approvals.\r\n\r\n10. INSURANCE\r\n10.1 The Contractor shall maintain adequate insurance coverage during the installation period.\r\n10.2 The Client is advised to obtain appropriate insurance for the completed installation.\r\n\r\n11. INTELLECTUAL PROPERTY\r\n11.1 All designs, drawings, and specifications provided by the Contractor remain their intellectual property.\r\n11.2 The Client may not reproduce or share these materials without prior written consent.\r\n\r\n12. CONFIDENTIALITY\r\n12.1 Both parties agree to keep confidential any proprietary information shared during the course of this contract.\r\n\r\n13. TERMINATION\r\n13.1 Either party may terminate this contract with 30 days written notice.\r\n13.2 In case of termination by the Client, payments made shall be non-refundable and payment for work completed shall be due.\r\n13.3 The Contractor may terminate immediately if payments are overdue by more than 30 days.\r\n\r\n14. DISPUTE RESOLUTION\r\n14.1 Any disputes shall first be attempted to be resolved through mutual negotiation.\r\n14.2 If negotiation fails, disputes shall be referred to arbitration in accordance with the Arbitration and Conciliation Act, 1996.\r\n14.3 The seat of arbitration shall be Mumbai, Maharashtra.\r\n14.4 The language of arbitration shall be English.\r\n\r\n15. GOVERNING LAW\r\n15.1 This contract shall be governed by and construed in accordance with the laws of India.\r\n15.2 The courts in Mumbai shall have exclusive jurisdiction over any legal proceedings.\r\n\r\n16. FORCE MAJEURE\r\n16.1 Neither party shall be liable for failure to perform due to causes beyond their reasonable control, including but not limited to: natural disasters, war, terrorism, government actions, pandemics, or civil unrest.\r\n16.2 The affected party shall notify the other party promptly and take reasonable steps to mitigate the effects.\r\n\r\n17. ENTIRE AGREEMENT\r\n17.1 This contract, along with the quotation and any annexures, constitutes the entire agreement between the parties.\r\n17.2 No oral agreements or representations shall be binding unless incorporated into this contract in writing.\r\n\r\n18. AMENDMENTS\r\n18.1 Any amendments to this contract must be made in writing and signed by both parties.\r\n\r\n19. SEVERABILITY\r\n19.1 If any provision of this contract is found to be invalid or unenforceable, the remaining provisions shall continue in full force and effect.\r\n\r\n20. NOTICES\r\n20.1 All notices under this contract shall be in writing and delivered by email, registered post, or courier to the addresses specified herein.\r\n20.2 Notices shall be deemed delivered: immediately if by email (with confirmation), 3 days after posting if by registered post, or upon receipt if by courier.','PAYMENT TERMS AND CONDITIONS\r\n\r\n1. PAYMENT SCHEDULE\r\n   Payments shall be made as per the milestone schedule specified in this contract.\r\n\r\n2. PAYMENT METHODS\r\n   - Bank Transfer (NEFT/RTGS/IMPS) to the account specified in the invoice\r\n   - Cheque payable to \"Sky Padel India\" (subject to clearance)\r\n   - UPI payments accepted for amounts up to Rs. 1,00,000\r\n\r\n3. ADVANCE PAYMENT\r\n   - The advance payment (as specified) is required to confirm the order and commence material procurement.\r\n   - Work shall commence only after receipt of the advance payment.\r\n   - Advance payment is non-refundable once material procurement has begun.\r\n\r\n4. MILESTONE PAYMENTS\r\n   - Each milestone payment is due within 7 days of milestone completion notification.\r\n   - Milestone completion shall be communicated via email with supporting documentation/photographs.\r\n   - Inspection by the Client shall be completed within 3 days of notification.\r\n\r\n5. FINAL PAYMENT\r\n   - The final payment is due upon completion and handover of the project.\r\n   - Final payment must be cleared before handover of the completed facility.\r\n\r\n6. LATE PAYMENT\r\n   - Payments overdue by more than 7 days shall attract interest at 1.5% per month.\r\n   - Work may be suspended if payments are overdue by more than 15 days.\r\n   - The Contractor reserves the right to withdraw from the project if payments are overdue by more than 30 days.\r\n\r\n7. TAXES\r\n   - All prices are exclusive of GST unless otherwise specified.\r\n   - GST at the applicable rate shall be charged on all invoices.\r\n   - Any changes in tax rates after quotation shall be borne by the Client.\r\n\r\n8. PRICE VALIDITY\r\n   - The Contract Price is valid for 30 days from the date of this contract.\r\n   - Prices may be revised if there are significant changes in material costs or exchange rates.\r\n\r\n9. REFUND POLICY\r\n   - Advance payments are non-refundable once material procurement has commenced.\r\n   - In case of project cancellation by the Client, charges shall apply based on work completed.\r\n   - Refunds, if applicable, shall be processed within 30 working days.\r\n\r\n10. BANK DETAILS\r\n    Account Name: Sky Padel India\r\n    Bank: [Bank Name]\r\n    Account No: [Account Number]\r\n    IFSC Code: [IFSC Code]\r\n    Branch: [Branch Name]','Complete design, supply, and installation of premium padel court facility including:\n\n1. CIVIL WORKS\n- Site preparation and leveling as per court dimensions\n- Foundation work with proper drainage system\n- Perimeter concrete works\n\n2. STRUCTURAL FRAMEWORK\n- Hot-dip galvanized steel structure conforming to international padel standards\n- All bolts, nuts, and fasteners in stainless steel grade\n- Powder coating in specified color\n\n3. GLASS PANELS\n- 12mm tempered safety glass for back walls\n- 10mm tempered safety glass for side walls (optional areas)\n- All glass panels meeting EN12150 safety standards\n\n4. PLAYING SURFACE\n- Premium artificial turf specifically designed for padel\n- Infill sand as per manufacturer specifications\n- White line markings as per padel court regulations\n\n5. LIGHTING SYSTEM\n- LED floodlights with minimum 400 lux average illumination\n- Mounting brackets and electrical works\n- Control panel with timer facility\n\n6. ACCESSORIES\n- Premium quality net with tension adjustment system\n- Entry gates with self-closing mechanism\n- Net posts as per regulations\n\n7. INSTALLATION & COMMISSIONING\n- Complete installation by trained technicians\n- Final inspection and testing\n- Handover documentation and warranty cards',NULL,'Meera Kapoor','2025-12-29 23:36:30','192.168.1.100',NULL,NULL,NULL,0,'Basic',0,0,'Signed',NULL,'2025-12-29 23:36:30','2025-12-29 23:49:58',1);
/*!40000 ALTER TABLE `mx_sky_padel_contract` ENABLE KEYS */;
UNLOCK TABLES;

--
-- Table structure for table `mx_sky_padel_contract_milestone`
--

DROP TABLE IF EXISTS `mx_sky_padel_contract_milestone`;
/*!40101 SET @saved_cs_client     = @@character_set_client */;
/*!40101 SET character_set_client = utf8 */;
CREATE TABLE `mx_sky_padel_contract_milestone` (
  `milestoneID` int(11) NOT NULL AUTO_INCREMENT,
  `contractID` int(11) NOT NULL,
  `milestoneName` varchar(200) DEFAULT NULL,
  `milestoneDescription` text DEFAULT NULL,
  `paymentPercentage` decimal(5,2) DEFAULT NULL,
  `paymentAmount` decimal(15,2) DEFAULT NULL,
  `dueAfterDays` int(11) DEFAULT 0,
  `sortOrder` int(11) DEFAULT 0,
  `status` tinyint(4) DEFAULT 1,
  PRIMARY KEY (`milestoneID`),
  KEY `contractID` (`contractID`),
  CONSTRAINT `mx_sky_padel_contract_milestone_ibfk_1` FOREIGN KEY (`contractID`) REFERENCES `mx_sky_padel_contract` (`contractID`) ON DELETE CASCADE
) ENGINE=InnoDB AUTO_INCREMENT=4 DEFAULT CHARSET=utf8mb4 COLLATE=utf8mb4_unicode_ci;
/*!40101 SET character_set_client = @saved_cs_client */;

--
-- Dumping data for table `mx_sky_padel_contract_milestone`
--

LOCK TABLES `mx_sky_padel_contract_milestone` WRITE;
/*!40000 ALTER TABLE `mx_sky_padel_contract_milestone` DISABLE KEYS */;
INSERT INTO `mx_sky_padel_contract_milestone` VALUES (1,1,'Advance Payment','Initial payment on contract signing',50.00,1289150.00,0,1,1),(2,1,'Material Delivery','Payment after materials delivered to site',30.00,773490.00,30,2,1),(3,1,'Installation Complete','Final payment after installation',20.00,515660.00,60,3,1);
/*!40000 ALTER TABLE `mx_sky_padel_contract_milestone` ENABLE KEYS */;
UNLOCK TABLES;

--
-- Table structure for table `mx_sky_padel_lead`
--

DROP TABLE IF EXISTS `mx_sky_padel_lead`;
/*!40101 SET @saved_cs_client     = @@character_set_client */;
/*!40101 SET character_set_client = utf8 */;
CREATE TABLE `mx_sky_padel_lead` (
  `leadID` int(11) NOT NULL AUTO_INCREMENT,
  `leadNo` varchar(50) NOT NULL,
  `leadDate` date NOT NULL,
  `clientName` varchar(200) NOT NULL,
  `clientEmail` varchar(150) DEFAULT NULL,
  `clientPhone` varchar(20) NOT NULL,
  `clientCompany` varchar(200) DEFAULT NULL,
  `siteAddress` text DEFAULT NULL,
  `siteCity` varchar(100) DEFAULT NULL,
  `siteState` varchar(100) DEFAULT NULL,
  `pincode` varchar(20) DEFAULT NULL,
  `courtRequirement` varchar(100) DEFAULT NULL,
  `estimatedBudget` decimal(15,2) DEFAULT NULL,
  `leadSource` varchar(100) DEFAULT NULL,
  `assignedTo` int(11) DEFAULT NULL,
  `leadStatus` enum('New','Contacted','Site Visit Scheduled','Site Visit Done','Quotation Sent','Quotation Approved','Quotation Rejected','Revision in Progress','Converted','Lost') DEFAULT 'New',
  `notes` text DEFAULT NULL,
  `status` tinyint(4) DEFAULT 1,
  `created` datetime DEFAULT current_timestamp(),
  `modified` datetime DEFAULT NULL ON UPDATE current_timestamp(),
  PRIMARY KEY (`leadID`),
  UNIQUE KEY `leadNo` (`leadNo`),
  KEY `idx_status` (`leadStatus`),
  KEY `idx_assigned` (`assignedTo`)
) ENGINE=InnoDB AUTO_INCREMENT=9 DEFAULT CHARSET=utf8mb4 COLLATE=utf8mb4_general_ci;
/*!40101 SET character_set_client = @saved_cs_client */;

--
-- Dumping data for table `mx_sky_padel_lead`
--

LOCK TABLES `mx_sky_padel_lead` WRITE;
/*!40000 ALTER TABLE `mx_sky_padel_lead` DISABLE KEYS */;
INSERT INTO `mx_sky_padel_lead` VALUES (1,'LEAD-20241201-1001','2024-12-01','Arjun Reddy','arjun.reddy@gmail.com','9876543211','Reddy Estates Pvt Ltd','45 IT Park Road, Whitefield','Bangalore','Karnataka','560066','2 Indoor Courts',4500000.00,'Website',1,'New','Interested in setting up padel courts in corporate campus',1,'2025-12-24 03:39:26',NULL),(2,'LEAD-20241202-1002','2024-12-02','Meera Kapoor','meera.k@outlook.com','9765432198','Kapoor Sports Academy','78 Sports Complex, Koregaon Park','Pune','Maharashtra','411001','4 Outdoor Courts',8500000.00,'Referral',1,'Quotation Approved','Sports academy expansion project',1,'2025-12-24 03:39:26','2025-12-24 22:49:13'),(3,'LEAD-20241203-1003','2024-12-03','Vikrant Singh','vikrant.singh@yahoo.com','9654321987','Singh Developers','123 Green Valley Apartments','Mumbai','Maharashtra','400076','1 Indoor Court',2500000.00,'Cold Call',1,'Quotation Approved','Residential complex amenity',1,'2025-12-24 03:39:26','2025-12-24 23:01:32'),(4,'LEAD-20241204-1004','2024-12-04','Priyanka Sharma','priyanka.s@gmail.com','9543219876','Club Mahindra','456 Beach Resort Road','Goa','Goa','403516','3 Outdoor Courts',6000000.00,'Trade Show',1,'Site Visit Done','Beach resort padel court installation',1,'2025-12-24 03:39:26',NULL),(5,'LEAD-20241205-1005','2024-12-05','Rahul Verma','rahul.verma@corporate.com','9432198765','TechCorp India','789 Tech Hub, Cyber City','Gurugram','Haryana','122002','2 Indoor Courts',5000000.00,'LinkedIn',1,'Converted','Corporate wellness initiative - converted to project',1,'2025-12-24 03:39:26',NULL),(6,'LEAD-20241206-1006','2024-12-06','Sneha Patel','sneha.p@gmail.com','9321987654','Fitness First Gym','234 Fitness Street','Ahmedabad','Gujarat','380015','1 Indoor Court',2000000.00,'Social Media',1,'New','Gym adding padel facility',1,'2025-12-24 03:39:26',NULL),(7,'LEAD-20241207-1007','2024-12-07','Aditya Nair','aditya.nair@gmail.com','9219876543','Kerala Sports Club','567 Club Road, MG Road','Kochi','Kerala','682016','2 Outdoor Courts',4000000.00,'Website',1,'Contacted','Sports club expansion',1,'2025-12-24 03:39:26',NULL),(8,'LEAD-20241208-1008','2024-12-08','Kavitha Rao','kavitha.rao@yahoo.com','9198765432','Rao Properties','890 Business Park','Hyderabad','Telangana','500081','3 Indoor Courts',7000000.00,'Referral',1,'Site Visit Scheduled','Commercial complex with sports amenities',1,'2025-12-24 03:39:26',NULL);
/*!40000 ALTER TABLE `mx_sky_padel_lead` ENABLE KEYS */;
UNLOCK TABLES;

--
-- Table structure for table `mx_sky_padel_milestone`
--

DROP TABLE IF EXISTS `mx_sky_padel_milestone`;
/*!40101 SET @saved_cs_client     = @@character_set_client */;
/*!40101 SET character_set_client = utf8 */;
CREATE TABLE `mx_sky_padel_milestone` (
  `milestoneID` int(11) NOT NULL AUTO_INCREMENT,
  `projectID` int(11) NOT NULL,
  `milestoneName` varchar(255) NOT NULL,
  `milestoneDescription` text DEFAULT NULL,
  `dueDate` date DEFAULT NULL,
  `completedDate` date DEFAULT NULL,
  `milestoneOrder` int(11) DEFAULT 0,
  `milestoneStatus` enum('Pending','InProgress','Completed','Delayed') DEFAULT 'Pending',
  `notes` text DEFAULT NULL,
  `createdBy` int(11) DEFAULT NULL,
  `created` datetime DEFAULT current_timestamp(),
  `modified` datetime DEFAULT NULL ON UPDATE current_timestamp(),
  `status` tinyint(4) DEFAULT 1,
  PRIMARY KEY (`milestoneID`),
  KEY `idx_project` (`projectID`),
  KEY `idx_status` (`milestoneStatus`)
) ENGINE=InnoDB AUTO_INCREMENT=7 DEFAULT CHARSET=utf8mb4 COLLATE=utf8mb4_unicode_ci;
/*!40101 SET character_set_client = @saved_cs_client */;

--
-- Dumping data for table `mx_sky_padel_milestone`
--

LOCK TABLES `mx_sky_padel_milestone` WRITE;
/*!40000 ALTER TABLE `mx_sky_padel_milestone` DISABLE KEYS */;
INSERT INTO `mx_sky_padel_milestone` VALUES (1,1,'Site Survey & Assessment','Complete site survey and assessment report','2024-12-20','2024-12-18',1,'Completed',NULL,NULL,'2025-12-29 20:07:35',NULL,1),(2,1,'Design Approval','Client approval on court design and layout','2024-12-25','2024-12-24',2,'Completed',NULL,NULL,'2025-12-29 20:07:35',NULL,1),(3,1,'Foundation Work','Complete foundation and base preparation','2025-01-10',NULL,3,'InProgress',NULL,NULL,'2025-12-29 20:07:35',NULL,1),(4,1,'Court Installation','Install padel court structure and glass walls','2025-01-25',NULL,4,'Pending',NULL,NULL,'2025-12-29 20:07:35',NULL,1),(5,1,'Lighting & Electrical','Install court lighting and electrical systems','2025-02-05',NULL,5,'Pending',NULL,NULL,'2025-12-29 20:07:35',NULL,1),(6,1,'Final Inspection','Quality check and handover','2025-02-15',NULL,6,'Pending',NULL,NULL,'2025-12-29 20:07:35',NULL,1);
/*!40000 ALTER TABLE `mx_sky_padel_milestone` ENABLE KEYS */;
UNLOCK TABLES;

--
-- Table structure for table `mx_sky_padel_payment`
--

DROP TABLE IF EXISTS `mx_sky_padel_payment`;
/*!40101 SET @saved_cs_client     = @@character_set_client */;
/*!40101 SET character_set_client = utf8 */;
CREATE TABLE `mx_sky_padel_payment` (
  `paymentID` int(11) NOT NULL AUTO_INCREMENT,
  `paymentNo` varchar(50) NOT NULL,
  `projectID` int(11) NOT NULL,
  `quotationID` int(11) DEFAULT NULL,
  `paymentType` enum('Advance','Milestone','Final','Additional') NOT NULL,
  `milestoneID` int(11) DEFAULT NULL,
  `dueDate` date DEFAULT NULL,
  `paymentDate` date DEFAULT NULL,
  `dueAmount` decimal(15,2) NOT NULL,
  `paidAmount` decimal(15,2) DEFAULT 0.00,
  `balanceAmount` decimal(15,2) DEFAULT 0.00,
  `paymentMethod` enum('Cash','Cheque','NEFT','RTGS','UPI','Card') DEFAULT NULL,
  `transactionID` varchar(100) DEFAULT NULL,
  `referenceNo` varchar(100) DEFAULT NULL,
  `paymentStatus` enum('Pending','Partial','Paid','Overdue') DEFAULT 'Pending',
  `receiptNo` varchar(50) DEFAULT NULL,
  `receiptFile` varchar(255) DEFAULT NULL,
  `notes` text DEFAULT NULL,
  `status` tinyint(4) DEFAULT 1,
  `created` datetime DEFAULT current_timestamp(),
  PRIMARY KEY (`paymentID`),
  UNIQUE KEY `paymentNo` (`paymentNo`),
  KEY `idx_status` (`paymentStatus`),
  KEY `idx_type` (`paymentType`)
) ENGINE=InnoDB AUTO_INCREMENT=6 DEFAULT CHARSET=utf8mb4 COLLATE=utf8mb4_general_ci;
/*!40101 SET character_set_client = @saved_cs_client */;

--
-- Dumping data for table `mx_sky_padel_payment`
--

LOCK TABLES `mx_sky_padel_payment` WRITE;
/*!40000 ALTER TABLE `mx_sky_padel_payment` DISABLE KEYS */;
INSERT INTO `mx_sky_padel_payment` VALUES (1,'PAY-2024-001',1,2,'Advance',NULL,'2024-12-15','2024-12-15',1880000.00,1880000.00,0.00,'NEFT','NEFT123456789','REF-TEC-001','Paid','RCP-2024-001',NULL,'Advance payment - 40% of contract value',1,'2025-12-24 03:39:27'),(2,'PAY-2024-002',2,1,'Advance',NULL,'2024-12-20','2024-12-18',1225000.00,1225000.00,0.00,'Cheque','CHQ987654','REF-SIN-001','Paid','RCP-2024-002',NULL,'Advance payment - 50% of contract value',1,'2025-12-24 03:39:27'),(3,'PAY-2024-003',1,2,'Milestone',1,'2024-12-30','2024-12-28',940000.00,940000.00,0.00,'NEFT','NEFT987654321','REF-TEC-002','Paid','RCP-2024-003',NULL,'First milestone payment - Foundation complete',1,'2025-12-24 03:39:27'),(4,'PAY-2024-004',1,2,'Milestone',2,'2025-01-30',NULL,940000.00,0.00,940000.00,NULL,NULL,NULL,'Pending',NULL,NULL,'Second milestone - Structure',1,'2025-12-24 03:39:27'),(5,'PAY-2024-005',1,2,'Final',NULL,'2025-03-15',NULL,940000.00,0.00,940000.00,NULL,NULL,NULL,'Pending',NULL,NULL,'Final payment on completion',1,'2025-12-24 03:39:27');
/*!40000 ALTER TABLE `mx_sky_padel_payment` ENABLE KEYS */;
UNLOCK TABLES;

--
-- Table structure for table `mx_sky_padel_proforma_invoice`
--

DROP TABLE IF EXISTS `mx_sky_padel_proforma_invoice`;
/*!40101 SET @saved_cs_client     = @@character_set_client */;
/*!40101 SET character_set_client = utf8 */;
CREATE TABLE `mx_sky_padel_proforma_invoice` (
  `proformaID` int(11) NOT NULL AUTO_INCREMENT,
  `proformaNo` varchar(50) NOT NULL,
  `quotationID` int(11) NOT NULL,
  `leadID` int(11) NOT NULL,
  `projectID` int(11) DEFAULT NULL,
  `clientName` varchar(200) DEFAULT NULL,
  `clientEmail` varchar(150) DEFAULT NULL,
  `clientPhone` varchar(20) DEFAULT NULL,
  `clientCompany` varchar(200) DEFAULT NULL,
  `clientAddress` text DEFAULT NULL,
  `clientCity` varchar(100) DEFAULT NULL,
  `clientState` varchar(100) DEFAULT NULL,
  `clientPincode` varchar(20) DEFAULT NULL,
  `clientGSTIN` varchar(50) DEFAULT NULL,
  `invoiceDate` date NOT NULL,
  `validUntil` date DEFAULT NULL,
  `courtConfiguration` varchar(100) DEFAULT NULL,
  `scopeOfWork` text DEFAULT NULL,
  `subtotal` decimal(15,2) DEFAULT 0.00,
  `discountAmount` decimal(15,2) DEFAULT 0.00,
  `taxableAmount` decimal(15,2) DEFAULT 0.00,
  `cgstRate` decimal(5,2) DEFAULT 9.00,
  `cgstAmount` decimal(15,2) DEFAULT 0.00,
  `sgstRate` decimal(5,2) DEFAULT 9.00,
  `sgstAmount` decimal(15,2) DEFAULT 0.00,
  `totalTaxAmount` decimal(15,2) DEFAULT 0.00,
  `totalAmount` decimal(15,2) NOT NULL,
  `amountInWords` varchar(500) DEFAULT NULL,
  `paymentTerms` text DEFAULT NULL,
  `bankDetails` text DEFAULT NULL,
  `termsAndConditions` text DEFAULT NULL,
  `notes` text DEFAULT NULL,
  `invoiceStatus` enum('Generated','Sent','Acknowledged','Partial Payment','Paid','Cancelled') DEFAULT 'Generated',
  `sentDate` datetime DEFAULT NULL,
  `acknowledgedDate` datetime DEFAULT NULL,
  `generatedBy` int(11) DEFAULT NULL,
  `status` tinyint(4) DEFAULT 1,
  `created` datetime DEFAULT current_timestamp(),
  `modified` datetime DEFAULT NULL ON UPDATE current_timestamp(),
  PRIMARY KEY (`proformaID`),
  UNIQUE KEY `proformaNo` (`proformaNo`),
  KEY `idx_status` (`invoiceStatus`),
  KEY `idx_quotation` (`quotationID`),
  KEY `idx_lead` (`leadID`)
) ENGINE=InnoDB AUTO_INCREMENT=3 DEFAULT CHARSET=utf8mb4 COLLATE=utf8mb4_general_ci;
/*!40101 SET character_set_client = @saved_cs_client */;

--
-- Dumping data for table `mx_sky_padel_proforma_invoice`
--

LOCK TABLES `mx_sky_padel_proforma_invoice` WRITE;
/*!40000 ALTER TABLE `mx_sky_padel_proforma_invoice` DISABLE KEYS */;
INSERT INTO `mx_sky_padel_proforma_invoice` VALUES (1,'PI-20251224-001',3,2,NULL,'Meera Kapoor','meera.k@outlook.com','9765432198','Kapoor Sports Academy','78 Sports Complex, Koregaon Park','Pune','Maharashtra','411001',NULL,'2025-12-24','2026-01-23','4 Outdoor Covered Courts - Academy Package',NULL,8684800.00,0.00,8684800.00,9.00,662400.00,9.00,662400.00,1324800.00,8684800.00,'Eighty Six Rupees Only Lakh Eighty Four Rupees Only Thousand Eight Hundred Rupees Only',NULL,NULL,NULL,NULL,'Generated',NULL,NULL,0,1,'2025-12-24 22:53:06',NULL),(2,'PI-20251224-002',1,3,NULL,'Vikrant Singh','vikrant.singh@yahoo.com','9654321987','Singh Developers','123 Green Valley Apartments','Mumbai','Maharashtra','400076',NULL,'2025-12-24','2026-01-23','1 Indoor Court - Premium',NULL,2578300.00,0.00,2578300.00,9.00,196650.00,9.00,196650.00,393300.00,2578300.00,'Twenty Five Rupees Only Lakh Seventy Eight Rupees Only Thousand Three Hundred Rupees Only',NULL,NULL,NULL,NULL,'Generated',NULL,NULL,0,1,'2025-12-24 23:01:32',NULL);
/*!40000 ALTER TABLE `mx_sky_padel_proforma_invoice` ENABLE KEYS */;
UNLOCK TABLES;

--
-- Table structure for table `mx_sky_padel_proforma_item`
--

DROP TABLE IF EXISTS `mx_sky_padel_proforma_item`;
/*!40101 SET @saved_cs_client     = @@character_set_client */;
/*!40101 SET character_set_client = utf8 */;
CREATE TABLE `mx_sky_padel_proforma_item` (
  `itemID` int(11) NOT NULL AUTO_INCREMENT,
  `proformaID` int(11) NOT NULL,
  `itemDescription` varchar(500) NOT NULL,
  `hsnCode` varchar(20) DEFAULT NULL,
  `quantity` decimal(10,2) DEFAULT 1.00,
  `unitPrice` decimal(15,2) DEFAULT 0.00,
  `taxRate` decimal(5,2) DEFAULT 18.00,
  `taxAmount` decimal(15,2) DEFAULT 0.00,
  `totalPrice` decimal(15,2) DEFAULT 0.00,
  `sortOrder` int(11) DEFAULT 0,
  PRIMARY KEY (`itemID`),
  KEY `proformaID` (`proformaID`),
  CONSTRAINT `mx_sky_padel_proforma_item_ibfk_1` FOREIGN KEY (`proformaID`) REFERENCES `mx_sky_padel_proforma_invoice` (`proformaID`) ON DELETE CASCADE
) ENGINE=InnoDB DEFAULT CHARSET=utf8mb4 COLLATE=utf8mb4_general_ci;
/*!40101 SET character_set_client = @saved_cs_client */;

--
-- Dumping data for table `mx_sky_padel_proforma_item`
--

LOCK TABLES `mx_sky_padel_proforma_item` WRITE;
/*!40000 ALTER TABLE `mx_sky_padel_proforma_item` DISABLE KEYS */;
/*!40000 ALTER TABLE `mx_sky_padel_proforma_item` ENABLE KEYS */;
UNLOCK TABLES;

--
-- Table structure for table `mx_sky_padel_proforma_milestone`
--

DROP TABLE IF EXISTS `mx_sky_padel_proforma_milestone`;
/*!40101 SET @saved_cs_client     = @@character_set_client */;
/*!40101 SET character_set_client = utf8 */;
CREATE TABLE `mx_sky_padel_proforma_milestone` (
  `milestoneID` int(11) NOT NULL AUTO_INCREMENT,
  `proformaID` int(11) NOT NULL,
  `milestoneName` varchar(200) NOT NULL,
  `milestoneDescription` text DEFAULT NULL,
  `paymentPercentage` decimal(5,2) DEFAULT 0.00,
  `paymentAmount` decimal(15,2) DEFAULT 0.00,
  `dueAfterDays` int(11) DEFAULT 0,
  `sortOrder` int(11) DEFAULT 0,
  PRIMARY KEY (`milestoneID`),
  KEY `proformaID` (`proformaID`),
  CONSTRAINT `mx_sky_padel_proforma_milestone_ibfk_1` FOREIGN KEY (`proformaID`) REFERENCES `mx_sky_padel_proforma_invoice` (`proformaID`) ON DELETE CASCADE
) ENGINE=InnoDB DEFAULT CHARSET=utf8mb4 COLLATE=utf8mb4_general_ci;
/*!40101 SET character_set_client = @saved_cs_client */;

--
-- Dumping data for table `mx_sky_padel_proforma_milestone`
--

LOCK TABLES `mx_sky_padel_proforma_milestone` WRITE;
/*!40000 ALTER TABLE `mx_sky_padel_proforma_milestone` DISABLE KEYS */;
/*!40000 ALTER TABLE `mx_sky_padel_proforma_milestone` ENABLE KEYS */;
UNLOCK TABLES;

--
-- Table structure for table `mx_sky_padel_project`
--

DROP TABLE IF EXISTS `mx_sky_padel_project`;
/*!40101 SET @saved_cs_client     = @@character_set_client */;
/*!40101 SET character_set_client = utf8 */;
CREATE TABLE `mx_sky_padel_project` (
  `projectID` int(11) NOT NULL AUTO_INCREMENT,
  `projectNo` varchar(50) NOT NULL,
  `projectName` varchar(255) NOT NULL,
  `leadID` int(11) DEFAULT NULL,
  `quotationID` int(11) DEFAULT NULL,
  `clientName` varchar(200) DEFAULT NULL,
  `clientEmail` varchar(150) DEFAULT NULL,
  `clientPhone` varchar(20) DEFAULT NULL,
  `siteAddress` text DEFAULT NULL,
  `siteCity` varchar(100) DEFAULT NULL,
  `siteState` varchar(100) DEFAULT NULL,
  `courtConfiguration` varchar(100) DEFAULT NULL,
  `quotationAmount` decimal(15,2) DEFAULT 0.00,
  `contractAmount` decimal(15,2) DEFAULT 0.00,
  `advanceReceived` decimal(15,2) DEFAULT 0.00,
  `totalCost` decimal(15,2) DEFAULT 0.00,
  `profitAmount` decimal(15,2) DEFAULT 0.00,
  `startDate` date DEFAULT NULL,
  `expectedEndDate` date DEFAULT NULL,
  `actualEndDate` date DEFAULT NULL,
  `projectStatus` enum('Lead','Quoted','Active','On Hold','Completed','Cancelled') DEFAULT 'Lead',
  `projectManagerID` int(11) DEFAULT NULL,
  `salesPersonID` int(11) DEFAULT NULL,
  `projectImage` varchar(255) DEFAULT NULL,
  `projectDescription` text DEFAULT NULL,
  `status` tinyint(4) DEFAULT 1,
  `created` datetime DEFAULT current_timestamp(),
  `modified` datetime DEFAULT NULL ON UPDATE current_timestamp(),
  PRIMARY KEY (`projectID`),
  UNIQUE KEY `projectNo` (`projectNo`)
) ENGINE=InnoDB AUTO_INCREMENT=3 DEFAULT CHARSET=utf8mb4 COLLATE=utf8mb4_general_ci;
/*!40101 SET character_set_client = @saved_cs_client */;

--
-- Dumping data for table `mx_sky_padel_project`
--

LOCK TABLES `mx_sky_padel_project` WRITE;
/*!40000 ALTER TABLE `mx_sky_padel_project` DISABLE KEYS */;
INSERT INTO `mx_sky_padel_project` VALUES (1,'PRJ-2024-001','TechCorp Indoor Padel Arena',5,2,'Rahul Verma','rahul.verma@corporate.com','9432198765','789 Tech Hub, Cyber City','Gurugram','Haryana','2 Indoor Courts',4885200.00,4700000.00,1880000.00,3700000.00,1000000.00,'2024-12-15','2025-03-15',NULL,'Active',1,1,NULL,'2 Premium Indoor Padel Courts for TechCorp corporate campus with LED lighting, climate control, and spectator seating',1,'2025-12-24 03:39:27','2025-12-24 03:41:33'),(2,'PRJ-2024-002','Singh Residency Court',3,1,'Vikrant Singh','vikrant.singh@yahoo.com','9654321987','123 Green Valley Apartments','Mumbai','Maharashtra','1 Indoor Court',2578300.00,2450000.00,1225000.00,1950000.00,500000.00,'2025-01-05','2025-03-20',NULL,'Lead',1,1,NULL,'1 Indoor Padel Court for residential complex with premium amenities',1,'2025-12-24 03:39:27','2025-12-24 03:41:33');
/*!40000 ALTER TABLE `mx_sky_padel_project` ENABLE KEYS */;
UNLOCK TABLES;

--
-- Table structure for table `mx_sky_padel_project_expense`
--

DROP TABLE IF EXISTS `mx_sky_padel_project_expense`;
/*!40101 SET @saved_cs_client     = @@character_set_client */;
/*!40101 SET character_set_client = utf8 */;
CREATE TABLE `mx_sky_padel_project_expense` (
  `expenseID` int(11) NOT NULL AUTO_INCREMENT,
  `projectID` int(11) NOT NULL,
  `expenseDate` date NOT NULL,
  `expenseCategory` enum('Material','Labor','Transport','Equipment','Subcontractor','Permits','Utilities','Other') NOT NULL DEFAULT 'Other',
  `description` varchar(500) DEFAULT NULL,
  `vendorName` varchar(200) DEFAULT NULL,
  `invoiceNo` varchar(100) DEFAULT NULL,
  `amount` decimal(15,2) NOT NULL DEFAULT 0.00,
  `taxAmount` decimal(15,2) DEFAULT 0.00,
  `totalAmount` decimal(15,2) NOT NULL DEFAULT 0.00,
  `paymentStatus` enum('Pending','Partial','Paid') DEFAULT 'Pending',
  `paidAmount` decimal(15,2) DEFAULT 0.00,
  `paymentDate` date DEFAULT NULL,
  `paymentMode` varchar(50) DEFAULT NULL,
  `paymentRef` varchar(100) DEFAULT NULL,
  `attachmentPath` varchar(500) DEFAULT NULL,
  `notes` text DEFAULT NULL,
  `createdBy` int(11) DEFAULT NULL,
  `created` datetime DEFAULT current_timestamp(),
  `modified` datetime DEFAULT NULL ON UPDATE current_timestamp(),
  `status` tinyint(4) DEFAULT 1,
  PRIMARY KEY (`expenseID`),
  KEY `idx_project` (`projectID`),
  KEY `idx_category` (`expenseCategory`),
  KEY `idx_date` (`expenseDate`)
) ENGINE=InnoDB DEFAULT CHARSET=utf8mb4 COLLATE=utf8mb4_unicode_ci;
/*!40101 SET character_set_client = @saved_cs_client */;

--
-- Dumping data for table `mx_sky_padel_project_expense`
--

LOCK TABLES `mx_sky_padel_project_expense` WRITE;
/*!40000 ALTER TABLE `mx_sky_padel_project_expense` DISABLE KEYS */;
/*!40000 ALTER TABLE `mx_sky_padel_project_expense` ENABLE KEYS */;
UNLOCK TABLES;

--
-- Table structure for table `mx_sky_padel_quotation`
--

DROP TABLE IF EXISTS `mx_sky_padel_quotation`;
/*!40101 SET @saved_cs_client     = @@character_set_client */;
/*!40101 SET character_set_client = utf8 */;
CREATE TABLE `mx_sky_padel_quotation` (
  `quotationID` int(11) NOT NULL AUTO_INCREMENT,
  `quotationNo` varchar(50) NOT NULL,
  `leadID` int(11) NOT NULL,
  `reportID` int(11) DEFAULT NULL,
  `quotationDate` date NOT NULL,
  `validUntil` date NOT NULL,
  `courtConfiguration` varchar(100) DEFAULT NULL,
  `baseAmount` decimal(15,2) DEFAULT 0.00,
  `installationCost` decimal(15,2) DEFAULT 0.00,
  `additionalFeatures` decimal(15,2) DEFAULT 0.00,
  `discount` decimal(15,2) DEFAULT 0.00,
  `taxAmount` decimal(15,2) DEFAULT 0.00,
  `totalAmount` decimal(15,2) NOT NULL,
  `advancePercentage` decimal(5,2) DEFAULT 30.00,
  `advanceAmount` decimal(15,2) DEFAULT 0.00,
  `paymentTerms` text DEFAULT NULL,
  `termsAndConditions` text DEFAULT NULL,
  `quotationStatus` enum('Draft','Sent','Client Reviewing','Approved','Rejected','Expired') DEFAULT 'Draft',
  `approvalToken` varchar(100) DEFAULT NULL,
  `approvedDate` datetime DEFAULT NULL,
  `rejectedDate` datetime DEFAULT NULL,
  `rejectionReason` text DEFAULT NULL,
  `contractID` int(11) DEFAULT NULL,
  `preparedBy` int(11) DEFAULT NULL,
  `status` tinyint(4) DEFAULT 1,
  `created` datetime DEFAULT current_timestamp(),
  `parentQuotationID` int(11) DEFAULT NULL,
  `revisionNumber` int(11) DEFAULT 0,
  `isLatestRevision` tinyint(4) DEFAULT 1,
  `revisionNotes` text DEFAULT NULL,
  `proformaGenerated` tinyint(4) DEFAULT 0,
  `proformaID` int(11) DEFAULT NULL,
  PRIMARY KEY (`quotationID`),
  UNIQUE KEY `quotationNo` (`quotationNo`),
  KEY `idx_status` (`quotationStatus`)
) ENGINE=InnoDB AUTO_INCREMENT=4 DEFAULT CHARSET=utf8mb4 COLLATE=utf8mb4_general_ci;
/*!40101 SET character_set_client = @saved_cs_client */;

--
-- Dumping data for table `mx_sky_padel_quotation`
--

LOCK TABLES `mx_sky_padel_quotation` WRITE;
/*!40000 ALTER TABLE `mx_sky_padel_quotation` DISABLE KEYS */;
INSERT INTO `mx_sky_padel_quotation` VALUES (1,'QTN-2024-001',3,0,'2024-12-10','2025-01-10','1 Indoor Court - Premium',2000000.00,250000.00,50000.00,115000.00,393300.00,2578300.00,50.00,1289150.00,'50% Advance, 30% on Structure, 20% on Completion','Standard terms and conditions apply. 50% advance payment required. Balance on completion. 5-year warranty included.','Approved',NULL,NULL,NULL,NULL,NULL,1,1,'2025-12-24 03:39:26',NULL,0,1,NULL,1,2),(2,'QTN-2024-002',5,NULL,'2024-12-12','2025-01-12','2 Indoor Courts - Corporate Package',4000000.00,500000.00,100000.00,460000.00,745200.00,4885200.00,40.00,1954080.00,'40% Advance, 40% on Structure, 20% on Completion','Corporate package terms. Installation during non-working hours if required. 7-year warranty.','Sent',NULL,NULL,NULL,NULL,NULL,1,1,'2025-12-24 03:39:26',NULL,0,1,NULL,0,NULL),(3,'QTN-2024-003',2,1,'2024-12-08','2025-01-08','4 Outdoor Covered Courts - Academy Package',7000000.00,800000.00,200000.00,640000.00,1324800.00,8684800.00,30.00,2605440.00,'30% Advance, 40% on Structure, 30% on Completion','Academy special package with training wall and ball machine included. 10-year warranty.','Approved',NULL,NULL,NULL,NULL,NULL,1,1,'2025-12-24 03:39:26',NULL,0,1,NULL,1,1);
/*!40000 ALTER TABLE `mx_sky_padel_quotation` ENABLE KEYS */;
UNLOCK TABLES;

--
-- Table structure for table `mx_sky_padel_quotation_milestone`
--

DROP TABLE IF EXISTS `mx_sky_padel_quotation_milestone`;
/*!40101 SET @saved_cs_client     = @@character_set_client */;
/*!40101 SET character_set_client = utf8 */;
CREATE TABLE `mx_sky_padel_quotation_milestone` (
  `milestoneID` int(11) NOT NULL AUTO_INCREMENT,
  `quotationID` int(11) NOT NULL,
  `milestoneName` varchar(200) NOT NULL,
  `milestoneDescription` text DEFAULT NULL,
  `paymentPercentage` decimal(5,2) DEFAULT 0.00,
  `paymentAmount` decimal(15,2) DEFAULT 0.00,
  `dueAfterDays` int(11) DEFAULT 0 COMMENT 'Days after project start',
  `sortOrder` int(11) DEFAULT 0,
  PRIMARY KEY (`milestoneID`),
  KEY `quotationID` (`quotationID`),
  CONSTRAINT `mx_sky_padel_quotation_milestone_ibfk_1` FOREIGN KEY (`quotationID`) REFERENCES `mx_sky_padel_quotation` (`quotationID`) ON DELETE CASCADE
) ENGINE=InnoDB AUTO_INCREMENT=10 DEFAULT CHARSET=utf8mb4 COLLATE=utf8mb4_general_ci;
/*!40101 SET character_set_client = @saved_cs_client */;

--
-- Dumping data for table `mx_sky_padel_quotation_milestone`
--

LOCK TABLES `mx_sky_padel_quotation_milestone` WRITE;
/*!40000 ALTER TABLE `mx_sky_padel_quotation_milestone` DISABLE KEYS */;
INSERT INTO `mx_sky_padel_quotation_milestone` VALUES (4,3,'Advance Payment','On order confirmation',50.00,4342400.00,0,0),(5,3,'On Delivery','Materials delivered to site',25.00,2171200.00,30,1),(6,3,'Final Payment','On installation completion',25.00,2171200.00,60,2),(7,1,'Advance Payment','On order confirmation',50.00,1289150.00,0,0),(8,1,'On Delivery','Materials delivered to site',25.00,644575.00,30,1),(9,1,'Final Payment','On installation completion',25.00,644575.00,60,2);
/*!40000 ALTER TABLE `mx_sky_padel_quotation_milestone` ENABLE KEYS */;
UNLOCK TABLES;

--
-- Table structure for table `mx_sky_padel_site_report`
--

DROP TABLE IF EXISTS `mx_sky_padel_site_report`;
/*!40101 SET @saved_cs_client     = @@character_set_client */;
/*!40101 SET character_set_client = utf8 */;
CREATE TABLE `mx_sky_padel_site_report` (
  `reportID` int(11) NOT NULL AUTO_INCREMENT,
  `visitID` int(11) NOT NULL,
  `leadID` int(11) NOT NULL,
  `reportDate` date NOT NULL,
  `siteCondition` text DEFAULT NULL,
  `spaceMeasurements` varchar(200) DEFAULT NULL,
  `suitabilityRating` enum('Excellent','Good','Average','Poor') DEFAULT 'Good',
  `electricityAvailability` enum('Yes','No','Needs Upgrade') DEFAULT NULL,
  `waterAvailability` enum('Yes','No') DEFAULT NULL,
  `accessRoad` enum('Excellent','Good','Poor') DEFAULT NULL,
  `recommendations` text DEFAULT NULL,
  `challenges` text DEFAULT NULL,
  `estimatedCost` decimal(15,2) DEFAULT NULL,
  `photos` varchar(500) DEFAULT NULL,
  `reportBy` int(11) DEFAULT NULL,
  `status` tinyint(4) DEFAULT 1,
  `created` datetime DEFAULT current_timestamp(),
  PRIMARY KEY (`reportID`)
) ENGINE=InnoDB AUTO_INCREMENT=3 DEFAULT CHARSET=utf8mb4 COLLATE=utf8mb4_general_ci;
/*!40101 SET character_set_client = @saved_cs_client */;

--
-- Dumping data for table `mx_sky_padel_site_report`
--

LOCK TABLES `mx_sky_padel_site_report` WRITE;
/*!40000 ALTER TABLE `mx_sky_padel_site_report` DISABLE KEYS */;
INSERT INTO `mx_sky_padel_site_report` VALUES (1,1,2,'2024-12-08','Concrete base available, good drainage system, level ground','2000 sq ft available, 80m x 25m','Excellent','Yes','Yes','Excellent','Excellent location for padel academy. Recommend covered outdoor courts with LED lighting for evening play.','Minor leveling required for 2 courts on east side',8200000.00,NULL,1,1,'2025-12-24 03:39:26'),(2,2,4,'2024-12-09','Sandy base needs preparation, open area with sea view','3000 sq ft, 100m x 30m','Good','Yes','Yes','Good','Great beach resort location. Courts should be positioned to avoid afternoon sun. Wind barriers recommended.','Coastal weather protection needed, foundation reinforcement for sandy soil',6500000.00,NULL,1,1,'2025-12-24 03:39:26');
/*!40000 ALTER TABLE `mx_sky_padel_site_report` ENABLE KEYS */;
UNLOCK TABLES;

--
-- Table structure for table `mx_sky_padel_site_visit`
--

DROP TABLE IF EXISTS `mx_sky_padel_site_visit`;
/*!40101 SET @saved_cs_client     = @@character_set_client */;
/*!40101 SET character_set_client = utf8 */;
CREATE TABLE `mx_sky_padel_site_visit` (
  `visitID` int(11) NOT NULL AUTO_INCREMENT,
  `leadID` int(11) NOT NULL,
  `visitDate` date NOT NULL,
  `visitTime` time NOT NULL,
  `scheduledBy` int(11) DEFAULT NULL,
  `visitType` enum('Initial','Follow-up','Final Inspection') DEFAULT 'Initial',
  `attendees` text DEFAULT NULL,
  `visitStatus` enum('Scheduled','Completed','Cancelled','Rescheduled') DEFAULT 'Scheduled',
  `cancellationReason` text DEFAULT NULL,
  `notes` text DEFAULT NULL,
  `status` tinyint(4) DEFAULT 1,
  `created` datetime DEFAULT current_timestamp(),
  PRIMARY KEY (`visitID`),
  KEY `idx_visit_date` (`visitDate`)
) ENGINE=InnoDB AUTO_INCREMENT=5 DEFAULT CHARSET=utf8mb4 COLLATE=utf8mb4_general_ci;
/*!40101 SET character_set_client = @saved_cs_client */;

--
-- Dumping data for table `mx_sky_padel_site_visit`
--

LOCK TABLES `mx_sky_padel_site_visit` WRITE;
/*!40000 ALTER TABLE `mx_sky_padel_site_visit` DISABLE KEYS */;
INSERT INTO `mx_sky_padel_site_visit` VALUES (1,2,'2024-12-08','10:00:00',1,'Initial','Meera Kapoor, Site Manager','Completed',NULL,'Site has good potential, flat terrain, adequate space for 4 courts',1,'2025-12-24 03:39:26'),(2,4,'2024-12-09','14:00:00',1,'Initial','Resort Manager, Chief Engineer','Completed',NULL,'Beautiful location, need to consider coastal weather protection',1,'2025-12-24 03:39:26'),(3,8,'2025-12-26','11:00:00',1,'Initial','Kavitha Rao','Scheduled',NULL,'First site assessment scheduled',1,'2025-12-24 03:39:26'),(4,2,'2024-12-15','11:00:00',1,'Follow-up','Meera Kapoor, Technical Team','Scheduled',NULL,'Follow-up visit for detailed measurements',1,'2025-12-24 03:39:26');
/*!40000 ALTER TABLE `mx_sky_padel_site_visit` ENABLE KEYS */;
UNLOCK TABLES;

--
-- Table structure for table `mx_sky_padel_vendor`
--

DROP TABLE IF EXISTS `mx_sky_padel_vendor`;
/*!40101 SET @saved_cs_client     = @@character_set_client */;
/*!40101 SET character_set_client = utf8 */;
CREATE TABLE `mx_sky_padel_vendor` (
  `vendorID` int(11) NOT NULL AUTO_INCREMENT,
  `vendorCode` varchar(50) NOT NULL,
  `vendorName` varchar(200) NOT NULL,
  `companyName` varchar(200) DEFAULT NULL,
  `email` varchar(150) DEFAULT NULL,
  `phone` varchar(20) NOT NULL,
  `alternatePhone` varchar(20) DEFAULT NULL,
  `address` text DEFAULT NULL,
  `city` varchar(100) DEFAULT NULL,
  `state` varchar(100) DEFAULT NULL,
  `pincode` varchar(20) DEFAULT NULL,
  `gstin` varchar(50) DEFAULT NULL,
  `vendorType` varchar(100) DEFAULT NULL,
  `bankName` varchar(200) DEFAULT NULL,
  `accountNumber` varchar(50) DEFAULT NULL,
  `ifscCode` varchar(20) DEFAULT NULL,
  `rating` decimal(3,2) DEFAULT 0.00,
  `totalOrders` int(11) DEFAULT 0,
  `totalValue` decimal(15,2) DEFAULT 0.00,
  `notes` text DEFAULT NULL,
  `status` tinyint(4) DEFAULT 1,
  `created` datetime DEFAULT current_timestamp(),
  PRIMARY KEY (`vendorID`),
  UNIQUE KEY `vendorCode` (`vendorCode`),
  KEY `idx_type` (`vendorType`)
) ENGINE=InnoDB AUTO_INCREMENT=7 DEFAULT CHARSET=utf8mb4 COLLATE=utf8mb4_general_ci;
/*!40101 SET character_set_client = @saved_cs_client */;

--
-- Dumping data for table `mx_sky_padel_vendor`
--

LOCK TABLES `mx_sky_padel_vendor` WRITE;
/*!40000 ALTER TABLE `mx_sky_padel_vendor` DISABLE KEYS */;
INSERT INTO `mx_sky_padel_vendor` VALUES (1,'VND-001','Rajesh Kumar','Premium Court Builders','rajesh@premiumcourts.com','9876543210','9876543211','123 Industrial Area, Phase 2','Mumbai','Maharashtra','400001','27AABCP1234A1Z5','Court Construction','HDFC Bank','12345678901234','HDFC0001234',4.80,15,25000000.00,'Top-rated court construction vendor',1,'2025-12-24 03:39:26'),(2,'VND-002','Amit Sharma','SportsFloor India','amit@sportsfloorindia.com','9123456789','9123456780','45 Sports Complex Road','Delhi','Delhi','110001','07AABCS5678B2Y4','Flooring','ICICI Bank','98765432109876','ICIC0005678',4.50,22,18000000.00,'Specialized in synthetic turf',1,'2025-12-24 03:39:26'),(3,'VND-003','Priya Singh','NetPro Sports','priya@netprosports.com','9234567890',NULL,'78 Equipment Lane','Bangalore','Karnataka','560001','29AABCN9012C3X3','Equipment','SBI','45678901234567','SBIN0009012',4.90,45,8000000.00,'Nets and poles supplier',1,'2025-12-24 03:39:26'),(4,'VND-004','Vikram Patel','LightTech Solutions','vikram@lighttech.com','9345678901','9345678902','12 Tech Park','Hyderabad','Telangana','500001','36AABCL3456D4W2','Lighting','Axis Bank','67890123456789','UTIB0003456',4.60,18,12000000.00,'LED sports lighting specialist',1,'2025-12-24 03:39:26'),(5,'VND-005','Suresh Menon','GlassWall Experts','suresh@glasswall.com','9456789012',NULL,'34 Glass Works Industrial Estate','Chennai','Tamil Nadu','600001','33AABCG7890E5V1','Glass Walls','Kotak Bank','78901234567890','KKBK0007890',4.95,12,30000000.00,'Tempered glass wall specialists',1,'2025-12-24 03:39:26'),(6,'VND-006','Neha Gupta','TurfMaster','neha@turfmaster.in','9567890123','9567890124','56 Green Park Industrial','Pune','Maharashtra','411001','27AABCT1234F6U0','Artificial Turf','Yes Bank','89012345678901','YESB0001234',4.70,28,15000000.00,'Premium artificial turf supplier',1,'2025-12-24 03:39:26');
/*!40000 ALTER TABLE `mx_sky_padel_vendor` ENABLE KEYS */;
UNLOCK TABLES;

--
-- Table structure for table `mx_state`
--

DROP TABLE IF EXISTS `mx_state`;
/*!40101 SET @saved_cs_client     = @@character_set_client */;
/*!40101 SET character_set_client = utf8 */;
CREATE TABLE `mx_state` (
  `stateID` int(11) NOT NULL AUTO_INCREMENT,
  `countryID` int(11) NOT NULL DEFAULT 1,
  `stateName` varchar(100) DEFAULT NULL,
  `status` tinyint(1) NOT NULL DEFAULT 1,
  `dateAdded` datetime DEFAULT NULL,
  `dateModified` datetime DEFAULT NULL,
  PRIMARY KEY (`stateID`)
) ENGINE=InnoDB AUTO_INCREMENT=37 DEFAULT CHARSET=utf8 COLLATE=utf8_unicode_ci;
/*!40101 SET character_set_client = @saved_cs_client */;

--
-- Dumping data for table `mx_state`
--

LOCK TABLES `mx_state` WRITE;
/*!40000 ALTER TABLE `mx_state` DISABLE KEYS */;
INSERT INTO `mx_state` VALUES (1,101,'Himachal Pradesh',1,'2024-03-07 13:26:50','2024-03-07 13:26:50'),(2,101,'Punjab',1,'2024-03-07 13:26:50','2024-03-07 13:26:50'),(3,101,'Uttarakhand',1,'2024-03-07 13:26:50','2024-03-07 13:26:50'),(4,101,'Uttar Pradesh',1,'2024-03-07 13:26:50','2024-03-07 13:26:50'),(5,101,'Bihar',1,'2024-03-07 13:26:50','2024-03-07 13:26:50'),(6,101,'Sikkim',1,'2024-03-07 13:26:50','2024-03-07 13:26:50'),(7,101,'West Bengal',1,'2024-03-07 13:26:50','2024-03-07 13:26:50'),(8,101,'Assam',1,'2024-03-07 13:26:50','2024-03-07 13:26:50'),(9,101,'Arunachal Pradesh',1,'2024-03-07 13:26:50','2024-03-07 13:26:50'),(10,101,'Manipur',1,'2024-03-07 13:26:50','2024-03-07 13:26:50'),(11,101,'Mizoram',1,'2024-03-07 13:26:50','2024-03-07 13:26:50'),(12,101,'Meghalaya',1,'2024-03-07 13:26:50','2024-03-07 13:26:50'),(13,101,'Nagaland',1,'2024-03-07 13:26:50','2024-03-07 13:26:50'),(14,101,'Tripura',1,'2024-03-07 13:26:50','2024-03-07 13:26:50'),(15,101,'Jharkhand',1,'2024-03-07 13:26:50','2024-03-07 13:26:50'),(16,101,'Odisha',1,'2024-03-07 13:26:50','2024-03-07 13:26:50'),(17,101,'Chhattisgarh',1,'2024-03-07 13:26:50','2024-03-07 13:26:50'),(18,101,'Telangana',1,'2024-03-07 13:26:50','2024-03-07 13:26:50'),(19,101,'Andra Pradesh',1,'2024-03-07 13:26:50','2024-03-07 13:26:50'),(20,101,'Tamil Nadu',1,'2024-03-07 13:26:50','2024-03-07 13:26:50'),(21,101,'Kerela',1,'2024-03-07 13:26:50','2024-03-07 13:26:50'),(22,101,'Karnataka',1,'2024-03-07 13:26:50','2024-03-07 13:26:50'),(23,101,'Goa',1,'2024-03-07 13:26:50','2024-03-07 13:26:50'),(24,101,'Maharashtra',1,'2024-03-07 13:26:50','2024-03-07 13:26:50'),(25,101,'Gujarat',1,'2024-03-07 13:26:50','2024-03-07 13:26:50'),(26,101,'Rajasthan',1,'2024-03-07 13:26:50','2024-03-07 13:26:50'),(27,101,'Haryana',1,'2024-03-07 13:26:50','2024-03-07 13:26:50'),(28,101,'Madhya Pradesh',1,'2024-03-07 13:26:50','2024-03-07 13:26:50'),(29,101,'Ladakh',1,'2024-03-07 13:26:50','2024-03-07 13:26:50'),(30,101,'Jammu & Kashmir',1,'2024-03-07 13:26:50','2024-03-07 13:26:50'),(31,101,'Chandigarh',1,'2024-03-07 13:26:50','2024-03-07 13:26:50'),(32,101,'Delhi',1,'2024-03-07 13:26:50','2024-03-07 13:26:50'),(33,101,'Daman & Diu and Dadra Nagar Haveli',1,'2024-03-07 13:26:50','2024-03-07 13:26:50'),(34,101,'Pondicherry',1,'2024-03-07 13:26:50','2024-03-07 13:26:50'),(35,101,'Andaman Nicobar',1,'2024-03-07 13:26:50','2024-03-07 13:26:50'),(36,101,'Lakshwadeep',1,'2024-03-07 13:26:50','2024-03-07 13:26:50');
/*!40000 ALTER TABLE `mx_state` ENABLE KEYS */;
UNLOCK TABLES;

--
-- Table structure for table `mx_stock_allocation`
--

DROP TABLE IF EXISTS `mx_stock_allocation`;
/*!40101 SET @saved_cs_client     = @@character_set_client */;
/*!40101 SET character_set_client = utf8 */;
CREATE TABLE `mx_stock_allocation` (
  `allocationID` int(11) NOT NULL AUTO_INCREMENT,
  `allocationNo` varchar(50) NOT NULL,
  `projectID` int(11) NOT NULL,
  `warehouseID` int(11) NOT NULL COMMENT 'Source warehouse',
  `allocationDate` date NOT NULL,
  `allocationType` enum('Reserved','Dispatched','Partial','Returned') DEFAULT 'Reserved',
  `totalItems` int(11) DEFAULT 0,
  `totalQty` decimal(15,3) DEFAULT 0.000,
  `totalValue` decimal(15,2) DEFAULT 0.00,
  `dispatchDate` date DEFAULT NULL,
  `dispatchedBy` int(11) DEFAULT NULL,
  `vehicleNo` varchar(50) DEFAULT NULL,
  `driverName` varchar(100) DEFAULT NULL,
  `driverPhone` varchar(20) DEFAULT NULL,
  `ewayBillNo` varchar(50) DEFAULT NULL,
  `notes` text DEFAULT NULL,
  `createdBy` int(11) DEFAULT NULL,
  `created` datetime DEFAULT current_timestamp(),
  `modified` datetime DEFAULT NULL ON UPDATE current_timestamp(),
  `status` tinyint(4) DEFAULT 1,
  PRIMARY KEY (`allocationID`),
  UNIQUE KEY `allocationNo` (`allocationNo`),
  KEY `idx_project` (`projectID`),
  KEY `idx_warehouse` (`warehouseID`),
  KEY `idx_type` (`allocationType`)
) ENGINE=InnoDB DEFAULT CHARSET=utf8mb4 COLLATE=utf8mb4_unicode_ci;
/*!40101 SET character_set_client = @saved_cs_client */;

--
-- Dumping data for table `mx_stock_allocation`
--

LOCK TABLES `mx_stock_allocation` WRITE;
/*!40000 ALTER TABLE `mx_stock_allocation` DISABLE KEYS */;
/*!40000 ALTER TABLE `mx_stock_allocation` ENABLE KEYS */;
UNLOCK TABLES;

--
-- Table structure for table `mx_stock_allocation_item`
--

DROP TABLE IF EXISTS `mx_stock_allocation_item`;
/*!40101 SET @saved_cs_client     = @@character_set_client */;
/*!40101 SET character_set_client = utf8 */;
CREATE TABLE `mx_stock_allocation_item` (
  `itemID` int(11) NOT NULL AUTO_INCREMENT,
  `allocationID` int(11) NOT NULL,
  `productID` int(11) NOT NULL,
  `productName` varchar(200) DEFAULT NULL,
  `productSKU` varchar(50) DEFAULT NULL,
  `unit` varchar(20) DEFAULT NULL,
  `allocatedQty` decimal(15,3) DEFAULT 0.000,
  `dispatchedQty` decimal(15,3) DEFAULT 0.000,
  `receivedQty` decimal(15,3) DEFAULT 0.000,
  `returnedQty` decimal(15,3) DEFAULT 0.000,
  `unitCost` decimal(15,2) DEFAULT 0.00,
  `totalCost` decimal(15,2) DEFAULT 0.00,
  `lotNumber` varchar(50) DEFAULT NULL,
  `serialNumbers` text DEFAULT NULL,
  `notes` varchar(255) DEFAULT NULL,
  `status` tinyint(4) DEFAULT 1,
  PRIMARY KEY (`itemID`),
  KEY `idx_allocation` (`allocationID`),
  KEY `idx_product` (`productID`)
) ENGINE=InnoDB DEFAULT CHARSET=utf8mb4 COLLATE=utf8mb4_unicode_ci;
/*!40101 SET character_set_client = @saved_cs_client */;

--
-- Dumping data for table `mx_stock_allocation_item`
--

LOCK TABLES `mx_stock_allocation_item` WRITE;
/*!40000 ALTER TABLE `mx_stock_allocation_item` DISABLE KEYS */;
/*!40000 ALTER TABLE `mx_stock_allocation_item` ENABLE KEYS */;
UNLOCK TABLES;

--
-- Table structure for table `mx_stock_ledger`
--

DROP TABLE IF EXISTS `mx_stock_ledger`;
/*!40101 SET @saved_cs_client     = @@character_set_client */;
/*!40101 SET character_set_client = utf8 */;
CREATE TABLE `mx_stock_ledger` (
  `ledgerID` bigint(20) NOT NULL AUTO_INCREMENT,
  `productID` int(11) NOT NULL,
  `warehouseID` int(11) NOT NULL,
  `transactionType` enum('GRN','Sale','Adjustment','Transfer-In','Transfer-Out','Consumption','Return','Damage','Reserved','Unreserved','Opening') NOT NULL,
  `transactionDate` datetime NOT NULL,
  `referenceType` varchar(50) DEFAULT NULL,
  `referenceID` int(11) DEFAULT NULL,
  `referenceNumber` varchar(50) DEFAULT NULL,
  `qtyIn` decimal(15,3) DEFAULT 0.000,
  `qtyOut` decimal(15,3) DEFAULT 0.000,
  `balanceQty` decimal(15,3) DEFAULT 0.000,
  `unitCost` decimal(15,2) DEFAULT 0.00,
  `transactionValue` decimal(15,2) DEFAULT 0.00,
  `lotNumber` varchar(50) DEFAULT NULL,
  `serialNumber` varchar(100) DEFAULT NULL,
  `createdBy` int(11) DEFAULT NULL,
  `notes` text DEFAULT NULL,
  `created` datetime DEFAULT current_timestamp(),
  PRIMARY KEY (`ledgerID`),
  KEY `idx_product_date` (`productID`,`transactionDate`),
  KEY `idx_warehouse_date` (`warehouseID`,`transactionDate`),
  KEY `idx_reference` (`referenceType`,`referenceID`)
) ENGINE=InnoDB AUTO_INCREMENT=18 DEFAULT CHARSET=utf8mb4 COLLATE=utf8mb4_general_ci;
/*!40101 SET character_set_client = @saved_cs_client */;

--
-- Dumping data for table `mx_stock_ledger`
--

LOCK TABLES `mx_stock_ledger` WRITE;
/*!40000 ALTER TABLE `mx_stock_ledger` DISABLE KEYS */;
INSERT INTO `mx_stock_ledger` VALUES (1,1,1,'GRN','2025-12-28 22:37:14','PO',NULL,'PO-2024-0045',50.000,0.000,120.000,2300.00,115000.00,NULL,NULL,NULL,'Stock received from supplier','2025-12-28 22:37:14'),(2,2,1,'Sale','2025-12-28 20:37:14','SO',NULL,'SO-2024-0123',0.000,30.000,250.000,1800.00,54000.00,NULL,NULL,NULL,'Sold to Sharma Traders','2025-12-28 20:37:14'),(3,3,2,'Transfer-In','2025-12-28 18:37:14','TRF',NULL,'TRF-2024-0012',15.000,0.000,15.000,3100.00,46500.00,NULL,NULL,NULL,'Transfer from Central Warehouse','2025-12-28 18:37:14'),(4,3,1,'Transfer-Out','2025-12-28 18:37:14','TRF',NULL,'TRF-2024-0012',0.000,15.000,45.000,3000.00,45000.00,NULL,NULL,NULL,'Transfer to BKC location','2025-12-28 18:37:14'),(5,4,1,'GRN','2025-12-28 00:37:14','PO',NULL,'PO-2024-0044',100.000,0.000,180.000,1400.00,140000.00,NULL,NULL,NULL,'New stock arrival','2025-12-28 00:37:14'),(6,1,3,'Sale','2025-12-28 00:37:14','SO',NULL,'SO-2024-0122',0.000,10.000,30.000,2500.00,25000.00,NULL,NULL,NULL,'Sold to Patel Enterprises','2025-12-28 00:37:14'),(7,5,1,'Adjustment','2025-12-27 00:37:14','ADJ',NULL,'ADJ-2024-0008',0.000,25.000,150.000,750.00,18750.00,NULL,NULL,NULL,'Damaged stock written off','2025-12-27 00:37:14'),(8,2,2,'GRN','2025-12-27 00:37:14','PO',NULL,'PO-2024-0043',80.000,0.000,80.000,1700.00,136000.00,NULL,NULL,NULL,'Initial stock for BKC','2025-12-27 00:37:14'),(9,1,2,'Sale','2025-12-26 00:37:14','SO',NULL,'SO-2024-0121',0.000,5.000,25.000,2500.00,12500.00,NULL,NULL,NULL,'Retail sale','2025-12-26 00:37:14'),(10,4,3,'Transfer-In','2025-12-26 00:37:14','TRF',NULL,'TRF-2024-0011',60.000,0.000,60.000,1420.00,85200.00,NULL,NULL,NULL,'Stock allocation to Andheri','2025-12-26 00:37:14'),(11,84,2,'Sale','2025-12-29 02:12:11','PNP-SALE',7,'PNP-20251229-0004',0.000,5.000,0.000,0.00,0.00,NULL,NULL,NULL,NULL,'2025-12-29 02:12:11'),(12,84,2,'Sale','2025-12-29 02:14:02','PNP-SALE',8,'PNP-20251229-0005',0.000,1.000,0.000,0.00,0.00,NULL,NULL,NULL,NULL,'2025-12-29 02:14:02'),(13,86,2,'Sale','2025-12-29 02:14:02','PNP-SALE',8,'PNP-20251229-0005',0.000,1.000,0.000,0.00,0.00,NULL,NULL,NULL,NULL,'2025-12-29 02:14:02'),(14,83,2,'Sale','2025-12-29 02:14:02','PNP-SALE',8,'PNP-20251229-0005',0.000,1.000,0.000,0.00,0.00,NULL,NULL,NULL,NULL,'2025-12-29 02:14:02'),(15,1,1,'','2025-12-29 03:40:29','Credit-Note',NULL,'CN-20251229-0002',2.000,0.000,122.000,0.00,0.00,NULL,NULL,0,'Stock restored via Credit Note (Invoice Cancellation)','2025-12-29 03:40:29'),(16,4,1,'','2025-12-29 03:40:29','Credit-Note',NULL,'CN-20251229-0002',4.000,0.000,184.000,0.00,0.00,NULL,NULL,0,'Stock restored via Credit Note (Invoice Cancellation)','2025-12-29 03:40:29'),(17,5,1,'','2025-12-29 03:40:29','Credit-Note',NULL,'CN-20251229-0002',10.000,0.000,160.000,0.00,0.00,NULL,NULL,0,'Stock restored via Credit Note (Invoice Cancellation)','2025-12-29 03:40:29');
/*!40000 ALTER TABLE `mx_stock_ledger` ENABLE KEYS */;
UNLOCK TABLES;

--
-- Table structure for table `mx_unit`
--

DROP TABLE IF EXISTS `mx_unit`;
/*!40101 SET @saved_cs_client     = @@character_set_client */;
/*!40101 SET character_set_client = utf8 */;
CREATE TABLE `mx_unit` (
  `unitID` int(3) NOT NULL AUTO_INCREMENT,
  `unitName` varchar(30) DEFAULT NULL,
  `isDefault` tinyint(1) NOT NULL DEFAULT 0,
  `status` tinyint(1) NOT NULL DEFAULT 1,
  PRIMARY KEY (`unitID`)
) ENGINE=InnoDB AUTO_INCREMENT=2 DEFAULT CHARSET=utf8 COLLATE=utf8_unicode_ci;
/*!40101 SET character_set_client = @saved_cs_client */;

--
-- Dumping data for table `mx_unit`
--

LOCK TABLES `mx_unit` WRITE;
/*!40000 ALTER TABLE `mx_unit` DISABLE KEYS */;
INSERT INTO `mx_unit` VALUES (1,'NOS',0,1);
/*!40000 ALTER TABLE `mx_unit` ENABLE KEYS */;
UNLOCK TABLES;

--
-- Table structure for table `mx_user`
--

DROP TABLE IF EXISTS `mx_user`;
/*!40101 SET @saved_cs_client     = @@character_set_client */;
/*!40101 SET character_set_client = utf8 */;
CREATE TABLE `mx_user` (
  `userID` int(10) unsigned NOT NULL AUTO_INCREMENT,
  `userName` varchar(100) DEFAULT NULL,
  `userEmail` varchar(100) DEFAULT NULL,
  `userMobileNo` varchar(100) DEFAULT NULL,
  `userLoginOTP` varchar(100) DEFAULT NULL,
  `userCity` varchar(255) DEFAULT NULL,
  `userType` tinyint(1) NOT NULL DEFAULT 1 COMMENT '1:Driver',
  `offDayPriceBelow4Hr` decimal(10,2) NOT NULL DEFAULT 0.00,
  `offDayPriceAbove4Hr` decimal(10,2) NOT NULL DEFAULT 0.00,
  `workingHrs` int(11) NOT NULL DEFAULT 0,
  `taxiAllowance` decimal(10,2) NOT NULL DEFAULT 0.00,
  `dinnerAllowance` decimal(10,2) NOT NULL DEFAULT 0.00,
  `overtimeAllowance` decimal(10,2) NOT NULL DEFAULT 0.00,
  `userFromTime` time NOT NULL,
  `userToTime` time NOT NULL,
  `dinnerTime` time NOT NULL,
  `taxiAllowanceTime` time NOT NULL,
  `status` tinyint(1) NOT NULL DEFAULT 1,
  PRIMARY KEY (`userID`)
) ENGINE=InnoDB AUTO_INCREMENT=3 DEFAULT CHARSET=utf8mb4 COLLATE=utf8mb4_general_ci;
/*!40101 SET character_set_client = @saved_cs_client */;

--
-- Dumping data for table `mx_user`
--

LOCK TABLES `mx_user` WRITE;
/*!40000 ALTER TABLE `mx_user` DISABLE KEYS */;
INSERT INTO `mx_user` VALUES (1,'Dilkhush','test@gmail.com','1234567891','7733','Mumbai',1,450.00,600.00,10,100.00,150.00,75.00,'10:00:00','20:00:00','22:00:00','23:59:00',1),(2,'Suraj',NULL,NULL,'1111','Mumbai',1,600.00,600.00,10,100.00,100.00,75.00,'09:00:00','19:00:00','22:00:00','24:00:00',1);
/*!40000 ALTER TABLE `mx_user` ENABLE KEYS */;
UNLOCK TABLES;

--
-- Table structure for table `mx_user_leaves`
--

DROP TABLE IF EXISTS `mx_user_leaves`;
/*!40101 SET @saved_cs_client     = @@character_set_client */;
/*!40101 SET character_set_client = utf8 */;
CREATE TABLE `mx_user_leaves` (
  `userLeavesID` int(11) NOT NULL AUTO_INCREMENT,
  `userID` int(11) DEFAULT 0,
  `leaveDate` date DEFAULT NULL,
  `payableDays` int(3) DEFAULT 0,
  `yrAllowedLeaves` float(5,2) DEFAULT 0.00,
  `yrBalanceLeaves` float(5,2) DEFAULT 0.00,
  `casualBalanceLeaves` float(5,2) NOT NULL DEFAULT 0.00,
  `sickBalanceLeaves` float(5,2) NOT NULL DEFAULT 0.00,
  `emergencyBalanceLeaves` float(5,2) NOT NULL DEFAULT 0.00,
  `absentDays` float DEFAULT 0,
  `monAllowedLeaves` float(5,2) DEFAULT 0.00,
  `lateMark` int(31) DEFAULT 0,
  `ignoreLateMark` decimal(4,2) DEFAULT 0.00,
  `earlyOut` int(31) DEFAULT 0,
  `sandwitchLeaves` float(5,2) DEFAULT 0.00,
  `penaltyDays` decimal(5,2) DEFAULT 0.00,
  `unpaidLeaves` float(5,2) DEFAULT 0.00,
  `leaveDays` decimal(5,2) NOT NULL DEFAULT 0.00 COMMENT 'Number of unpaid leaves of the user',
  `lateEarlyOutDays` decimal(5,2) DEFAULT 0.00,
  `overtimeHrs` float DEFAULT 0,
  `leaveAdjustComment` text NOT NULL,
  `dateAdded` datetime DEFAULT NULL,
  `dateModified` datetime DEFAULT NULL,
  `status` tinyint(1) NOT NULL DEFAULT 1,
  PRIMARY KEY (`userLeavesID`)
) ENGINE=InnoDB AUTO_INCREMENT=17 DEFAULT CHARSET=utf8 COLLATE=utf8_unicode_ci;
/*!40101 SET character_set_client = @saved_cs_client */;

--
-- Dumping data for table `mx_user_leaves`
--

LOCK TABLES `mx_user_leaves` WRITE;
/*!40000 ALTER TABLE `mx_user_leaves` DISABLE KEYS */;
INSERT INTO `mx_user_leaves` VALUES (1,5,'2023-06-01',0,30.00,30.00,0.00,0.00,0.00,0,0.00,0,0.00,0,0.00,0.00,0.00,0.00,0.00,0,'','2023-06-27 18:02:53','2023-06-27 18:02:53',1),(2,9,'2023-06-01',0,30.00,30.00,0.00,0.00,0.00,0,0.00,0,0.00,0,0.00,0.00,0.00,0.00,0.00,0,'','2023-06-27 18:02:53','2023-06-27 18:02:53',1),(3,5,'2023-07-01',0,30.00,30.00,0.00,0.00,0.00,0,0.00,0,0.00,0,0.00,0.00,0.00,0.00,0.00,0,'','2023-06-27 18:02:53','2023-06-27 18:02:53',1),(4,11,'2023-06-01',0,30.00,30.00,0.00,0.00,0.00,0,0.00,0,0.00,0,0.00,0.00,0.00,0.00,0.00,0,'','2024-03-22 17:05:43','2024-03-22 17:05:43',1),(7,8,'2023-06-01',0,30.00,30.00,0.00,0.00,0.00,0,0.00,0,0.00,0,0.00,0.00,0.00,0.00,0.00,0,'','2023-06-30 17:39:43','2023-06-30 17:39:43',1),(8,8,'2023-07-01',0,30.00,30.00,0.00,0.00,0.00,0,0.00,0,0.00,0,0.00,0.00,0.00,0.00,0.00,0,'','2023-06-28 18:30:52','2023-06-28 18:30:52',1),(9,12,'2023-07-01',0,30.00,30.00,0.00,0.00,0.00,0,0.00,0,0.00,0,0.00,0.00,0.00,0.00,0.00,0,'','2023-06-28 13:19:40','2023-06-28 13:19:40',1),(10,13,'2023-06-01',0,30.00,30.00,0.00,0.00,0.00,0,0.00,0,0.00,0,0.00,0.00,0.00,0.00,0.00,0,'','2023-06-28 13:38:54','2023-06-28 13:38:54',1),(11,13,'2023-07-01',0,30.00,30.00,0.00,0.00,0.00,0,0.00,0,0.00,0,0.00,0.00,0.00,0.00,0.00,0,'','2023-06-28 14:10:36','2023-06-28 14:10:36',1),(12,3,'2023-10-01',0,30.00,30.00,0.00,0.00,0.00,0,0.00,0,0.00,0,0.00,0.00,0.00,0.00,0.00,0,'','2024-03-22 17:05:43','2024-03-22 17:05:43',1),(13,8,'2024-04-01',0,22.00,22.00,0.00,0.00,0.00,0,0.00,0,0.00,0,0.00,0.00,0.00,0.00,0.00,0,'','2024-05-15 14:58:33','2024-05-15 14:58:33',1),(14,16,'2024-03-01',0,28.00,28.00,0.00,0.00,0.00,0,0.00,0,0.00,0,0.00,0.00,0.00,0.00,0.00,0,'','2024-04-22 12:42:46','2024-04-22 12:42:46',1),(15,16,'2024-04-01',0,28.00,26.50,0.00,0.00,0.00,0,0.00,0,0.00,0,0.00,0.00,0.00,0.00,0.00,0,'','2024-04-22 12:42:23','2024-04-22 12:42:23',1),(16,16,'2024-05-01',0,28.00,28.00,0.00,0.00,0.00,0,0.00,0,0.00,0,0.00,0.00,0.00,0.00,0.00,0,'','2024-04-22 12:50:23','2024-04-22 12:50:23',1);
/*!40000 ALTER TABLE `mx_user_leaves` ENABLE KEYS */;
UNLOCK TABLES;

--
-- Table structure for table `mx_user_off_days`
--

DROP TABLE IF EXISTS `mx_user_off_days`;
/*!40101 SET @saved_cs_client     = @@character_set_client */;
/*!40101 SET character_set_client = utf8 */;
CREATE TABLE `mx_user_off_days` (
  `userOffDayID` int(10) unsigned NOT NULL AUTO_INCREMENT,
  `userID` int(10) unsigned NOT NULL,
  `weekdayNo` varchar(100) DEFAULT NULL,
  `status` tinyint(1) NOT NULL DEFAULT 1,
  PRIMARY KEY (`userOffDayID`)
) ENGINE=InnoDB AUTO_INCREMENT=4 DEFAULT CHARSET=utf8mb4 COLLATE=utf8mb4_general_ci;
/*!40101 SET character_set_client = @saved_cs_client */;

--
-- Dumping data for table `mx_user_off_days`
--

LOCK TABLES `mx_user_off_days` WRITE;
/*!40000 ALTER TABLE `mx_user_off_days` DISABLE KEYS */;
INSERT INTO `mx_user_off_days` VALUES (1,1,'7',1),(3,2,'6',1);
/*!40000 ALTER TABLE `mx_user_off_days` ENABLE KEYS */;
UNLOCK TABLES;

--
-- Table structure for table `mx_vehicle`
--

DROP TABLE IF EXISTS `mx_vehicle`;
/*!40101 SET @saved_cs_client     = @@character_set_client */;
/*!40101 SET character_set_client = utf8 */;
CREATE TABLE `mx_vehicle` (
  `vehicleID` int(11) NOT NULL AUTO_INCREMENT,
  `vehicleName` varchar(100) NOT NULL,
  `registrationNumber` varchar(50) DEFAULT NULL,
  `fuelType` enum('Petrol','Diesel','CNG') DEFAULT 'Petrol',
  `notes` text DEFAULT NULL,
  `status` tinyint(1) DEFAULT 1,
  `createdDate` datetime DEFAULT current_timestamp(),
  `modifiedDate` datetime DEFAULT current_timestamp() ON UPDATE current_timestamp(),
  PRIMARY KEY (`vehicleID`),
  KEY `status` (`status`)
) ENGINE=InnoDB AUTO_INCREMENT=3 DEFAULT CHARSET=utf8mb4 COLLATE=utf8mb4_unicode_ci;
/*!40101 SET character_set_client = @saved_cs_client */;

--
-- Dumping data for table `mx_vehicle`
--

LOCK TABLES `mx_vehicle` WRITE;
/*!40000 ALTER TABLE `mx_vehicle` DISABLE KEYS */;
INSERT INTO `mx_vehicle` VALUES (1,'Hector','MH 01 DT 0331','Petrol',NULL,1,'2025-11-29 15:41:45','2025-11-29 15:41:45'),(2,'Slavia','MH 01 EN 0249','Petrol',NULL,1,'2025-11-29 15:43:54','2025-12-03 08:52:54');
/*!40000 ALTER TABLE `mx_vehicle` ENABLE KEYS */;
UNLOCK TABLES;

--
-- Table structure for table `mx_vendor`
--

DROP TABLE IF EXISTS `mx_vendor`;
/*!40101 SET @saved_cs_client     = @@character_set_client */;
/*!40101 SET character_set_client = utf8 */;
CREATE TABLE `mx_vendor` (
  `vendorID` int(11) NOT NULL AUTO_INCREMENT,
  `orgID` int(11) NOT NULL DEFAULT 0,
  `vendorName` varchar(200) DEFAULT NULL,
  `addressLine` varchar(400) DEFAULT NULL,
  `postalCode` varchar(30) DEFAULT NULL,
  `emailID` varchar(100) DEFAULT NULL,
  `contactPerson` varchar(100) DEFAULT NULL,
  `phoneNo` varchar(30) DEFAULT NULL,
  `stateID` int(11) DEFAULT 0,
  `cityName` varchar(100) DEFAULT NULL,
  `gstNumber` varchar(50) DEFAULT NULL,
  `panNumber` varchar(50) DEFAULT NULL,
  `isActive` int(11) NOT NULL DEFAULT 1 COMMENT '1=Active,0=deactive',
  `status` tinyint(1) NOT NULL DEFAULT 1,
  PRIMARY KEY (`vendorID`)
) ENGINE=InnoDB AUTO_INCREMENT=7 DEFAULT CHARSET=utf8 COLLATE=utf8_unicode_ci;
/*!40101 SET character_set_client = @saved_cs_client */;

--
-- Dumping data for table `mx_vendor`
--

LOCK TABLES `mx_vendor` WRITE;
/*!40000 ALTER TABLE `mx_vendor` DISABLE KEYS */;
INSERT INTO `mx_vendor` VALUES (1,0,'somnath laminates',NULL,NULL,NULL,NULL,NULL,9,NULL,NULL,NULL,1,1),(2,1,'Carlos Rodriguez - Padel Coach','Spanish Padel Academy, Bandra','400050','carlos.r@padelcoach.com','Carlos Rodriguez','9988776601',1,'Mumbai',NULL,'ABCPC1111A',1,1),(3,1,'Maria Santos - Padel Instructor','Pro Padel Training, Indiranagar','560038','maria.s@padelcoach.com','Maria Santos','9988776602',2,'Bangalore',NULL,'ABCPM2222B',1,1),(4,1,'Juan Martinez - Head Coach','Elite Padel Coaching, GK-1','110048','juan.m@padelcoach.com','Juan Martinez','9988776603',3,'Delhi',NULL,'ABCPJ3333C',1,1),(5,1,'Sofia Garcia - Junior Coach','Padel Pro Academy, Koregaon Park','411001','sofia.g@padelcoach.com','Sofia Garcia','9988776604',1,'Pune',NULL,'ABCPS4444D',1,1),(6,1,'Diego Fernandez - Senior Coach','Champion Padel School, Anna Nagar','600040','diego.f@padelcoach.com','Diego Fernandez','9988776605',7,'Chennai',NULL,'ABCPD5555E',1,1);
/*!40000 ALTER TABLE `mx_vendor` ENABLE KEYS */;
UNLOCK TABLES;

--
-- Table structure for table `mx_vendor_approval_log`
--

DROP TABLE IF EXISTS `mx_vendor_approval_log`;
/*!40101 SET @saved_cs_client     = @@character_set_client */;
/*!40101 SET character_set_client = utf8 */;
CREATE TABLE `mx_vendor_approval_log` (
  `logID` int(11) NOT NULL AUTO_INCREMENT,
  `vendorID` int(11) NOT NULL,
  `action` enum('Created','Submitted','Under Review','Info Requested','Info Provided','Document Uploaded','Document Verified','Document Rejected','GST Verified','MSME Verified','Bank Verified','Approved','Disapproved','Blocked','Unblocked','Portal Activated','Portal Deactivated','Profile Updated','Password Reset','Login','Logout') NOT NULL,
  `previousStatus` varchar(50) DEFAULT NULL,
  `newStatus` varchar(50) DEFAULT NULL,
  `actionBy` int(11) DEFAULT NULL COMMENT 'Admin user ID, NULL if vendor action',
  `actionByVendor` tinyint(1) DEFAULT 0 COMMENT '1 if action by vendor',
  `comments` text DEFAULT NULL,
  `ipAddress` varchar(50) DEFAULT NULL,
  `userAgent` text DEFAULT NULL,
  `actionAt` datetime DEFAULT current_timestamp(),
  PRIMARY KEY (`logID`),
  KEY `idx_vendor_log` (`vendorID`),
  KEY `idx_action` (`action`),
  KEY `idx_action_date` (`actionAt`),
  CONSTRAINT `mx_vendor_approval_log_ibfk_1` FOREIGN KEY (`vendorID`) REFERENCES `mx_vendor_onboarding` (`vendorID`) ON DELETE CASCADE
) ENGINE=InnoDB DEFAULT CHARSET=utf8mb4 COLLATE=utf8mb4_unicode_ci;
/*!40101 SET character_set_client = @saved_cs_client */;

--
-- Dumping data for table `mx_vendor_approval_log`
--

LOCK TABLES `mx_vendor_approval_log` WRITE;
/*!40000 ALTER TABLE `mx_vendor_approval_log` DISABLE KEYS */;
/*!40000 ALTER TABLE `mx_vendor_approval_log` ENABLE KEYS */;
UNLOCK TABLES;

--
-- Table structure for table `mx_vendor_category`
--

DROP TABLE IF EXISTS `mx_vendor_category`;
/*!40101 SET @saved_cs_client     = @@character_set_client */;
/*!40101 SET character_set_client = utf8 */;
CREATE TABLE `mx_vendor_category` (
  `categoryID` int(11) NOT NULL AUTO_INCREMENT,
  `categoryName` varchar(100) NOT NULL,
  `categoryCode` varchar(20) DEFAULT NULL,
  `description` text DEFAULT NULL,
  `sortOrder` int(11) DEFAULT 0,
  `status` tinyint(4) DEFAULT 1,
  `created` datetime DEFAULT current_timestamp(),
  `modified` datetime DEFAULT NULL ON UPDATE current_timestamp(),
  PRIMARY KEY (`categoryID`)
) ENGINE=InnoDB AUTO_INCREMENT=26 DEFAULT CHARSET=utf8mb4 COLLATE=utf8mb4_general_ci;
/*!40101 SET character_set_client = @saved_cs_client */;

--
-- Dumping data for table `mx_vendor_category`
--

LOCK TABLES `mx_vendor_category` WRITE;
/*!40000 ALTER TABLE `mx_vendor_category` DISABLE KEYS */;
INSERT INTO `mx_vendor_category` VALUES (1,'Steel Supplier','STEEL',NULL,1,1,'2025-12-24 01:43:55',NULL),(2,'Turf Supplier','TURF',NULL,2,1,'2025-12-24 01:43:55',NULL),(3,'Glass & Panels','GLASS',NULL,3,1,'2025-12-24 01:43:55',NULL),(4,'Lighting Supplier','LIGHT',NULL,4,1,'2025-12-24 01:43:55',NULL),(5,'Flooring Supplier','FLOOR',NULL,5,1,'2025-12-24 01:43:55',NULL),(6,'Net & Equipment','EQUIP',NULL,6,1,'2025-12-24 01:43:55',NULL),(7,'Civil Work','CIVIL',NULL,7,1,'2025-12-24 01:43:55',NULL),(8,'Electrical Work','ELEC',NULL,8,1,'2025-12-24 01:43:55',NULL),(9,'Transport','TRANS',NULL,9,1,'2025-12-24 01:43:55',NULL),(10,'Labor Contractor','LABOR',NULL,10,1,'2025-12-24 01:43:55',NULL),(11,'Other','OTHER',NULL,99,1,'2025-12-24 01:43:55',NULL),(12,'test','Pari','TEst',0,1,'2025-12-24 01:47:04',NULL),(13,'Steel & Metal Supplier','STEEL',NULL,1,1,'2025-12-26 01:44:13',NULL),(14,'Glass Supplier','GLASS',NULL,2,1,'2025-12-26 01:44:13',NULL),(15,'Turf & Surface Supplier','TURF',NULL,3,1,'2025-12-26 01:44:13',NULL),(16,'Labor Contractor','LABOR',NULL,4,1,'2025-12-26 01:44:13',NULL),(17,'Equipment Supplier','EQUIP',NULL,5,1,'2025-12-26 01:44:13',NULL),(18,'Electrical Contractor','ELEC',NULL,6,1,'2025-12-26 01:44:13',NULL),(19,'Civil Contractor','CIVIL',NULL,7,1,'2025-12-26 01:44:13',NULL),(20,'Transport & Logistics','TRANS',NULL,8,1,'2025-12-26 01:44:13',NULL),(21,'IT & Software','IT',NULL,9,1,'2025-12-26 01:44:13',NULL),(22,'Marketing & Media','MEDIA',NULL,10,1,'2025-12-26 01:44:13',NULL),(23,'Consumables Supplier','CONS',NULL,11,1,'2025-12-26 01:44:13',NULL),(24,'Maintenance Services','MAINT',NULL,12,1,'2025-12-26 01:44:13',NULL),(25,'Other','OTHER',NULL,99,1,'2025-12-26 01:44:13',NULL);
/*!40000 ALTER TABLE `mx_vendor_category` ENABLE KEYS */;
UNLOCK TABLES;

--
-- Table structure for table `mx_vendor_document`
--

DROP TABLE IF EXISTS `mx_vendor_document`;
/*!40101 SET @saved_cs_client     = @@character_set_client */;
/*!40101 SET character_set_client = utf8 */;
CREATE TABLE `mx_vendor_document` (
  `documentID` int(11) NOT NULL AUTO_INCREMENT,
  `vendorID` int(11) NOT NULL,
  `documentType` enum('Registration Certificate','GST Certificate','PAN Card','MSME Certificate','Cancelled Cheque','Bank Statement','Address Proof','ID Proof','ISO Certificate','Quality Certificate','Other') NOT NULL,
  `documentName` varchar(255) NOT NULL COMMENT 'Original filename',
  `documentPath` varchar(500) NOT NULL COMMENT 'Storage path',
  `documentSize` int(11) DEFAULT NULL COMMENT 'File size in bytes',
  `mimeType` varchar(100) DEFAULT NULL,
  `description` text DEFAULT NULL,
  `verificationStatus` enum('Pending','Verified','Rejected','Expired') DEFAULT 'Pending',
  `verifiedBy` int(11) DEFAULT NULL,
  `verifiedAt` datetime DEFAULT NULL,
  `rejectionReason` text DEFAULT NULL,
  `validFrom` date DEFAULT NULL,
  `validUntil` date DEFAULT NULL,
  `isExpired` tinyint(1) DEFAULT 0,
  `uploadedAt` datetime DEFAULT current_timestamp(),
  `uploadedBy` int(11) DEFAULT NULL COMMENT 'NULL if uploaded by vendor',
  `status` tinyint(1) DEFAULT 1,
  PRIMARY KEY (`documentID`),
  KEY `idx_vendor_doc` (`vendorID`),
  KEY `idx_doc_type` (`documentType`),
  KEY `idx_verification` (`verificationStatus`),
  CONSTRAINT `mx_vendor_document_ibfk_1` FOREIGN KEY (`vendorID`) REFERENCES `mx_vendor_onboarding` (`vendorID`) ON DELETE CASCADE
) ENGINE=InnoDB DEFAULT CHARSET=utf8mb4 COLLATE=utf8mb4_unicode_ci;
/*!40101 SET character_set_client = @saved_cs_client */;

--
-- Dumping data for table `mx_vendor_document`
--

LOCK TABLES `mx_vendor_document` WRITE;
/*!40000 ALTER TABLE `mx_vendor_document` DISABLE KEYS */;
/*!40000 ALTER TABLE `mx_vendor_document` ENABLE KEYS */;
UNLOCK TABLES;

--
-- Table structure for table `mx_vendor_info_request`
--

DROP TABLE IF EXISTS `mx_vendor_info_request`;
/*!40101 SET @saved_cs_client     = @@character_set_client */;
/*!40101 SET character_set_client = utf8 */;
CREATE TABLE `mx_vendor_info_request` (
  `requestID` int(11) NOT NULL AUTO_INCREMENT,
  `vendorID` int(11) NOT NULL,
  `requestType` enum('Document','Clarification','Update','Other') DEFAULT 'Clarification',
  `subject` varchar(255) NOT NULL,
  `message` text NOT NULL,
  `requestedBy` int(11) NOT NULL,
  `requestedAt` datetime DEFAULT current_timestamp(),
  `responseToken` varchar(100) DEFAULT NULL COMMENT 'Unique link for vendor response',
  `responseTokenExpiry` datetime DEFAULT NULL,
  `responded` tinyint(1) DEFAULT 0,
  `responseMessage` text DEFAULT NULL,
  `respondedAt` datetime DEFAULT NULL,
  `status` tinyint(1) DEFAULT 1,
  PRIMARY KEY (`requestID`),
  KEY `idx_vendor_request` (`vendorID`),
  KEY `idx_response_token` (`responseToken`),
  CONSTRAINT `mx_vendor_info_request_ibfk_1` FOREIGN KEY (`vendorID`) REFERENCES `mx_vendor_onboarding` (`vendorID`) ON DELETE CASCADE
) ENGINE=InnoDB DEFAULT CHARSET=utf8mb4 COLLATE=utf8mb4_unicode_ci;
/*!40101 SET character_set_client = @saved_cs_client */;

--
-- Dumping data for table `mx_vendor_info_request`
--

LOCK TABLES `mx_vendor_info_request` WRITE;
/*!40000 ALTER TABLE `mx_vendor_info_request` DISABLE KEYS */;
/*!40000 ALTER TABLE `mx_vendor_info_request` ENABLE KEYS */;
UNLOCK TABLES;

--
-- Table structure for table `mx_vendor_onboarding`
--

DROP TABLE IF EXISTS `mx_vendor_onboarding`;
/*!40101 SET @saved_cs_client     = @@character_set_client */;
/*!40101 SET character_set_client = utf8 */;
CREATE TABLE `mx_vendor_onboarding` (
  `vendorID` int(11) NOT NULL AUTO_INCREMENT,
  `vendorCode` varchar(50) NOT NULL COMMENT 'Auto-generated: VND-YYYYMMDD-XXXX',
  `legalName` varchar(200) NOT NULL COMMENT 'Company legal name as per registration',
  `tradeName` varchar(200) DEFAULT NULL COMMENT 'Trading/Brand name',
  `registeredAddress` text NOT NULL COMMENT 'Registered office address',
  `businessAddress` text DEFAULT NULL COMMENT 'Business/Operational address',
  `city` varchar(100) DEFAULT NULL,
  `state` varchar(100) DEFAULT NULL,
  `pincode` varchar(20) DEFAULT NULL,
  `country` varchar(100) DEFAULT 'India',
  `vendorType` enum('Goods','Services','Both') NOT NULL DEFAULT 'Goods',
  `vendorCategory` int(11) DEFAULT NULL COMMENT 'FK to vendor_category',
  `projectID` int(11) DEFAULT NULL,
  `gstNumber` varchar(20) DEFAULT NULL COMMENT 'GSTIN (15 characters)',
  `gstRegistrationType` enum('Regular','Composition','Unregistered','SEZ') DEFAULT 'Regular',
  `panNumber` varchar(15) NOT NULL COMMENT 'PAN (10 characters)',
  `tanNumber` varchar(15) DEFAULT NULL COMMENT 'TAN for TDS',
  `cinNumber` varchar(25) DEFAULT NULL COMMENT 'Corporate Identification Number',
  `msmeRegistered` tinyint(1) DEFAULT 0,
  `msmeNumber` varchar(50) DEFAULT NULL COMMENT 'Udyam Registration Number',
  `msmeType` enum('Micro','Small','Medium') DEFAULT NULL,
  `msmeValidUntil` date DEFAULT NULL,
  `bankName` varchar(200) DEFAULT NULL,
  `bankBranch` varchar(200) DEFAULT NULL,
  `bankAccountNo` varchar(50) DEFAULT NULL,
  `bankAccountType` enum('Current','Savings','CC','OD') DEFAULT 'Current',
  `ifscCode` varchar(15) DEFAULT NULL,
  `contactPersonName` varchar(150) NOT NULL,
  `contactDesignation` varchar(100) DEFAULT NULL,
  `contactPhone` varchar(20) NOT NULL,
  `contactEmail` varchar(150) NOT NULL,
  `altContactName` varchar(150) DEFAULT NULL,
  `altContactPhone` varchar(20) DEFAULT NULL,
  `altContactEmail` varchar(150) DEFAULT NULL,
  `registrationSource` enum('Invitation','Public','Admin') DEFAULT 'Public',
  `invitationToken` varchar(100) DEFAULT NULL COMMENT 'Unique token for invitation link',
  `invitationSentAt` datetime DEFAULT NULL,
  `invitationExpiresAt` datetime DEFAULT NULL,
  `invitedBy` int(11) DEFAULT NULL COMMENT 'Admin user who sent invitation',
  `gstVerified` tinyint(1) DEFAULT 0 COMMENT 'GST API verification status',
  `gstVerifiedAt` datetime DEFAULT NULL,
  `gstVerificationResponse` text DEFAULT NULL COMMENT 'API response JSON',
  `msmeVerified` tinyint(1) DEFAULT 0 COMMENT 'MSME API verification status',
  `msmeVerifiedAt` datetime DEFAULT NULL,
  `msmeVerificationResponse` text DEFAULT NULL,
  `panVerified` tinyint(1) DEFAULT 0,
  `panVerifiedAt` datetime DEFAULT NULL,
  `bankVerified` tinyint(1) DEFAULT 0 COMMENT 'Bank details verified via cancelled cheque',
  `bankVerifiedAt` datetime DEFAULT NULL,
  `bankVerifiedBy` int(11) DEFAULT NULL,
  `vendorStatus` enum('Draft','Pending','Under Review','Info Requested','Approved','Disapproved','Blocked') DEFAULT 'Pending',
  `statusChangedAt` datetime DEFAULT NULL,
  `approvedAt` datetime DEFAULT NULL,
  `approvedBy` int(11) DEFAULT NULL COMMENT 'Admin user who approved',
  `disapprovalReason` text DEFAULT NULL,
  `blockReason` text DEFAULT NULL,
  `blockedAt` datetime DEFAULT NULL,
  `blockedBy` int(11) DEFAULT NULL,
  `performanceRating` decimal(3,2) DEFAULT 0.00 COMMENT '0-5 rating',
  `totalOrders` int(11) DEFAULT 0,
  `totalOrderValue` decimal(15,2) DEFAULT 0.00,
  `avgDeliveryScore` decimal(3,2) DEFAULT 0.00 COMMENT 'Timeliness score 0-5',
  `avgQualityScore` decimal(3,2) DEFAULT 0.00 COMMENT 'Quality score 0-5',
  `lastOrderDate` date DEFAULT NULL,
  `portalEnabled` tinyint(1) DEFAULT 0,
  `portalActivatedAt` datetime DEFAULT NULL,
  `lastPortalLogin` datetime DEFAULT NULL,
  `website` varchar(255) DEFAULT NULL,
  `companyDescription` text DEFAULT NULL,
  `paymentTerms` varchar(100) DEFAULT 'Net 30',
  `creditLimit` decimal(15,2) DEFAULT 0.00,
  `notes` text DEFAULT NULL,
  `internalNotes` text DEFAULT NULL COMMENT 'Internal notes not visible to vendor',
  `status` tinyint(1) DEFAULT 1,
  `created` datetime DEFAULT current_timestamp(),
  `createdBy` int(11) DEFAULT NULL,
  `modified` datetime DEFAULT NULL ON UPDATE current_timestamp(),
  `modifiedBy` int(11) DEFAULT NULL,
  `approvalStatus` varchar(50) DEFAULT 'Pending',
  PRIMARY KEY (`vendorID`),
  UNIQUE KEY `vendorCode` (`vendorCode`),
  KEY `idx_vendor_status` (`vendorStatus`),
  KEY `idx_vendor_type` (`vendorType`),
  KEY `idx_gst` (`gstNumber`),
  KEY `idx_pan` (`panNumber`),
  KEY `idx_invitation_token` (`invitationToken`),
  KEY `idx_portal_enabled` (`portalEnabled`),
  KEY `idx_projectID` (`projectID`)
) ENGINE=InnoDB AUTO_INCREMENT=11 DEFAULT CHARSET=utf8mb4 COLLATE=utf8mb4_unicode_ci;
/*!40101 SET character_set_client = @saved_cs_client */;

--
-- Dumping data for table `mx_vendor_onboarding`
--

LOCK TABLES `mx_vendor_onboarding` WRITE;
/*!40000 ALTER TABLE `mx_vendor_onboarding` DISABLE KEYS */;
INSERT INTO `mx_vendor_onboarding` VALUES (1,'VND-TEST-001','Test Vendor Pvt Ltd','Test Vendor','123 Test Street, Mumbai',NULL,NULL,NULL,NULL,'India','Goods',NULL,NULL,NULL,'Regular','ABCDE1234F',NULL,NULL,0,NULL,NULL,NULL,NULL,NULL,NULL,'Current',NULL,'John Doe',NULL,'9876543210','vendor@test.com',NULL,NULL,NULL,'Public',NULL,NULL,NULL,NULL,0,NULL,NULL,0,NULL,NULL,0,NULL,0,NULL,NULL,'Approved',NULL,NULL,NULL,NULL,NULL,NULL,NULL,0.00,0,0.00,0.00,0.00,NULL,1,NULL,NULL,NULL,NULL,'Net 30',0.00,NULL,NULL,1,'2025-12-26 02:35:33',NULL,'2025-12-26 02:40:15',NULL,'Approved'),(2,'SP-VND-001','Premium Court Builders','Rajesh Kumar','123 Industrial Area, Phase 2',NULL,'Mumbai','Maharashtra','400001','India','Both',NULL,1,NULL,'Regular','NOTPROVIDED',NULL,NULL,0,NULL,NULL,NULL,'HDFC Bank',NULL,'12345678901234','Current','HDFC0001234','Rajesh Kumar',NULL,'9876543210','rajesh@premiumcourts.com',NULL,NULL,NULL,'Public',NULL,NULL,NULL,NULL,0,NULL,NULL,0,NULL,NULL,0,NULL,0,NULL,NULL,'Approved',NULL,NULL,NULL,NULL,NULL,NULL,NULL,4.80,15,25000000.00,0.00,0.00,NULL,0,NULL,NULL,NULL,NULL,'Net 30',0.00,'Top-rated court construction vendor',NULL,1,'2025-12-24 03:39:26',NULL,NULL,NULL,'Approved'),(3,'SP-VND-002','SportsFloor India','Amit Sharma','45 Sports Complex Road',NULL,'Delhi','Delhi','110001','India','Both',NULL,1,NULL,'Regular','NOTPROVIDED',NULL,NULL,0,NULL,NULL,NULL,'ICICI Bank',NULL,'98765432109876','Current','ICIC0005678','Amit Sharma',NULL,'9123456789','amit@sportsfloorindia.com',NULL,NULL,NULL,'Public',NULL,NULL,NULL,NULL,0,NULL,NULL,0,NULL,NULL,0,NULL,0,NULL,NULL,'Approved',NULL,NULL,NULL,NULL,NULL,NULL,NULL,4.50,22,18000000.00,0.00,0.00,NULL,0,NULL,NULL,NULL,NULL,'Net 30',0.00,'Specialized in synthetic turf',NULL,1,'2025-12-24 03:39:26',NULL,NULL,NULL,'Approved'),(4,'SP-VND-003','NetPro Sports','Priya Singh','78 Equipment Lane',NULL,'Bangalore','Karnataka','560001','India','Both',NULL,1,NULL,'Regular','NOTPROVIDED',NULL,NULL,0,NULL,NULL,NULL,'SBI',NULL,'45678901234567','Current','SBIN0009012','Priya Singh',NULL,'9234567890','priya@netprosports.com',NULL,NULL,NULL,'Public',NULL,NULL,NULL,NULL,0,NULL,NULL,0,NULL,NULL,0,NULL,0,NULL,NULL,'Approved',NULL,NULL,NULL,NULL,NULL,NULL,NULL,4.90,45,8000000.00,0.00,0.00,NULL,0,NULL,NULL,NULL,NULL,'Net 30',0.00,'Nets and poles supplier',NULL,1,'2025-12-24 03:39:26',NULL,NULL,NULL,'Approved'),(5,'SP-VND-004','LightTech Solutions','Vikram Patel','12 Tech Park',NULL,'Hyderabad','Telangana','500001','India','Both',NULL,1,NULL,'Regular','NOTPROVIDED',NULL,NULL,0,NULL,NULL,NULL,'Axis Bank',NULL,'67890123456789','Current','UTIB0003456','Vikram Patel',NULL,'9345678901','vikram@lighttech.com',NULL,NULL,NULL,'Public',NULL,NULL,NULL,NULL,0,NULL,NULL,0,NULL,NULL,0,NULL,0,NULL,NULL,'Approved',NULL,NULL,NULL,NULL,NULL,NULL,NULL,4.60,18,12000000.00,0.00,0.00,NULL,0,NULL,NULL,NULL,NULL,'Net 30',0.00,'LED sports lighting specialist',NULL,1,'2025-12-24 03:39:26',NULL,NULL,NULL,'Approved'),(6,'SP-VND-005','GlassWall Experts','Suresh Menon','34 Glass Works Industrial Estate',NULL,'Chennai','Tamil Nadu','600001','India','Both',NULL,1,NULL,'Regular','NOTPROVIDED',NULL,NULL,0,NULL,NULL,NULL,'Kotak Bank',NULL,'78901234567890','Current','KKBK0007890','Suresh Menon',NULL,'9456789012','suresh@glasswall.com',NULL,NULL,NULL,'Public',NULL,NULL,NULL,NULL,0,NULL,NULL,0,NULL,NULL,0,NULL,0,NULL,NULL,'Approved',NULL,NULL,NULL,NULL,NULL,NULL,NULL,4.95,12,30000000.00,0.00,0.00,NULL,0,NULL,NULL,NULL,NULL,'Net 30',0.00,'Tempered glass wall specialists',NULL,1,'2025-12-24 03:39:26',NULL,NULL,NULL,'Approved'),(7,'SP-VND-006','TurfMaster','Neha Gupta','56 Green Park Industrial',NULL,'Pune','Maharashtra','411001','India','Both',NULL,1,NULL,'Regular','NOTPROVIDED',NULL,NULL,0,NULL,NULL,NULL,'Yes Bank',NULL,'89012345678901','Current','YESB0001234','Neha Gupta',NULL,'9567890123','neha@turfmaster.in',NULL,NULL,NULL,'Public',NULL,NULL,NULL,NULL,0,NULL,NULL,0,NULL,NULL,0,NULL,0,NULL,NULL,'Pending',NULL,NULL,NULL,NULL,NULL,NULL,NULL,4.70,28,15000000.00,0.00,0.00,NULL,0,NULL,NULL,NULL,NULL,'Net 30',0.00,'Premium artificial turf supplier',NULL,1,'2025-12-24 03:39:26',NULL,'2025-12-26 03:12:54',NULL,'Pending'),(9,'VND-20251226-0001','Paritosh','paritosh','dfsdf',NULL,'Mumbai','Maharashtra','400026','India','Both',NULL,NULL,NULL,'Regular','NOTPROVIDED',NULL,NULL,0,NULL,NULL,NULL,NULL,NULL,NULL,'Current',NULL,'Paritosh',NULL,'986721235','pp@pp.cc',NULL,NULL,NULL,'Admin',NULL,NULL,NULL,NULL,0,NULL,NULL,0,NULL,NULL,0,NULL,0,NULL,NULL,'Approved',NULL,'2025-12-26 03:21:22',NULL,NULL,NULL,NULL,NULL,0.00,0,0.00,0.00,0.00,NULL,1,'2025-12-26 04:12:41',NULL,NULL,NULL,'Net 30',0.00,NULL,NULL,1,'2025-12-26 03:20:03',NULL,'2025-12-26 04:12:41',NULL,'Approved');
/*!40000 ALTER TABLE `mx_vendor_onboarding` ENABLE KEYS */;
UNLOCK TABLES;

--
-- Table structure for table `mx_vendor_portal_user`
--

DROP TABLE IF EXISTS `mx_vendor_portal_user`;
/*!40101 SET @saved_cs_client     = @@character_set_client */;
/*!40101 SET character_set_client = utf8 */;
CREATE TABLE `mx_vendor_portal_user` (
  `userID` int(11) NOT NULL AUTO_INCREMENT,
  `vendorID` int(11) NOT NULL,
  `email` varchar(150) DEFAULT NULL,
  `fullName` varchar(150) DEFAULT NULL,
  `username` varchar(100) NOT NULL COMMENT 'Usually email',
  `passwordHash` varchar(255) NOT NULL,
  `isActive` tinyint(1) DEFAULT 1,
  `emailVerified` tinyint(1) DEFAULT 0,
  `emailVerifyToken` varchar(100) DEFAULT NULL,
  `passwordResetToken` varchar(100) DEFAULT NULL,
  `passwordResetExpiry` datetime DEFAULT NULL,
  `lastLogin` datetime DEFAULT NULL,
  `lastLoginIP` varchar(50) DEFAULT NULL,
  `loginAttempts` int(11) DEFAULT 0,
  `lockedUntil` datetime DEFAULT NULL,
  `created` datetime DEFAULT current_timestamp(),
  `modified` datetime DEFAULT NULL ON UPDATE current_timestamp(),
  `status` tinyint(4) DEFAULT 1,
  `lastLoginAt` datetime DEFAULT NULL,
  PRIMARY KEY (`userID`),
  UNIQUE KEY `username` (`username`),
  KEY `idx_username` (`username`),
  KEY `idx_vendor_user` (`vendorID`),
  CONSTRAINT `mx_vendor_portal_user_ibfk_1` FOREIGN KEY (`vendorID`) REFERENCES `mx_vendor_onboarding` (`vendorID`) ON DELETE CASCADE
) ENGINE=InnoDB AUTO_INCREMENT=3 DEFAULT CHARSET=utf8mb4 COLLATE=utf8mb4_unicode_ci;
/*!40101 SET character_set_client = @saved_cs_client */;

--
-- Dumping data for table `mx_vendor_portal_user`
--

LOCK TABLES `mx_vendor_portal_user` WRITE;
/*!40000 ALTER TABLE `mx_vendor_portal_user` DISABLE KEYS */;
INSERT INTO `mx_vendor_portal_user` VALUES (1,1,'vendor@test.com','Test Vendor Admin','vendor@test.com','$2y$10$92IXUNpkjO0rOQ5byMi.Ye4oKoEa3Ro9llC/.og/at2.uheWG/igi',1,1,NULL,NULL,NULL,NULL,NULL,0,NULL,'2025-12-26 02:35:33','2025-12-26 02:42:28',1,'2025-12-26 02:42:28'),(2,9,NULL,NULL,'pp@pp.cc','$2y$10$0MO7s3Vg5xV6uIvuB2b3tOqNEflx/WjAeTs5ihRvZPc9B26AXq1yy',1,0,NULL,NULL,NULL,NULL,NULL,0,NULL,'2025-12-26 04:12:40',NULL,1,NULL);
/*!40000 ALTER TABLE `mx_vendor_portal_user` ENABLE KEYS */;
UNLOCK TABLES;

--
-- Table structure for table `mx_vendor_quote`
--

DROP TABLE IF EXISTS `mx_vendor_quote`;
/*!40101 SET @saved_cs_client     = @@character_set_client */;
/*!40101 SET character_set_client = utf8 */;
CREATE TABLE `mx_vendor_quote` (
  `quoteID` int(11) NOT NULL AUTO_INCREMENT,
  `quoteNumber` varchar(50) NOT NULL COMMENT 'Auto: QT-VND-YYYYMMDD-XXXX',
  `rfqID` int(11) NOT NULL,
  `vendorID` int(11) NOT NULL,
  `validUntil` date DEFAULT NULL,
  `deliveryDays` int(11) DEFAULT NULL COMMENT 'Delivery in X days',
  `paymentTermsOffered` varchar(200) DEFAULT NULL,
  `subtotal` decimal(15,2) DEFAULT 0.00,
  `discountPercent` decimal(5,2) DEFAULT 0.00,
  `discountAmount` decimal(15,2) DEFAULT 0.00,
  `taxableAmount` decimal(15,2) DEFAULT 0.00,
  `cgstPercent` decimal(5,2) DEFAULT 9.00,
  `cgstAmount` decimal(15,2) DEFAULT 0.00,
  `sgstPercent` decimal(5,2) DEFAULT 9.00,
  `sgstAmount` decimal(15,2) DEFAULT 0.00,
  `igstPercent` decimal(5,2) DEFAULT 0.00,
  `igstAmount` decimal(15,2) DEFAULT 0.00,
  `totalAmount` decimal(15,2) DEFAULT 0.00,
  `attachmentPath` varchar(500) DEFAULT NULL,
  `remarks` text DEFAULT NULL,
  `termsConditions` text DEFAULT NULL,
  `quoteStatus` enum('Draft','Submitted','Under Review','Shortlisted','Accepted','Rejected','Expired') DEFAULT 'Draft',
  `submittedAt` datetime DEFAULT NULL,
  `technicalScore` decimal(5,2) DEFAULT NULL COMMENT 'Out of 100',
  `commercialScore` decimal(5,2) DEFAULT NULL COMMENT 'Out of 100',
  `overallScore` decimal(5,2) DEFAULT NULL,
  `evaluationNotes` text DEFAULT NULL,
  `evaluatedBy` int(11) DEFAULT NULL,
  `evaluatedAt` datetime DEFAULT NULL,
  `created` datetime DEFAULT current_timestamp(),
  `modified` datetime DEFAULT NULL ON UPDATE current_timestamp(),
  `status` tinyint(1) DEFAULT 1,
  PRIMARY KEY (`quoteID`),
  UNIQUE KEY `quoteNumber` (`quoteNumber`),
  KEY `idx_quote_rfq` (`rfqID`),
  KEY `idx_quote_vendor` (`vendorID`),
  KEY `idx_quote_status` (`quoteStatus`),
  CONSTRAINT `mx_vendor_quote_ibfk_1` FOREIGN KEY (`rfqID`) REFERENCES `mx_vendor_rfq` (`rfqID`) ON DELETE CASCADE,
  CONSTRAINT `mx_vendor_quote_ibfk_2` FOREIGN KEY (`vendorID`) REFERENCES `mx_vendor_onboarding` (`vendorID`) ON DELETE CASCADE
) ENGINE=InnoDB DEFAULT CHARSET=utf8mb4 COLLATE=utf8mb4_unicode_ci;
/*!40101 SET character_set_client = @saved_cs_client */;

--
-- Dumping data for table `mx_vendor_quote`
--

LOCK TABLES `mx_vendor_quote` WRITE;
/*!40000 ALTER TABLE `mx_vendor_quote` DISABLE KEYS */;
/*!40000 ALTER TABLE `mx_vendor_quote` ENABLE KEYS */;
UNLOCK TABLES;

--
-- Table structure for table `mx_vendor_quote_item`
--

DROP TABLE IF EXISTS `mx_vendor_quote_item`;
/*!40101 SET @saved_cs_client     = @@character_set_client */;
/*!40101 SET character_set_client = utf8 */;
CREATE TABLE `mx_vendor_quote_item` (
  `quoteItemID` int(11) NOT NULL AUTO_INCREMENT,
  `quoteID` int(11) NOT NULL,
  `rfqItemID` int(11) NOT NULL,
  `itemDescription` varchar(500) NOT NULL,
  `unit` varchar(50) DEFAULT 'Nos',
  `quantity` decimal(15,3) NOT NULL,
  `unitRate` decimal(15,2) NOT NULL,
  `amount` decimal(15,2) NOT NULL,
  `hsnCode` varchar(20) DEFAULT NULL,
  `gstPercent` decimal(5,2) DEFAULT 18.00,
  `remarks` text DEFAULT NULL,
  `sortOrder` int(11) DEFAULT 0,
  `status` tinyint(1) DEFAULT 1,
  PRIMARY KEY (`quoteItemID`),
  KEY `rfqItemID` (`rfqItemID`),
  KEY `idx_quote_item` (`quoteID`),
  CONSTRAINT `mx_vendor_quote_item_ibfk_1` FOREIGN KEY (`quoteID`) REFERENCES `mx_vendor_quote` (`quoteID`) ON DELETE CASCADE,
  CONSTRAINT `mx_vendor_quote_item_ibfk_2` FOREIGN KEY (`rfqItemID`) REFERENCES `mx_vendor_rfq_item` (`itemID`) ON DELETE CASCADE
) ENGINE=InnoDB DEFAULT CHARSET=utf8mb4 COLLATE=utf8mb4_unicode_ci;
/*!40101 SET character_set_client = @saved_cs_client */;

--
-- Dumping data for table `mx_vendor_quote_item`
--

LOCK TABLES `mx_vendor_quote_item` WRITE;
/*!40000 ALTER TABLE `mx_vendor_quote_item` DISABLE KEYS */;
/*!40000 ALTER TABLE `mx_vendor_quote_item` ENABLE KEYS */;
UNLOCK TABLES;

--
-- Table structure for table `mx_vendor_rfq`
--

DROP TABLE IF EXISTS `mx_vendor_rfq`;
/*!40101 SET @saved_cs_client     = @@character_set_client */;
/*!40101 SET character_set_client = utf8 */;
CREATE TABLE `mx_vendor_rfq` (
  `rfqID` int(11) NOT NULL AUTO_INCREMENT,
  `rfqNumber` varchar(50) NOT NULL COMMENT 'Auto: RFQ-YYYYMMDD-XXXX',
  `title` varchar(255) NOT NULL,
  `description` text DEFAULT NULL,
  `rfqType` enum('Goods','Services','Both') DEFAULT 'Goods',
  `category` int(11) DEFAULT NULL COMMENT 'Vendor category',
  `publishDate` datetime DEFAULT current_timestamp(),
  `submissionDeadline` datetime NOT NULL,
  `expectedDeliveryDate` date DEFAULT NULL,
  `isPublic` tinyint(1) DEFAULT 1 COMMENT '1=All approved vendors, 0=Invited only',
  `invitedVendors` text DEFAULT NULL COMMENT 'JSON array of vendorIDs if not public',
  `deliveryLocation` text DEFAULT NULL,
  `paymentTerms` varchar(100) DEFAULT NULL,
  `specialRequirements` text DEFAULT NULL,
  `termsAndConditions` text DEFAULT NULL,
  `attachmentPath` varchar(500) DEFAULT NULL,
  `rfqStatus` enum('Draft','Published','Closed','Awarded','Cancelled') DEFAULT 'Draft',
  `totalQuotesReceived` int(11) DEFAULT 0,
  `awardedToVendor` int(11) DEFAULT NULL,
  `awardedQuoteID` int(11) DEFAULT NULL,
  `awardedAt` datetime DEFAULT NULL,
  `awardedBy` int(11) DEFAULT NULL,
  `createdBy` int(11) NOT NULL,
  `created` datetime DEFAULT current_timestamp(),
  `modified` datetime DEFAULT NULL ON UPDATE current_timestamp(),
  `status` tinyint(1) DEFAULT 1,
  PRIMARY KEY (`rfqID`),
  UNIQUE KEY `rfqNumber` (`rfqNumber`),
  KEY `idx_rfq_status` (`rfqStatus`),
  KEY `idx_rfq_deadline` (`submissionDeadline`),
  KEY `idx_rfq_type` (`rfqType`)
) ENGINE=InnoDB DEFAULT CHARSET=utf8mb4 COLLATE=utf8mb4_unicode_ci;
/*!40101 SET character_set_client = @saved_cs_client */;

--
-- Dumping data for table `mx_vendor_rfq`
--

LOCK TABLES `mx_vendor_rfq` WRITE;
/*!40000 ALTER TABLE `mx_vendor_rfq` DISABLE KEYS */;
/*!40000 ALTER TABLE `mx_vendor_rfq` ENABLE KEYS */;
UNLOCK TABLES;

--
-- Table structure for table `mx_vendor_rfq_item`
--

DROP TABLE IF EXISTS `mx_vendor_rfq_item`;
/*!40101 SET @saved_cs_client     = @@character_set_client */;
/*!40101 SET character_set_client = utf8 */;
CREATE TABLE `mx_vendor_rfq_item` (
  `itemID` int(11) NOT NULL AUTO_INCREMENT,
  `rfqID` int(11) NOT NULL,
  `itemDescription` varchar(500) NOT NULL,
  `specifications` text DEFAULT NULL,
  `unit` varchar(50) DEFAULT 'Nos',
  `quantity` decimal(15,3) NOT NULL,
  `estimatedRate` decimal(15,2) DEFAULT NULL COMMENT 'Internal estimate',
  `sortOrder` int(11) DEFAULT 0,
  `status` tinyint(1) DEFAULT 1,
  PRIMARY KEY (`itemID`),
  KEY `idx_rfq_item` (`rfqID`),
  CONSTRAINT `mx_vendor_rfq_item_ibfk_1` FOREIGN KEY (`rfqID`) REFERENCES `mx_vendor_rfq` (`rfqID`) ON DELETE CASCADE
) ENGINE=InnoDB DEFAULT CHARSET=utf8mb4 COLLATE=utf8mb4_unicode_ci;
/*!40101 SET character_set_client = @saved_cs_client */;

--
-- Dumping data for table `mx_vendor_rfq_item`
--

LOCK TABLES `mx_vendor_rfq_item` WRITE;
/*!40000 ALTER TABLE `mx_vendor_rfq_item` DISABLE KEYS */;
/*!40000 ALTER TABLE `mx_vendor_rfq_item` ENABLE KEYS */;
UNLOCK TABLES;

--
-- Table structure for table `mx_volume_discount`
--

DROP TABLE IF EXISTS `mx_volume_discount`;
/*!40101 SET @saved_cs_client     = @@character_set_client */;
/*!40101 SET character_set_client = utf8 */;
CREATE TABLE `mx_volume_discount` (
  `discountID` int(11) NOT NULL AUTO_INCREMENT,
  `discountName` varchar(100) NOT NULL,
  `discountType` enum('Order Value','Monthly Turnover','Quarterly Turnover','Yearly Turnover','Product Qty') DEFAULT 'Order Value',
  `productID` int(11) DEFAULT NULL,
  `categoryID` int(11) DEFAULT NULL,
  `slabFrom` decimal(15,2) NOT NULL,
  `slabTo` decimal(15,2) DEFAULT NULL,
  `discountPercent` decimal(5,2) NOT NULL,
  `isActive` tinyint(4) DEFAULT 1,
  `status` tinyint(4) DEFAULT 1,
  `created` datetime DEFAULT current_timestamp(),
  PRIMARY KEY (`discountID`)
) ENGINE=InnoDB AUTO_INCREMENT=6 DEFAULT CHARSET=utf8mb4 COLLATE=utf8mb4_unicode_ci;
/*!40101 SET character_set_client = @saved_cs_client */;

--
-- Dumping data for table `mx_volume_discount`
--

LOCK TABLES `mx_volume_discount` WRITE;
/*!40000 ALTER TABLE `mx_volume_discount` DISABLE KEYS */;
INSERT INTO `mx_volume_discount` VALUES (1,'Order Value 50K-1L','Order Value',NULL,NULL,50000.00,100000.00,2.00,1,1,'2025-12-28 20:35:16'),(2,'Order Value 1L-5L','Order Value',NULL,NULL,100000.00,500000.00,3.00,1,1,'2025-12-28 20:35:16'),(3,'Order Value 5L+','Order Value',NULL,NULL,500000.00,NULL,5.00,1,1,'2025-12-28 20:35:16'),(4,'Quarterly 10L-25L','Quarterly Turnover',NULL,NULL,1000000.00,2500000.00,1.00,1,1,'2025-12-28 20:35:16'),(5,'Quarterly 25L+','Quarterly Turnover',NULL,NULL,2500000.00,NULL,2.00,1,1,'2025-12-28 20:35:16');
/*!40000 ALTER TABLE `mx_volume_discount` ENABLE KEYS */;
UNLOCK TABLES;

--
-- Table structure for table `mx_voucher`
--

DROP TABLE IF EXISTS `mx_voucher`;
/*!40101 SET @saved_cs_client     = @@character_set_client */;
/*!40101 SET character_set_client = utf8 */;
CREATE TABLE `mx_voucher` (
  `voucherID` int(11) NOT NULL AUTO_INCREMENT,
  `pettyCashCatID` int(11) NOT NULL DEFAULT 0,
  `voucherNo` varchar(50) DEFAULT NULL,
  `voucherDebitTo` varchar(100) DEFAULT NULL,
  `voucherDate` date DEFAULT NULL,
  `voucherTitle` varchar(100) NOT NULL,
  `voucherDesc` text DEFAULT NULL,
  `voucherAmt` decimal(7,2) NOT NULL DEFAULT 0.00,
  `voucherFile` varchar(200) DEFAULT NULL,
  `voucherRef` varchar(200) DEFAULT NULL,
  `status` tinyint(1) DEFAULT 1,
  PRIMARY KEY (`voucherID`)
) ENGINE=InnoDB AUTO_INCREMENT=38 DEFAULT CHARSET=utf8mb4 COLLATE=utf8mb4_general_ci;
/*!40101 SET character_set_client = @saved_cs_client */;

--
-- Dumping data for table `mx_voucher`
--

LOCK TABLES `mx_voucher` WRITE;
/*!40000 ALTER TABLE `mx_voucher` DISABLE KEYS */;
INSERT INTO `mx_voucher` VALUES (1,7,'V/23-24/001','Ajinkya','2023-06-01','200.5',NULL,200.50,NULL,NULL,0),(2,16,'V/23-24/002','Rahul','2023-05-31','debit ac',NULL,99.35,NULL,NULL,0),(3,7,'V/23-24/002','Ajinkya','2023-05-31','debit ac',NULL,99.65,NULL,NULL,0),(4,7,'V/23-24/002','john','2023-05-03','test',NULL,99.65,NULL,NULL,0),(5,12,'V/23-24/002','Ajinkya','2023-05-31','test',NULL,101.74,NULL,NULL,0),(6,7,'V/23-24/002','Ajinkya123@','2023-05-31','test','test',98.83,NULL,NULL,0),(7,7,'V/23-24/002','ganesh','2023-06-12','test  by sakshi ',NULL,5.00,'2023-06-12-V-23-24-002-test-by-sakshi.pdf',NULL,0),(8,18,'V/23-24/003','PAWAR','2023-06-27','TAXI ','TAXI',200.00,'2023-06-27-V-23-24-003-taxi.pdf',NULL,0),(9,8,'V/23-24/004','travelling exp','2023-09-26','travelling exp',NULL,500.00,NULL,NULL,0),(10,20,'V','Dilkush Paswan','2024-05-03','Dilkush Driver Overtime','Paid to Dilkush Driver Overtime fees for the month of April 2024',4850.00,'2024-05-03-V-dilkush-driver-overtime.pdf',NULL,1),(11,20,'V','Dilkush Paswan','2024-05-10','Dilkush Driver Overtime','Paid to Dilkush Driver OT for the period from 01.05.2024 to 10.05.2024',1500.00,'2024-05-10-V-dilkush-driver-overtime.pdf',NULL,1),(12,3,'V/24-25/00W','Dilkush Paswan','2024-07-13','Voucher for driver\'s welfere.',NULL,5306.00,'2024-07-13-V-24-25-00W-voucher-for-drivers-welfere.pdf','Voucher for driver\'s welfere.',1),(13,20,'V/24-25/00X','Suraj','2024-08-23','Suraj Driver OverTime','Being OT Paid to Suraj for 2nd , 11th and 20th August 2024.',1525.00,'2024-08-23-V-24-25-00X-suraj-driver-overtime.pdf',NULL,1),(14,20,'V/24-25/00Y','Suraj','2024-09-10','Suraj Driver OverTime','Being overtime charges paid to Suraj Driver.',1275.00,'2024-09-10-V-24-25-00Y-suraj-driver-overtime.pdf',NULL,1),(15,20,'V/24-25/00Z','Suraj','2024-10-25','Suraj Driver OverTime','Overtime charges paid - 11.09.2024, 20.09.2024 and 08.10.2024',2000.00,'2024-10-25-V-24-25-00Z-suraj-driver-overtime.pdf',NULL,1),(16,3,'V/24-25/01A','Dilkush Paswan','2024-11-22','Voucher for driver\'s welfere.',NULL,2498.00,'2024-11-22-V-24-25-01A-voucher-for-drivers-welfere.pdf','Voucher for driver\'s welfere.',1),(17,3,'V/24-25/01B','Dilkush Paswan','2024-11-22','Voucher for driver\'s welfere.',NULL,1200.00,'2024-11-22-V-24-25-01B-voucher-for-drivers-welfere.pdf','Voucher for driver\'s welfere.',1),(18,3,'V/24-25/01B','Dilkush Paswan','2024-11-29','Voucher for driver\'s welfere.',NULL,2323.00,'2024-11-29-V-24-25-01B-voucher-for-drivers-welfere.pdf','Voucher for driver\'s welfere.',1),(19,20,'V/24-25/01C','Suraj Pardeshi','2024-11-29','Suraj Overtime','Suraj Overtime Uptil 29th November 2024',1250.00,'2024-11-29-V-24-25-01C-suraj-overtime.pdf',NULL,1),(20,3,'V/24-25/01D','Dilkush Paswan','2025-01-03','Voucher for driver\'s welfere.',NULL,5796.00,'2025-01-03-V-24-25-01D-voucher-for-drivers-welfere.pdf','Voucher for driver\'s welfere.',1),(21,3,'V/24-25/01E','Suraj Pardeshi','2025-01-03','Voucher for driver\'s welfere.',NULL,1631.00,'2025-01-03-V/24-25/01E-voucher-for-drivers-welfere','Voucher for driver\'s welfere.',1),(22,3,'V/24-25/01E','Dilkush Paswan','2025-03-07','Voucher for driver\'s welfere.',NULL,6573.00,'2025-03-07-V-24-25-01E-voucher-for-drivers-welfere.pdf','Voucher for driver\'s welfere.',1),(23,3,'V/24-25/01F','Dilkush Paswan','2025-03-07','Voucher for driver\'s welfere.',NULL,5091.00,'2025-03-07-V-24-25-01F-voucher-for-drivers-welfere.pdf','Voucher for driver\'s welfere.',1),(24,3,'V/25-26/001','Dilkush Paswan','2025-04-21','Voucher for driver\'s welfere.',NULL,6248.00,'2025-04-21-V-25-26-001-voucher-for-drivers-welfere.pdf','Voucher for driver\'s welfere.',1),(25,3,'V/25-26/002','Dilkush Paswan','2025-05-19','Voucher for driver\'s welfere.',NULL,5353.00,'2025-05-19-V-25-26-002-voucher-for-drivers-welfere.pdf','Voucher for driver\'s welfere.',1),(26,20,'V/25-26/003','Dilkush Paswan','2025-05-19','Dilkush Driver Overtime','Dilkush From May 1st to May 19th 2025',3480.00,'2025-05-19-V-25-26-003-dilkush-driver-overtime.pdf',NULL,1),(27,3,'V/25-26/004','Dilkush Paswan','2025-05-19','Voucher for driver\'s welfere.',NULL,900.00,'2025-05-19-V-25-26-004-voucher-for-drivers-welfere.pdf','Voucher for driver\'s welfere.',1),(28,3,'V/25-26/005','Dilkush Paswan','2025-05-19','Voucher for driver\'s welfere.',NULL,825.00,'2025-05-19-V-25-26-005-voucher-for-drivers-welfere.pdf','Voucher for driver\'s welfere.',1),(29,3,'V/25-26/006','Dilkush Paswan','2025-05-19','Voucher for driver\'s welfere.',NULL,600.00,'2025-05-19-V-25-26-006-voucher-for-drivers-welfere.pdf','Voucher for driver\'s welfere.',1),(30,3,'V/25-26/007','Suraj Pardeshi','2025-08-11','Voucher for driver\'s welfere.',NULL,2448.00,'2025-08-11-V-25-26-007-voucher-for-drivers-welfere.pdf','Voucher for driver\'s welfere.',1),(31,3,'V/25-26/008','Dilkush Paswan','2025-09-19','Voucher for driver\'s welfere.',NULL,4148.00,NULL,'Voucher for driver\'s welfere.',1),(32,3,'V/25-26/009','Dilkush Paswan','2025-09-19','Voucher for driver\'s welfere.',NULL,6453.00,NULL,'Voucher for driver\'s welfere.',1),(33,3,'V/25-26/010','Dilkush Paswan','2025-09-19','Voucher for driver\'s welfere.',NULL,957.00,'2025-09-19-V-25-26-010-voucher-for-drivers-welfere.pdf','Voucher for driver\'s welfere.',1),(34,20,'V/25-26/011','Dilkhush','2025-12-05','Dilkhush Driver','17/10/2025 to 17/11/2025┬á overtime',4528.00,'2025-12-05-V-25-26-011-dilkhush-driver.pdf',NULL,0),(35,20,'V/25-26/012','Suraj Pardeshi','2025-12-05','Voucher for driver\'s welfere.','Suraj Overtime from 15.08.2025 to 05.12.2025',1150.00,NULL,NULL,0),(36,3,'V/25-26/012','Suraj Pardeshi','2025-12-05','Voucher for driver\'s welfere.',NULL,1075.00,'2025-12-05-V-25-26-012-voucher-for-drivers-welfere.pdf','Voucher for driver\'s welfere.',1),(37,3,'V/25-26/012','Dilkush Paswan','2025-12-05','Voucher for driver\'s welfere.',NULL,5803.00,'2025-12-05-V-25-26-012-voucher-for-drivers-welfere.pdf','Voucher for driver\'s welfere.',1);
/*!40000 ALTER TABLE `mx_voucher` ENABLE KEYS */;
UNLOCK TABLES;

--
-- Table structure for table `mx_warehouse`
--

DROP TABLE IF EXISTS `mx_warehouse`;
/*!40101 SET @saved_cs_client     = @@character_set_client */;
/*!40101 SET character_set_client = utf8 */;
CREATE TABLE `mx_warehouse` (
  `warehouseID` int(11) NOT NULL AUTO_INCREMENT,
  `warehouseCode` varchar(20) NOT NULL,
  `warehouseName` varchar(100) NOT NULL,
  `warehouseType` enum('Main','Sub-Warehouse','In-Transit','Project-Site') DEFAULT 'Sub-Warehouse',
  `padelCenterID` int(11) DEFAULT NULL,
  `addressLine1` varchar(255) DEFAULT NULL,
  `addressLine2` varchar(255) DEFAULT NULL,
  `city` varchar(100) NOT NULL,
  `state` varchar(100) NOT NULL,
  `stateCode` varchar(2) DEFAULT NULL,
  `pincode` varchar(6) NOT NULL,
  `country` varchar(50) DEFAULT 'India',
  `latitude` decimal(10,8) DEFAULT NULL,
  `longitude` decimal(11,8) DEFAULT NULL,
  `gstin` varchar(15) DEFAULT NULL,
  `tradeName` varchar(200) DEFAULT NULL,
  `contactPerson` varchar(100) DEFAULT NULL,
  `contactPhone` varchar(20) DEFAULT NULL,
  `contactEmail` varchar(150) DEFAULT NULL,
  `isActive` tinyint(4) DEFAULT 1,
  `canReceiveStock` tinyint(4) DEFAULT 1,
  `canDispatchStock` tinyint(4) DEFAULT 1,
  `isDefaultWarehouse` tinyint(4) DEFAULT 0,
  `status` tinyint(4) DEFAULT 1,
  `created` datetime DEFAULT current_timestamp(),
  PRIMARY KEY (`warehouseID`),
  UNIQUE KEY `warehouseCode` (`warehouseCode`),
  KEY `idx_type` (`warehouseType`),
  KEY `idx_state` (`stateCode`),
  KEY `idx_active` (`isActive`,`status`)
) ENGINE=InnoDB AUTO_INCREMENT=5 DEFAULT CHARSET=utf8mb4 COLLATE=utf8mb4_general_ci;
/*!40101 SET character_set_client = @saved_cs_client */;

--
-- Dumping data for table `mx_warehouse`
--

LOCK TABLES `mx_warehouse` WRITE;
/*!40000 ALTER TABLE `mx_warehouse` DISABLE KEYS */;
INSERT INTO `mx_warehouse` VALUES (1,'WH-MAIN','Bullpadel Distribution Center','Main',NULL,'Plot 45, MIDC Industrial Area, Andheri East',NULL,'Mumbai','Maharashtra','MH','400093','India',NULL,NULL,NULL,NULL,NULL,NULL,NULL,1,1,1,1,1,'2025-12-28 15:55:53'),(2,'WH-LOC-BKC','Sky Padel BKC','Sub-Warehouse',1,'Ground Floor, One BKC, G Block, Bandra Kurla Complex',NULL,'Mumbai','Maharashtra','MH','400051','India',19.05960000,72.86560000,'27AABCS1234F1ZP',NULL,'Rahul Sharma','9876543210','bkc@skypadel.in',1,1,1,0,1,'2025-12-29 00:12:13'),(3,'WH-LOC-ANH','Sky Padel Andheri','Sub-Warehouse',2,'2nd Floor, Infinity Mall, Link Road, Andheri West',NULL,'Mumbai','Maharashtra','MH','400053','India',19.13640000,72.82960000,'27AABCS5678G2ZQ',NULL,'Priya Mehta','9876543211','andheri@skypadel.in',1,1,1,0,1,'2025-12-29 00:12:13'),(4,'WH-LOC-PWI','Sky Padel Powai','Sub-Warehouse',3,'Hiranandani Gardens, Near Galleria Mall, Powai',NULL,'Mumbai','Maharashtra','MH','400076','India',19.11760000,72.90600000,'27AABCS9012H3ZR',NULL,'Amit Patel','9876543212','powai@skypadel.in',1,1,1,0,1,'2025-12-29 00:12:13');
/*!40000 ALTER TABLE `mx_warehouse` ENABLE KEYS */;
UNLOCK TABLES;

--
-- Table structure for table `mx_x_admin_menu`
--

DROP TABLE IF EXISTS `mx_x_admin_menu`;
/*!40101 SET @saved_cs_client     = @@character_set_client */;
/*!40101 SET character_set_client = utf8 */;
CREATE TABLE `mx_x_admin_menu` (
  `adminMenuID` int(10) unsigned NOT NULL AUTO_INCREMENT,
  `menuType` tinyint(1) NOT NULL DEFAULT 0,
  `menuTitle` varchar(100) DEFAULT NULL,
  `seoUri` varchar(100) NOT NULL DEFAULT '#',
  `xOrder` int(3) NOT NULL DEFAULT 0,
  `parentID` int(11) NOT NULL DEFAULT 0,
  `params` varchar(100) DEFAULT NULL,
  `hideMenu` tinyint(1) NOT NULL DEFAULT 0,
  `forceNav` varchar(10) DEFAULT NULL,
  `status` tinyint(1) NOT NULL DEFAULT 1,
  PRIMARY KEY (`adminMenuID`)
) ENGINE=InnoDB AUTO_INCREMENT=180 DEFAULT CHARSET=utf8 COLLATE=utf8_unicode_ci;
/*!40101 SET character_set_client = @saved_cs_client */;

--
-- Dumping data for table `mx_x_admin_menu`
--

LOCK TABLES `mx_x_admin_menu` WRITE;
/*!40000 ALTER TABLE `mx_x_admin_menu` DISABLE KEYS */;
INSERT INTO `mx_x_admin_menu` VALUES (4,0,'Dashboard','dashboard',1,0,NULL,1,'list',1),(8,0,'Page','page',38,0,NULL,1,NULL,1),(25,0,'Manage Home Page','home',4,0,'?id=1',1,'edit',1),(26,0,'Site setting','site-setting',39,0,'?id=1',1,'edit',1),(34,0,'Contact us','contact-us',24,0,NULL,1,'list',1),(35,0,'Product inquiry','product-inquiry',25,0,NULL,1,'list',1),(36,0,'Voucher','voucher',35,0,NULL,1,NULL,1),(38,0,'Driver management','driver-management',37,0,NULL,1,NULL,1),(39,0,'Petty cash book','petty-cash-book',33,41,NULL,0,NULL,1),(40,0,'Petty cash category','petty-cash-category',34,41,NULL,0,NULL,1),(41,1,'Petty Cash','petty-cash-book',32,0,NULL,1,NULL,1),(42,0,'Holidays','holidays',30,45,NULL,0,NULL,1),(43,0,'Employee leave','employee-leave',31,45,NULL,0,NULL,1),(44,0,'Leave type','leave-type',29,45,NULL,0,NULL,1),(45,1,'Manage Leave','employee-leave',26,0,NULL,1,NULL,1),(46,0,'Monthly leave report','monthly-leave-report',28,45,NULL,0,NULL,1),(47,0,'Leave setting','leave-setting',27,45,NULL,0,NULL,1),(48,0,'Category','category',11,60,NULL,0,NULL,1),(50,0,'Expense entry','expense-entry',8,59,NULL,0,NULL,1),(51,0,'Expense type','expense-type',6,59,NULL,0,NULL,1),(52,0,'Payment issue','payment-issue',7,59,NULL,0,NULL,1),(54,0,'Profit loss','profit-loss',15,60,NULL,0,'list',1),(56,0,'Report','report',9,59,NULL,0,'list',1),(59,1,'Accounting','#',5,0,NULL,1,NULL,1),(60,1,'Purchase / Sales','profit-loss',10,0,NULL,1,NULL,1),(61,0,'Knowledge center','knowledge-center',3,0,NULL,1,NULL,1),(62,0,'User','user',2,0,NULL,1,NULL,1),(64,0,'Fuel Management','fuel-expense',6,0,NULL,1,NULL,1),(65,0,'Vehicles','fuel-vehicle',1,64,NULL,0,NULL,1),(66,0,'Expenses','fuel-expense',2,64,NULL,0,NULL,1),(87,0,'Dashboard','sky-padel-dashboard',1,95,NULL,0,'list',1),(88,0,'Leads','sky-padel-lead',2,95,NULL,0,NULL,1),(89,0,'Site Visits','sky-padel-site-visit',3,95,NULL,0,NULL,1),(90,0,'Site Reports','sky-padel-site-report',4,95,NULL,0,NULL,1),(91,0,'Quotations','sky-padel-quotation',5,95,NULL,0,NULL,1),(92,0,'Projects','sky-padel-project',7,95,NULL,0,NULL,1),(93,0,'Vendors','vendor-approved',8,95,'projectID=1',1,NULL,1),(94,0,'Payments','sky-padel-payment',9,95,NULL,0,NULL,1),(95,1,'Sky Padel','#',3,0,NULL,0,NULL,1),(96,1,'Admin Roles','admin-role',100,0,NULL,1,NULL,1),(97,1,'Admin Users','admin-user',101,0,NULL,1,NULL,1),(98,1,'Admin Menus','admin-menu',102,0,NULL,1,NULL,1),(99,1,'Settings','settings',103,0,NULL,0,NULL,1),(100,1,'Organization','organization',99,0,NULL,1,NULL,1),(103,1,'Pay & Play','#',104,0,NULL,0,NULL,1),(104,0,'Dashboard','pnp-dashboard',1,103,NULL,0,NULL,1),(105,0,'Bookings','pnp-booking',2,103,NULL,0,NULL,1),(106,0,'Locations','pnp-location',3,103,NULL,0,NULL,1),(107,0,'Courts','pnp-court',4,103,NULL,0,NULL,1),(108,0,'Equipment Rental','pnp-rental',5,103,NULL,0,NULL,1),(109,0,'Equipment Master','pnp-equipment',6,103,NULL,0,NULL,1),(110,0,'Coach','coach',0,0,NULL,0,NULL,1),(111,0,'Inventory stock','inventory-stock',0,0,NULL,0,NULL,0),(112,0,'Padel court','padel-court',0,0,NULL,0,NULL,1),(113,0,'Player','player',0,0,NULL,0,NULL,1),(114,0,'Project inquiry','project-inquiry',0,0,NULL,0,NULL,1),(115,0,'Project type','project-type',0,0,NULL,0,NULL,1),(116,0,'Retail order','retail-order',0,0,NULL,0,NULL,1),(117,0,'Retail product','retail-product',0,0,NULL,0,NULL,1),(118,0,'Sky padel','sky-padel',0,0,NULL,0,NULL,1),(119,0,'Sky padel proforma','sky-padel-proforma',0,0,NULL,0,NULL,1),(120,0,'Tournament','tournament',0,0,NULL,0,NULL,1),(121,0,'Vendor category','vendor-category',0,0,NULL,1,NULL,1),(122,0,'Invoices','pnp-invoice',6,103,NULL,0,NULL,1),(123,1,'Indian Padel Tournament','#',35,0,NULL,0,NULL,1),(124,1,'Dashboard','ipt-dashboard',1,123,NULL,0,NULL,1),(125,1,'Tournaments','ipt-tournament',2,123,NULL,0,NULL,1),(126,1,'Categories','ipt-category',3,123,NULL,0,NULL,1),(127,1,'Participants','ipt-participant',4,123,NULL,0,NULL,1),(128,1,'Fixtures','ipt-fixture',5,123,NULL,0,NULL,1),(129,1,'Sponsors','ipt-sponsor',6,123,NULL,0,NULL,1),(130,1,'Prize Distribution','ipt-prize',7,123,NULL,0,NULL,1),(131,1,'Indian Padel Academy','#',40,0,NULL,0,NULL,1),(132,1,'Coaches','ipa-coach',2,131,NULL,0,NULL,1),(133,1,'Players','ipa-player',3,131,NULL,0,NULL,1),(134,1,'Programs','ipa-program',4,131,NULL,0,NULL,1),(135,1,'Sessions','ipa-session',5,131,NULL,0,NULL,1),(136,1,'Dashboard','ipa-dashboard',0,131,NULL,0,NULL,1),(138,1,'Player Assessments','ipa-coach-assessment',8,131,NULL,0,NULL,1),(139,1,'Coach Reviews','ipa-coach-review',9,131,NULL,0,NULL,1),(140,0,'Vendor Management','vendor-management',50,0,NULL,0,NULL,1),(141,0,'Vendor Onboarding','vendor-onboarding',1,140,NULL,0,NULL,1),(142,0,'Pending Approvals','vendor-approval',2,140,NULL,0,NULL,1),(143,0,'Approved Vendors','vendor-approved',3,140,NULL,0,NULL,1),(144,0,'Vendor Documents','vendor-document',4,140,NULL,0,NULL,1),(145,0,'RFQ Management','vendor-rfq',5,140,NULL,0,NULL,1),(146,0,'Vendor Quotes','vendor-quote',6,140,NULL,0,NULL,1),(147,0,'Vendor Categories','vendor-category',0,140,NULL,0,NULL,1),(148,1,'Warehouse','#',5,0,NULL,0,NULL,1),(149,0,'Warehouses','warehouse',2,148,NULL,0,NULL,1),(150,0,'Products','product',5,148,NULL,0,NULL,1),(151,0,'Product Categories','product-category',3,148,NULL,0,NULL,1),(152,0,'Brands','product-brand',4,148,NULL,0,NULL,1),(153,0,'Stock Levels','inventory-stock',7,148,NULL,0,NULL,1),(154,0,'Stock Transfers','stock-transfer',8,148,NULL,0,NULL,1),(155,0,'HSN Codes','hsn-code',6,148,NULL,0,NULL,1),(156,0,'Stock Ledger','stock-ledger',9,148,NULL,0,NULL,1),(157,0,'Dashboard','warehouse-dashboard',1,148,NULL,0,NULL,1),(158,0,'Distributors','distributor',10,148,NULL,0,NULL,1),(159,0,'Sales Orders','b2b-sales-order',11,148,NULL,0,NULL,1),(160,0,'Invoices','b2b-invoice',12,148,NULL,0,NULL,1),(161,0,'Payments','b2b-payment',13,148,NULL,0,NULL,1),(162,0,'API Integrations','api-settings',10,99,NULL,0,NULL,1),(163,1,'Credit Note','credit-note',10,0,NULL,0,NULL,1),(164,1,'Debit Note','debit-note',11,0,NULL,0,NULL,1),(165,0,'Contracts','sky-padel-contract',6,95,NULL,0,NULL,1),(166,0,'Contract View','sky-padel-contract-view',0,95,NULL,1,NULL,1),(167,0,'Contract PDF','sky-padel-contract-pdf',0,95,NULL,1,NULL,1),(168,0,'Contract Edit','sky-padel-contract-edit',0,95,NULL,1,NULL,1),(169,1,'Stock Allocation','stock-allocation',60,148,NULL,0,NULL,1),(170,1,'Site GRN','site-grn',70,148,NULL,0,NULL,1),(171,0,'Gantt Chart','sky-padel-project-gantt',10,0,NULL,1,'gantt',1),(172,0,'Profitability Report','sky-padel-report',95,95,NULL,1,'list',1),(173,0,'Project Expenses','sky-padel-expense',10,95,NULL,0,NULL,1),(175,1,'Student Feedback','ipa-student-feedback',6,131,NULL,0,'list',1),(176,1,'Coach Feedback','ipa-coach-feedback',7,131,NULL,0,'list',1),(177,1,'Player Progress','ipa-player-progress',10,131,NULL,0,'list',1),(178,1,'Requisitions','ipa-requisition',11,131,NULL,0,'list',1),(179,1,'Coach Commission','ipa-commission',12,131,NULL,0,'list',1);
/*!40000 ALTER TABLE `mx_x_admin_menu` ENABLE KEYS */;
UNLOCK TABLES;

--
-- Table structure for table `mx_x_admin_role`
--

DROP TABLE IF EXISTS `mx_x_admin_role`;
/*!40101 SET @saved_cs_client     = @@character_set_client */;
/*!40101 SET character_set_client = utf8 */;
CREATE TABLE `mx_x_admin_role` (
  `roleID` int(10) unsigned NOT NULL AUTO_INCREMENT,
  `parentID` int(11) NOT NULL DEFAULT 0,
  `orgID` int(11) NOT NULL DEFAULT 0,
  `roleKey` varchar(50) DEFAULT NULL,
  `roleKeyP` varchar(100) DEFAULT NULL,
  `roleName` varchar(255) DEFAULT NULL,
  `roleEmail` varchar(100) DEFAULT NULL,
  `rolePage` varchar(50) DEFAULT NULL,
  `xOrder` int(5) NOT NULL DEFAULT 0,
  `status` tinyint(1) NOT NULL DEFAULT 1,
  PRIMARY KEY (`roleID`)
) ENGINE=InnoDB AUTO_INCREMENT=16 DEFAULT CHARSET=utf8 COLLATE=utf8_unicode_ci;
/*!40101 SET character_set_client = @saved_cs_client */;

--
-- Dumping data for table `mx_x_admin_role`
--

LOCK TABLES `mx_x_admin_role` WRITE;
/*!40000 ALTER TABLE `mx_x_admin_role` DISABLE KEYS */;
INSERT INTO `mx_x_admin_role` VALUES (1,0,0,NULL,'','Admin','admin@maxdigi.com','dashboard',0,1),(2,0,0,NULL,NULL,'Manager','admin@maxdigi.com','category',0,1),(3,0,0,'ed',NULL,'Editor','editor@maxdigi.com','customer',0,1),(4,0,0,NULL,NULL,'Test role1','mustafa@maxdigi.com','dashboard',0,0),(5,0,0,'lead',NULL,'Lead','lead@bombayeng.com','lead',0,1),(6,0,0,NULL,NULL,'Leave','manishbeskkc@gmail.com','employee-leave',0,1),(7,0,0,NULL,'','manish','manish.besyndicate@gmail.com','voucher',0,1),(8,0,0,NULL,'','akash','akash.tdf@gmail.com','driver-management',0,1),(9,0,0,NULL,NULL,'Pranav','pranav.besyndicate@gmail.com','employee-leave',0,1),(10,1,0,'11','','Ganesh','ganesh.besyndicate@gmail.com','expense-entry',0,0),(11,0,0,'11','','Ganesh','ganesh.besyndicate@gmail.com','expense-entry',0,1),(12,0,0,'12','','Pravin Expenses','reenakkc@gmail.com','expense-entry',0,1),(13,0,0,'leaveManager','','Leave Manager',NULL,'employee-leave',0,1),(14,0,0,NULL,'','Blog',NULL,'knowledge-center',0,1),(15,3,0,NULL,'ed','Knowledge',NULL,'knowledge-center',0,1);
/*!40000 ALTER TABLE `mx_x_admin_role` ENABLE KEYS */;
UNLOCK TABLES;

--
-- Table structure for table `mx_x_admin_role_access`
--

DROP TABLE IF EXISTS `mx_x_admin_role_access`;
/*!40101 SET @saved_cs_client     = @@character_set_client */;
/*!40101 SET character_set_client = utf8 */;
CREATE TABLE `mx_x_admin_role_access` (
  `accessID` int(11) NOT NULL AUTO_INCREMENT,
  `roleID` int(11) DEFAULT 0,
  `adminMenuID` int(11) DEFAULT 0,
  `accessType` text DEFAULT NULL,
  `status` tinyint(1) NOT NULL DEFAULT 1,
  PRIMARY KEY (`accessID`)
) ENGINE=InnoDB AUTO_INCREMENT=1108 DEFAULT CHARSET=utf8 COLLATE=utf8_unicode_ci;
/*!40101 SET character_set_client = @saved_cs_client */;

--
-- Dumping data for table `mx_x_admin_role_access`
--

LOCK TABLES `mx_x_admin_role_access` WRITE;
/*!40000 ALTER TABLE `mx_x_admin_role_access` DISABLE KEYS */;
INSERT INTO `mx_x_admin_role_access` VALUES (121,2,4,'[\"view\"]',1),(699,5,43,'[\"view\",\"add\",\"edit\"]',1),(702,6,43,'[\"view\",\"add\"]',1),(773,9,43,'[\"view\",\"add\"]',1),(812,10,51,'[\"view\",\"add\",\"edit\"]',1),(813,10,52,'[\"view\",\"add\",\"edit\"]',1),(814,10,50,'[\"view\",\"add\",\"edit\"]',1),(815,10,56,'[\"view\",\"add\",\"edit\"]',1),(844,13,43,'[\"view\",\"add\",\"edit\"]',1),(845,11,51,'[\"view\",\"add\",\"edit\"]',1),(846,11,52,'[\"view\",\"add\",\"edit\"]',1),(847,11,50,'[\"view\",\"add\",\"edit\",\"delete\"]',1),(848,11,56,'[\"view\"]',1),(849,11,43,'[\"view\",\"add\"]',1),(889,8,62,'[\"view\",\"add\",\"edit\"]',1),(890,8,51,'[\"view\",\"add\",\"edit\"]',1),(891,8,52,'[\"view\",\"add\",\"edit\"]',1),(892,8,50,'[\"view\",\"add\",\"edit\"]',1),(893,8,56,'[\"view\",\"add\",\"edit\"]',1),(894,8,39,'[\"view\",\"add\",\"edit\"]',1),(895,8,40,'[\"view\",\"add\",\"edit\"]',1),(896,8,36,'[\"view\",\"add\",\"edit\"]',1),(897,8,38,'[\"view\",\"add\",\"edit\"]',1),(898,14,61,'[\"view\",\"add\",\"edit\"]',1),(899,1,4,'[\"view\",\"edit\"]',1),(900,1,62,'[\"view\",\"add\",\"edit\",\"delete\",\"trash\",\"restore\"]',1),(901,1,61,'[\"view\",\"add\",\"edit\",\"delete\",\"trash\",\"restore\"]',1),(902,1,25,'[\"view\",\"edit\"]',1),(903,1,51,'[\"view\",\"add\",\"edit\",\"delete\",\"trash\",\"restore\"]',1),(904,1,52,'[\"view\",\"add\",\"edit\",\"delete\",\"trash\",\"restore\"]',1),(905,1,50,'[\"view\",\"add\",\"edit\",\"delete\",\"trash\",\"restore\"]',1),(906,1,56,'[\"view\",\"add\",\"edit\",\"delete\",\"trash\",\"restore\"]',1),(907,1,48,'[\"view\",\"add\",\"edit\",\"delete\",\"trash\",\"restore\"]',1),(911,1,54,'[\"view\",\"add\",\"edit\",\"delete\",\"trash\",\"restore\"]',1),(916,1,34,'[\"view\",\"delete\",\"trash\",\"restore\"]',1),(917,1,35,'[\"view\",\"delete\",\"trash\",\"restore\"]',1),(919,1,47,'[\"view\",\"add\",\"edit\",\"delete\",\"trash\",\"restore\"]',1),(920,1,46,'[\"view\"]',1),(921,1,44,'[\"view\",\"add\",\"edit\",\"delete\",\"trash\",\"restore\"]',1),(922,1,42,'[\"view\",\"add\",\"edit\",\"delete\",\"trash\",\"restore\"]',1),(923,1,43,'[\"view\",\"add\",\"edit\",\"delete\",\"trash\",\"restore\"]',1),(924,1,39,'[\"view\",\"add\",\"edit\",\"delete\",\"trash\",\"restore\"]',1),(925,1,40,'[\"view\",\"add\",\"edit\",\"delete\",\"trash\",\"restore\"]',1),(926,1,36,'[\"view\",\"add\",\"edit\",\"delete\",\"trash\",\"restore\"]',1),(928,1,38,'[\"view\",\"add\",\"edit\",\"delete\",\"trash\",\"restore\"]',1),(929,1,8,'[\"view\",\"add\",\"edit\",\"delete\",\"trash\",\"restore\"]',1),(930,1,26,'[\"view\",\"edit\"]',1),(939,15,61,'[\"view\",\"add\"]',1),(940,1,64,'[\"view\",\"add\",\"edit\",\"delete\",\"trash\",\"restore\"]',1),(941,1,65,'[\"view\",\"add\",\"edit\",\"delete\",\"trash\",\"restore\"]',1),(942,1,66,'[\"view\",\"add\",\"edit\",\"delete\",\"trash\",\"restore\"]',1),(951,12,66,'[\"view\",\"add\",\"edit\",\"delete\"]',1),(952,12,51,'[\"view\",\"add\",\"edit\",\"delete\"]',1),(953,12,64,'[\"view\"]',1),(954,12,52,'[\"view\",\"add\",\"edit\",\"delete\"]',1),(955,12,50,'[\"view\",\"add\",\"edit\",\"delete\"]',1),(956,12,56,'[\"view\",\"add\",\"edit\",\"delete\"]',1),(957,7,66,'[\"view\",\"add\",\"edit\",\"delete\"]',1),(958,7,64,'[\"view\",\"add\",\"edit\",\"delete\"]',1),(959,7,43,'[\"view\",\"add\"]',1),(960,7,39,'[\"view\",\"add\",\"edit\"]',1),(961,7,40,'[\"view\",\"add\"]',1),(962,7,36,'[\"view\",\"add\",\"edit\"]',1),(978,1,87,'[\"view\",\"add\",\"edit\",\"delete\",\"trash\",\"restore\"]',1),(979,1,88,'[\"view\",\"add\",\"edit\",\"delete\",\"trash\",\"restore\"]',1),(980,1,89,'[\"view\",\"add\",\"edit\",\"delete\",\"trash\",\"restore\"]',1),(981,1,90,'[\"view\",\"add\",\"edit\",\"delete\",\"trash\",\"restore\"]',1),(982,1,91,'[\"view\",\"add\",\"edit\",\"delete\",\"trash\",\"restore\"]',1),(983,1,92,'[\"view\",\"add\",\"edit\",\"delete\",\"trash\",\"restore\"]',1),(984,1,93,'[\"view\",\"add\",\"edit\",\"delete\",\"trash\",\"restore\"]',1),(985,1,94,'[\"view\",\"add\",\"edit\",\"delete\",\"trash\",\"restore\"]',1),(1007,1,101,'[\"view\",\"add\",\"edit\",\"delete\",\"trash\",\"restore\"]',1),(1008,1,102,'[\"view\",\"add\",\"edit\",\"delete\",\"trash\",\"restore\"]',1),(1010,1,104,'[\"view\",\"edit\"]',1),(1011,1,105,'[\"view\",\"add\",\"edit\",\"delete\",\"trash\",\"restore\"]',1),(1012,1,106,'[\"view\",\"add\",\"edit\",\"delete\",\"trash\",\"restore\"]',1),(1013,1,107,'[\"view\",\"add\",\"edit\",\"delete\",\"trash\",\"restore\"]',1),(1014,1,108,'[\"view\",\"add\",\"edit\",\"delete\",\"trash\",\"restore\"]',1),(1015,1,109,'[\"view\",\"add\",\"edit\",\"delete\",\"trash\",\"restore\"]',1),(1016,1,96,'[\"view\",\"add\",\"edit\",\"delete\",\"trash\",\"restore\"]',1),(1017,1,97,'[\"view\",\"add\",\"edit\",\"delete\",\"trash\",\"restore\"]',1),(1018,1,98,'[\"view\",\"add\",\"edit\",\"delete\",\"trash\",\"restore\"]',1),(1019,1,99,'[\"view\",\"edit\"]',1),(1020,1,100,'[\"view\",\"add\",\"edit\",\"delete\",\"trash\",\"restore\"]',1),(1021,1,103,'[\"view\"]',1),(1022,1,122,'[\"view\",\"add\",\"edit\",\"delete\",\"trash\",\"restore\"]',1),(1023,1,123,'[\"view\"]',1),(1024,1,124,'[\"view\",\"add\",\"edit\",\"delete\",\"trash\",\"restore\"]',1),(1025,1,125,'[\"view\",\"add\",\"edit\",\"delete\",\"trash\",\"restore\"]',1),(1026,1,126,'[\"view\",\"add\",\"edit\",\"delete\",\"trash\",\"restore\"]',1),(1027,1,127,'[\"view\",\"add\",\"edit\",\"delete\",\"trash\",\"restore\"]',1),(1028,1,128,'[\"view\",\"add\",\"edit\",\"delete\",\"trash\",\"restore\"]',1),(1029,1,129,'[\"view\",\"add\",\"edit\",\"delete\",\"trash\",\"restore\"]',1),(1030,1,130,'[\"view\",\"add\",\"edit\",\"delete\",\"trash\",\"restore\"]',1),(1031,1,131,'[\"view\",\"add\",\"edit\",\"delete\"]',1),(1032,1,132,'[\"view\",\"add\",\"edit\",\"delete\"]',1),(1033,1,133,'[\"view\",\"add\",\"edit\",\"delete\"]',1),(1034,1,134,'[\"view\",\"add\",\"edit\",\"delete\"]',1),(1035,1,135,'[\"view\",\"add\",\"edit\",\"delete\"]',1),(1038,1,136,'[\"view\"]',1),(1040,1,138,'[\"view\",\"add\",\"edit\",\"delete\"]',1),(1041,1,139,'[\"view\",\"add\",\"edit\",\"delete\"]',1),(1042,1,140,'[\"view\",\"add\",\"edit\",\"delete\",\"trash\",\"restore\"]',1),(1043,1,141,'[\"view\",\"add\",\"edit\",\"delete\",\"trash\",\"restore\"]',1),(1044,1,142,'[\"view\",\"add\",\"edit\",\"delete\",\"trash\",\"restore\"]',1),(1045,1,143,'[\"view\",\"add\",\"edit\",\"delete\",\"trash\",\"restore\"]',1),(1046,1,144,'[\"view\",\"add\",\"edit\",\"delete\",\"trash\",\"restore\"]',1),(1047,1,145,'[\"view\",\"add\",\"edit\",\"delete\",\"trash\",\"restore\"]',1),(1048,1,146,'[\"view\",\"add\",\"edit\",\"delete\",\"trash\",\"restore\"]',1),(1049,1,148,'[\"view\",\"add\",\"edit\",\"delete\",\"trash\",\"restore\"]',1),(1050,1,149,'[\"view\",\"add\",\"edit\",\"delete\",\"trash\",\"restore\"]',1),(1051,1,150,'[\"view\",\"add\",\"edit\",\"delete\",\"trash\",\"restore\"]',1),(1052,1,151,'[\"view\",\"add\",\"edit\",\"delete\",\"trash\",\"restore\"]',1),(1053,1,152,'[\"view\",\"add\",\"edit\",\"delete\",\"trash\",\"restore\"]',1),(1054,1,153,'[\"view\",\"add\",\"edit\",\"delete\",\"trash\",\"restore\"]',1),(1055,1,154,'[\"view\",\"add\",\"edit\",\"delete\",\"trash\",\"restore\"]',1),(1056,1,155,'[\"view\",\"add\",\"edit\",\"delete\",\"trash\",\"restore\"]',1),(1057,1,156,'[\"view\",\"add\",\"edit\",\"delete\",\"trash\",\"restore\"]',1),(1058,2,148,'[\"view\",\"add\",\"edit\",\"delete\",\"trash\",\"restore\"]',1),(1059,2,149,'[\"view\",\"add\",\"edit\",\"delete\",\"trash\",\"restore\"]',1),(1060,2,150,'[\"view\",\"add\",\"edit\",\"delete\",\"trash\",\"restore\"]',1),(1061,2,151,'[\"view\",\"add\",\"edit\",\"delete\",\"trash\",\"restore\"]',1),(1062,2,152,'[\"view\",\"add\",\"edit\",\"delete\",\"trash\",\"restore\"]',1),(1063,2,153,'[\"view\",\"add\",\"edit\",\"delete\",\"trash\",\"restore\"]',1),(1064,2,154,'[\"view\",\"add\",\"edit\",\"delete\",\"trash\",\"restore\"]',1),(1065,2,155,'[\"view\",\"add\",\"edit\",\"delete\",\"trash\",\"restore\"]',1),(1066,2,156,'[\"view\",\"add\",\"edit\",\"delete\",\"trash\",\"restore\"]',1),(1067,1,157,'[\"view\"]',1),(1068,1,158,'[\"view\",\"add\",\"edit\",\"delete\",\"trash\",\"restore\"]',1),(1069,1,159,'[\"view\",\"add\",\"edit\",\"delete\",\"trash\",\"restore\"]',1),(1070,1,160,'[\"view\",\"add\",\"edit\",\"delete\",\"trash\",\"restore\"]',1),(1071,1,161,'[\"view\",\"add\",\"edit\",\"delete\",\"trash\",\"restore\"]',1),(1072,2,157,'[\"view\"]',1),(1073,2,158,'[\"view\",\"add\",\"edit\",\"delete\"]',1),(1074,2,159,'[\"view\",\"add\",\"edit\",\"delete\"]',1),(1075,2,160,'[\"view\",\"add\",\"edit\"]',1),(1076,2,161,'[\"view\",\"add\",\"edit\"]',1),(1077,1,162,'[\"view\",\"add\",\"edit\",\"delete\"]',1),(1078,2,162,'[\"view\",\"edit\"]',1),(1079,1,163,'[\"view\",\"add\",\"edit\",\"delete\"]',1),(1080,1,164,'[\"view\",\"add\",\"edit\",\"delete\"]',1),(1081,2,163,'[\"view\",\"add\",\"edit\",\"delete\"]',1),(1082,2,164,'[\"view\",\"add\",\"edit\",\"delete\"]',1),(1083,1,59,'[\"view\"]',1),(1084,2,59,'[\"view\"]',1),(1085,1,165,'[\"view\",\"add\",\"edit\",\"delete\",\"trash\",\"restore\"]',1),(1086,1,166,'[\"view\",\"add\",\"edit\",\"delete\",\"trash\",\"restore\"]',1),(1087,1,167,'[\"view\",\"add\",\"edit\",\"delete\",\"trash\",\"restore\"]',1),(1088,1,168,'[\"view\",\"add\",\"edit\",\"delete\",\"trash\",\"restore\"]',1),(1089,1,169,'[\"view\",\"add\",\"edit\",\"delete\",\"trash\",\"restore\"]',1),(1090,1,170,'[\"view\",\"add\",\"edit\",\"delete\",\"trash\",\"restore\"]',1),(1091,2,169,'[\"view\",\"add\",\"edit\",\"delete\",\"trash\",\"restore\"]',1),(1092,2,170,'[\"view\",\"add\",\"edit\",\"delete\",\"trash\",\"restore\"]',1),(1093,1,171,'[\"view\"]',1),(1094,2,171,'[\"view\"]',1),(1095,1,172,'[\"view\"]',1),(1096,2,172,'[\"view\"]',1),(1097,1,173,'[\"view\",\"add\",\"edit\",\"delete\"]',1),(1098,2,173,'[\"view\",\"add\",\"edit\"]',1),(1102,1,175,'[\"view\",\"add\",\"edit\",\"delete\"]',1),(1104,1,176,'[\"view\",\"add\",\"edit\",\"delete\"]',1),(1105,1,177,'[\"view\",\"add\",\"edit\",\"delete\"]',1),(1106,1,178,'[\"view\",\"add\",\"edit\",\"delete\"]',1),(1107,1,179,'[\"view\",\"add\",\"edit\",\"delete\"]',1);
/*!40000 ALTER TABLE `mx_x_admin_role_access` ENABLE KEYS */;
UNLOCK TABLES;

--
-- Table structure for table `mx_x_admin_user`
--

DROP TABLE IF EXISTS `mx_x_admin_user`;
/*!40101 SET @saved_cs_client     = @@character_set_client */;
/*!40101 SET character_set_client = utf8 */;
CREATE TABLE `mx_x_admin_user` (
  `userID` int(10) unsigned NOT NULL AUTO_INCREMENT,
  `roleID` int(5) NOT NULL DEFAULT 0,
  `domainUri` varchar(150) DEFAULT NULL,
  `seoUri` varchar(150) DEFAULT NULL,
  `userName` varchar(100) DEFAULT NULL,
  `userPass` varchar(100) DEFAULT NULL,
  `userMobile` varchar(100) DEFAULT NULL,
  `userPin` varchar(5) DEFAULT NULL,
  `userEmail` varchar(100) DEFAULT NULL,
  `displayName` varchar(100) DEFAULT NULL,
  `imageName` varchar(255) DEFAULT NULL,
  `dateLogin` datetime DEFAULT NULL,
  `activationKey` varchar(255) DEFAULT NULL,
  `userTheme` varchar(20) DEFAULT NULL,
  `userFont` varchar(20) DEFAULT NULL,
  `totalLeaves` varchar(100) DEFAULT NULL COMMENT 'Total leaves of user',
  `unauthorized` int(11) NOT NULL DEFAULT 0 COMMENT 'if user applies leave within 7 days \r\nunauthorized counts get increase by 1 ',
  `isLeaveManager` tinyint(4) NOT NULL DEFAULT 0,
  `techIlliterate` tinyint(4) NOT NULL DEFAULT 0 COMMENT 'Non tech person',
  `status` tinyint(1) NOT NULL DEFAULT 1,
  PRIMARY KEY (`userID`)
) ENGINE=InnoDB AUTO_INCREMENT=22 DEFAULT CHARSET=utf8 COLLATE=utf8_unicode_ci;
/*!40101 SET character_set_client = @saved_cs_client */;

--
-- Dumping data for table `mx_x_admin_user`
--

LOCK TABLES `mx_x_admin_user` WRITE;
/*!40000 ALTER TABLE `mx_x_admin_user` DISABLE KEYS */;
INSERT INTO `mx_x_admin_user` VALUES (1,1,'admin.maxdigi.co','national','national','f82d71a6491c31b384ab5b57d85b6593',NULL,NULL,'sales@nationalind.com','National Industries',NULL,'2024-05-06 15:17:35',NULL,NULL,NULL,NULL,0,0,0,1),(3,1,NULL,'gulam-mustafa','admin','21232f297a57a5a743894a0e4a801fc3',NULL,'8520','mustafa@maxdigi.com','Paritosh Ajmera',NULL,'2026-01-19 23:40:57',NULL,'light','small',NULL,0,0,0,1),(8,7,NULL,'manish-narvekar','manish','59c95189ac895fcc1c6e1c38d067e244',NULL,'1234','manish.besyndicate@gmail.com','Manish Narvekar',NULL,'2025-12-01 15:04:38',NULL,NULL,NULL,NULL,0,0,0,0),(9,8,NULL,'akash-akhade','akash','827ccb0eea8a706c4c34a16891f84e7b',NULL,'0001','akash.tdf@gmail.com','Akash Akhade',NULL,'2025-12-05 16:26:57',NULL,NULL,NULL,NULL,0,0,0,0),(10,9,NULL,'pranav-gandhi','pranav','827ccb0eea8a706c4c34a16891f84e7b',NULL,'1111','pranav.besyndicate@gmail.com','Pranav Gandhi',NULL,NULL,NULL,NULL,NULL,NULL,0,0,0,0),(11,11,NULL,'ganesh-murkute','ganesh','fa1d87bc7f85769ea9dee2e4957321ae','9324706901','1212','ganesh.besyndicate@gmail.com','Ganesh Murkute',NULL,'2025-12-04 10:53:04',NULL,NULL,NULL,'30',0,0,0,0),(12,6,NULL,'sakshi-satam','sakshi','827ccb0eea8a706c4c34a16891f84e7b',NULL,'0000','jyoti.besyndicate@gmail.com','Sakshi Satam',NULL,NULL,NULL,NULL,NULL,NULL,0,0,0,0),(13,6,NULL,'ananda-pawar','pawar','827ccb0eea8a706c4c34a16891f84e7b',NULL,'0099','pawar.besyndicate@gmail.com','Ananda Pawar',NULL,NULL,NULL,NULL,NULL,'30',0,0,1,0),(14,1,NULL,'rahul-test','rahul ','e10adc3949ba59abbe56e057f20f883e','7588296400',NULL,'rahult@maxdigi.com','Rahul Thete',NULL,'2024-03-22 20:41:29',NULL,NULL,NULL,NULL,0,0,0,0),(15,12,NULL,'reena-chandrani','reena','ed1d2e833c974ea3a09e5aa3cf9e49f8','9324706905',NULL,'reenakkc@gmail.com','Reena Chandrani',NULL,'2025-12-02 18:12:00',NULL,NULL,NULL,NULL,0,0,0,0),(16,5,NULL,'pooja-katharotia','Pooja','e10adc3949ba59abbe56e057f20f883e','8888777788','6789',NULL,'Pooja Katharotia',NULL,NULL,NULL,NULL,NULL,'28',0,0,1,0),(17,13,NULL,'rahul-thete','rahul','25d55ad283aa400af464c76d713c07ad',NULL,NULL,NULL,'Rahul Thete',NULL,'2024-04-22 12:30:15',NULL,NULL,NULL,'30',0,0,0,0),(18,6,NULL,'ganesh-patil','patil','e22573706cfe9748cc0e45a526c2bfef',NULL,'1122',NULL,'Ganesh Patil',NULL,NULL,NULL,NULL,NULL,'18',0,0,1,0),(19,6,NULL,'pravin-jadhav','pravin','c86da2729ab8f79d8f582e9abc469eb0',NULL,'0909',NULL,'Pravin Jadhav',NULL,NULL,NULL,NULL,NULL,'18',0,0,1,0),(20,14,NULL,'knowledge-center','blog','c21a28ee3ac17ed7a89eebade523f17f',NULL,NULL,NULL,'Knowledge Center',NULL,'2024-10-05 11:38:39',NULL,NULL,NULL,NULL,0,0,0,0),(21,15,NULL,'chatgpt','chatgpt','4f642e388f5654bfaf2ea505be8320d1',NULL,NULL,NULL,'chatgpt',NULL,'2025-08-05 18:02:43',NULL,NULL,NULL,NULL,0,0,0,0);
/*!40000 ALTER TABLE `mx_x_admin_user` ENABLE KEYS */;
UNLOCK TABLES;

--
-- Table structure for table `mx_x_language`
--

DROP TABLE IF EXISTS `mx_x_language`;
/*!40101 SET @saved_cs_client     = @@character_set_client */;
/*!40101 SET character_set_client = utf8 */;
CREATE TABLE `mx_x_language` (
  `langID` int(11) NOT NULL AUTO_INCREMENT,
  `langName` varchar(100) DEFAULT NULL,
  `langPrefix` varchar(4) DEFAULT NULL,
  `imageName` varchar(100) DEFAULT NULL,
  `currencyCode` varchar(10) DEFAULT NULL,
  `currencySymbol` varchar(20) DEFAULT NULL,
  `status` tinyint(1) NOT NULL DEFAULT 1,
  PRIMARY KEY (`langID`)
) ENGINE=InnoDB AUTO_INCREMENT=8 DEFAULT CHARSET=utf8 COLLATE=utf8_unicode_ci;
/*!40101 SET character_set_client = @saved_cs_client */;

--
-- Dumping data for table `mx_x_language`
--

LOCK TABLES `mx_x_language` WRITE;
/*!40000 ALTER TABLE `mx_x_language` DISABLE KEYS */;
INSERT INTO `mx_x_language` VALUES (1,'English','en','english.png',NULL,NULL,1),(2,'French','fr','french.png',NULL,NULL,1),(5,'German','gr','german.png',NULL,NULL,1),(6,'Hindi','hi','hindi.png',NULL,NULL,1),(7,'HINDI','hi','french-1.png',NULL,NULL,1);
/*!40000 ALTER TABLE `mx_x_language` ENABLE KEYS */;
UNLOCK TABLES;

--
-- Table structure for table `mx_x_log_action`
--

DROP TABLE IF EXISTS `mx_x_log_action`;
/*!40101 SET @saved_cs_client     = @@character_set_client */;
/*!40101 SET character_set_client = utf8 */;
CREATE TABLE `mx_x_log_action` (
  `logActionID` bigint(20) NOT NULL AUTO_INCREMENT,
  `tblName` varchar(100) DEFAULT NULL,
  `pkName` varchar(100) DEFAULT NULL,
  `pkValue` bigint(20) NOT NULL DEFAULT 0,
  `actionBy` bigint(20) NOT NULL DEFAULT 0,
  `actionDate` datetime DEFAULT NULL,
  `actionType` tinyint(1) DEFAULT 0,
  PRIMARY KEY (`logActionID`)
) ENGINE=InnoDB AUTO_INCREMENT=196 DEFAULT CHARSET=utf8 COLLATE=utf8_unicode_ci;
/*!40101 SET character_set_client = @saved_cs_client */;

--
-- Dumping data for table `mx_x_log_action`
--

LOCK TABLES `mx_x_log_action` WRITE;
/*!40000 ALTER TABLE `mx_x_log_action` DISABLE KEYS */;
INSERT INTO `mx_x_log_action` VALUES (146,'mx_page','pageID',1,0,'2023-03-09 01:13:39',1),(147,'mx_x_admin_menu','adminMenuID',19,0,'2023-03-08 22:22:39',0),(148,'mx_x_admin_menu','adminMenuID',20,0,'2023-03-08 22:22:39',0),(149,'mx_x_admin_menu','adminMenuID',19,0,'2023-03-09 13:41:24',1),(150,'mx_x_admin_menu','adminMenuID',21,0,'2023-03-08 22:32:55',0),(151,'mx_x_admin_menu','adminMenuID',21,0,'2023-03-09 13:41:24',1),(152,'mx_x_admin_menu','adminMenuID',15,0,'2023-03-09 13:41:24',1),(153,'mx_x_admin_menu','adminMenuID',22,0,'2023-03-09 00:52:23',0),(154,'mx_x_admin_menu','adminMenuID',23,0,'2023-03-09 00:52:23',0),(155,'mx_x_admin_menu','adminMenuID',24,0,'2023-03-09 00:53:04',0),(156,'mx_x_admin_menu','adminMenuID',24,0,'2023-03-09 13:41:24',1),(157,'mx_x_admin_menu','adminMenuID',24,0,'2023-03-09 00:54:54',0),(158,'mx_x_admin_menu','adminMenuID',25,0,'2023-03-09 00:56:23',0),(159,'mx_x_admin_menu','adminMenuID',25,0,'2023-03-09 13:41:24',1),(160,'mx_x_admin_menu','adminMenuID',18,0,'2023-03-09 13:41:24',1),(161,'mx_x_admin_menu','adminMenuID',22,0,'2023-03-09 13:41:24',1),(162,'mx_x_admin_menu','adminMenuID',23,0,'2023-03-09 13:41:24',1),(163,'mx_x_admin_menu','adminMenuID',4,0,'2023-03-09 13:41:24',1),(164,'mx_x_admin_menu','adminMenuID',8,0,'2023-03-09 13:41:25',1),(165,'mx_x_admin_menu','adminMenuID',5,0,'2023-03-09 13:41:25',1),(166,'mx_x_admin_menu','adminMenuID',10,0,'2023-03-09 16:39:33',1),(167,'mx_x_admin_menu','adminMenuID',14,0,'2023-03-09 13:41:25',1),(168,'mx_x_admin_menu','adminMenuID',16,0,'2023-03-09 13:41:24',1),(169,'mx_page','pageID',9,0,'2023-03-09 15:39:05',1),(170,'mx_page','pageID',2,0,'2023-03-09 13:45:10',1),(171,'mx_page','pageID',12,0,'2023-03-09 12:03:00',0),(172,'mx_page','pageID',12,0,'2023-03-09 13:45:25',1),(173,'mx_x_admin_menu','adminMenuID',26,0,'2023-03-09 12:10:32',0),(174,'mx_x_admin_menu','adminMenuID',26,0,'2023-03-09 13:41:24',1),(175,'mx_x_admin_menu','adminMenuID',26,0,'2023-03-09 12:11:18',0),(176,'mx_x_admin_menu','adminMenuID',27,0,'2023-03-09 13:40:57',0),(177,'mx_x_admin_menu','adminMenuID',27,0,'2023-03-09 13:42:23',1),(178,'mx_page','pageID',8,0,'2023-03-09 13:52:59',1),(179,'mx_x_admin_menu','adminMenuID',28,0,'2023-03-09 14:02:19',0),(180,'mx_x_admin_menu','adminMenuID',28,0,'2023-03-09 15:07:56',0),(181,'mx_x_admin_menu','adminMenuID',28,0,'2023-03-09 15:10:25',1),(182,'mx_memberships_and_accreditations','membersipAccreditationID',4,0,'2023-03-09 15:55:39',1),(183,'mx_memberships_and_accreditations','membersipAccreditationID',3,0,'2023-03-09 15:56:00',1),(184,'mx_memberships_and_accreditations','membersipAccreditationID',2,0,'2023-03-09 15:56:13',1),(185,'mx_memberships_and_accreditations','membersipAccreditationID',1,0,'2023-03-09 15:56:25',1),(186,'mx_page','pageID',4,0,'2023-03-09 16:20:43',1),(187,'mx_x_admin_menu','adminMenuID',29,0,'2023-03-09 16:39:45',0),(188,'mx_x_admin_menu','adminMenuID',29,0,'2023-03-09 16:40:18',1),(189,'mx_page','pageID',5,0,'2023-03-09 16:40:44',1),(190,'mx_page','pageID',3,0,'2023-03-09 17:56:03',1),(191,'mx_x_admin_menu','adminMenuID',30,0,'2023-03-09 17:17:20',0),(192,'mx_x_admin_menu','adminMenuID',30,0,'2023-03-09 17:17:37',1),(193,'mx_x_admin_menu','adminMenuID',31,0,'2023-03-09 17:38:08',0),(194,'mx_x_admin_menu','adminMenuID',31,0,'2023-03-09 17:38:39',1),(195,'mx_page','pageID',6,0,'2023-03-09 17:45:05',1);
/*!40000 ALTER TABLE `mx_x_log_action` ENABLE KEYS */;
UNLOCK TABLES;

--
-- Table structure for table `mx_x_log_request`
--

DROP TABLE IF EXISTS `mx_x_log_request`;
/*!40101 SET @saved_cs_client     = @@character_set_client */;
/*!40101 SET character_set_client = utf8 */;
CREATE TABLE `mx_x_log_request` (
  `logRequestID` bigint(20) NOT NULL AUTO_INCREMENT,
  `logUrl` tinytext DEFAULT NULL,
  `logData` text DEFAULT NULL,
  `logDate` datetime DEFAULT NULL,
  `logIP` varchar(50) DEFAULT NULL,
  PRIMARY KEY (`logRequestID`)
) ENGINE=InnoDB AUTO_INCREMENT=855 DEFAULT CHARSET=utf8 COLLATE=utf8_unicode_ci;
/*!40101 SET character_set_client = @saved_cs_client */;

--
-- Dumping data for table `mx_x_log_request`
--

LOCK TABLES `mx_x_log_request` WRITE;
/*!40000 ALTER TABLE `mx_x_log_request` DISABLE KEYS */;
INSERT INTO `mx_x_log_request` VALUES (678,'http://localhost/samuraisec1.0/core/jwt.inc.php','{\"xAction\":\"mxGenerateJwtToken\"}','2023-03-09 11:18:17',NULL),(679,'http://localhost/samuraisec1.0/xadmin/core-admin/ajax.inc.php','{\"userName\":\"xadmin\",\"userPass\":\"MXCMS#21\",\"redirect\":\"\\/\",\"xAction\":\"xLogin\",\"modName\":\"\",\"pageType\":\"\",\"langCode\":\"en\"}','2023-03-09 11:18:17',NULL),(680,'http://localhost/samuraisec1.0/xadmin/core-admin/mod/admin-menu/x-admin-menu.inc.php','{\"seoUri\":\"home-content\",\"menuTitle\":\"HOME PAGE\",\"xOrder\":\"2\",\"params\":\"?id=1&h=1\",\"forceNav\":\"edit\",\"xAction\":\"UPDATE\",\"modName\":\"admin-menu\",\"pageType\":\"edit\",\"langCode\":\"en\",\"adminMenuID\":\"21\"}','2023-03-09 11:36:53',NULL),(681,'http://localhost/samuraisec1.0/core/jwt.inc.php','{\"xAction\":\"mxValidateJwtToken\"}','2023-03-09 12:02:21',NULL),(682,'http://localhost/samuraisec1.0/xadmin/mod/page/x-page.inc.php','{\"pageTitle\":\"About Us\",\"pageContent\":\"<h4>Samurai Securities Pvt. Ltd.<\\/h4>\\r\\n\\r\\n<p>Since its inception in 2001, Samurai Securities Pvt. Ltd. has followed the most Important Rule of \\u201csupplying outstanding services and solutions through dedication and excellence\\u201d and till date in all aspects of our business this principle remains our prime focus.<\\/p>\\r\\n\\r\\n<p>Samurai Securities Private Limited (SSPL) is a member of the BSE Ltd (Formerly known as Bombay Stock Exchange Ltd.) National Stock Exchange of India Ltd. (NSE), Depository Participant with CDSL and Mutual funds distributor.<\\/p>\\r\\n\",\"synopsis\":\"<div class=\\\"col-2\\\">\\r\\n<div class=\\\"title\\\">\\r\\n<h2><\\/h2>\\r\\n<\\/div>\\r\\n<\\/div>\\r\\n\",\"templateFile\":\"about-us-tpl\",\"metaTitle\":\"\",\"metaKeyword\":\"\",\"metaDesc\":\"\",\"xAction\":\"UPDATE\",\"modName\":\"page\",\"pageType\":\"edit\",\"langCode\":\"en\",\"pageID\":\"2\"}','2023-03-09 12:02:21',NULL),(683,'http://localhost/samuraisec1.0/xadmin/mod/page/x-page.inc.php','{\"pageTitle\":\"Main Objective\",\"pageContent\":\"<p>To carry on business as underwriters, depository participant, distribution agents and\\r\\n                        brokers\\r\\n                        and to act as advisors for investment in and purchase, sale, subscription, acquisition\\r\\n                        or\\r\\n                        dealing in shares, units, negotiable instruments, obligations, derivatives, futures and\\r\\n                        options, mortgages and securities of any kind and in preparations of reports on\\r\\n                        technical\\r\\n                        feasibility and technical viability of project and other financial and investment\\r\\n                        matters\\r\\n                        and decisions and subject to such statutory permissions of SEBI or any other appropriate\\r\\n                        authorities as may be required and to become broker, sub-broker of any recognized stock\\r\\n                        exchange or any financial intermediary\\/ service provider.<\\/p>\",\"synopsis\":\"\",\"templateFile\":\"\",\"metaTitle\":\"\",\"metaKeyword\":\"\",\"metaDesc\":\"\",\"xAction\":\"ADD\",\"modName\":\"page\",\"pageType\":\"add\",\"langCode\":\"en\"}','2023-03-09 12:03:00',NULL),(684,'http://localhost/samuraisec1.0/core/jwt.inc.php','{\"xAction\":\"mxValidateJwtToken\"}','2023-03-09 12:03:46',NULL),(685,'http://localhost/samuraisec1.0/xadmin/mod/page/x-page.inc.php','{\"pageTitle\":\"Main Objective\",\"pageContent\":\"<p>To carry on business as underwriters, depository participant, distribution agents and brokers and to act as advisors for investment in and purchase, sale, subscription, acquisition or dealing in shares, units, negotiable instruments, obligations, derivatives, futures and options, mortgages and securities of any kind and in preparations of reports on technical feasibility and technical viability of project and other financial and investment matters and decisions and subject to such statutory permissions of SEBI or any other appropriate authorities as may be required and to become broker, sub-broker of any recognized stock exchange or any financial intermediary\\/ service provider.<\\/p>\\r\\n\",\"synopsis\":\"\",\"templateFile\":\"\",\"metaTitle\":\"\",\"metaKeyword\":\"\",\"metaDesc\":\"\",\"xAction\":\"UPDATE\",\"modName\":\"page\",\"pageType\":\"edit\",\"langCode\":\"en\",\"pageID\":\"12\"}','2023-03-09 12:03:46',NULL),(686,'http://localhost/samuraisec1.0/xadmin/core-admin/mod/admin-menu/x-admin-menu.inc.php','{\"parentID\":\"\",\"menuTitle\":\"About us\",\"xOrder\":\"5\",\"params\":\"?id=2&h=1\",\"forceNav\":\"edit\",\"xAction\":\"UPDATE\",\"modName\":\"admin-menu\",\"pageType\":\"edit\",\"langCode\":\"en\",\"adminMenuID\":\"18\"}','2023-03-09 12:07:17',NULL),(687,'http://localhost/samuraisec1.0/xadmin/core-admin/mod/admin-menu/x-admin-menu.inc.php','{\"parentID\":\"18\",\"menuTitle\":\"Our vision\",\"xOrder\":\"12\",\"params\":\"\",\"forceNav\":\"\",\"xAction\":\"UPDATE\",\"modName\":\"admin-menu\",\"pageType\":\"edit\",\"langCode\":\"en\",\"adminMenuID\":\"16\"}','2023-03-09 12:08:08',NULL),(688,'http://localhost/samuraisec1.0/xadmin/core-admin/mod/admin-menu/x-admin-menu.inc.php','{\"xAction\":\"recreateAdminMenu\"}','2023-03-09 12:08:25',NULL),(689,'http://localhost/samuraisec1.0/xadmin/core-admin/mod/admin-menu/x-admin-menu.inc.php','{\"xAction\":\"recreateAdminMenu\"}','2023-03-09 12:08:44',NULL),(690,'http://localhost/samuraisec1.0/xadmin/core-admin/mod/admin-menu/x-admin-menu.inc.php','{\"xAction\":\"recreateAdminMenu\"}','2023-03-09 12:10:32',NULL),(691,'http://localhost/samuraisec1.0/xadmin/core-admin/inc/menu/menu.inc.php','{\"menu\":{\"4\":\"null\",\"21\":\"null\",\"19\":\"21\",\"15\":\"21\",\"18\":\"null\",\"26\":\"18\",\"16\":\"18\",\"25\":\"null\",\"24\":\"25\",\"22\":\"25\",\"23\":\"25\",\"10\":\"null\",\"14\":\"null\",\"8\":\"null\",\"5\":\"null\"},\"xAction\":\"updateAdminMenuOrder\",\"modName\":\"admin-menu\"}','2023-03-09 12:10:38',NULL),(692,'http://localhost/samuraisec1.0/xadmin/core-admin/mod/admin-menu/x-admin-menu.inc.php','{\"xAction\":\"recreateAdminMenu\"}','2023-03-09 12:11:18',NULL),(693,'http://localhost/samuraisec1.0/xadmin/core-admin/inc/menu/menu.inc.php','{\"menu\":{\"4\":\"null\",\"21\":\"null\",\"19\":\"21\",\"15\":\"21\",\"18\":\"null\",\"26\":\"18\",\"16\":\"18\",\"25\":\"null\",\"24\":\"25\",\"22\":\"25\",\"23\":\"25\",\"10\":\"null\",\"14\":\"null\",\"8\":\"null\",\"5\":\"null\"},\"xAction\":\"updateAdminMenuOrder\",\"modName\":\"admin-menu\"}','2023-03-09 12:11:24',NULL),(694,'http://localhost/samuraisec1.0/xadmin/core-admin/mod/admin-menu/x-admin-menu.inc.php','{\"parentID\":\"18\",\"menuTitle\":\"Main objective\",\"xOrder\":\"6\",\"params\":\"?id=12&h=1\",\"forceNav\":\"\",\"xAction\":\"UPDATE\",\"modName\":\"admin-menu\",\"pageType\":\"edit\",\"langCode\":\"en\",\"adminMenuID\":\"26\"}','2023-03-09 12:13:05',NULL),(695,'http://localhost/samuraisec1.0/xadmin/core-admin/mod/admin-menu/x-admin-menu.inc.php','{\"parentID\":\"18\",\"menuTitle\":\"Main objective\",\"xOrder\":\"6\",\"params\":\"?id=12&h=1\",\"forceNav\":\"edit\",\"xAction\":\"UPDATE\",\"modName\":\"admin-menu\",\"pageType\":\"edit\",\"langCode\":\"en\",\"adminMenuID\":\"26\"}','2023-03-09 12:13:09',NULL),(696,'http://localhost/samuraisec1.0/xadmin/core-admin/mod/admin-menu/x-admin-menu.inc.php','{\"xAction\":\"recreateAdminMenu\"}','2023-03-09 12:14:53',NULL),(697,'http://localhost/samuraisec1.0/xadmin/core-admin/mod/admin-menu/x-admin-menu.inc.php','{\"xAction\":\"recreateAdminMenu\"}','2023-03-09 12:14:54',NULL),(698,'http://localhost/samuraisec1.0/xadmin/core-admin/mod/admin-menu/x-admin-menu.inc.php','{\"xAction\":\"recreateAdminMenu\"}','2023-03-09 12:14:54',NULL),(699,'http://localhost/samuraisec1.0/xadmin/mod/page/x-page.inc.php','{\"pageTitle\":\"About Us\",\"pageContent\":\"<h4>Samurai Securities Pvt. Ltd.<\\/h4>\\r\\n\\r\\n<p>Since its inception in 2001, Samurai Securities Pvt. Ltd. has followed the most Important Rule of \\u201csupplying outstanding services and solutions through dedication and excellence\\u201d and till date in all aspects of our business this principle remains our prime focus.<\\/p>\\r\\n\\r\\n<p>Samurai Securities Private Limited (SSPL) is a member of the BSE Ltd (Formerly known as Bombay Stock Exchange Ltd.) National Stock Exchange of India Ltd. (NSE), Depository Participant with CDSL and Mutual funds distributor.<\\/p>\\r\\n\",\"synopsis\":\"<div class=\\\"col-2\\\">\\r\\n<div class=\\\"title\\\">\\r\\n<h2><\\/h2>\\r\\n<\\/div>\\r\\n<\\/div>\\r\\n\",\"OpageImage\":[\"inner-bann.jpg\"],\"templateFile\":\"\",\"metaTitle\":\"\",\"metaKeyword\":\"\",\"metaDesc\":\"\",\"xAction\":\"UPDATE\",\"modName\":\"page\",\"pageType\":\"edit\",\"langCode\":\"en\",\"pageID\":\"2\"}','2023-03-09 12:15:36',NULL),(700,'http://localhost/samuraisec1.0/xadmin/mod/page/x-page.inc.php','{\"pageTitle\":\"About Us\",\"pageContent\":\"<h4>Samurai Securities Pvt. Ltd.<\\/h4>\\r\\n\\r\\n<p>Since its inception in 2001, Samurai Securities Pvt. Ltd. has followed the most Important Rule of \\u201csupplying outstanding services and solutions through dedication and excellence\\u201d and till date in all aspects of our business this principle remains our prime focus.<\\/p>\\r\\n\\r\\n<p>Samurai Securities Private Limited (SSPL) is a member of the BSE Ltd (Formerly known as Bombay Stock Exchange Ltd.) National Stock Exchange of India Ltd. (NSE), Depository Participant with CDSL and Mutual funds distributor.<\\/p>\\r\\n\",\"synopsis\":\"<div class=\\\"col-2\\\">\\r\\n<div class=\\\"title\\\">\\r\\n<h2><\\/h2>\\r\\n<\\/div>\\r\\n<\\/div>\\r\\n\",\"OpageImage\":[\"inner-bann.jpg\"],\"templateFile\":\"about-us-tpl\",\"metaTitle\":\"\",\"metaKeyword\":\"\",\"metaDesc\":\"\",\"xAction\":\"UPDATE\",\"modName\":\"page\",\"pageType\":\"edit\",\"langCode\":\"en\",\"pageID\":\"2\"}','2023-03-09 12:16:26',NULL),(701,'http://localhost/samuraisec1.0/xadmin/mod/page/x-page.inc.php','{\"fl\":\"inner-bann.jpg\",\"fld\":\"pageImage\",\"id\":\"2\",\"xAction\":\"mxDelFile\"}','2023-03-09 12:26:43',NULL),(702,'http://localhost/samuraisec1.0/core/jwt.inc.php','{\"xAction\":\"mxValidateJwtToken\"}','2023-03-09 12:26:53',NULL),(703,'http://localhost/samuraisec1.0/xadmin/mod/page/x-page.inc.php','{\"pageTitle\":\"About Us\",\"pageContent\":\"<h4>Samurai Securities Pvt. Ltd.<\\/h4>\\r\\n\\r\\n<p>Since its inception in 2001, Samurai Securities Pvt. Ltd. has followed the most Important Rule of \\u201csupplying outstanding services and solutions through dedication and excellence\\u201d and till date in all aspects of our business this principle remains our prime focus.<\\/p>\\r\\n\\r\\n<p>Samurai Securities Private Limited (SSPL) is a member of the BSE Ltd (Formerly known as Bombay Stock Exchange Ltd.) National Stock Exchange of India Ltd. (NSE), Depository Participant with CDSL and Mutual funds distributor.<\\/p>\\r\\n\",\"synopsis\":\"<div class=\\\"col-2\\\">\\r\\n<div class=\\\"title\\\">\\r\\n<h2><\\/h2>\\r\\n<\\/div>\\r\\n<\\/div>\\r\\n\",\"templateFile\":\"about-us-tpl\",\"metaTitle\":\"\",\"metaKeyword\":\"\",\"metaDesc\":\"\",\"xAction\":\"UPDATE\",\"modName\":\"page\",\"pageType\":\"edit\",\"langCode\":\"en\",\"pageID\":\"2\"}','2023-03-09 12:26:53',NULL),(704,'http://localhost/samuraisec1.0/xadmin/mod/page/x-page.inc.php','{\"pageTitle\":\"Our Vision\",\"pageContent\":\"<p>Our vision serves as the framework for our Roadmap and guides every aspect of our business by describing what we need to accomplish in order to continue achieving sustainable, quality growth.<\\/p>\\r\\n\",\"synopsis\":\"<ul class=\\\"row col-4\\\">\\r\\n\\t<li>\\r\\n\\t<div class=\\\"card\\\">\\r\\n\\t<h4>People<\\/h4>\\r\\n\\r\\n\\t<p>Be a great place to work where people are inspired to be the best they can be.<\\/p>\\r\\n\\t<\\/div>\\r\\n\\t<\\/li>\\r\\n\\t<li>\\r\\n\\t<div class=\\\"card\\\">\\r\\n\\t<h4>Portfolio<\\/h4>\\r\\n\\r\\n\\t<p>Bring to the world a portfolio of quality that anticipate and satisfy client\\u2019s desires and needs.<\\/p>\\r\\n\\t<\\/div>\\r\\n\\t<\\/li>\\r\\n\\t<li>\\r\\n\\t<div class=\\\"card\\\">\\r\\n\\t<h4>Profit<\\/h4>\\r\\n\\r\\n\\t<p>Maximize long-term return to shareowners while being mindful of our overall responsibilities.<\\/p>\\r\\n\\t<\\/div>\\r\\n\\t<\\/li>\\r\\n\\t<li>\\r\\n\\t<div class=\\\"card\\\">\\r\\n\\t<h4>Productivity<\\/h4>\\r\\n\\r\\n\\t<p>Be a highly effective, lean and fast-moving organization.<\\/p>\\r\\n\\t<\\/div>\\r\\n\\t<\\/li>\\r\\n<\\/ul>\\r\\n\",\"templateFile\":\"\",\"metaTitle\":\"\",\"metaKeyword\":\"\",\"metaDesc\":\"\",\"xAction\":\"UPDATE\",\"modName\":\"page\",\"pageType\":\"edit\",\"langCode\":\"en\",\"pageID\":\"9\"}','2023-03-09 12:42:31',NULL),(705,'http://localhost/samuraisec1.0/xadmin/core-admin/mod/menu/x-menu.inc.php','{\"searchString\":\"a\",\"xAction\":\"getAutocomplete\",\"send\":\"{\\\"templateIDD\\\":\\\"5\\\"}\"}','2023-03-09 12:58:52',NULL),(706,'http://localhost/samuraisec1.0/core/jwt.inc.php','{\"xAction\":\"mxGenerateJwtToken\"}','2023-03-09 12:58:52',NULL),(707,'http://localhost/samuraisec1.0/xadmin/core-admin/mod/menu/x-menu.inc.php','{\"searchString\":\"a\",\"xAction\":\"getAutocomplete\",\"send\":\"{\\\"templateIDD\\\":\\\"5\\\"}\"}','2023-03-09 12:58:52',NULL),(708,'http://localhost/samuraisec1.0/xadmin/core-admin/mod/admin-menu/x-admin-menu.inc.php','{\"xAction\":\"recreateAdminMenu\"}','2023-03-09 13:40:57',NULL),(709,'http://localhost/samuraisec1.0/core/jwt.inc.php','{\"xAction\":\"mxGenerateJwtToken\"}','2023-03-09 13:40:57',NULL),(710,'http://localhost/samuraisec1.0/xadmin/core-admin/mod/admin-menu/x-admin-menu.inc.php','{\"xAction\":\"recreateAdminMenu\"}','2023-03-09 13:40:57',NULL),(711,'http://localhost/samuraisec1.0/xadmin/core-admin/inc/menu/menu.inc.php','{\"menu\":{\"4\":\"null\",\"21\":\"null\",\"19\":\"21\",\"15\":\"21\",\"18\":\"null\",\"26\":\"18\",\"27\":\"18\",\"16\":\"18\",\"25\":\"null\",\"24\":\"25\",\"22\":\"25\",\"23\":\"25\",\"10\":\"null\",\"14\":\"null\",\"8\":\"null\",\"5\":\"null\"},\"xAction\":\"updateAdminMenuOrder\",\"modName\":\"admin-menu\"}','2023-03-09 13:41:23',NULL),(712,'http://localhost/samuraisec1.0/xadmin/mod/page/x-page.inc.php','{\"pageTitle\":\"Our AIM\",\"pageContent\":\"<div class=\\\"col-2\\\">\\r\\n<div class=\\\"title\\\">\\r\\n<h2>Our AIM<\\/h2>\\r\\n<\\/div>\\r\\n\\r\\n<div class=\\\"row\\\">\\r\\n<p>Our primary AIM is to maximize long-term stockholder value, while adhering to the laws of the jurisdictions in which it operates and at all times observing the highest ethical standards.<\\/p>\\r\\n\\r\\n<p>To supply outstanding service and solutions through dedication and excellence.<\\/p>\\r\\n\\r\\n<p>As a company, and as individuals, we value integrity, honesty, openness, personal excellence, constructive self-criticism, continual self-improvement, and mutual respect. We are committed to our customers and partners and have a passion for technology. We take on big challenges, and pride ourselves on seeing them through. We hold ourselves accountable to our customers, shareholders, partners, and employees by honoring our commitments, providing results, and striving for the highest quality.<\\/p>\\r\\n<\\/div>\\r\\n<\\/div>\\r\\n\",\"synopsis\":\"\",\"templateFile\":\"\",\"metaTitle\":\"\",\"metaKeyword\":\"\",\"metaDesc\":\"\",\"xAction\":\"UPDATE\",\"modName\":\"page\",\"pageType\":\"edit\",\"langCode\":\"en\",\"pageID\":\"8\"}','2023-03-09 13:41:55',NULL),(713,'http://localhost/samuraisec1.0/xadmin/core-admin/mod/admin-menu/x-admin-menu.inc.php','{\"parentID\":\"18\",\"menuTitle\":\"Our aim\",\"xOrder\":\"7\",\"params\":\"?id=8&h=1\",\"forceNav\":\"edit\",\"xAction\":\"UPDATE\",\"modName\":\"admin-menu\",\"pageType\":\"edit\",\"langCode\":\"en\",\"adminMenuID\":\"27\"}','2023-03-09 13:42:22',NULL),(714,'http://localhost/samuraisec1.0/core/jwt.inc.php','{\"xAction\":\"mxValidateJwtToken\"}','2023-03-09 13:44:50',NULL),(715,'http://localhost/samuraisec1.0/xadmin/mod/our-aim/x-our-aim.inc.php','{\"pageTitle\":\"Our AIM\",\"pageContent\":\"<div class=\\\"col-2\\\">\\r\\n<div class=\\\"title\\\">\\r\\n<h2>Our AIM<\\/h2>\\r\\n<\\/div>\\r\\n\\r\\n<div class=\\\"row\\\">\\r\\n<p>Our primary AIM is to maximize long-term stockholder value, while adhering to the laws of the jurisdictions in which it operates and at all times observing the highest ethical standards.<\\/p>\\r\\n\\r\\n<p>To supply outstanding service and solutions through dedication and excellence.<\\/p>\\r\\n\\r\\n<p>As a company, and as individuals, we value integrity, honesty, openness, personal excellence, constructive self-criticism, continual self-improvement, and mutual respect. We are committed to our customers and partners and have a passion for technology. We take on big challenges, and pride ourselves on seeing them through. We hold ourselves accountable to our customers, shareholders, partners, and employees by honoring our commitments, providing results, and striving for the highest quality.<\\/p>\\r\\n<\\/div>\\r\\n<\\/div>\\r\\n\",\"synopsis\":\"\",\"templateFile\":\"\",\"metaTitle\":\"\",\"metaKeyword\":\"\",\"metaDesc\":\"\",\"xAction\":\"UPDATE\",\"modName\":\"our-aim\",\"pageType\":\"edit\",\"langCode\":\"en\",\"pageID\":\"8\"}','2023-03-09 13:44:50',NULL),(716,'http://localhost/samuraisec1.0/core/jwt.inc.php','{\"xAction\":\"mxValidateJwtToken\"}','2023-03-09 13:45:09',NULL),(717,'http://localhost/samuraisec1.0/xadmin/mod/about-us/x-about-us.inc.php','{\"pageTitle\":\"About Us\",\"pageContent\":\"<h4>Samurai Securities Pvt. Ltd.<\\/h4>\\r\\n\\r\\n<p>Since its inception in 2001, Samurai Securities Pvt. Ltd. has followed the most Important Rule of \\u201csupplying outstanding services and solutions through dedication and excellence\\u201d and till date in all aspects of our business this principle remains our prime focus.<\\/p>\\r\\n\\r\\n<p>Samurai Securities Private Limited (SSPL) is a member of the BSE Ltd (Formerly known as Bombay Stock Exchange Ltd.) National Stock Exchange of India Ltd. (NSE), Depository Participant with CDSL and Mutual funds distributor.<\\/p>\\r\\n\",\"synopsis\":\"<div class=\\\"col-2\\\">\\r\\n<div class=\\\"title\\\">\\r\\n<h2><\\/h2>\\r\\n<\\/div>\\r\\n<\\/div>\\r\\n\",\"templateFile\":\"about-us-tpl\",\"metaTitle\":\"\",\"metaKeyword\":\"\",\"metaDesc\":\"\",\"xAction\":\"UPDATE\",\"modName\":\"about-us\",\"pageType\":\"edit\",\"langCode\":\"en\",\"pageID\":\"2\"}','2023-03-09 13:45:09',NULL),(718,'http://localhost/samuraisec1.0/core/jwt.inc.php','{\"xAction\":\"mxValidateJwtToken\"}','2023-03-09 13:45:25',NULL),(719,'http://localhost/samuraisec1.0/xadmin/mod/main-objective/x-main-objective.inc.php','{\"pageTitle\":\"Main Objective\",\"pageContent\":\"<p>To carry on business as underwriters, depository participant, distribution agents and brokers and to act as advisors for investment in and purchase, sale, subscription, acquisition or dealing in shares, units, negotiable instruments, obligations, derivatives, futures and options, mortgages and securities of any kind and in preparations of reports on technical feasibility and technical viability of project and other financial and investment matters and decisions and subject to such statutory permissions of SEBI or any other appropriate authorities as may be required and to become broker, sub-broker of any recognized stock exchange or any financial intermediary\\/ service provider.<\\/p>\\r\\n\",\"synopsis\":\"\",\"templateFile\":\"\",\"metaTitle\":\"\",\"metaKeyword\":\"\",\"metaDesc\":\"\",\"xAction\":\"UPDATE\",\"modName\":\"main-objective\",\"pageType\":\"edit\",\"langCode\":\"en\",\"pageID\":\"12\"}','2023-03-09 13:45:25',NULL),(720,'http://localhost/samuraisec1.0/xadmin/mod/our-aim/x-our-aim.inc.php','{\"pageTitle\":\"Our AIM\",\"pageContent\":\"<div class=\\\"col-2\\\">\\r\\n<div class=\\\"title\\\">\\r\\n<h2><\\/h2>\\r\\n<\\/div>\\r\\n\\r\\n<div class=\\\"row\\\">\\r\\n<p>Our primary AIM is to maximize long-term stockholder value, while adhering to the laws of the jurisdictions in which it operates and at all times observing the highest ethical standards.<\\/p>\\r\\n\\r\\n<p>To supply outstanding service and solutions through dedication and excellence.<\\/p>\\r\\n\\r\\n<p>As a company, and as individuals, we value integrity, honesty, openness, personal excellence, constructive self-criticism, continual self-improvement, and mutual respect. We are committed to our customers and partners and have a passion for technology. We take on big challenges, and pride ourselves on seeing them through. We hold ourselves accountable to our customers, shareholders, partners, and employees by honoring our commitments, providing results, and striving for the highest quality.<\\/p>\\r\\n<\\/div>\\r\\n<\\/div>\\r\\n\",\"synopsis\":\"\",\"OpageImage\":[\"aim.png\"],\"templateFile\":\"\",\"metaTitle\":\"\",\"metaKeyword\":\"\",\"metaDesc\":\"\",\"xAction\":\"UPDATE\",\"modName\":\"our-aim\",\"pageType\":\"edit\",\"langCode\":\"en\",\"pageID\":\"8\"}','2023-03-09 13:52:13',NULL),(721,'http://localhost/samuraisec1.0/xadmin/mod/our-aim/x-our-aim.inc.php','{\"pageTitle\":\"Our AIM\",\"pageContent\":\"<p>Our primary AIM is to maximize long-term stockholder value, while adhering to the laws of the jurisdictions in which it operates and at all times observing the highest ethical standards.<\\/p>\\r\\n\\r\\n<p>To supply outstanding service and solutions through dedication and excellence.<\\/p>\\r\\n\\r\\n<p>As a company, and as individuals, we value integrity, honesty, openness, personal excellence, constructive self-criticism, continual self-improvement, and mutual respect. We are committed to our customers and partners and have a passion for technology. We take on big challenges, and pride ourselves on seeing them through. We hold ourselves accountable to our customers, shareholders, partners, and employees by honoring our commitments, providing results, and striving for the highest quality.<\\/p>\\r\\n\\r\\n\",\"synopsis\":\"\",\"OpageImage\":[\"aim.png\"],\"templateFile\":\"\",\"metaTitle\":\"\",\"metaKeyword\":\"\",\"metaDesc\":\"\",\"xAction\":\"UPDATE\",\"modName\":\"our-aim\",\"pageType\":\"edit\",\"langCode\":\"en\",\"pageID\":\"8\"}','2023-03-09 13:52:59',NULL),(722,'http://localhost/samuraisec1.0/xadmin/core-admin/mod/admin-menu/x-admin-menu.inc.php','{\"xAction\":\"recreateAdminMenu\"}','2023-03-09 14:02:19',NULL),(723,'http://localhost/samuraisec1.0/xadmin/core-admin/mod/admin-menu/x-admin-menu.inc.php','{\"xAction\":\"recreateAdminMenu\"}','2023-03-09 14:04:39',NULL),(724,'http://localhost/samuraisec1.0/xadmin/core-admin/mod/admin-menu/x-admin-menu.inc.php','{\"xAction\":\"recreateAdminMenu\"}','2023-03-09 15:07:56',NULL),(725,'http://localhost/samuraisec1.0/xadmin/core-admin/mod/admin-menu/x-admin-menu.inc.php','{\"parentID\":\"18\",\"menuTitle\":\"Our vision text\",\"xOrder\":\"0\",\"params\":\"?id=9&h=1\",\"forceNav\":\"edit\",\"xAction\":\"UPDATE\",\"modName\":\"admin-menu\",\"pageType\":\"edit\",\"langCode\":\"en\",\"adminMenuID\":\"28\"}','2023-03-09 15:10:24',NULL),(726,'http://localhost/samuraisec1.0/xadmin/mod/our-vision-text/x-our-vision-text.inc.php','{\"pageTitle\":\"Our Vision\",\"pageContent\":\"<p>Our vision serves as the framework for our Roadmap and guides every aspect of our business by describing what we need to accomplish in order to continue achieving sustainable, quality growth.<\\/p>\\r\\n\",\"synopsis\":\"<ul class=\\\"row col-4\\\">\\r\\n\\t<li>\\r\\n\\t<div class=\\\"card\\\">\\r\\n\\t<h4>People<\\/h4>\\r\\n\\r\\n\\t<p>Be a great place to work where people are inspired to be the best they can be.<\\/p>\\r\\n\\t<\\/div>\\r\\n\\t<\\/li>\\r\\n<\\/ul>\\r\\n\",\"templateFile\":\"\",\"metaTitle\":\"\",\"metaKeyword\":\"\",\"metaDesc\":\"\",\"xAction\":\"UPDATE\",\"modName\":\"our-vision-text\",\"pageType\":\"edit\",\"langCode\":\"en\",\"pageID\":\"9\"}','2023-03-09 15:21:41',NULL),(727,'http://localhost/samuraisec1.0/core/jwt.inc.php','{\"xAction\":\"mxGenerateJwtToken\"}','2023-03-09 15:21:41',NULL),(728,'http://localhost/samuraisec1.0/xadmin/mod/our-vision-text/x-our-vision-text.inc.php','{\"pageTitle\":\"Our Vision\",\"pageContent\":\"<p>Our vision serves as the framework for our Roadmap and guides every aspect of our business by describing what we need to accomplish in order to continue achieving sustainable, quality growth.<\\/p>\\r\\n\",\"synopsis\":\"<ul class=\\\"row col-4\\\">\\r\\n\\t<li>\\r\\n\\t<div class=\\\"card\\\">\\r\\n\\t<h4>People<\\/h4>\\r\\n\\r\\n\\t<p>Be a great place to work where people are inspired to be the best they can be.<\\/p>\\r\\n\\t<\\/div>\\r\\n\\t<\\/li>\\r\\n<\\/ul>\\r\\n\",\"templateFile\":\"\",\"metaTitle\":\"\",\"metaKeyword\":\"\",\"metaDesc\":\"\",\"xAction\":\"UPDATE\",\"modName\":\"our-vision-text\",\"pageType\":\"edit\",\"langCode\":\"en\",\"pageID\":\"9\"}','2023-03-09 15:21:41',NULL),(729,'http://localhost/samuraisec1.0/xadmin/mod/our-vision-text/x-our-vision-text.inc.php','{\"pageTitle\":\"Our Vision\",\"pageContent\":\"<p>Our vision serves as the framework for our Roadmap and guides every aspect of our business by describing what we need to accomplish in order to continue achieving sustainable, quality growth.<\\/p>\\r\\n\",\"synopsis\":\"<ul class=\\\"row col-4\\\">\\r\\n\\t<li>\\r\\n\\t<div class=\\\"card\\\">\\r\\n\\t<h4>People<\\/h4>\\r\\n\\r\\n\\t<p>Be a great place to work where people are inspired to be the best they can be.<\\/p>\\r\\n\\t<\\/div>\\r\\n\\t<\\/li>\\r\\n\\t<li>\\r\\n\\t<div class=\\\"card\\\">\\r\\n\\t<h4>Portfolio<\\/h4>\\r\\n\\r\\n\\t<p>Bring to the world a portfolio of quality that anticipate and satisfy client\\u2019s desires and needs.<\\/p>\\r\\n\\t<\\/div>\\r\\n\\t<\\/li>\\r\\n\\t<li>\\r\\n\\t<div class=\\\"card\\\">\\r\\n\\t<h4>Profit<\\/h4>\\r\\n\\r\\n\\t<p>Maximize long-term return to shareowners while being mindful of our overall responsibilities.<\\/p>\\r\\n\\t<\\/div>\\r\\n\\t<\\/li>\\r\\n\\t<li>\\r\\n\\t<div class=\\\"card\\\">\\r\\n\\t<h4>Productivity<\\/h4>\\r\\n\\r\\n\\t<p>Be a highly effective, lean and fast-moving organization.<\\/p>\\r\\n\\t<\\/div>\\r\\n\\t<\\/li>\\r\\n<\\/ul>\\r\\n\",\"templateFile\":\"\",\"metaTitle\":\"\",\"metaKeyword\":\"\",\"metaDesc\":\"\",\"xAction\":\"UPDATE\",\"modName\":\"our-vision-text\",\"pageType\":\"edit\",\"langCode\":\"en\",\"pageID\":\"9\"}','2023-03-09 15:23:10',NULL),(730,'http://localhost/samuraisec1.0/xadmin/mod/our-vision-text/x-our-vision-text.inc.php','{\"pageTitle\":\"Our Vision\",\"pageContent\":\"<p>Our vision serves as the framework for our Roadmap and guides every aspect of our business by describing what we need to accomplish in order to continue achieving sustainable, quality growth.<\\/p>\\r\\n\",\"synopsis\":\"<ul class=\\\"row col-4\\\">\\r\\n\\t<li>\\r\\n\\t<div class=\\\"card\\\">\\r\\n\\t<h4>People<\\/h4>\\r\\n\\r\\n\\t<p>Be a great place to work where people are inspired to be the best they can be.<\\/p>\\r\\n\\t<\\/div>\\r\\n\\t<\\/li>\\r\\n\\t<li>\\r\\n\\t<div class=\\\"card\\\">\\r\\n\\t<h4>Portfolio<\\/h4>\\r\\n\\r\\n\\t<p>Bring to the world a portfolio of quality that anticipate and satisfy client\\u2019s desires and needs.<\\/p>\\r\\n\\t<\\/div>\\r\\n\\t<\\/li>\\r\\n\\t<li>\\r\\n\\t<div class=\\\"card\\\">\\r\\n\\t<h4>Profit<\\/h4>\\r\\n\\r\\n\\t<p>Maximize long-term return to shareowners while being mindful of our overall responsibilities.<\\/p>\\r\\n\\t<\\/div>\\r\\n\\t<\\/li>\\r\\n\\t<li>\\r\\n\\t<div class=\\\"card\\\">\\r\\n\\t<h4>Productivity<\\/h4>\\r\\n\\r\\n\\t<p>Be a highly effective, lean and fast-moving organization.<\\/p>\\r\\n\\t<\\/div>\\r\\n\\t<\\/li>\\r\\n<\\/ul>\\r\\n\",\"templateFile\":\"\",\"metaTitle\":\"\",\"metaKeyword\":\"\",\"metaDesc\":\"\",\"xAction\":\"UPDATE\",\"modName\":\"our-vision-text\",\"pageType\":\"edit\",\"langCode\":\"en\",\"pageID\":\"9\"}','2023-03-09 15:37:04',NULL),(731,'http://localhost/samuraisec1.0/xadmin/mod/our-vision-text/x-our-vision-text.inc.php','{\"pageTitle\":\"Our Vision\",\"pageContent\":\"<p>Our vision serves as the framework for our Roadmap and guides every aspect of our business by describing what we need to accomplish in order to continue achieving sustainable, quality growth.<\\/p>\\r\\n\",\"synopsis\":\"<ul class=\\\"row col-4\\\">\\r\\n\\t<li>\\r\\n\\t<div class=\\\"card\\\"> <i class=\\\"fa fa-users\\\"><\\/i>\\r\\n\\t<h4>People<\\/h4>\\r\\n\\r\\n\\t<p>Be a great place to work where people are inspired to be the best they can be.<\\/p>\\r\\n\\t<\\/div>\\r\\n\\t<\\/li>\\r\\n\\t<li>\\r\\n\\t<div class=\\\"card\\\">\\r\\n\\t<h4>Portfolio<\\/h4>\\r\\n\\r\\n\\t<p>Bring to the world a portfolio of quality that anticipate and satisfy client\\u2019s desires and needs.<\\/p>\\r\\n\\t<\\/div>\\r\\n\\t<\\/li>\\r\\n\\t<li>\\r\\n\\t<div class=\\\"card\\\">\\r\\n\\t<h4>Profit<\\/h4>\\r\\n\\r\\n\\t<p>Maximize long-term return to shareowners while being mindful of our overall responsibilities.<\\/p>\\r\\n\\t<\\/div>\\r\\n\\t<\\/li>\\r\\n\\t<li>\\r\\n\\t<div class=\\\"card\\\">\\r\\n\\t<h4>Productivity<\\/h4>\\r\\n\\r\\n\\t<p>Be a highly effective, lean and fast-moving organization.<\\/p>\\r\\n\\t<\\/div>\\r\\n\\t<\\/li>\\r\\n<\\/ul>\\r\\n\",\"templateFile\":\"\",\"metaTitle\":\"\",\"metaKeyword\":\"\",\"metaDesc\":\"\",\"xAction\":\"UPDATE\",\"modName\":\"our-vision-text\",\"pageType\":\"edit\",\"langCode\":\"en\",\"pageID\":\"9\"}','2023-03-09 15:37:25',NULL),(732,'http://localhost/samuraisec1.0/xadmin/mod/our-vision-text/x-our-vision-text.inc.php','{\"pageTitle\":\"Our Vision\",\"pageContent\":\"<p>Our vision serves as the framework for our Roadmap and guides every aspect of our business by describing what we need to accomplish in order to continue achieving sustainable, quality growth.<\\/p>\\r\\n\",\"synopsis\":\"<ul class=\\\"row col-4\\\">\\r\\n\\t<li>\\r\\n\\t<div class=\\\"card\\\">\\r\\n\\t<h4>People<\\/h4>\\r\\n\\r\\n\\t<p>Be a great place to work where people are inspired to be the best they can be.<\\/p>\\r\\n\\t<\\/div>\\r\\n\\t<\\/li>\\r\\n\\t<li>\\r\\n\\t<div class=\\\"card\\\"> <i class=\\\"fa fa-graduation-cap\\\"><\\/i>\\r\\n\\t<h4>Portfolio<\\/h4>\\r\\n\\r\\n\\t<p>Bring to the world a portfolio of quality that anticipate and satisfy client\\u2019s desires and needs.<\\/p>\\r\\n\\t<\\/div>\\r\\n\\t<\\/li>\\r\\n\\t<li>\\r\\n\\t<div class=\\\"card\\\">  <i class=\\\"fa fa-line-chart\\\"><\\/i>\\r\\n\\t<h4>Profit<\\/h4>\\r\\n\\r\\n\\t<p>Maximize long-term return to shareowners while being mindful of our overall responsibilities.<\\/p>\\r\\n\\t<\\/div>\\r\\n\\t<\\/li>\\r\\n\\t<li>\\r\\n\\t<div class=\\\"card\\\"><i class=\\\"fa fa-shopping-basket\\\"><\\/i>\\r\\n\\t<h4>Productivity<\\/h4>\\r\\n\\r\\n\\t<p>Be a highly effective, lean and fast-moving organization.<\\/p>\\r\\n\\t<\\/div>\\r\\n\\t<\\/li>\\r\\n<\\/ul>\\r\\n\",\"templateFile\":\"\",\"metaTitle\":\"\",\"metaKeyword\":\"\",\"metaDesc\":\"\",\"xAction\":\"UPDATE\",\"modName\":\"our-vision-text\",\"pageType\":\"edit\",\"langCode\":\"en\",\"pageID\":\"9\"}','2023-03-09 15:38:17',NULL),(733,'http://localhost/samuraisec1.0/xadmin/mod/our-vision-text/x-our-vision-text.inc.php','{\"pageTitle\":\"Our Vision\",\"pageContent\":\"<p>Our vision serves as the framework for our Roadmap and guides every aspect of our business by describing what we need to accomplish in order to continue achieving sustainable, quality growth.<\\/p>\\r\\n\",\"synopsis\":\"<ul class=\\\"row col-4\\\">\\r\\n\\t<li>\\r\\n\\t<div class=\\\"card\\\"> <i class=\\\"fa fa-users\\\"><\\/i>\\r\\n\\t<h4>People<\\/h4>\\r\\n\\r\\n\\t<p>Be a great place to work where people are inspired to be the best they can be.<\\/p>\\r\\n\\t<\\/div>\\r\\n\\t<\\/li>\\r\\n\\t<li>\\r\\n\\t<div class=\\\"card\\\">  <i class=\\\"fa fa-graduation-cap\\\"><\\/i>\\r\\n\\t<h4>Portfolio<\\/h4>\\r\\n\\r\\n\\t<p>Bring to the world a portfolio of quality that anticipate and satisfy client\\u2019s desires and needs.<\\/p>\\r\\n\\t<\\/div>\\r\\n\\t<\\/li>\\r\\n\\t<li>\\r\\n\\t<div class=\\\"card\\\"><i class=\\\"fa fa-line-chart\\\"><\\/i>\\r\\n\\t<h4>Profit<\\/h4>\\r\\n\\r\\n\\t<p>Maximize long-term return to shareowners while being mindful of our overall responsibilities.<\\/p>\\r\\n\\t<\\/div>\\r\\n\\t<\\/li>\\r\\n\\t<li>\\r\\n\\t<div class=\\\"card\\\"> <i class=\\\"fa fa-shopping-basket\\\"><\\/i>\\r\\n\\t<h4>Productivity<\\/h4>\\r\\n\\r\\n\\t<p>Be a highly effective, lean and fast-moving organization.<\\/p>\\r\\n\\t<\\/div>\\r\\n\\t<\\/li>\\r\\n<\\/ul>\\r\\n\",\"templateFile\":\"\",\"metaTitle\":\"\",\"metaKeyword\":\"\",\"metaDesc\":\"\",\"xAction\":\"UPDATE\",\"modName\":\"our-vision-text\",\"pageType\":\"edit\",\"langCode\":\"en\",\"pageID\":\"9\"}','2023-03-09 15:39:05',NULL),(734,'http://localhost/samuraisec1.0/core/jwt.inc.php','{\"xAction\":\"mxValidateJwtToken\"}','2023-03-09 15:55:39',NULL),(735,'http://localhost/samuraisec1.0/xadmin/mod/memberships-and-accreditations/x-memberships-and-accreditations.inc.php','{\"membershipAccreTitle\":\"Association of Mutual Funds in India (AMFI)\",\"xAction\":\"UPDATE\",\"modName\":\"memberships-and-accreditations\",\"pageType\":\"edit\",\"langCode\":\"en\",\"membersipAccreditationID\":\"4\"}','2023-03-09 15:55:39',NULL),(736,'http://localhost/samuraisec1.0/core/jwt.inc.php','{\"xAction\":\"mxValidateJwtToken\"}','2023-03-09 15:56:00',NULL),(737,'http://localhost/samuraisec1.0/xadmin/mod/memberships-and-accreditations/x-memberships-and-accreditations.inc.php','{\"membershipAccreTitle\":\"Central Depository Services (India) Limited\",\"xAction\":\"UPDATE\",\"modName\":\"memberships-and-accreditations\",\"pageType\":\"edit\",\"langCode\":\"en\",\"membersipAccreditationID\":\"3\"}','2023-03-09 15:56:00',NULL),(738,'http://localhost/samuraisec1.0/xadmin/mod/memberships-and-accreditations/x-memberships-and-accreditations.inc.php','{\"membershipAccreTitle\":\"BSE Ltd. (BSE)\",\"xAction\":\"UPDATE\",\"modName\":\"memberships-and-accreditations\",\"pageType\":\"edit\",\"langCode\":\"en\",\"membersipAccreditationID\":\"2\"}','2023-03-09 15:56:07',NULL),(739,'http://localhost/samuraisec1.0/core/jwt.inc.php','{\"xAction\":\"mxValidateJwtToken\"}','2023-03-09 15:56:13',NULL),(740,'http://localhost/samuraisec1.0/xadmin/mod/memberships-and-accreditations/x-memberships-and-accreditations.inc.php','{\"membershipAccreTitle\":\"BSE Ltd. (BSE)\",\"xAction\":\"UPDATE\",\"modName\":\"memberships-and-accreditations\",\"pageType\":\"edit\",\"langCode\":\"en\",\"membersipAccreditationID\":\"2\"}','2023-03-09 15:56:13',NULL),(741,'http://localhost/samuraisec1.0/core/jwt.inc.php','{\"xAction\":\"mxValidateJwtToken\"}','2023-03-09 15:56:25',NULL),(742,'http://localhost/samuraisec1.0/xadmin/mod/memberships-and-accreditations/x-memberships-and-accreditations.inc.php','{\"membershipAccreTitle\":\"National Stock Exchange of India Ltd. (NSE)\",\"xAction\":\"UPDATE\",\"modName\":\"memberships-and-accreditations\",\"pageType\":\"edit\",\"langCode\":\"en\",\"membersipAccreditationID\":\"1\"}','2023-03-09 15:56:25',NULL),(743,'http://localhost/samuraisec1.0/xadmin/core-admin/mod/admin-menu/x-admin-menu.inc.php','{\"xAction\":\"recreateAdminMenu\"}','2023-03-09 15:56:34',NULL),(744,'http://localhost/samuraisec1.0/xadmin/mod/page/x-page.inc.php','{\"pageTitle\":\"Our Services\",\"pageContent\":\"<h2>Our Services<\\/h2>\\r\\n\\r\\n<div class=\\\"row\\\">\\r\\n<p>With the aim of providing all financial service i.e. stock broking, commodity broking as well as depository services under one roof, SSPL has procured the following memberships and accreditations:<\\/p>\\r\\n<\\/div>\\r\\n\",\"synopsis\":\"<div class=\\\"wrapper\\\">\\r\\n<div class=\\\"title\\\">\\r\\n<h2>Our Offerings<\\/h2>\\r\\n<\\/div>\\r\\n\\r\\n<div class=\\\"row p0\\\">\\r\\n<div class=\\\"col-4\\\">\\r\\n<div class=\\\"card\\\">\\r\\n<h6>Equities & Derivatives trading<\\/h6>\\r\\n<\\/div>\\r\\n<\\/div>\\r\\n\\r\\n<div class=\\\"col-4\\\">\\r\\n<div class=\\\"card\\\">\\r\\n<h6>Currency Derivatives trading<\\/h6>\\r\\n<\\/div>\\r\\n<\\/div>\\r\\n\\r\\n<div class=\\\"col-4\\\">\\r\\n<div class=\\\"card\\\">\\r\\n<h6>Demat Account Service<\\/h6>\\r\\n<\\/div>\\r\\n<\\/div>\\r\\n\\r\\n<div class=\\\"col-4\\\">\\r\\n<div class=\\\"card\\\">\\r\\n<h6>Investment in Mutual Funds<\\/h6>\\r\\n<\\/div>\\r\\n<\\/div>\\r\\n<\\/div>\\r\\n<\\/div>\\r\\n\",\"templateFile\":\"services-tpl\",\"metaTitle\":\"\",\"metaKeyword\":\"\",\"metaDesc\":\"\",\"xAction\":\"UPDATE\",\"modName\":\"page\",\"pageType\":\"edit\",\"langCode\":\"en\",\"pageID\":\"4\"}','2023-03-09 15:59:16',NULL),(745,'http://localhost/samuraisec1.0/xadmin/core-admin/mod/admin-menu/x-admin-menu.inc.php','{\"xAction\":\"recreateAdminMenu\"}','2023-03-09 16:03:03',NULL),(746,'http://localhost/samuraisec1.0/xadmin/mod/services-content/x-services-content.inc.php','{\"pageTitle\":\"Our Services\",\"pageContent\":\"<div class=\\\"row\\\">\\r\\n<p>With the aim of providing all financial service i.e. stock broking, commodity broking as well as depository services under one roof, SSPL has procured the following memberships and accreditations:<\\/p>\\r\\n<\\/div>\\r\\n\",\"synopsis\":\"<div class=\\\"wrapper\\\">\\r\\n<div class=\\\"title\\\">\\r\\n<h2>Our Offerings<\\/h2>\\r\\n<\\/div>\\r\\n\\r\\n<div class=\\\"row p0\\\">\\r\\n<div class=\\\"col-4\\\">\\r\\n<div class=\\\"card\\\">\\r\\n<h6>Equities & Derivatives trading<\\/h6>\\r\\n<\\/div>\\r\\n<\\/div>\\r\\n\\r\\n<div class=\\\"col-4\\\">\\r\\n<div class=\\\"card\\\">\\r\\n<h6>Currency Derivatives trading<\\/h6>\\r\\n<\\/div>\\r\\n<\\/div>\\r\\n\\r\\n<div class=\\\"col-4\\\">\\r\\n<div class=\\\"card\\\">\\r\\n<h6>Demat Account Service<\\/h6>\\r\\n<\\/div>\\r\\n<\\/div>\\r\\n\\r\\n<div class=\\\"col-4\\\">\\r\\n<div class=\\\"card\\\">\\r\\n<h6>Investment in Mutual Funds<\\/h6>\\r\\n<\\/div>\\r\\n<\\/div>\\r\\n<\\/div>\\r\\n<\\/div>\\r\\n\",\"templateFile\":\"services-tpl\",\"metaTitle\":\"\",\"metaKeyword\":\"\",\"metaDesc\":\"\",\"xAction\":\"UPDATE\",\"modName\":\"services-content\",\"pageType\":\"edit\",\"langCode\":\"en\",\"pageID\":\"4\"}','2023-03-09 16:08:55',NULL),(747,'http://localhost/samuraisec1.0/xadmin/mod/services-content/x-services-content.inc.php','{\"pageTitle\":\"Our Services\",\"pageContent\":\"<div class=\\\"row\\\">\\r\\n<p>With the aim of providing all financial service i.e. stock broking, commodity broking as well as depository services under one roof, SSPL has procured the following memberships and accreditations:<\\/p>\\r\\n<\\/div>\\r\\n\",\"synopsis\":\"  <ul class=\\\"row col-4 p0\\\">\\r\\n             <li>\\r\\n                 <div class=\\\"card\\\">\\r\\n                     <i class=\\\"fa fa-signal\\\"><\\/i>\\r\\n                     <h6>Equities & Derivatives trading<\\/h6>\\r\\n                 <\\/div>\\r\\n             <\\/li>\\r\\n             <li>\\r\\n                 <div class=\\\"card\\\">\\r\\n                     <i class=\\\"fa fa-money\\\"><\\/i>\\r\\n                     <h6>Currency Derivatives trading<\\/h6>\\r\\n                 <\\/div>\\r\\n             <\\/li>\\r\\n             <li>\\r\\n                 <div class=\\\"card\\\">\\r\\n                     <i class=\\\"fa fa-percent\\\"><\\/i>\\r\\n                     <h6>Demat Account Service<\\/h6>\\r\\n                 <\\/div>\\r\\n             <\\/li>\\r\\n             <li>\\r\\n                 <div class=\\\"card\\\">\\r\\n                     <i class=\\\"fa fa-gift\\\"><\\/i>\\r\\n                     <h6>Investment in Mutual Funds<\\/h6>\\r\\n                 <\\/div>\\r\\n             <\\/li>\\r\\n         <\\/ul>\",\"templateFile\":\"services-tpl\",\"metaTitle\":\"\",\"metaKeyword\":\"\",\"metaDesc\":\"\",\"xAction\":\"UPDATE\",\"modName\":\"services-content\",\"pageType\":\"edit\",\"langCode\":\"en\",\"pageID\":\"4\"}','2023-03-09 16:12:45',NULL),(748,'http://localhost/samuraisec1.0/core/jwt.inc.php','{\"xAction\":\"mxValidateJwtToken\"}','2023-03-09 16:13:12',NULL),(749,'http://localhost/samuraisec1.0/xadmin/mod/services-content/x-services-content.inc.php','{\"pageTitle\":\"Our Services\",\"pageContent\":\"<div class=\\\"row\\\">\\r\\n<p>With the aim of providing all financial service i.e. stock broking, commodity broking as well as depository services under one roof, SSPL has procured the following memberships and accreditations:<\\/p>\\r\\n<\\/div>\\r\\n\",\"synopsis\":\"<ul class=\\\"row col-4 p0\\\">\\r\\n\\t<li>\\r\\n\\t<div class=\\\"card\\\">\\r\\n\\t<h6>Equities & Derivatives trading<\\/h6>\\r\\n\\t<\\/div>\\r\\n\\t<\\/li>\\r\\n\\t<li>\\r\\n\\t<div class=\\\"card\\\">\\r\\n\\t<h6>Currency Derivatives trading<\\/h6>\\r\\n\\t<\\/div>\\r\\n\\t<\\/li>\\r\\n\\t<li>\\r\\n\\t<div class=\\\"card\\\">\\r\\n\\t<h6>Demat Account Service<\\/h6>\\r\\n\\t<\\/div>\\r\\n\\t<\\/li>\\r\\n\\t<li>\\r\\n\\t<div class=\\\"card\\\">\\r\\n\\t<h6>Investment in Mutual Funds<\\/h6>\\r\\n\\t<\\/div>\\r\\n\\t<\\/li>\\r\\n<\\/ul>\\r\\n\",\"templateFile\":\"services-tpl\",\"metaTitle\":\"\",\"metaKeyword\":\"\",\"metaDesc\":\"\",\"xAction\":\"UPDATE\",\"modName\":\"services-content\",\"pageType\":\"edit\",\"langCode\":\"en\",\"pageID\":\"4\"}','2023-03-09 16:13:12',NULL),(750,'http://localhost/samuraisec1.0/xadmin/mod/services-content/x-services-content.inc.php','{\"pageTitle\":\"Our Services\",\"pageContent\":\"<div class=\\\"row\\\">\\r\\n<p>With the aim of providing all financial service i.e. stock broking, commodity broking as well as depository services under one roof, SSPL has procured the following memberships and accreditations:<\\/p>\\r\\n<\\/div>\\r\\n\",\"synopsis\":\"<div class=\\\"title\\\">\\r\\n<h2>Our Offerings<\\/h2>\\r\\n<\\/div>\\r\\n\\r\\n<ul class=\\\"row col-4 p0\\\">\\r\\n\\t<li>\\r\\n\\t<div class=\\\"card\\\">\\r\\n\\t<h6>Equities & Derivatives trading<\\/h6>\\r\\n\\t<\\/div>\\r\\n\\t<\\/li>\\r\\n\\t<li>\\r\\n\\t<div class=\\\"card\\\">\\r\\n\\t<h6>Currency Derivatives trading<\\/h6>\\r\\n\\t<\\/div>\\r\\n\\t<\\/li>\\r\\n\\t<li>\\r\\n\\t<div class=\\\"card\\\">\\r\\n\\t<h6>Demat Account Service<\\/h6>\\r\\n\\t<\\/div>\\r\\n\\t<\\/li>\\r\\n\\t<li>\\r\\n\\t<div class=\\\"card\\\">\\r\\n\\t<h6>Investment in Mutual Funds<\\/h6>\\r\\n\\t<\\/div>\\r\\n\\t<\\/li>\\r\\n<\\/ul>\\r\\n\",\"OpageImage\":[\"slider-1.jpg\"],\"templateFile\":\"services-tpl\",\"metaTitle\":\"\",\"metaKeyword\":\"\",\"metaDesc\":\"\",\"xAction\":\"UPDATE\",\"modName\":\"services-content\",\"pageType\":\"edit\",\"langCode\":\"en\",\"pageID\":\"4\"}','2023-03-09 16:15:15',NULL),(751,'http://localhost/samuraisec1.0/xadmin/mod/services-content/x-services-content.inc.php','{\"fl\":\"slider-1.jpg\",\"fld\":\"pageImage\",\"id\":\"4\",\"xAction\":\"mxDelFile\"}','2023-03-09 16:16:23',NULL),(752,'http://localhost/samuraisec1.0/core/jwt.inc.php','{\"xAction\":\"mxValidateJwtToken\"}','2023-03-09 16:18:00',NULL),(753,'http://localhost/samuraisec1.0/xadmin/mod/services-content/x-services-content.inc.php','{\"pageTitle\":\"Our Services\",\"pageContent\":\"<div class=\\\"row\\\">\\r\\n<p>With the aim of providing all financial service i.e. stock broking, commodity broking as well as depository services under one roof, SSPL has procured the following memberships and accreditations:<\\/p>\\r\\n<\\/div>\\r\\n\",\"synopsis\":\"<div class=\\\"wrapper\\\">\\r\\n<div class=\\\"title\\\">\\r\\n<h2>Our Offerings<\\/h2>\\r\\n<\\/div>\\r\\n\\r\\n<div class=\\\"row p0\\\">\\r\\n<div class=\\\"col-4\\\">\\r\\n<div class=\\\"card\\\">      <i class=\\\"fa fa-signal\\\"><\\/i>\\r\\n<h6>Equities & Derivatives trading<\\/h6>\\r\\n<\\/div>\\r\\n<\\/div>\\r\\n\\r\\n<div class=\\\"col-4\\\">\\r\\n<div class=\\\"card\\\">    <i class=\\\"fa fa-money\\\"><\\/i>\\r\\n<h6>Currency Derivatives trading<\\/h6>\\r\\n<\\/div>\\r\\n<\\/div>\\r\\n\\r\\n<div class=\\\"col-4\\\">\\r\\n<div class=\\\"card\\\"> <i class=\\\"fa fa-percent\\\"><\\/i>\\r\\n<h6>Demat Account Service<\\/h6>\\r\\n<\\/div>\\r\\n<\\/div>\\r\\n\\r\\n<div class=\\\"col-4\\\">\\r\\n<div class=\\\"card\\\"> <i class=\\\"fa fa-gift\\\"><\\/i>\\r\\n<h6>Investment in Mutual Funds<\\/h6>\\r\\n<\\/div>\\r\\n<\\/div>\\r\\n<\\/div>\\r\\n<\\/div>\\r\\n\",\"templateFile\":\"services-tpl\",\"metaTitle\":\"\",\"metaKeyword\":\"\",\"metaDesc\":\"\",\"xAction\":\"UPDATE\",\"modName\":\"services-content\",\"pageType\":\"edit\",\"langCode\":\"en\",\"pageID\":\"4\"}','2023-03-09 16:18:00',NULL),(754,'http://localhost/samuraisec1.0/xadmin/mod/services-content/x-services-content.inc.php','{\"pageTitle\":\"Our Services\",\"pageContent\":\"<div class=\\\"row\\\">\\r\\n<p>With the aim of providing all financial service i.e. stock broking, commodity broking as well as depository services under one roof, SSPL has procured the following memberships and accreditations:<\\/p>\\r\\n<\\/div>\\r\\n\",\"synopsis\":\"<div class=\\\"title\\\">\\r\\n             <h2>Our Offerings<\\/h2>\\r\\n         <\\/div>\\r\\n         <ul class=\\\"row col-4 p0\\\">\\r\\n             <li>\\r\\n                 <div class=\\\"card\\\">\\r\\n                     <i class=\\\"fa fa-signal\\\"><\\/i>\\r\\n                     <h6>Equities & Derivatives trading<\\/h6>\\r\\n                 <\\/div>\\r\\n             <\\/li>\\r\\n             <li>\\r\\n                 <div class=\\\"card\\\">\\r\\n                     <i class=\\\"fa fa-money\\\"><\\/i>\\r\\n                     <h6>Currency Derivatives trading<\\/h6>\\r\\n                 <\\/div>\\r\\n             <\\/li>\\r\\n             <li>\\r\\n                 <div class=\\\"card\\\">\\r\\n                     <i class=\\\"fa fa-percent\\\"><\\/i>\\r\\n                     <h6>Demat Account Service<\\/h6>\\r\\n                 <\\/div>\\r\\n             <\\/li>\\r\\n             <li>\\r\\n                 <div class=\\\"card\\\">\\r\\n                     <i class=\\\"fa fa-gift\\\"><\\/i>\\r\\n                     <h6>Investment in Mutual Funds<\\/h6>\\r\\n                 <\\/div>\\r\\n             <\\/li>\\r\\n         <\\/ul>\",\"OpageImage\":[\"inner-bann.jpg\"],\"templateFile\":\"services-tpl\",\"metaTitle\":\"\",\"metaKeyword\":\"\",\"metaDesc\":\"\",\"xAction\":\"UPDATE\",\"modName\":\"services-content\",\"pageType\":\"edit\",\"langCode\":\"en\",\"pageID\":\"4\"}','2023-03-09 16:20:43',NULL),(755,'http://localhost/samuraisec1.0/xadmin/core-admin/mod/admin-menu/x-admin-menu.inc.php','{\"parentID\":\"\",\"menuTitle\":\"Communication and download\",\"xOrder\":\"13\",\"params\":\"?id=5&h=1\",\"forceNav\":\"edit\",\"xAction\":\"UPDATE\",\"modName\":\"admin-menu\",\"pageType\":\"edit\",\"langCode\":\"en\",\"adminMenuID\":\"10\"}','2023-03-09 16:39:10',NULL),(756,'http://localhost/samuraisec1.0/xadmin/core-admin/mod/admin-menu/x-admin-menu.inc.php','{\"parentID\":\"\",\"menuTitle\":\"Communication and download\",\"xOrder\":\"13\",\"params\":\"\",\"forceNav\":\"\",\"xAction\":\"UPDATE\",\"modName\":\"admin-menu\",\"pageType\":\"edit\",\"langCode\":\"en\",\"adminMenuID\":\"10\"}','2023-03-09 16:39:33',NULL),(757,'http://localhost/samuraisec1.0/xadmin/core-admin/mod/admin-menu/x-admin-menu.inc.php','{\"xAction\":\"recreateAdminMenu\"}','2023-03-09 16:39:44',NULL),(758,'http://localhost/samuraisec1.0/xadmin/core-admin/mod/admin-menu/x-admin-menu.inc.php','{\"parentID\":\"\",\"menuTitle\":\"Communication and download content\",\"xOrder\":\"0\",\"params\":\"?id=5&h=1\",\"forceNav\":\"edit\",\"xAction\":\"UPDATE\",\"modName\":\"admin-menu\",\"pageType\":\"edit\",\"langCode\":\"en\",\"adminMenuID\":\"29\"}','2023-03-09 16:40:17',NULL),(759,'http://localhost/samuraisec1.0/core/jwt.inc.php','{\"xAction\":\"mxValidateJwtToken\"}','2023-03-09 16:40:44',NULL),(760,'http://localhost/samuraisec1.0/xadmin/mod/communication-and-download-content/x-communication-and-download-content.inc.php','{\"pageTitle\":\"Communication And Download\",\"pageContent\":\"<div class=\\\"row\\\">\\r\\n<p>Download Client Registration Documents (Rights & Obligations, Risk Disclosure Document, Do\'s & Don\'t\'s in Vernacular Language :<\\/p>\\r\\n<\\/div>\\r\\n\",\"synopsis\":\"<div class=\\\"wrapper\\\">\\r\\n<div class=\\\"row\\\">\\r\\n<div class=\\\"note\\\">\\r\\n<p><strong>Note:-<\\/strong> \\\"This document is a translated version of the client registration documents in English and is being provided in vernacular language to facilitate better understanding by the investors. In case of any ambiguity, the contents of the English version would prevail.\\\"<\\/p>\\r\\n<\\/div>\\r\\n\\r\\n<hr \\/>\\r\\n<div class=\\\"links\\\"><a href=\\\"#\\\" target=\\\"_blank\\\">Account Opening Form<\\/a> | <a href=\\\"#\\\" target=\\\"_blank\\\">Guidence Note<\\/a> | <a href=\\\"#\\\" target=\\\"_blank\\\">Policies And Procedures<\\/a> | <a href=\\\"#\\\" target=\\\"_blank\\\">Policy for Dormant Inactive Accounts<\\/a> | <a href=\\\"#\\\" target=\\\"_blank\\\">PMLA Policy<\\/a> | <a href=\\\"#\\\" target=\\\"_blank\\\">Modification Form<\\/a> | <a href=\\\"#\\\" target=\\\"_blank\\\">Account Closing Form<\\/a><\\/div>\\r\\n\\r\\n<hr \\/><\\/div>\\r\\n<\\/div>\\r\\n\",\"templateFile\":\"Communication-and-download-tpl\",\"metaTitle\":\"\",\"metaKeyword\":\"\",\"metaDesc\":\"\",\"xAction\":\"UPDATE\",\"modName\":\"communication-and-download-content\",\"pageType\":\"edit\",\"langCode\":\"en\",\"pageID\":\"5\"}','2023-03-09 16:40:44',NULL),(761,'http://localhost/samuraisec1.0/core/jwt.inc.php','{\"xAction\":\"mxValidateJwtToken\"}','2023-03-09 17:15:08',NULL),(762,'http://localhost/samuraisec1.0/core/jwt.inc.php','{\"xAction\":\"mxGenerateJwtToken\"}','2023-03-09 17:15:08',NULL),(763,'http://localhost/samuraisec1.0/core/jwt.inc.php','{\"xAction\":\"mxValidateJwtToken\"}','2023-03-09 17:15:08',NULL),(764,'http://localhost/samuraisec1.0/xadmin/mod/page/x-page.inc.php','{\"pageTitle\":\"Contact Us\",\"pageContent\":\"<div class=\\\"row\\\">\\r\\n<div class=\\\"col-2\\\">\\r\\n<h6>Head Office<\\/h6>\\r\\n\\r\\n<ul class=\\\"add\\\">\\r\\n\\t<li><strong>Samurai Securities Pvt. Ltd.<\\/strong><br \\/>\\r\\n\\t303\\/306, 3rd Floor, Raheja Chambers,<br \\/>\\r\\n\\tFree Press Journal Marg, Nariman Point,<br \\/>\\r\\n\\tMumbai Maharashtra - 400021 (India)<\\/li>\\r\\n\\t<li><a href=\\\"tel:+02266240800\\\">(022) 6624 0800<\\/a><\\/li>\\r\\n\\t<li><a href=\\\"mailto:admin@samuraisec.co.in\\\">admin@samuraisec.co.in<\\/a><\\/li>\\r\\n<\\/ul>\\r\\n<\\/div>\\r\\n\\r\\n<div class=\\\"col-2\\\">\\r\\n<h6>Branch Office<\\/h6>\\r\\n\\r\\n<ul class=\\\"add\\\">\\r\\n\\t<li><strong>Samurai Securities Pvt. Ltd.<\\/strong><br \\/>\\r\\n\\t275, Manji Ka Hattha, Opp. Rajasthan Patrika Paota,<br \\/>\\r\\n\\tJodhpur 342001, Rajasthan<\\/li>\\r\\n\\t<li><a href=\\\"tel:+0291-2556155\\\">0291-2556155<\\/a><\\/li>\\r\\n\\t<li><a href=\\\"mailto:samurai.jodhpur@yahoo.co.in\\\">samurai.jodhpur@yahoo.co.in<\\/a><\\/li>\\r\\n<\\/ul>\\r\\n<\\/div>\\r\\n<\\/div>\\r\\n\",\"synopsis\":\"<div class=\\\"wrapper\\\">\\r\\n<div class=\\\"title\\\">\\r\\n<h2>Investor Grievance Escalation Matrix<\\/h2>\\r\\n<\\/div>\\r\\n\\r\\n<div class=\\\"table\\\">\\r\\n<table style=\\\"width: 100%;\\\">\\r\\n\\t<tbody>\\r\\n\\t\\t<tr class=\\\"header\\\">\\r\\n\\t\\t\\t<th style=\\\"width: 15%\\\">Details of<\\/th>\\r\\n\\t\\t\\t<th style=\\\"width: 15%;\\\">Contact Person<\\/th>\\r\\n\\t\\t\\t<th style=\\\"width: 20%;\\\">Address<\\/th>\\r\\n\\t\\t\\t<th style=\\\"width: 15%;\\\">Contact No.<\\/th>\\r\\n\\t\\t\\t<th style=\\\"width: 15%;\\\">Working hours<\\/th>\\r\\n\\t\\t\\t<th style=\\\"width: 20%;\\\">Email Id<\\/th>\\r\\n\\t\\t<\\/tr>\\r\\n\\t\\t<tr>\\r\\n\\t\\t\\t<th>Customer care<\\/th>\\r\\n\\t\\t\\t<td>Mr. Kapil Sharma<\\/td>\\r\\n\\t\\t\\t<td>303\\/306, Raheja Chambers, Free Press Journal Marg, Nariman Point, Mumbai-400021.<\\/td>\\r\\n\\t\\t\\t<td>022-66240858<\\/td>\\r\\n\\t\\t\\t<td>Mon-Fri<br \\/>\\r\\n\\t\\t\\t9:00 AM to 5:00 PM.<\\/td>\\r\\n\\t\\t\\t<td>investor_samurai@yahoo.com<\\/td>\\r\\n\\t\\t<\\/tr>\\r\\n\\t\\t<tr>\\r\\n\\t\\t\\t<th>Head of Customer Care<\\/th>\\r\\n\\t\\t\\t<td>Mrs. Sushma Bhangale<\\/td>\\r\\n\\t\\t\\t<td>303\\/306, Raheja Chambers, Free Press Journal Marg, Nariman Point, Mumbai-400021.<\\/td>\\r\\n\\t\\t\\t<td>022-66240854<\\/td>\\r\\n\\t\\t\\t<td>Mon-Fri<br \\/>\\r\\n\\t\\t\\tMon-Fri 10:00 AM to 6:00 PM.<\\/td>\\r\\n\\t\\t\\t<td>sushma@samuraisec.co.in<\\/td>\\r\\n\\t\\t<\\/tr>\\r\\n\\t\\t<tr>\\r\\n\\t\\t\\t<th>Compliance Officer<\\/th>\\r\\n\\t\\t\\t<td>Mr. G. S. Thanvi<\\/td>\\r\\n\\t\\t\\t<td>303\\/306, Raheja Chambers, Free Press Journal Marg, Nariman Point, Mumbai-400021.<\\/td>\\r\\n\\t\\t\\t<td>022 66240853<\\/td>\\r\\n\\t\\t\\t<td>Mon-Fri<br \\/>\\r\\n\\t\\t\\tMon-Fri 11:00 AM to 7:00 PM.<\\/td>\\r\\n\\t\\t\\t<td>gthanvi@samuraisec.co.in<\\/td>\\r\\n\\t\\t<\\/tr>\\r\\n\\t\\t<tr>\\r\\n\\t\\t\\t<th>Chief Executive Officer (CEO)<\\/th>\\r\\n\\t\\t\\t<td>Mr. Kavinder Jain<\\/td>\\r\\n\\t\\t\\t<td>303\\/306, Raheja Chambers, Free Press Journal Marg, Nariman Point, Mumbai-400021.<\\/td>\\r\\n\\t\\t\\t<td>022-66240803<\\/td>\\r\\n\\t\\t\\t<td>Mon-Fri<br \\/>\\r\\n\\t\\t\\tMon-Fri 8:30 AM to 4:00 PM.<\\/td>\\r\\n\\t\\t\\t<td>kavinder@samuraisec.co.in<\\/td>\\r\\n\\t\\t<\\/tr>\\r\\n\\t<\\/tbody>\\r\\n<\\/table>\\r\\n<\\/div>\\r\\n\\r\\n<ul class=\\\"oter-links\\\">\\r\\n\\t<li>In absence of response\\/complaint not addressed to your satisfaction, you may lodge a complaint with SEBI at <a href=\\\"https:\\/\\/scores.gov.in\\/scores\\/Welcome.html\\\" target=\\\"_blank\\\">scores.gov.in<\\/a> or<\\/li>\\r\\n\\t<li>1) BSE at <a href=\\\"https:\\/\\/bsecrs.bseindia.com\\/ecomplaint\\/frmInvestorHome.aspx\\\" target=\\\"_blank\\\">bsecrs.bseindia.com<\\/a> or<\\/li>\\r\\n\\t<li>2) NSE at <a href=\\\"https:\\/\\/investorhelpline.nseindia.com\\/NICEPLUS\\/\\\" target=\\\"_blank\\\">investorhelpline.nseindia.com<\\/a> or<\\/li>\\r\\n\\t<li>3) <a href=\\\"https:\\/\\/www.cdslindia.com\\/Footer\\/grievances.aspx\\\" target=\\\"_blank\\\">www.cdslindia.com<\\/a><\\/li>\\r\\n\\t<li>Please quote your Service Ticket\\/Complaint Ref No. while raising your complaint at SEBI SCORES\\/Exchange portal.<\\/li>\\r\\n<\\/ul>\\r\\n<\\/div>\\r\\n\",\"templateFile\":\"contact-us-tpl\",\"metaTitle\":\"\",\"metaKeyword\":\"\",\"metaDesc\":\"\",\"xAction\":\"UPDATE\",\"modName\":\"page\",\"pageType\":\"edit\",\"langCode\":\"en\",\"pageID\":\"3\"}','2023-03-09 17:15:08',NULL),(765,'http://localhost/samuraisec1.0/xadmin/core-admin/mod/admin-menu/x-admin-menu.inc.php','{\"xAction\":\"recreateAdminMenu\"}','2023-03-09 17:17:20',NULL),(766,'http://localhost/samuraisec1.0/xadmin/core-admin/mod/admin-menu/x-admin-menu.inc.php','{\"parentID\":\"\",\"menuTitle\":\"Contact us\",\"xOrder\":\"0\",\"params\":\"?id=3&h=1\",\"forceNav\":\"edit\",\"xAction\":\"UPDATE\",\"modName\":\"admin-menu\",\"pageType\":\"edit\",\"langCode\":\"en\",\"adminMenuID\":\"30\"}','2023-03-09 17:17:37',NULL),(767,'http://localhost/samuraisec1.0/xadmin/mod/contact-us/x-contact-us.inc.php','{\"pageTitle\":\"Contact Us\",\"pageContent\":\"<div class=\\\"title-wrap\\\">\\r\\n            <h1>Contact us<\\/h1>\\r\\n        <\\/div>\\r\\n        <div class=\\\"row\\\">\\r\\n            <div class=\\\"col-2\\\">\\r\\n                <h6>Head Office<\\/h6>\\r\\n                <ul>\\r\\n                    <li><i class=\\\"fa fa-map-marker\\\"><\\/i>\\r\\n                        <strong>Samurai Securities Pvt. Ltd.<\\/strong><br>\\r\\n                        303\\/306, 3rd Floor, Raheja Chambers, <br>\\r\\n                        Free Press Journal Marg, Nariman Point, <br>\\r\\n                        Mumbai Maharashtra - 400021 (India) <br>\\r\\n                    <\\/li>\\r\\n                    <li><i class=\\\"fa fa-phone\\\"><\\/i> <a href=\\\"tel:+02266240800\\\">(022) 6624\\r\\n                            0800<\\/a><\\/li>\\r\\n                    <li><i class=\\\"fa fa-envelope-o\\\"><\\/i> <a href=\\\"mailto:admin@samuraisec.co.in\\\">\\r\\n                            admin@samuraisec.co.in<\\/a><\\/li>\\r\\n                <\\/ul>\\r\\n            <\\/div>\\r\\n            <div class=\\\"col-2\\\">\\r\\n                <h6>Branch Office<\\/h6>\\r\\n                <ul>\\r\\n                    <li><i class=\\\"fa fa-map-marker\\\"><\\/i>\\r\\n                        <strong>Samurai Securities Pvt. Ltd.<\\/strong><br>\\r\\n                        275, Manji Ka Hattha, Opp. Rajasthan Patrika Paota, <br>\\r\\n                        Jodhpur 342001, Rajasthan <br>\\r\\n                    <\\/li>\\r\\n                    <li><i class=\\\"fa fa-phone\\\"><\\/i> <a href=\\\"tel:+0291-2556155\\\">0291-2556155<\\/a><\\/li>\\r\\n                    <li><i class=\\\"fa fa-envelope-o\\\"><\\/i> <a href=\\\"mailto:samurai.jodhpur@yahoo.co.in\\\">\\r\\n                            samurai.jodhpur@yahoo.co.in<\\/a><\\/li>\\r\\n                <\\/ul>\\r\\n            <\\/div>\\r\\n        <\\/div>\",\"synopsis\":\"<div class=\\\"wrapper\\\">\\r\\n<div class=\\\"title\\\">\\r\\n<h2>Investor Grievance Escalation Matrix<\\/h2>\\r\\n<\\/div>\\r\\n\\r\\n<div class=\\\"table\\\">\\r\\n<table style=\\\"width: 100%;\\\">\\r\\n\\t<tbody>\\r\\n\\t\\t<tr class=\\\"header\\\">\\r\\n\\t\\t\\t<th style=\\\"width: 15%\\\">Details of<\\/th>\\r\\n\\t\\t\\t<th style=\\\"width: 15%;\\\">Contact Person<\\/th>\\r\\n\\t\\t\\t<th style=\\\"width: 20%;\\\">Address<\\/th>\\r\\n\\t\\t\\t<th style=\\\"width: 15%;\\\">Contact No.<\\/th>\\r\\n\\t\\t\\t<th style=\\\"width: 15%;\\\">Working hours<\\/th>\\r\\n\\t\\t\\t<th style=\\\"width: 20%;\\\">Email Id<\\/th>\\r\\n\\t\\t<\\/tr>\\r\\n\\t\\t<tr>\\r\\n\\t\\t\\t<th>Customer care<\\/th>\\r\\n\\t\\t\\t<td>Mr. Kapil Sharma<\\/td>\\r\\n\\t\\t\\t<td>303\\/306, Raheja Chambers, Free Press Journal Marg, Nariman Point, Mumbai-400021.<\\/td>\\r\\n\\t\\t\\t<td>022-66240858<\\/td>\\r\\n\\t\\t\\t<td>Mon-Fri<br \\/>\\r\\n\\t\\t\\t9:00 AM to 5:00 PM.<\\/td>\\r\\n\\t\\t\\t<td>investor_samurai@yahoo.com<\\/td>\\r\\n\\t\\t<\\/tr>\\r\\n\\t\\t<tr>\\r\\n\\t\\t\\t<th>Head of Customer Care<\\/th>\\r\\n\\t\\t\\t<td>Mrs. Sushma Bhangale<\\/td>\\r\\n\\t\\t\\t<td>303\\/306, Raheja Chambers, Free Press Journal Marg, Nariman Point, Mumbai-400021.<\\/td>\\r\\n\\t\\t\\t<td>022-66240854<\\/td>\\r\\n\\t\\t\\t<td>Mon-Fri<br \\/>\\r\\n\\t\\t\\tMon-Fri 10:00 AM to 6:00 PM.<\\/td>\\r\\n\\t\\t\\t<td>sushma@samuraisec.co.in<\\/td>\\r\\n\\t\\t<\\/tr>\\r\\n\\t\\t<tr>\\r\\n\\t\\t\\t<th>Compliance Officer<\\/th>\\r\\n\\t\\t\\t<td>Mr. G. S. Thanvi<\\/td>\\r\\n\\t\\t\\t<td>303\\/306, Raheja Chambers, Free Press Journal Marg, Nariman Point, Mumbai-400021.<\\/td>\\r\\n\\t\\t\\t<td>022 66240853<\\/td>\\r\\n\\t\\t\\t<td>Mon-Fri<br \\/>\\r\\n\\t\\t\\tMon-Fri 11:00 AM to 7:00 PM.<\\/td>\\r\\n\\t\\t\\t<td>gthanvi@samuraisec.co.in<\\/td>\\r\\n\\t\\t<\\/tr>\\r\\n\\t\\t<tr>\\r\\n\\t\\t\\t<th>Chief Executive Officer (CEO)<\\/th>\\r\\n\\t\\t\\t<td>Mr. Kavinder Jain<\\/td>\\r\\n\\t\\t\\t<td>303\\/306, Raheja Chambers, Free Press Journal Marg, Nariman Point, Mumbai-400021.<\\/td>\\r\\n\\t\\t\\t<td>022-66240803<\\/td>\\r\\n\\t\\t\\t<td>Mon-Fri<br \\/>\\r\\n\\t\\t\\tMon-Fri 8:30 AM to 4:00 PM.<\\/td>\\r\\n\\t\\t\\t<td>kavinder@samuraisec.co.in<\\/td>\\r\\n\\t\\t<\\/tr>\\r\\n\\t<\\/tbody>\\r\\n<\\/table>\\r\\n<\\/div>\\r\\n\\r\\n<ul class=\\\"oter-links\\\">\\r\\n\\t<li>In absence of response\\/complaint not addressed to your satisfaction, you may lodge a complaint with SEBI at <a href=\\\"https:\\/\\/scores.gov.in\\/scores\\/Welcome.html\\\" target=\\\"_blank\\\">scores.gov.in<\\/a> or<\\/li>\\r\\n\\t<li>1) BSE at <a href=\\\"https:\\/\\/bsecrs.bseindia.com\\/ecomplaint\\/frmInvestorHome.aspx\\\" target=\\\"_blank\\\">bsecrs.bseindia.com<\\/a> or<\\/li>\\r\\n\\t<li>2) NSE at <a href=\\\"https:\\/\\/investorhelpline.nseindia.com\\/NICEPLUS\\/\\\" target=\\\"_blank\\\">investorhelpline.nseindia.com<\\/a> or<\\/li>\\r\\n\\t<li>3) <a href=\\\"https:\\/\\/www.cdslindia.com\\/Footer\\/grievances.aspx\\\" target=\\\"_blank\\\">www.cdslindia.com<\\/a><\\/li>\\r\\n\\t<li>Please quote your Service Ticket\\/Complaint Ref No. while raising your complaint at SEBI SCORES\\/Exchange portal.<\\/li>\\r\\n<\\/ul>\\r\\n<\\/div>\\r\\n\",\"OpageImage\":[\"inner-bann-2.jpg\"],\"templateFile\":\"contact-us-tpl\",\"metaTitle\":\"\",\"metaKeyword\":\"\",\"metaDesc\":\"\",\"xAction\":\"UPDATE\",\"modName\":\"contact-us\",\"pageType\":\"edit\",\"langCode\":\"en\",\"pageID\":\"3\"}','2023-03-09 17:21:24',NULL),(768,'http://localhost/samuraisec1.0/xadmin/mod/contact-us/x-contact-us.inc.php','{\"pageTitle\":\"Contact Us\",\"pageContent\":\"<div class=\\\"row\\\">\\r\\n<div class=\\\"col-2\\\">\\r\\n<h6>Head Office<\\/h6>\\r\\n\\r\\n<ul>\\r\\n\\t<li><strong>Samurai Securities Pvt. Ltd.<\\/strong><br \\/>\\r\\n\\t303\\/306, 3rd Floor, Raheja Chambers,<br \\/>\\r\\n\\tFree Press Journal Marg, Nariman Point,<br \\/>\\r\\n\\tMumbai Maharashtra - 400021 (India)<\\/li>\\r\\n\\t<li><a href=\\\"tel:+02266240800\\\">(022) 6624 0800<\\/a><\\/li>\\r\\n\\t<li><a href=\\\"mailto:admin@samuraisec.co.in\\\">admin@samuraisec.co.in<\\/a><\\/li>\\r\\n<\\/ul>\\r\\n<\\/div>\\r\\n\\r\\n<div class=\\\"col-2\\\">\\r\\n<h6>Branch Office<\\/h6>\\r\\n\\r\\n<ul>\\r\\n\\t<li><strong>Samurai Securities Pvt. Ltd.<\\/strong><br \\/>\\r\\n\\t275, Manji Ka Hattha, Opp. Rajasthan Patrika Paota,<br \\/>\\r\\n\\tJodhpur 342001, Rajasthan<\\/li>\\r\\n\\t<li><a href=\\\"tel:+0291-2556155\\\">0291-2556155<\\/a><\\/li>\\r\\n\\t<li><a href=\\\"mailto:samurai.jodhpur@yahoo.co.in\\\">samurai.jodhpur@yahoo.co.in<\\/a><\\/li>\\r\\n<\\/ul>\\r\\n<\\/div>\\r\\n<\\/div>\\r\\n\",\"synopsis\":\"<div class=\\\"wrapper\\\">\\r\\n<div class=\\\"title\\\">\\r\\n<h2>Investor Grievance Escalation Matrix<\\/h2>\\r\\n<\\/div>\\r\\n\\r\\n<div class=\\\"table\\\">\\r\\n<table style=\\\"width: 100%;\\\">\\r\\n\\t<tbody>\\r\\n\\t\\t<tr class=\\\"header\\\">\\r\\n\\t\\t\\t<th style=\\\"width: 15%\\\">Details of<\\/th>\\r\\n\\t\\t\\t<th style=\\\"width: 15%;\\\">Contact Person<\\/th>\\r\\n\\t\\t\\t<th style=\\\"width: 20%;\\\">Address<\\/th>\\r\\n\\t\\t\\t<th style=\\\"width: 15%;\\\">Contact No.<\\/th>\\r\\n\\t\\t\\t<th style=\\\"width: 15%;\\\">Working hours<\\/th>\\r\\n\\t\\t\\t<th style=\\\"width: 20%;\\\">Email Id<\\/th>\\r\\n\\t\\t<\\/tr>\\r\\n\\t\\t<tr>\\r\\n\\t\\t\\t<th>Customer care<\\/th>\\r\\n\\t\\t\\t<td>Mr. Kapil Sharma<\\/td>\\r\\n\\t\\t\\t<td>303\\/306, Raheja Chambers, Free Press Journal Marg, Nariman Point, Mumbai-400021.<\\/td>\\r\\n\\t\\t\\t<td>022-66240858<\\/td>\\r\\n\\t\\t\\t<td>Mon-Fri<br \\/>\\r\\n\\t\\t\\t9:00 AM to 5:00 PM.<\\/td>\\r\\n\\t\\t\\t<td>investor_samurai@yahoo.com<\\/td>\\r\\n\\t\\t<\\/tr>\\r\\n\\t\\t<tr>\\r\\n\\t\\t\\t<th>Head of Customer Care<\\/th>\\r\\n\\t\\t\\t<td>Mrs. Sushma Bhangale<\\/td>\\r\\n\\t\\t\\t<td>303\\/306, Raheja Chambers, Free Press Journal Marg, Nariman Point, Mumbai-400021.<\\/td>\\r\\n\\t\\t\\t<td>022-66240854<\\/td>\\r\\n\\t\\t\\t<td>Mon-Fri<br \\/>\\r\\n\\t\\t\\tMon-Fri 10:00 AM to 6:00 PM.<\\/td>\\r\\n\\t\\t\\t<td>sushma@samuraisec.co.in<\\/td>\\r\\n\\t\\t<\\/tr>\\r\\n\\t\\t<tr>\\r\\n\\t\\t\\t<th>Compliance Officer<\\/th>\\r\\n\\t\\t\\t<td>Mr. G. S. Thanvi<\\/td>\\r\\n\\t\\t\\t<td>303\\/306, Raheja Chambers, Free Press Journal Marg, Nariman Point, Mumbai-400021.<\\/td>\\r\\n\\t\\t\\t<td>022 66240853<\\/td>\\r\\n\\t\\t\\t<td>Mon-Fri<br \\/>\\r\\n\\t\\t\\tMon-Fri 11:00 AM to 7:00 PM.<\\/td>\\r\\n\\t\\t\\t<td>gthanvi@samuraisec.co.in<\\/td>\\r\\n\\t\\t<\\/tr>\\r\\n\\t\\t<tr>\\r\\n\\t\\t\\t<th>Chief Executive Officer (CEO)<\\/th>\\r\\n\\t\\t\\t<td>Mr. Kavinder Jain<\\/td>\\r\\n\\t\\t\\t<td>303\\/306, Raheja Chambers, Free Press Journal Marg, Nariman Point, Mumbai-400021.<\\/td>\\r\\n\\t\\t\\t<td>022-66240803<\\/td>\\r\\n\\t\\t\\t<td>Mon-Fri<br \\/>\\r\\n\\t\\t\\tMon-Fri 8:30 AM to 4:00 PM.<\\/td>\\r\\n\\t\\t\\t<td>kavinder@samuraisec.co.in<\\/td>\\r\\n\\t\\t<\\/tr>\\r\\n\\t<\\/tbody>\\r\\n<\\/table>\\r\\n<\\/div>\\r\\n\\r\\n<ul class=\\\"oter-links\\\">\\r\\n\\t<li>In absence of response\\/complaint not addressed to your satisfaction, you may lodge a complaint with SEBI at <a href=\\\"https:\\/\\/scores.gov.in\\/scores\\/Welcome.html\\\" target=\\\"_blank\\\">scores.gov.in<\\/a> or<\\/li>\\r\\n\\t<li>1) BSE at <a href=\\\"https:\\/\\/bsecrs.bseindia.com\\/ecomplaint\\/frmInvestorHome.aspx\\\" target=\\\"_blank\\\">bsecrs.bseindia.com<\\/a> or<\\/li>\\r\\n\\t<li>2) NSE at <a href=\\\"https:\\/\\/investorhelpline.nseindia.com\\/NICEPLUS\\/\\\" target=\\\"_blank\\\">investorhelpline.nseindia.com<\\/a> or<\\/li>\\r\\n\\t<li>3) <a href=\\\"https:\\/\\/www.cdslindia.com\\/Footer\\/grievances.aspx\\\" target=\\\"_blank\\\">www.cdslindia.com<\\/a><\\/li>\\r\\n\\t<li>Please quote your Service Ticket\\/Complaint Ref No. while raising your complaint at SEBI SCORES\\/Exchange portal.<\\/li>\\r\\n<\\/ul>\\r\\n<\\/div>\\r\\n\",\"OpageImage\":[\"inner-bann-2.jpg\"],\"templateFile\":\"contact-us-tpl\",\"metaTitle\":\"\",\"metaKeyword\":\"\",\"metaDesc\":\"\",\"xAction\":\"UPDATE\",\"modName\":\"contact-us\",\"pageType\":\"edit\",\"langCode\":\"en\",\"pageID\":\"3\"}','2023-03-09 17:22:48',NULL),(769,'http://localhost/samuraisec1.0/xadmin/mod/contact-us/x-contact-us.inc.php','{\"pageTitle\":\"Contact Us\",\"pageContent\":\"<div class=\\\"row\\\">\\r\\n            <div class=\\\"col-2\\\">\\r\\n                <h6>Head Office<\\/h6>\\r\\n                <ul>\\r\\n                    <li><i class=\\\"fa fa-map-marker\\\"><\\/i>\\r\\n                        <strong>Samurai Securities Pvt. Ltd.<\\/strong><br>\\r\\n                        303\\/306, 3rd Floor, Raheja Chambers, <br>\\r\\n                        Free Press Journal Marg, Nariman Point, <br>\\r\\n                        Mumbai Maharashtra - 400021 (India) <br>\\r\\n                    <\\/li>\\r\\n                    <li><i class=\\\"fa fa-phone\\\"><\\/i> <a href=\\\"tel:+02266240800\\\">(022) 6624\\r\\n                            0800<\\/a><\\/li>\\r\\n                    <li><i class=\\\"fa fa-envelope-o\\\"><\\/i> <a href=\\\"mailto:admin@samuraisec.co.in\\\">\\r\\n                            admin@samuraisec.co.in<\\/a><\\/li>\\r\\n                <\\/ul>\\r\\n            <\\/div>\\r\\n            <div class=\\\"col-2\\\">\\r\\n                <h6>Branch Office<\\/h6>\\r\\n                <ul>\\r\\n                    <li><i class=\\\"fa fa-map-marker\\\"><\\/i>\\r\\n                        <strong>Samurai Securities Pvt. Ltd.<\\/strong><br>\\r\\n                        275, Manji Ka Hattha, Opp. Rajasthan Patrika Paota, <br>\\r\\n                        Jodhpur 342001, Rajasthan <br>\\r\\n                    <\\/li>\\r\\n                    <li><i class=\\\"fa fa-phone\\\"><\\/i> <a href=\\\"tel:+0291-2556155\\\">0291-2556155<\\/a><\\/li>\\r\\n                    <li><i class=\\\"fa fa-envelope-o\\\"><\\/i> <a href=\\\"mailto:samurai.jodhpur@yahoo.co.in\\\">\\r\\n                            samurai.jodhpur@yahoo.co.in<\\/a><\\/li>\\r\\n                <\\/ul>\\r\\n            <\\/div>\\r\\n        <\\/div>\",\"synopsis\":\"<div class=\\\"wrapper\\\">\\r\\n<div class=\\\"title\\\">\\r\\n<h2>Investor Grievance Escalation Matrix<\\/h2>\\r\\n<\\/div>\\r\\n\\r\\n<div class=\\\"table\\\">\\r\\n<table style=\\\"width: 100%;\\\">\\r\\n\\t<tbody>\\r\\n\\t\\t<tr class=\\\"header\\\">\\r\\n\\t\\t\\t<th style=\\\"width: 15%\\\">Details of<\\/th>\\r\\n\\t\\t\\t<th style=\\\"width: 15%;\\\">Contact Person<\\/th>\\r\\n\\t\\t\\t<th style=\\\"width: 20%;\\\">Address<\\/th>\\r\\n\\t\\t\\t<th style=\\\"width: 15%;\\\">Contact No.<\\/th>\\r\\n\\t\\t\\t<th style=\\\"width: 15%;\\\">Working hours<\\/th>\\r\\n\\t\\t\\t<th style=\\\"width: 20%;\\\">Email Id<\\/th>\\r\\n\\t\\t<\\/tr>\\r\\n\\t\\t<tr>\\r\\n\\t\\t\\t<th>Customer care<\\/th>\\r\\n\\t\\t\\t<td>Mr. Kapil Sharma<\\/td>\\r\\n\\t\\t\\t<td>303\\/306, Raheja Chambers, Free Press Journal Marg, Nariman Point, Mumbai-400021.<\\/td>\\r\\n\\t\\t\\t<td>022-66240858<\\/td>\\r\\n\\t\\t\\t<td>Mon-Fri<br \\/>\\r\\n\\t\\t\\t9:00 AM to 5:00 PM.<\\/td>\\r\\n\\t\\t\\t<td>investor_samurai@yahoo.com<\\/td>\\r\\n\\t\\t<\\/tr>\\r\\n\\t\\t<tr>\\r\\n\\t\\t\\t<th>Head of Customer Care<\\/th>\\r\\n\\t\\t\\t<td>Mrs. Sushma Bhangale<\\/td>\\r\\n\\t\\t\\t<td>303\\/306, Raheja Chambers, Free Press Journal Marg, Nariman Point, Mumbai-400021.<\\/td>\\r\\n\\t\\t\\t<td>022-66240854<\\/td>\\r\\n\\t\\t\\t<td>Mon-Fri<br \\/>\\r\\n\\t\\t\\tMon-Fri 10:00 AM to 6:00 PM.<\\/td>\\r\\n\\t\\t\\t<td>sushma@samuraisec.co.in<\\/td>\\r\\n\\t\\t<\\/tr>\\r\\n\\t\\t<tr>\\r\\n\\t\\t\\t<th>Compliance Officer<\\/th>\\r\\n\\t\\t\\t<td>Mr. G. S. Thanvi<\\/td>\\r\\n\\t\\t\\t<td>303\\/306, Raheja Chambers, Free Press Journal Marg, Nariman Point, Mumbai-400021.<\\/td>\\r\\n\\t\\t\\t<td>022 66240853<\\/td>\\r\\n\\t\\t\\t<td>Mon-Fri<br \\/>\\r\\n\\t\\t\\tMon-Fri 11:00 AM to 7:00 PM.<\\/td>\\r\\n\\t\\t\\t<td>gthanvi@samuraisec.co.in<\\/td>\\r\\n\\t\\t<\\/tr>\\r\\n\\t\\t<tr>\\r\\n\\t\\t\\t<th>Chief Executive Officer (CEO)<\\/th>\\r\\n\\t\\t\\t<td>Mr. Kavinder Jain<\\/td>\\r\\n\\t\\t\\t<td>303\\/306, Raheja Chambers, Free Press Journal Marg, Nariman Point, Mumbai-400021.<\\/td>\\r\\n\\t\\t\\t<td>022-66240803<\\/td>\\r\\n\\t\\t\\t<td>Mon-Fri<br \\/>\\r\\n\\t\\t\\tMon-Fri 8:30 AM to 4:00 PM.<\\/td>\\r\\n\\t\\t\\t<td>kavinder@samuraisec.co.in<\\/td>\\r\\n\\t\\t<\\/tr>\\r\\n\\t<\\/tbody>\\r\\n<\\/table>\\r\\n<\\/div>\\r\\n\\r\\n<ul class=\\\"oter-links\\\">\\r\\n\\t<li>In absence of response\\/complaint not addressed to your satisfaction, you may lodge a complaint with SEBI at <a href=\\\"https:\\/\\/scores.gov.in\\/scores\\/Welcome.html\\\" target=\\\"_blank\\\">scores.gov.in<\\/a> or<\\/li>\\r\\n\\t<li>1) BSE at <a href=\\\"https:\\/\\/bsecrs.bseindia.com\\/ecomplaint\\/frmInvestorHome.aspx\\\" target=\\\"_blank\\\">bsecrs.bseindia.com<\\/a> or<\\/li>\\r\\n\\t<li>2) NSE at <a href=\\\"https:\\/\\/investorhelpline.nseindia.com\\/NICEPLUS\\/\\\" target=\\\"_blank\\\">investorhelpline.nseindia.com<\\/a> or<\\/li>\\r\\n\\t<li>3) <a href=\\\"https:\\/\\/www.cdslindia.com\\/Footer\\/grievances.aspx\\\" target=\\\"_blank\\\">www.cdslindia.com<\\/a><\\/li>\\r\\n\\t<li>Please quote your Service Ticket\\/Complaint Ref No. while raising your complaint at SEBI SCORES\\/Exchange portal.<\\/li>\\r\\n<\\/ul>\\r\\n<\\/div>\\r\\n\",\"OpageImage\":[\"inner-bann-2.jpg\"],\"templateFile\":\"contact-us-tpl\",\"metaTitle\":\"\",\"metaKeyword\":\"\",\"metaDesc\":\"\",\"xAction\":\"UPDATE\",\"modName\":\"contact-us\",\"pageType\":\"edit\",\"langCode\":\"en\",\"pageID\":\"3\"}','2023-03-09 17:23:12',NULL),(770,'http://localhost/samuraisec1.0/xadmin/mod/contact-us/x-contact-us.inc.php','{\"pageTitle\":\"Contact Us\",\"pageContent\":\"<div class=\\\"row\\\">\\r\\n<div class=\\\"col-2\\\">\\r\\n<h6>Head Office<\\/h6>\\r\\n\\r\\n<ul>\\r\\n\\t<li><strong>Samurai Securities Pvt. Ltd.<\\/strong><br \\/>\\r\\n\\t303\\/306, 3rd Floor, Raheja Chambers,<br \\/>\\r\\n\\tFree Press Journal Marg, Nariman Point,<br \\/>\\r\\n\\tMumbai Maharashtra - 400021 (India)<\\/li>\\r\\n\\t<li><a href=\\\"tel:+02266240800\\\">(022) 6624 0800<\\/a><\\/li>\\r\\n\\t<li><a href=\\\"mailto:admin@samuraisec.co.in\\\">admin@samuraisec.co.in<\\/a><\\/li>\\r\\n<\\/ul>\\r\\n<\\/div>\\r\\n\\r\\n<div class=\\\"col-2\\\">\\r\\n<h6>Branch Office<\\/h6>\\r\\n\\r\\n<ul>\\r\\n\\t<li><strong>Samurai Securities Pvt. Ltd.<\\/strong><br \\/>\\r\\n\\t275, Manji Ka Hattha, Opp. Rajasthan Patrika Paota,<br \\/>\\r\\n\\tJodhpur 342001, Rajasthan<\\/li>\\r\\n\\t<li><a href=\\\"tel:+0291-2556155\\\">0291-2556155<\\/a><\\/li>\\r\\n\\t<li><a href=\\\"mailto:samurai.jodhpur@yahoo.co.in\\\">samurai.jodhpur@yahoo.co.in<\\/a><\\/li>\\r\\n<\\/ul>\\r\\n<\\/div>\\r\\n<\\/div>\\r\\n\",\"synopsis\":\"<div class=\\\"wrapper\\\">\\r\\n<div class=\\\"title\\\">\\r\\n<h2>Investor Grievance Escalation Matrix<\\/h2>\\r\\n<\\/div>\\r\\n\\r\\n<div class=\\\"table\\\">\\r\\n<table style=\\\"width: 100%;\\\">\\r\\n\\t<tbody>\\r\\n\\t\\t<tr class=\\\"header\\\">\\r\\n\\t\\t\\t<th style=\\\"width: 15%\\\">Details of<\\/th>\\r\\n\\t\\t\\t<th style=\\\"width: 15%;\\\">Contact Person<\\/th>\\r\\n\\t\\t\\t<th style=\\\"width: 20%;\\\">Address<\\/th>\\r\\n\\t\\t\\t<th style=\\\"width: 15%;\\\">Contact No.<\\/th>\\r\\n\\t\\t\\t<th style=\\\"width: 15%;\\\">Working hours<\\/th>\\r\\n\\t\\t\\t<th style=\\\"width: 20%;\\\">Email Id<\\/th>\\r\\n\\t\\t<\\/tr>\\r\\n\\t\\t<tr>\\r\\n\\t\\t\\t<th>Customer care<\\/th>\\r\\n\\t\\t\\t<td>Mr. Kapil Sharma<\\/td>\\r\\n\\t\\t\\t<td>303\\/306, Raheja Chambers, Free Press Journal Marg, Nariman Point, Mumbai-400021.<\\/td>\\r\\n\\t\\t\\t<td>022-66240858<\\/td>\\r\\n\\t\\t\\t<td>Mon-Fri<br \\/>\\r\\n\\t\\t\\t9:00 AM to 5:00 PM.<\\/td>\\r\\n\\t\\t\\t<td>investor_samurai@yahoo.com<\\/td>\\r\\n\\t\\t<\\/tr>\\r\\n\\t\\t<tr>\\r\\n\\t\\t\\t<th>Head of Customer Care<\\/th>\\r\\n\\t\\t\\t<td>Mrs. Sushma Bhangale<\\/td>\\r\\n\\t\\t\\t<td>303\\/306, Raheja Chambers, Free Press Journal Marg, Nariman Point, Mumbai-400021.<\\/td>\\r\\n\\t\\t\\t<td>022-66240854<\\/td>\\r\\n\\t\\t\\t<td>Mon-Fri<br \\/>\\r\\n\\t\\t\\tMon-Fri 10:00 AM to 6:00 PM.<\\/td>\\r\\n\\t\\t\\t<td>sushma@samuraisec.co.in<\\/td>\\r\\n\\t\\t<\\/tr>\\r\\n\\t\\t<tr>\\r\\n\\t\\t\\t<th>Compliance Officer<\\/th>\\r\\n\\t\\t\\t<td>Mr. G. S. Thanvi<\\/td>\\r\\n\\t\\t\\t<td>303\\/306, Raheja Chambers, Free Press Journal Marg, Nariman Point, Mumbai-400021.<\\/td>\\r\\n\\t\\t\\t<td>022 66240853<\\/td>\\r\\n\\t\\t\\t<td>Mon-Fri<br \\/>\\r\\n\\t\\t\\tMon-Fri 11:00 AM to 7:00 PM.<\\/td>\\r\\n\\t\\t\\t<td>gthanvi@samuraisec.co.in<\\/td>\\r\\n\\t\\t<\\/tr>\\r\\n\\t\\t<tr>\\r\\n\\t\\t\\t<th>Chief Executive Officer (CEO)<\\/th>\\r\\n\\t\\t\\t<td>Mr. Kavinder Jain<\\/td>\\r\\n\\t\\t\\t<td>303\\/306, Raheja Chambers, Free Press Journal Marg, Nariman Point, Mumbai-400021.<\\/td>\\r\\n\\t\\t\\t<td>022-66240803<\\/td>\\r\\n\\t\\t\\t<td>Mon-Fri<br \\/>\\r\\n\\t\\t\\tMon-Fri 8:30 AM to 4:00 PM.<\\/td>\\r\\n\\t\\t\\t<td>kavinder@samuraisec.co.in<\\/td>\\r\\n\\t\\t<\\/tr>\\r\\n\\t<\\/tbody>\\r\\n<\\/table>\\r\\n<\\/div>\\r\\n\\r\\n<ul class=\\\"oter-links\\\">\\r\\n\\t<li>In absence of response\\/complaint not addressed to your satisfaction, you may lodge a complaint with SEBI at <a href=\\\"https:\\/\\/scores.gov.in\\/scores\\/Welcome.html\\\" target=\\\"_blank\\\">scores.gov.in<\\/a> or<\\/li>\\r\\n\\t<li>1) BSE at <a href=\\\"https:\\/\\/bsecrs.bseindia.com\\/ecomplaint\\/frmInvestorHome.aspx\\\" target=\\\"_blank\\\">bsecrs.bseindia.com<\\/a> or<\\/li>\\r\\n\\t<li>2) NSE at <a href=\\\"https:\\/\\/investorhelpline.nseindia.com\\/NICEPLUS\\/\\\" target=\\\"_blank\\\">investorhelpline.nseindia.com<\\/a> or<\\/li>\\r\\n\\t<li>3) <a href=\\\"https:\\/\\/www.cdslindia.com\\/Footer\\/grievances.aspx\\\" target=\\\"_blank\\\">www.cdslindia.com<\\/a><\\/li>\\r\\n\\t<li>Please quote your Service Ticket\\/Complaint Ref No. while raising your complaint at SEBI SCORES\\/Exchange portal.<\\/li>\\r\\n<\\/ul>\\r\\n<\\/div>\\r\\n\",\"OpageImage\":[\"inner-bann-2.jpg\"],\"templateFile\":\"contact-us-tpl\",\"metaTitle\":\"\",\"metaKeyword\":\"\",\"metaDesc\":\"\",\"xAction\":\"UPDATE\",\"modName\":\"contact-us\",\"pageType\":\"edit\",\"langCode\":\"en\",\"pageID\":\"3\"}','2023-03-09 17:26:36',NULL),(771,'http://localhost/samuraisec1.0/xadmin/mod/contact-us/x-contact-us.inc.php','{\"pageTitle\":\"Contact Us\",\"pageContent\":\"<div class=\\\"row\\\">\\r\\n            <div class=\\\"col-2\\\">\\r\\n                <h6>Head Office<\\/h6>\\r\\n                <ul>\\r\\n                    <li><i class=\\\"fa fa-map-marker\\\"><\\/i>\\r\\n                        <strong>Samurai Securities Pvt. Ltd.<\\/strong><br>\\r\\n                        303\\/306, 3rd Floor, Raheja Chambers, <br>\\r\\n                        Free Press Journal Marg, Nariman Point, <br>\\r\\n                        Mumbai Maharashtra - 400021 (India) <br>\\r\\n                    <\\/li>\\r\\n                    <li><i class=\\\"fa fa-phone\\\"><\\/i> <a href=\\\"tel:+02266240800\\\">(022) 6624\\r\\n                            0800<\\/a><\\/li>\\r\\n                    <li><i class=\\\"fa fa-envelope-o\\\"><\\/i> <a href=\\\"mailto:admin@samuraisec.co.in\\\">\\r\\n                            admin@samuraisec.co.in<\\/a><\\/li>\\r\\n                <\\/ul>\\r\\n            <\\/div>\\r\\n            <div class=\\\"col-2\\\">\\r\\n                <h6>Branch Office<\\/h6>\\r\\n                <ul>\\r\\n                    <li><i class=\\\"fa fa-map-marker\\\"><\\/i>\\r\\n                        <strong>Samurai Securities Pvt. Ltd.<\\/strong><br>\\r\\n                        275, Manji Ka Hattha, Opp. Rajasthan Patrika Paota, <br>\\r\\n                        Jodhpur 342001, Rajasthan <br>\\r\\n                    <\\/li>\\r\\n                    <li><i class=\\\"fa fa-phone\\\"><\\/i> <a href=\\\"tel:+0291-2556155\\\">0291-2556155<\\/a><\\/li>\\r\\n                    <li><i class=\\\"fa fa-envelope-o\\\"><\\/i> <a href=\\\"mailto:samurai.jodhpur@yahoo.co.in\\\">\\r\\n                            samurai.jodhpur@yahoo.co.in<\\/a><\\/li>\\r\\n                <\\/ul>\\r\\n            <\\/div>\\r\\n        <\\/div>\",\"synopsis\":\"<div class=\\\"wrapper\\\">\\r\\n<div class=\\\"title\\\">\\r\\n<h2>Investor Grievance Escalation Matrix<\\/h2>\\r\\n<\\/div>\\r\\n\\r\\n<div class=\\\"table\\\">\\r\\n<table style=\\\"width: 100%;\\\">\\r\\n\\t<tbody>\\r\\n\\t\\t<tr class=\\\"header\\\">\\r\\n\\t\\t\\t<th style=\\\"width: 15%\\\">Details of<\\/th>\\r\\n\\t\\t\\t<th style=\\\"width: 15%;\\\">Contact Person<\\/th>\\r\\n\\t\\t\\t<th style=\\\"width: 20%;\\\">Address<\\/th>\\r\\n\\t\\t\\t<th style=\\\"width: 15%;\\\">Contact No.<\\/th>\\r\\n\\t\\t\\t<th style=\\\"width: 15%;\\\">Working hours<\\/th>\\r\\n\\t\\t\\t<th style=\\\"width: 20%;\\\">Email Id<\\/th>\\r\\n\\t\\t<\\/tr>\\r\\n\\t\\t<tr>\\r\\n\\t\\t\\t<th>Customer care<\\/th>\\r\\n\\t\\t\\t<td>Mr. Kapil Sharma<\\/td>\\r\\n\\t\\t\\t<td>303\\/306, Raheja Chambers, Free Press Journal Marg, Nariman Point, Mumbai-400021.<\\/td>\\r\\n\\t\\t\\t<td>022-66240858<\\/td>\\r\\n\\t\\t\\t<td>Mon-Fri<br \\/>\\r\\n\\t\\t\\t9:00 AM to 5:00 PM.<\\/td>\\r\\n\\t\\t\\t<td>investor_samurai@yahoo.com<\\/td>\\r\\n\\t\\t<\\/tr>\\r\\n\\t\\t<tr>\\r\\n\\t\\t\\t<th>Head of Customer Care<\\/th>\\r\\n\\t\\t\\t<td>Mrs. Sushma Bhangale<\\/td>\\r\\n\\t\\t\\t<td>303\\/306, Raheja Chambers, Free Press Journal Marg, Nariman Point, Mumbai-400021.<\\/td>\\r\\n\\t\\t\\t<td>022-66240854<\\/td>\\r\\n\\t\\t\\t<td>Mon-Fri<br \\/>\\r\\n\\t\\t\\tMon-Fri 10:00 AM to 6:00 PM.<\\/td>\\r\\n\\t\\t\\t<td>sushma@samuraisec.co.in<\\/td>\\r\\n\\t\\t<\\/tr>\\r\\n\\t\\t<tr>\\r\\n\\t\\t\\t<th>Compliance Officer<\\/th>\\r\\n\\t\\t\\t<td>Mr. G. S. Thanvi<\\/td>\\r\\n\\t\\t\\t<td>303\\/306, Raheja Chambers, Free Press Journal Marg, Nariman Point, Mumbai-400021.<\\/td>\\r\\n\\t\\t\\t<td>022 66240853<\\/td>\\r\\n\\t\\t\\t<td>Mon-Fri<br \\/>\\r\\n\\t\\t\\tMon-Fri 11:00 AM to 7:00 PM.<\\/td>\\r\\n\\t\\t\\t<td>gthanvi@samuraisec.co.in<\\/td>\\r\\n\\t\\t<\\/tr>\\r\\n\\t\\t<tr>\\r\\n\\t\\t\\t<th>Chief Executive Officer (CEO)<\\/th>\\r\\n\\t\\t\\t<td>Mr. Kavinder Jain<\\/td>\\r\\n\\t\\t\\t<td>303\\/306, Raheja Chambers, Free Press Journal Marg, Nariman Point, Mumbai-400021.<\\/td>\\r\\n\\t\\t\\t<td>022-66240803<\\/td>\\r\\n\\t\\t\\t<td>Mon-Fri<br \\/>\\r\\n\\t\\t\\tMon-Fri 8:30 AM to 4:00 PM.<\\/td>\\r\\n\\t\\t\\t<td>kavinder@samuraisec.co.in<\\/td>\\r\\n\\t\\t<\\/tr>\\r\\n\\t<\\/tbody>\\r\\n<\\/table>\\r\\n<\\/div>\\r\\n\\r\\n<ul class=\\\"oter-links\\\">\\r\\n\\t<li>In absence of response\\/complaint not addressed to your satisfaction, you may lodge a complaint with SEBI at <a href=\\\"https:\\/\\/scores.gov.in\\/scores\\/Welcome.html\\\" target=\\\"_blank\\\">scores.gov.in<\\/a> or<\\/li>\\r\\n\\t<li>1) BSE at <a href=\\\"https:\\/\\/bsecrs.bseindia.com\\/ecomplaint\\/frmInvestorHome.aspx\\\" target=\\\"_blank\\\">bsecrs.bseindia.com<\\/a> or<\\/li>\\r\\n\\t<li>2) NSE at <a href=\\\"https:\\/\\/investorhelpline.nseindia.com\\/NICEPLUS\\/\\\" target=\\\"_blank\\\">investorhelpline.nseindia.com<\\/a> or<\\/li>\\r\\n\\t<li>3) <a href=\\\"https:\\/\\/www.cdslindia.com\\/Footer\\/grievances.aspx\\\" target=\\\"_blank\\\">www.cdslindia.com<\\/a><\\/li>\\r\\n\\t<li>Please quote your Service Ticket\\/Complaint Ref No. while raising your complaint at SEBI SCORES\\/Exchange portal.<\\/li>\\r\\n<\\/ul>\\r\\n<\\/div>\\r\\n\",\"OpageImage\":[\"inner-bann-2.jpg\"],\"templateFile\":\"contact-us-tpl\",\"metaTitle\":\"\",\"metaKeyword\":\"\",\"metaDesc\":\"\",\"xAction\":\"UPDATE\",\"modName\":\"contact-us\",\"pageType\":\"edit\",\"langCode\":\"en\",\"pageID\":\"3\"}','2023-03-09 17:28:24',NULL),(772,'http://localhost/samuraisec1.0/xadmin/core-admin/mod/admin-menu/x-admin-menu.inc.php','{\"xAction\":\"recreateAdminMenu\"}','2023-03-09 17:38:08',NULL),(773,'http://localhost/samuraisec1.0/xadmin/core-admin/mod/admin-menu/x-admin-menu.inc.php','{\"parentID\":\"\",\"menuTitle\":\"Investor corner content\",\"xOrder\":\"0\",\"params\":\"?id=6&h=1\",\"forceNav\":\"edit\",\"xAction\":\"UPDATE\",\"modName\":\"admin-menu\",\"pageType\":\"edit\",\"langCode\":\"en\",\"adminMenuID\":\"31\"}','2023-03-09 17:38:39',NULL),(774,'http://localhost/samuraisec1.0/core/jwt.inc.php','{\"xAction\":\"mxValidateJwtToken\"}','2023-03-09 17:39:04',NULL),(775,'http://localhost/samuraisec1.0/xadmin/mod/investor-corner-content/x-investor-corner-content.inc.php','{\"pageTitle\":\"Investor Corner\",\"pageContent\":\"<div class=\\\"wrapper\\\">\\r\\n<div class=\\\"title\\\"><!-- <h6 class=\\\"sub-title\\\">About us -->\\r\\n<h2>Investor Corner<\\/h2>\\r\\n<\\/div>\\r\\n\\r\\n<ul>\\r\\n\\t<li class=\\\"card\\\"><a href=\\\"#\\\" target=\\\"_blank\\\">Investor Charter - Stock Broker <\\/a><\\/li>\\r\\n\\t<li class=\\\"card\\\"><a href=\\\"#\\\" target=\\\"_blank\\\">Investor Charter - Depository Participant <\\/a><\\/li>\\r\\n\\t<li class=\\\"card\\\"><a href=\\\"#\\\" target=\\\"_blank\\\">Investor Complaints Data <\\/a><\\/li>\\r\\n\\t<li class=\\\"card\\\"><a href=\\\"#\\\" target=\\\"_blank\\\">Investor Grievances Awareness <\\/a><\\/li>\\r\\n\\t<li class=\\\"card\\\"><a href=\\\"#\\\" target=\\\"_blank\\\">Investor Awareness <\\/a><\\/li>\\r\\n\\t<li class=\\\"card\\\"><a href=\\\"#\\\" target=\\\"_blank\\\">Advisory for Investor <\\/a><\\/li>\\r\\n\\t<li class=\\\"card\\\"><a href=\\\"#\\\" target=\\\"_blank\\\">E-voting by Investor <\\/a><\\/li>\\r\\n\\t<li class=\\\"card\\\"><a href=\\\"#\\\" target=\\\"_blank\\\">Details of Client Bank account <\\/a><\\/li>\\r\\n<\\/ul>\\r\\n<\\/div>\\r\\n\",\"synopsis\":\"\",\"templateFile\":\"\",\"metaTitle\":\"\",\"metaKeyword\":\"\",\"metaDesc\":\"\",\"xAction\":\"UPDATE\",\"modName\":\"investor-corner-content\",\"pageType\":\"edit\",\"langCode\":\"en\",\"pageID\":\"6\"}','2023-03-09 17:39:04',NULL),(776,'http://localhost/samuraisec1.0/xadmin/mod/investor-corner-content/x-investor-corner-content.inc.php','{\"pageTitle\":\"Investor Corner\",\"pageContent\":\"<ul class=\\\"investor-list\\\">\\r\\n                    <li>\\r\\n                        <a href=\\\"#\\\" target=\\\"_blank\\\">\\r\\n                            Investor Charter - Stock Broker\\r\\n                        <\\/a>\\r\\n                    <\\/li>\\r\\n                    <li >\\r\\n                        <a href=\\\"#\\\" target=\\\"_blank\\\">\\r\\n                            Investor Charter - Depository Participant\\r\\n                        <\\/a>\\r\\n                    <\\/li>\\r\\n                    <li >\\r\\n                        <a href=\\\"#\\\" target=\\\"_blank\\\">\\r\\n                            Investor Complaints Data\\r\\n                        <\\/a>\\r\\n                    <\\/li>\\r\\n                    <li >\\r\\n                        <a href=\\\"#\\\" target=\\\"_blank\\\">\\r\\n                            Investor Grievances Awareness\\r\\n                        <\\/a>\\r\\n                    <\\/li>\\r\\n                    <li >\\r\\n                        <a href=\\\"#\\\" target=\\\"_blank\\\">\\r\\n                            Investor Awareness\\r\\n                        <\\/a>\\r\\n                    <\\/li>\\r\\n                    <li >\\r\\n                        <a href=\\\"#\\\" target=\\\"_blank\\\">\\r\\n                            Advisory for Investor\\r\\n                        <\\/a>\\r\\n                    <\\/li>\\r\\n                    <li >\\r\\n                        <a href=\\\"#\\\" target=\\\"_blank\\\">\\r\\n                            E-voting by Investor\\r\\n                        <\\/a>\\r\\n                    <\\/li>\\r\\n                    <li >\\r\\n                        <a href=\\\"#\\\" target=\\\"_blank\\\">\\r\\n                            Details of Client Bank account\\r\\n                        <\\/a>\\r\\n                        <\\/div>\\r\\n                    <\\/li>\\r\\n                <\\/ul>\\r\\n\",\"synopsis\":\"\",\"OpageImage\":[\"inner-bann-3.jpg\"],\"templateFile\":\"\",\"metaTitle\":\"\",\"metaKeyword\":\"\",\"metaDesc\":\"\",\"xAction\":\"UPDATE\",\"modName\":\"investor-corner-content\",\"pageType\":\"edit\",\"langCode\":\"en\",\"pageID\":\"6\"}','2023-03-09 17:43:03',NULL),(777,'http://localhost/samuraisec1.0/xadmin/mod/investor-corner-content/x-investor-corner-content.inc.php','{\"pageTitle\":\"Investor Corner\",\"pageContent\":\"<ul class=\\\"investor-list\\\">\\r\\n\\t<li><a href=\\\"#\\\" target=\\\"_blank\\\"><i class=\\\"fa fa-hand-o-right\\\"><\\/i>Investor Charter - Stock Broker <\\/a><\\/li>\\r\\n\\t<li><a href=\\\"#\\\" target=\\\"_blank\\\"><i class=\\\"fa fa-hand-o-right\\\"><\\/i>Investor Charter - Depository Participant <\\/a><\\/li>\\r\\n\\t<li><a href=\\\"#\\\" target=\\\"_blank\\\"><i class=\\\"fa fa-hand-o-right\\\"><\\/i>Investor Complaints Data <\\/a><\\/li>\\r\\n\\t<li><a href=\\\"#\\\" target=\\\"_blank\\\"><i class=\\\"fa fa-hand-o-right\\\"><\\/i>Investor Grievances Awareness <\\/a><\\/li>\\r\\n\\t<li><a href=\\\"#\\\" target=\\\"_blank\\\"><i class=\\\"fa fa-hand-o-right\\\"><\\/i>Investor Awareness <\\/a><\\/li>\\r\\n\\t<li><a href=\\\"#\\\" target=\\\"_blank\\\"><i class=\\\"fa fa-hand-o-right\\\"><\\/i>Advisory for Investor <\\/a><\\/li>\\r\\n\\t<li><a href=\\\"#\\\" target=\\\"_blank\\\"><i class=\\\"fa fa-hand-o-right\\\"><\\/i>E-voting by Investor <\\/a><\\/li>\\r\\n\\t<li><a href=\\\"#\\\" target=\\\"_blank\\\"><i class=\\\"fa fa-hand-o-right\\\"><\\/i>Details of Client Bank account <\\/a><\\/li>\\r\\n<\\/ul>\\r\\n\",\"synopsis\":\"\",\"OpageImage\":[\"inner-bann-3.jpg\"],\"templateFile\":\"\",\"metaTitle\":\"\",\"metaKeyword\":\"\",\"metaDesc\":\"\",\"xAction\":\"UPDATE\",\"modName\":\"investor-corner-content\",\"pageType\":\"edit\",\"langCode\":\"en\",\"pageID\":\"6\"}','2023-03-09 17:45:05',NULL),(778,'http://localhost/samuraisec1.0/xadmin/mod/contact-us/x-contact-us.inc.php','{\"pageTitle\":\"Contact Us\",\"pageContent\":\"<div class=\\\"row\\\">\\r\\n<div class=\\\"col-2\\\">\\r\\n<b><h6>Head Office<\\/h6><\\/b>\\r\\n\\r\\n<ul>\\r\\n\\t<li><strong>Samurai Securities Pvt. Ltd.<\\/strong><br \\/>\\r\\n\\t303\\/306, 3rd Floor, Raheja Chambers,<br \\/>\\r\\n\\tFree Press Journal Marg, Nariman Point,<br \\/>\\r\\n\\tMumbai Maharashtra - 400021 (India)<\\/li>\\r\\n\\t<li><a href=\\\"tel:+02266240800\\\">(022) 6624 0800<\\/a><\\/li>\\r\\n\\t<li><a href=\\\"mailto:admin@samuraisec.co.in\\\">admin@samuraisec.co.in<\\/a><\\/li>\\r\\n<\\/ul>\\r\\n<\\/div>\\r\\n\\r\\n<div class=\\\"col-2\\\">\\r\\n<b><h6>Branch Office<\\/h6><\\/b>\\r\\n\\r\\n<ul>\\r\\n\\t<li><strong>Samurai Securities Pvt. Ltd.<\\/strong><br \\/>\\r\\n\\t275, Manji Ka Hattha, Opp. Rajasthan Patrika Paota,<br \\/>\\r\\n\\tJodhpur 342001, Rajasthan<\\/li>\\r\\n\\t<li><a href=\\\"tel:+0291-2556155\\\">0291-2556155<\\/a><\\/li>\\r\\n\\t<li><a href=\\\"mailto:samurai.jodhpur@yahoo.co.in\\\">samurai.jodhpur@yahoo.co.in<\\/a><\\/li>\\r\\n<\\/ul>\\r\\n<\\/div>\\r\\n<\\/div>\\r\\n\",\"synopsis\":\"<div class=\\\"wrapper\\\">\\r\\n<div class=\\\"title\\\">\\r\\n<h2>Investor Grievance Escalation Matrix<\\/h2>\\r\\n<\\/div>\\r\\n\\r\\n<div class=\\\"table\\\">\\r\\n<table style=\\\"width: 100%;\\\">\\r\\n\\t<tbody>\\r\\n\\t\\t<tr class=\\\"header\\\">\\r\\n\\t\\t\\t<th style=\\\"width: 15%\\\">Details of<\\/th>\\r\\n\\t\\t\\t<th style=\\\"width: 15%;\\\">Contact Person<\\/th>\\r\\n\\t\\t\\t<th style=\\\"width: 20%;\\\">Address<\\/th>\\r\\n\\t\\t\\t<th style=\\\"width: 15%;\\\">Contact No.<\\/th>\\r\\n\\t\\t\\t<th style=\\\"width: 15%;\\\">Working hours<\\/th>\\r\\n\\t\\t\\t<th style=\\\"width: 20%;\\\">Email Id<\\/th>\\r\\n\\t\\t<\\/tr>\\r\\n\\t\\t<tr>\\r\\n\\t\\t\\t<th>Customer care<\\/th>\\r\\n\\t\\t\\t<td>Mr. Kapil Sharma<\\/td>\\r\\n\\t\\t\\t<td>303\\/306, Raheja Chambers, Free Press Journal Marg, Nariman Point, Mumbai-400021.<\\/td>\\r\\n\\t\\t\\t<td>022-66240858<\\/td>\\r\\n\\t\\t\\t<td>Mon-Fri<br \\/>\\r\\n\\t\\t\\t9:00 AM to 5:00 PM.<\\/td>\\r\\n\\t\\t\\t<td>investor_samurai@yahoo.com<\\/td>\\r\\n\\t\\t<\\/tr>\\r\\n\\t\\t<tr>\\r\\n\\t\\t\\t<th>Head of Customer Care<\\/th>\\r\\n\\t\\t\\t<td>Mrs. Sushma Bhangale<\\/td>\\r\\n\\t\\t\\t<td>303\\/306, Raheja Chambers, Free Press Journal Marg, Nariman Point, Mumbai-400021.<\\/td>\\r\\n\\t\\t\\t<td>022-66240854<\\/td>\\r\\n\\t\\t\\t<td>Mon-Fri<br \\/>\\r\\n\\t\\t\\tMon-Fri 10:00 AM to 6:00 PM.<\\/td>\\r\\n\\t\\t\\t<td>sushma@samuraisec.co.in<\\/td>\\r\\n\\t\\t<\\/tr>\\r\\n\\t\\t<tr>\\r\\n\\t\\t\\t<th>Compliance Officer<\\/th>\\r\\n\\t\\t\\t<td>Mr. G. S. Thanvi<\\/td>\\r\\n\\t\\t\\t<td>303\\/306, Raheja Chambers, Free Press Journal Marg, Nariman Point, Mumbai-400021.<\\/td>\\r\\n\\t\\t\\t<td>022 66240853<\\/td>\\r\\n\\t\\t\\t<td>Mon-Fri<br \\/>\\r\\n\\t\\t\\tMon-Fri 11:00 AM to 7:00 PM.<\\/td>\\r\\n\\t\\t\\t<td>gthanvi@samuraisec.co.in<\\/td>\\r\\n\\t\\t<\\/tr>\\r\\n\\t\\t<tr>\\r\\n\\t\\t\\t<th>Chief Executive Officer (CEO)<\\/th>\\r\\n\\t\\t\\t<td>Mr. Kavinder Jain<\\/td>\\r\\n\\t\\t\\t<td>303\\/306, Raheja Chambers, Free Press Journal Marg, Nariman Point, Mumbai-400021.<\\/td>\\r\\n\\t\\t\\t<td>022-66240803<\\/td>\\r\\n\\t\\t\\t<td>Mon-Fri<br \\/>\\r\\n\\t\\t\\tMon-Fri 8:30 AM to 4:00 PM.<\\/td>\\r\\n\\t\\t\\t<td>kavinder@samuraisec.co.in<\\/td>\\r\\n\\t\\t<\\/tr>\\r\\n\\t<\\/tbody>\\r\\n<\\/table>\\r\\n<\\/div>\\r\\n\\r\\n<ul class=\\\"oter-links\\\">\\r\\n\\t<li>In absence of response\\/complaint not addressed to your satisfaction, you may lodge a complaint with SEBI at <a href=\\\"https:\\/\\/scores.gov.in\\/scores\\/Welcome.html\\\" target=\\\"_blank\\\">scores.gov.in<\\/a> or<\\/li>\\r\\n\\t<li>1) BSE at <a href=\\\"https:\\/\\/bsecrs.bseindia.com\\/ecomplaint\\/frmInvestorHome.aspx\\\" target=\\\"_blank\\\">bsecrs.bseindia.com<\\/a> or<\\/li>\\r\\n\\t<li>2) NSE at <a href=\\\"https:\\/\\/investorhelpline.nseindia.com\\/NICEPLUS\\/\\\" target=\\\"_blank\\\">investorhelpline.nseindia.com<\\/a> or<\\/li>\\r\\n\\t<li>3) <a href=\\\"https:\\/\\/www.cdslindia.com\\/Footer\\/grievances.aspx\\\" target=\\\"_blank\\\">www.cdslindia.com<\\/a><\\/li>\\r\\n\\t<li>Please quote your Service Ticket\\/Complaint Ref No. while raising your complaint at SEBI SCORES\\/Exchange portal.<\\/li>\\r\\n<\\/ul>\\r\\n<\\/div>\\r\\n\",\"OpageImage\":[\"inner-bann-2.jpg\"],\"templateFile\":\"contact-us-tpl\",\"metaTitle\":\"\",\"metaKeyword\":\"\",\"metaDesc\":\"\",\"xAction\":\"UPDATE\",\"modName\":\"contact-us\",\"pageType\":\"edit\",\"langCode\":\"en\",\"pageID\":\"3\"}','2023-03-09 17:52:18',NULL),(779,'http://localhost/samuraisec1.0/xadmin/mod/contact-us/x-contact-us.inc.php','{\"pageTitle\":\"Contact Us\",\"pageContent\":\"<div class=\\\"row\\\">\\r\\n<div class=\\\"col-2\\\">\\r\\n<h6><b>Head Office<\\/b><\\/h6>\\r\\n\\r\\n<ul>\\r\\n\\t<li><i class=\\\"fa fa-map-marker\\\"><\\/i><strong>Samurai Securities Pvt. Ltd.<\\/strong><br \\/>\\r\\n\\t303\\/306, 3rd Floor, Raheja Chambers,<br \\/>\\r\\n\\tFree Press Journal Marg, Nariman Point,<br \\/>\\r\\n\\tMumbai Maharashtra - 400021 (India)<\\/li>\\r\\n\\t<li><i class=\\\"fa fa-phone\\\"><\\/i><a href=\\\"tel:+02266240800\\\">(022) 6624 0800<\\/a><\\/li>\\r\\n\\t<li><i class=\\\"fa fa-envelope-o\\\"><a href=\\\"mailto:admin@samuraisec.co.in\\\">admin@samuraisec.co.in<\\/a><\\/li>\\r\\n<\\/ul>\\r\\n<\\/div>\\r\\n\\r\\n<div class=\\\"col-2\\\">\\r\\n<h6><b>Branch Office<\\/b><\\/h6>\\r\\n\\r\\n<ul>\\r\\n\\t<li><i class=\\\"fa fa-map-marker\\\"><\\/i><strong>Samurai Securities Pvt. Ltd.<\\/strong><br \\/>\\r\\n\\t275, Manji Ka Hattha, Opp. Rajasthan Patrika Paota,<br \\/>\\r\\n\\tJodhpur 342001, Rajasthan<\\/li>\\r\\n\\t<li><i class=\\\"fa fa-phone\\\"><\\/i><a href=\\\"tel:+0291-2556155\\\">0291-2556155<\\/a><\\/li>\\r\\n\\t<li><i class=\\\"fa fa-envelope-o\\\"><a href=\\\"mailto:samurai.jodhpur@yahoo.co.in\\\">samurai.jodhpur@yahoo.co.in<\\/a><\\/li>\\r\\n<\\/ul>\\r\\n<\\/div>\\r\\n<\\/div>\\r\\n\",\"synopsis\":\"<div class=\\\"wrapper\\\">\\r\\n<div class=\\\"title\\\">\\r\\n<h2>Investor Grievance Escalation Matrix<\\/h2>\\r\\n<\\/div>\\r\\n\\r\\n<div class=\\\"table\\\">\\r\\n<table style=\\\"width: 100%;\\\">\\r\\n\\t<tbody>\\r\\n\\t\\t<tr class=\\\"header\\\">\\r\\n\\t\\t\\t<th style=\\\"width: 15%\\\">Details of<\\/th>\\r\\n\\t\\t\\t<th style=\\\"width: 15%;\\\">Contact Person<\\/th>\\r\\n\\t\\t\\t<th style=\\\"width: 20%;\\\">Address<\\/th>\\r\\n\\t\\t\\t<th style=\\\"width: 15%;\\\">Contact No.<\\/th>\\r\\n\\t\\t\\t<th style=\\\"width: 15%;\\\">Working hours<\\/th>\\r\\n\\t\\t\\t<th style=\\\"width: 20%;\\\">Email Id<\\/th>\\r\\n\\t\\t<\\/tr>\\r\\n\\t\\t<tr>\\r\\n\\t\\t\\t<th>Customer care<\\/th>\\r\\n\\t\\t\\t<td>Mr. Kapil Sharma<\\/td>\\r\\n\\t\\t\\t<td>303\\/306, Raheja Chambers, Free Press Journal Marg, Nariman Point, Mumbai-400021.<\\/td>\\r\\n\\t\\t\\t<td>022-66240858<\\/td>\\r\\n\\t\\t\\t<td>Mon-Fri<br \\/>\\r\\n\\t\\t\\t9:00 AM to 5:00 PM.<\\/td>\\r\\n\\t\\t\\t<td>investor_samurai@yahoo.com<\\/td>\\r\\n\\t\\t<\\/tr>\\r\\n\\t\\t<tr>\\r\\n\\t\\t\\t<th>Head of Customer Care<\\/th>\\r\\n\\t\\t\\t<td>Mrs. Sushma Bhangale<\\/td>\\r\\n\\t\\t\\t<td>303\\/306, Raheja Chambers, Free Press Journal Marg, Nariman Point, Mumbai-400021.<\\/td>\\r\\n\\t\\t\\t<td>022-66240854<\\/td>\\r\\n\\t\\t\\t<td>Mon-Fri<br \\/>\\r\\n\\t\\t\\tMon-Fri 10:00 AM to 6:00 PM.<\\/td>\\r\\n\\t\\t\\t<td>sushma@samuraisec.co.in<\\/td>\\r\\n\\t\\t<\\/tr>\\r\\n\\t\\t<tr>\\r\\n\\t\\t\\t<th>Compliance Officer<\\/th>\\r\\n\\t\\t\\t<td>Mr. G. S. Thanvi<\\/td>\\r\\n\\t\\t\\t<td>303\\/306, Raheja Chambers, Free Press Journal Marg, Nariman Point, Mumbai-400021.<\\/td>\\r\\n\\t\\t\\t<td>022 66240853<\\/td>\\r\\n\\t\\t\\t<td>Mon-Fri<br \\/>\\r\\n\\t\\t\\tMon-Fri 11:00 AM to 7:00 PM.<\\/td>\\r\\n\\t\\t\\t<td>gthanvi@samuraisec.co.in<\\/td>\\r\\n\\t\\t<\\/tr>\\r\\n\\t\\t<tr>\\r\\n\\t\\t\\t<th>Chief Executive Officer (CEO)<\\/th>\\r\\n\\t\\t\\t<td>Mr. Kavinder Jain<\\/td>\\r\\n\\t\\t\\t<td>303\\/306, Raheja Chambers, Free Press Journal Marg, Nariman Point, Mumbai-400021.<\\/td>\\r\\n\\t\\t\\t<td>022-66240803<\\/td>\\r\\n\\t\\t\\t<td>Mon-Fri<br \\/>\\r\\n\\t\\t\\tMon-Fri 8:30 AM to 4:00 PM.<\\/td>\\r\\n\\t\\t\\t<td>kavinder@samuraisec.co.in<\\/td>\\r\\n\\t\\t<\\/tr>\\r\\n\\t<\\/tbody>\\r\\n<\\/table>\\r\\n<\\/div>\\r\\n\\r\\n<ul class=\\\"oter-links\\\">\\r\\n\\t<li>In absence of response\\/complaint not addressed to your satisfaction, you may lodge a complaint with SEBI at <a href=\\\"https:\\/\\/scores.gov.in\\/scores\\/Welcome.html\\\" target=\\\"_blank\\\">scores.gov.in<\\/a> or<\\/li>\\r\\n\\t<li>1) BSE at <a href=\\\"https:\\/\\/bsecrs.bseindia.com\\/ecomplaint\\/frmInvestorHome.aspx\\\" target=\\\"_blank\\\">bsecrs.bseindia.com<\\/a> or<\\/li>\\r\\n\\t<li>2) NSE at <a href=\\\"https:\\/\\/investorhelpline.nseindia.com\\/NICEPLUS\\/\\\" target=\\\"_blank\\\">investorhelpline.nseindia.com<\\/a> or<\\/li>\\r\\n\\t<li>3) <a href=\\\"https:\\/\\/www.cdslindia.com\\/Footer\\/grievances.aspx\\\" target=\\\"_blank\\\">www.cdslindia.com<\\/a><\\/li>\\r\\n\\t<li>Please quote your Service Ticket\\/Complaint Ref No. while raising your complaint at SEBI SCORES\\/Exchange portal.<\\/li>\\r\\n<\\/ul>\\r\\n<\\/div>\\r\\n\",\"OpageImage\":[\"inner-bann-2.jpg\"],\"templateFile\":\"contact-us-tpl\",\"metaTitle\":\"\",\"metaKeyword\":\"\",\"metaDesc\":\"\",\"xAction\":\"UPDATE\",\"modName\":\"contact-us\",\"pageType\":\"edit\",\"langCode\":\"en\",\"pageID\":\"3\"}','2023-03-09 17:54:24',NULL),(780,'http://localhost/samuraisec1.0/xadmin/mod/contact-us/x-contact-us.inc.php','{\"pageTitle\":\"Contact Us\",\"pageContent\":\"<div class=\\\"row\\\">\\r\\n<div class=\\\"col-2\\\">\\r\\n<h6><b>Head Office<\\/b><\\/h6>\\r\\n\\r\\n<ul>\\r\\n\\t<li><i class=\\\"fa fa-map-marker\\\"><\\/i> <strong>Samurai Securities Pvt. Ltd.<\\/strong><br \\/>\\r\\n\\t303\\/306, 3rd Floor, Raheja Chambers,<br \\/>\\r\\n\\tFree Press Journal Marg, Nariman Point,<br \\/>\\r\\n\\tMumbai Maharashtra - 400021 (India)<\\/li>\\r\\n\\t<li><i class=\\\"fa fa-phone\\\"><\\/i> <a href=\\\"tel:+02266240800\\\">(022) 6624 0800<\\/a><\\/li>\\r\\n\\t<li><i class=\\\"fa fa-envelope-o\\\"> <a href=\\\"mailto:admin@samuraisec.co.in\\\">admin@samuraisec.co.in<\\/a><\\/i><\\/li>\\r\\n<\\/ul>\\r\\n<\\/div>\\r\\n\\r\\n<div class=\\\"col-2\\\">\\r\\n<h6><b>Branch Office<\\/b><\\/h6>\\r\\n\\r\\n<ul>\\r\\n\\t<li><i class=\\\"fa fa-map-marker\\\"><\\/i> <strong>Samurai Securities Pvt. Ltd.<\\/strong><br \\/>\\r\\n\\t275, Manji Ka Hattha, Opp. Rajasthan Patrika Paota,<br \\/>\\r\\n\\tJodhpur 342001, Rajasthan<\\/li>\\r\\n\\t<li><i class=\\\"fa fa-phone\\\"><\\/i> <a href=\\\"tel:+0291-2556155\\\">0291-2556155<\\/a><\\/li>\\r\\n\\t<li><i class=\\\"fa fa-envelope-o\\\"> <a href=\\\"mailto:samurai.jodhpur@yahoo.co.in\\\">samurai.jodhpur@yahoo.co.in<\\/a><\\/i><\\/li>\\r\\n<\\/ul>\\r\\n<\\/div>\\r\\n<\\/div>\\r\\n\",\"synopsis\":\"<div class=\\\"wrapper\\\">\\r\\n<div class=\\\"title\\\">\\r\\n<h2>Investor Grievance Escalation Matrix<\\/h2>\\r\\n<\\/div>\\r\\n\\r\\n<div class=\\\"table\\\">\\r\\n<table style=\\\"width: 100%;\\\">\\r\\n\\t<tbody>\\r\\n\\t\\t<tr class=\\\"header\\\">\\r\\n\\t\\t\\t<th style=\\\"width: 15%\\\">Details of<\\/th>\\r\\n\\t\\t\\t<th style=\\\"width: 15%;\\\">Contact Person<\\/th>\\r\\n\\t\\t\\t<th style=\\\"width: 20%;\\\">Address<\\/th>\\r\\n\\t\\t\\t<th style=\\\"width: 15%;\\\">Contact No.<\\/th>\\r\\n\\t\\t\\t<th style=\\\"width: 15%;\\\">Working hours<\\/th>\\r\\n\\t\\t\\t<th style=\\\"width: 20%;\\\">Email Id<\\/th>\\r\\n\\t\\t<\\/tr>\\r\\n\\t\\t<tr>\\r\\n\\t\\t\\t<th>Customer care<\\/th>\\r\\n\\t\\t\\t<td>Mr. Kapil Sharma<\\/td>\\r\\n\\t\\t\\t<td>303\\/306, Raheja Chambers, Free Press Journal Marg, Nariman Point, Mumbai-400021.<\\/td>\\r\\n\\t\\t\\t<td>022-66240858<\\/td>\\r\\n\\t\\t\\t<td>Mon-Fri<br \\/>\\r\\n\\t\\t\\t9:00 AM to 5:00 PM.<\\/td>\\r\\n\\t\\t\\t<td>investor_samurai@yahoo.com<\\/td>\\r\\n\\t\\t<\\/tr>\\r\\n\\t\\t<tr>\\r\\n\\t\\t\\t<th>Head of Customer Care<\\/th>\\r\\n\\t\\t\\t<td>Mrs. Sushma Bhangale<\\/td>\\r\\n\\t\\t\\t<td>303\\/306, Raheja Chambers, Free Press Journal Marg, Nariman Point, Mumbai-400021.<\\/td>\\r\\n\\t\\t\\t<td>022-66240854<\\/td>\\r\\n\\t\\t\\t<td>Mon-Fri<br \\/>\\r\\n\\t\\t\\tMon-Fri 10:00 AM to 6:00 PM.<\\/td>\\r\\n\\t\\t\\t<td>sushma@samuraisec.co.in<\\/td>\\r\\n\\t\\t<\\/tr>\\r\\n\\t\\t<tr>\\r\\n\\t\\t\\t<th>Compliance Officer<\\/th>\\r\\n\\t\\t\\t<td>Mr. G. S. Thanvi<\\/td>\\r\\n\\t\\t\\t<td>303\\/306, Raheja Chambers, Free Press Journal Marg, Nariman Point, Mumbai-400021.<\\/td>\\r\\n\\t\\t\\t<td>022 66240853<\\/td>\\r\\n\\t\\t\\t<td>Mon-Fri<br \\/>\\r\\n\\t\\t\\tMon-Fri 11:00 AM to 7:00 PM.<\\/td>\\r\\n\\t\\t\\t<td>gthanvi@samuraisec.co.in<\\/td>\\r\\n\\t\\t<\\/tr>\\r\\n\\t\\t<tr>\\r\\n\\t\\t\\t<th>Chief Executive Officer (CEO)<\\/th>\\r\\n\\t\\t\\t<td>Mr. Kavinder Jain<\\/td>\\r\\n\\t\\t\\t<td>303\\/306, Raheja Chambers, Free Press Journal Marg, Nariman Point, Mumbai-400021.<\\/td>\\r\\n\\t\\t\\t<td>022-66240803<\\/td>\\r\\n\\t\\t\\t<td>Mon-Fri<br \\/>\\r\\n\\t\\t\\tMon-Fri 8:30 AM to 4:00 PM.<\\/td>\\r\\n\\t\\t\\t<td>kavinder@samuraisec.co.in<\\/td>\\r\\n\\t\\t<\\/tr>\\r\\n\\t<\\/tbody>\\r\\n<\\/table>\\r\\n<\\/div>\\r\\n\\r\\n<ul class=\\\"oter-links\\\">\\r\\n\\t<li>In absence of response\\/complaint not addressed to your satisfaction, you may lodge a complaint with SEBI at <a href=\\\"https:\\/\\/scores.gov.in\\/scores\\/Welcome.html\\\" target=\\\"_blank\\\">scores.gov.in<\\/a> or<\\/li>\\r\\n\\t<li>1) BSE at <a href=\\\"https:\\/\\/bsecrs.bseindia.com\\/ecomplaint\\/frmInvestorHome.aspx\\\" target=\\\"_blank\\\">bsecrs.bseindia.com<\\/a> or<\\/li>\\r\\n\\t<li>2) NSE at <a href=\\\"https:\\/\\/investorhelpline.nseindia.com\\/NICEPLUS\\/\\\" target=\\\"_blank\\\">investorhelpline.nseindia.com<\\/a> or<\\/li>\\r\\n\\t<li>3) <a href=\\\"https:\\/\\/www.cdslindia.com\\/Footer\\/grievances.aspx\\\" target=\\\"_blank\\\">www.cdslindia.com<\\/a><\\/li>\\r\\n\\t<li>Please quote your Service Ticket\\/Complaint Ref No. while raising your complaint at SEBI SCORES\\/Exchange portal.<\\/li>\\r\\n<\\/ul>\\r\\n<\\/div>\\r\\n\",\"OpageImage\":[\"inner-bann-2.jpg\"],\"templateFile\":\"contact-us-tpl\",\"metaTitle\":\"\",\"metaKeyword\":\"\",\"metaDesc\":\"\",\"xAction\":\"UPDATE\",\"modName\":\"contact-us\",\"pageType\":\"edit\",\"langCode\":\"en\",\"pageID\":\"3\"}','2023-03-09 17:56:03',NULL),(781,'https://dev.maxdigi.co/samuraisec1.0/core/jwt.inc.php','{\"xAction\":\"mxGenerateJwtToken\"}','2023-03-09 19:07:08',NULL),(782,'https://dev.maxdigi.co/samuraisec1.0/xadmin/core-admin/ajax.inc.php','{\"userName\":\"xadmin\",\"userPass\":\"MXCMS#21\",\"redirect\":\"\\/services-list\\/\",\"xAction\":\"xLogin\",\"modName\":\"\",\"pageType\":\"\",\"langCode\":\"en\"}','2023-03-09 19:07:08',NULL),(783,'https://dev.maxdigi.co/samuraisec1.0/xadmin/core-admin/ajax.inc.php','{\"userName\":\"xadmin\",\"userPass\":\"MXCMS#21\",\"redirect\":\"\\/services-list\\/\",\"xAction\":\"xLogin\",\"modName\":\"\",\"pageType\":\"\",\"langCode\":\"en\"}','2023-03-09 19:07:21',NULL),(784,'https://dev.maxdigi.co/samuraisec1.0/core/jwt.inc.php','{\"xAction\":\"mxGenerateJwtToken\"}','2023-03-09 19:07:35',NULL),(785,'https://dev.maxdigi.co/samuraisec1.0/xadmin/core-admin/ajax.inc.php','{\"userName\":\"xadmin\",\"userPass\":\"MXCMS#21\",\"redirect\":\"\\/services-list\\/\",\"xAction\":\"xLogin\",\"modName\":\"\",\"pageType\":\"\",\"langCode\":\"en\"}','2023-03-09 19:07:35',NULL),(786,'https://dev.maxdigi.co/samuraisec1.0/core/jwt.inc.php','{\"xAction\":\"mxGenerateJwtToken\"}','2023-03-09 19:11:59',NULL),(787,'https://dev.maxdigi.co/samuraisec1.0/xadmin/core-admin/ajax.inc.php','{\"userName\":\"xadmin\",\"userPass\":\"MXCMS#21\",\"redirect\":\"\\/\",\"xAction\":\"xLogin\",\"modName\":\"\",\"pageType\":\"\",\"langCode\":\"en\"}','2023-03-09 19:11:59',NULL),(788,'https://dev.maxdigi.co/samuraisec1.0/core/jwt.inc.php','{\"xAction\":\"mxGenerateJwtToken\"}','2023-03-09 19:12:37',NULL),(789,'https://dev.maxdigi.co/samuraisec1.0/xadmin/core-admin/ajax.inc.php','{\"userName\":\"xadmin\",\"userPass\":\"MXCMS#21\",\"redirect\":\"\\/\",\"xAction\":\"xLogin\",\"modName\":\"\",\"pageType\":\"\",\"langCode\":\"en\"}','2023-03-09 19:12:37',NULL),(790,'https://dev.maxdigi.co/samuraisec1.0/xadmin/core-admin/ajax.inc.php','{\"userName\":\"xadmin\",\"userPass\":\"MXCMS#21\",\"redirect\":\"\\/\",\"xAction\":\"xLogin\",\"modName\":\"\",\"pageType\":\"\",\"langCode\":\"en\"}','2023-03-09 19:13:17',NULL),(791,'https://dev.maxdigi.co/samuraisec1.0/core/jwt.inc.php','{\"xAction\":\"mxGenerateJwtToken\"}','2023-03-09 19:13:41',NULL),(792,'https://dev.maxdigi.co/samuraisec1.0/xadmin/core-admin/ajax.inc.php','{\"userName\":\"xadmin\",\"userPass\":\"MXCMS#21\",\"redirect\":\"\\/\",\"xAction\":\"xLogin\",\"modName\":\"\",\"pageType\":\"\",\"langCode\":\"en\"}','2023-03-09 19:13:41',NULL),(793,'https://dev.maxdigi.co/samuraisec1.0/core/jwt.inc.php','{\"xAction\":\"mxGenerateJwtToken\"}','2023-03-09 19:14:05',NULL),(794,'https://dev.maxdigi.co/samuraisec1.0/xadmin/core-admin/ajax.inc.php','{\"userName\":\"xadmin\",\"userPass\":\"MXCMS#21\",\"redirect\":\"\\/\",\"xAction\":\"xLogin\",\"modName\":\"\",\"pageType\":\"\",\"langCode\":\"en\"}','2023-03-09 19:14:05',NULL),(795,'https://dev.maxdigi.co/samuraisec1.0/xadmin/core-admin/ajax.inc.php','{\"userName\":\"xadmin\",\"userPass\":\"MXCMS#21\",\"redirect\":\"\\/services-list\\/\",\"xAction\":\"xLogin\",\"modName\":\"\",\"pageType\":\"\",\"langCode\":\"en\"}','2023-03-09 19:19:06',NULL),(796,'https://dev.maxdigi.co/samuraisec1.0/core/jwt.inc.php','{\"xAction\":\"mxGenerateJwtToken\"}','2023-03-09 20:11:46','123.252.208.250'),(797,'https://dev.maxdigi.co/samuraisec1.0/xadmin/core-admin/ajax.inc.php','{\"userName\":\"xadmin\",\"userPass\":\"MXCMS#21\",\"redirect\":\"\\/\",\"xAction\":\"xLogin\",\"modName\":\"\",\"pageType\":\"\",\"langCode\":\"en\"}','2023-03-09 20:11:47','123.252.208.250'),(798,'https://dev.maxdigi.co/samuraisec1.0/xadmin/core-admin/ajax.inc.php','{\"userName\":\"xadmin\",\"userPass\":\"MXCMS#21\",\"redirect\":\"\\/\",\"xAction\":\"xLogin\",\"modName\":\"\",\"pageType\":\"\",\"langCode\":\"en\"}','2023-03-09 20:11:53','123.252.208.250'),(799,'https://dev.maxdigi.co/samuraisec1.0/xadmin/core-admin/ajax.inc.php','{\"userName\":\"xadmin\",\"userPass\":\"MXCMS#21\",\"redirect\":\"\\/\",\"xAction\":\"xLogin\",\"modName\":\"\",\"pageType\":\"\",\"langCode\":\"en\"}','2023-03-09 20:12:10','123.252.208.250'),(800,'https://dev.maxdigi.co/samuraisec1.0/xadmin/core-admin/ajax.inc.php','{\"userName\":\"xadmin\",\"userPass\":\"MXCMS#21\",\"redirect\":\"\\/\",\"xAction\":\"xLogin\",\"modName\":\"\",\"pageType\":\"\",\"langCode\":\"en\"}','2023-03-09 20:12:58','123.252.208.250'),(801,'https://dev.maxdigi.co/samuraisec1.0/core/jwt.inc.php','{\"xAction\":\"mxGenerateJwtToken\"}','2023-03-09 20:13:18','123.252.208.250'),(802,'https://dev.maxdigi.co/samuraisec1.0/xadmin/core-admin/ajax.inc.php','{\"userName\":\"xadmin\",\"userPass\":\"MXCMS#21\",\"redirect\":\"\\/\",\"xAction\":\"xLogin\",\"modName\":\"\",\"pageType\":\"\",\"langCode\":\"en\"}','2023-03-09 20:13:18','123.252.208.250'),(803,'https://dev.maxdigi.co/samuraisec1.0/core/jwt.inc.php','{\"xAction\":\"mxGenerateJwtToken\"}','2023-03-09 20:14:28','123.252.208.250'),(804,'https://dev.maxdigi.co/samuraisec1.0/xadmin/core-admin/ajax.inc.php','{\"userName\":\"xadmin\",\"userPass\":\"m@xpower132\",\"redirect\":\"\\/\",\"xAction\":\"xLogin\",\"modName\":\"\",\"pageType\":\"\",\"langCode\":\"en\"}','2023-03-09 20:14:28','123.252.208.250'),(805,'https://dev.maxdigi.co/samuraisec1.0/xadmin/core-admin/ajax.inc.php','{\"userName\":\"xadmin\",\"userPass\":\"MXCMS#7733\",\"redirect\":\"\\/\",\"xAction\":\"xLogin\",\"modName\":\"\",\"pageType\":\"\",\"langCode\":\"en\"}','2023-03-09 20:15:32','123.252.208.250'),(806,'https://dev.maxdigi.co/samuraisec1.0/xadmin/core-admin/ajax.inc.php','{\"userName\":\"xadmin\",\"userPass\":\"MXCMS#7733\",\"redirect\":\"\\/\",\"xAction\":\"xLogin\",\"modName\":\"\",\"pageType\":\"\",\"langCode\":\"en\"}','2023-03-09 20:15:48','123.252.208.250'),(807,'https://dev.maxdigi.co/samuraisec1.0/xadmin/core-admin/ajax.inc.php','{\"userName\":\"xadmin\",\"userPass\":\"MAX#12\",\"redirect\":\"\\/\",\"xAction\":\"xLogin\",\"modName\":\"\",\"pageType\":\"\",\"langCode\":\"en\"}','2023-03-09 20:16:03','123.252.208.250'),(808,'https://dev.maxdigi.co/samuraisec1.0/core/jwt.inc.php','{\"xAction\":\"mxGenerateJwtToken\"}','2023-03-09 20:17:44','123.252.208.250'),(809,'https://dev.maxdigi.co/samuraisec1.0/xadmin/core-admin/ajax.inc.php','{\"userName\":\"xadmin\",\"userPass\":\"MXCMS#21\",\"redirect\":\"\\/\",\"xAction\":\"xLogin\",\"modName\":\"\",\"pageType\":\"\",\"langCode\":\"en\"}','2023-03-09 20:17:44','123.252.208.250'),(810,'https://dev.maxdigi.co/samuraisec1.0/xadmin/core-admin/ajax.inc.php','{\"userName\":\"xadmin\",\"userPass\":\"MXCMS#7733\",\"redirect\":\"\\/\",\"xAction\":\"xLogin\",\"modName\":\"\",\"pageType\":\"\",\"langCode\":\"en\"}','2023-03-09 20:18:07','123.252.208.250'),(811,'https://dev.maxdigi.co/samuraisec1.0/xadmin/core-admin/ajax.inc.php','{\"userName\":\"xadmin\",\"userPass\":\"MXCMS#21\",\"redirect\":\"\\/\",\"xAction\":\"xLogin\",\"modName\":\"\",\"pageType\":\"\",\"langCode\":\"en\"}','2023-03-09 20:18:12','123.252.208.250'),(812,'https://dev.maxdigi.co/samuraisec1.0/core/jwt.inc.php','{\"xAction\":\"mxGenerateJwtToken\"}','2023-03-09 20:18:53',NULL),(813,'https://dev.maxdigi.co/samuraisec1.0/xadmin/core-admin/ajax.inc.php','{\"userName\":\"xadmin\",\"userPass\":\"MXCMS#21\",\"redirect\":\"\\/\",\"xAction\":\"xLogin\",\"modName\":\"\",\"pageType\":\"\",\"langCode\":\"en\"}','2023-03-09 20:18:53',NULL),(814,'https://dev.maxdigi.co/samuraisec1.0/core/jwt.inc.php','{\"xAction\":\"mxGenerateJwtToken\"}','2023-03-09 20:19:21',NULL),(815,'https://dev.maxdigi.co/samuraisec1.0/xadmin/core-admin/ajax.inc.php','{\"userName\":\"xadmin\",\"userPass\":\"MXCMS#21\",\"redirect\":\"\\/\",\"xAction\":\"xLogin\",\"modName\":\"\",\"pageType\":\"\",\"langCode\":\"en\"}','2023-03-09 20:19:22',NULL),(816,'https://dev.maxdigi.co/samuraisec1.0/core/jwt.inc.php','{\"xAction\":\"mxGenerateJwtToken\"}','2023-03-09 20:20:08',NULL),(817,'https://dev.maxdigi.co/samuraisec1.0/xadmin/core-admin/ajax.inc.php','{\"userName\":\"xadmin\",\"userPass\":\"MXCMS#21\",\"redirect\":\"\\/\",\"xAction\":\"xLogin\",\"modName\":\"\",\"pageType\":\"\",\"langCode\":\"en\"}','2023-03-09 20:20:08',NULL),(818,'https://dev.maxdigi.co/samuraisec1.0/xadmin/core-admin/ajax.inc.php','{\"userName\":\"xadmin\",\"userPass\":\"MXCMS#21\",\"redirect\":\"\\/\",\"xAction\":\"xLogin\",\"modName\":\"\",\"pageType\":\"\",\"langCode\":\"en\"}','2023-03-09 20:20:12',NULL),(819,'https://dev.maxdigi.co/samuraisec1.0/xadmin/core-admin/ajax.inc.php','{\"userName\":\"admin\",\"userPass\":\"admin\",\"redirect\":\"\\/\",\"xAction\":\"xLogin\",\"modName\":\"\",\"pageType\":\"\",\"langCode\":\"en\"}','2023-03-09 20:20:59',NULL),(820,'https://dev.maxdigi.co/samuraisec1.0/xadmin/core-admin/ajax.inc.php','{\"userName\":\"xadmin\",\"userPass\":\"MXCMS#21\",\"redirect\":\"\\/\",\"xAction\":\"xLogin\",\"modName\":\"\",\"pageType\":\"\",\"langCode\":\"en\"}','2023-03-09 20:21:15',NULL),(821,'https://dev.maxdigi.co/samuraisec1.0/xadmin/core-admin/ajax.inc.php','{\"userName\":\"xadmin\",\"userPass\":\"MXCMS#21\",\"redirect\":\"\\/\",\"xAction\":\"xLogin\",\"modName\":\"\",\"pageType\":\"\",\"langCode\":\"en\"}','2023-03-09 20:21:23',NULL),(822,'https://dev.maxdigi.co/samuraisec1.0/core/jwt.inc.php','{\"xAction\":\"mxGenerateJwtToken\"}','2023-03-09 20:25:02',NULL),(823,'https://dev.maxdigi.co/samuraisec1.0/xadmin/core-admin/ajax.inc.php','{\"userName\":\"xadmin\",\"userPass\":\"MXCMS#21\",\"redirect\":\"\\/\",\"xAction\":\"xLogin\",\"modName\":\"\",\"pageType\":\"\",\"langCode\":\"en\"}','2023-03-09 20:25:02',NULL),(824,'https://dev.maxdigi.co/samuraisec1.0/core/jwt.inc.php','{\"xAction\":\"mxGenerateJwtToken\"}','2023-03-09 20:26:02',NULL),(825,'https://dev.maxdigi.co/samuraisec1.0/xadmin/core-admin/ajax.inc.php','{\"userName\":\"xadmin\",\"userPass\":\"MXCMS#21\",\"redirect\":\"\\/\",\"xAction\":\"xLogin\",\"modName\":\"\",\"pageType\":\"\",\"langCode\":\"en\"}','2023-03-09 20:26:02',NULL),(826,'https://dev.maxdigi.co/samuraisec1.0/xadmin/core-admin/ajax.inc.php','{\"userName\":\"xadmin\",\"userPass\":\"MXCMS#21\",\"redirect\":\"\\/\",\"xAction\":\"xLogin\",\"modName\":\"\",\"pageType\":\"\",\"langCode\":\"en\"}','2023-03-09 20:26:09',NULL),(827,'https://dev.maxdigi.co/samuraisec1.0/core/jwt.inc.php','{\"xAction\":\"mxGenerateJwtToken\"}','2023-03-09 20:26:58',NULL),(828,'https://dev.maxdigi.co/samuraisec1.0/xadmin/core-admin/ajax.inc.php','{\"userName\":\"xadmin\",\"userPass\":\"MXCMS#21\",\"redirect\":\"\\/\",\"xAction\":\"xLogin\",\"modName\":\"\",\"pageType\":\"\",\"langCode\":\"en\"}','2023-03-09 20:26:58',NULL),(829,'https://dev.maxdigi.co/samuraisec1.0/core/jwt.inc.php','{\"xAction\":\"mxGenerateJwtToken\"}','2023-03-09 20:39:47',NULL),(830,'https://dev.maxdigi.co/samuraisec1.0/xadmin/core-admin/ajax.inc.php','{\"userName\":\"xadmin\",\"userPass\":\"MXCMS#21\",\"redirect\":\"\\/\",\"xAction\":\"xLogin\",\"modName\":\"\",\"pageType\":\"\",\"langCode\":\"en\"}','2023-03-09 20:39:47',NULL),(831,'https://dev.maxdigi.co/samuraisec1.0/core/jwt.inc.php','{\"xAction\":\"mxGenerateJwtToken\"}','2023-03-09 20:40:08',NULL),(832,'https://dev.maxdigi.co/samuraisec1.0/xadmin/core-admin/ajax.inc.php','{\"userName\":\"xadmin\",\"userPass\":\"MXCMS#21\",\"redirect\":\"\\/\",\"xAction\":\"xLogin\",\"modName\":\"\",\"pageType\":\"\",\"langCode\":\"en\"}','2023-03-09 20:40:08',NULL),(833,'https://dev.maxdigi.co/samuraisec1.0/xadmin/core-admin/ajax.inc.php','{\"userName\":\"xadmin\",\"userPass\":\"MXCMS#21\",\"redirect\":\"\\/\",\"xAction\":\"xLogin\",\"modName\":\"\",\"pageType\":\"\",\"langCode\":\"en\"}','2023-03-09 20:40:11',NULL),(834,'https://dev.maxdigi.co/samuraisec1.0/xadmin/core-admin/ajax.inc.php','{\"userName\":\"xadmin\",\"userPass\":\"MXCMS#21\",\"redirect\":\"\\/\",\"xAction\":\"xLogin\",\"modName\":\"\",\"pageType\":\"\",\"langCode\":\"en\"}','2023-03-09 20:41:06',NULL),(835,'https://dev.maxdigi.co/samuraisec1.0/xadmin/core-admin/ajax.inc.php','{\"userName\":\"xadmin\",\"userPass\":\"MXCMS#21\",\"redirect\":\"\\/\",\"xAction\":\"xLogin\",\"modName\":\"\",\"pageType\":\"\",\"langCode\":\"en\"}','2023-03-09 20:41:14',NULL),(836,'https://dev.maxdigi.co/samuraisec1.0/xadmin/core-admin/ajax.inc.php','{\"userName\":\"xadmin\",\"userPass\":\"MXCMS#21\",\"redirect\":\"\\/\",\"xAction\":\"xLogin\",\"modName\":\"\",\"pageType\":\"\",\"langCode\":\"en\"}','2023-03-09 20:43:07',NULL),(837,'https://dev.maxdigi.co/samuraisec1.0/xadmin/core-admin/ajax.inc.php','{\"userName\":\"xadmin\",\"userPass\":\"MXCMS#21\",\"redirect\":\"\\/\",\"xAction\":\"xLogin\",\"modName\":\"\",\"pageType\":\"\",\"langCode\":\"en\"}','2023-03-09 20:43:23',NULL),(838,'https://dev.maxdigi.co/samuraisec1.0/core/jwt.inc.php','{\"xAction\":\"mxGenerateJwtToken\"}','2023-03-09 20:43:50',NULL),(839,'https://dev.maxdigi.co/samuraisec1.0/xadmin/core-admin/ajax.inc.php','{\"userName\":\"xadmin\",\"userPass\":\"MXCMS#21\",\"redirect\":\"\\/\",\"xAction\":\"xLogin\",\"modName\":\"\",\"pageType\":\"\",\"langCode\":\"en\"}','2023-03-09 20:43:50',NULL),(840,'https://dev.maxdigi.co/samuraisec1.0/core/jwt.inc.php','{\"xAction\":\"mxGenerateJwtToken\"}','2023-03-09 20:44:21',NULL),(841,'https://dev.maxdigi.co/samuraisec1.0/xadmin/core-admin/ajax.inc.php','{\"userName\":\"xadmin\",\"userPass\":\"MXCMS#21\",\"redirect\":\"\\/\",\"xAction\":\"xLogin\",\"modName\":\"\",\"pageType\":\"\",\"langCode\":\"en\"}','2023-03-09 20:44:21',NULL),(842,'https://dev.maxdigi.co/samuraisec1.0/core/jwt.inc.php','{\"xAction\":\"mxGenerateJwtToken\"}','2023-03-09 20:44:48',NULL),(843,'https://dev.maxdigi.co/samuraisec1.0/xadmin/core-admin/ajax.inc.php','{\"userName\":\"xadmin\",\"userPass\":\"MXCMS#21\",\"redirect\":\"\\/\",\"xAction\":\"xLogin\",\"modName\":\"\",\"pageType\":\"\",\"langCode\":\"en\"}','2023-03-09 20:44:48',NULL),(844,'https://dev.maxdigi.co/samuraisec1.0/core/jwt.inc.php','{\"xAction\":\"mxGenerateJwtToken\"}','2023-03-09 20:49:35',NULL),(845,'https://dev.maxdigi.co/samuraisec1.0/xadmin/core-admin/ajax.inc.php','{\"userName\":\"xadmin\",\"userPass\":\"MXCMS#21\",\"redirect\":\"\\/\",\"xAction\":\"xLogin\",\"modName\":\"\",\"pageType\":\"\",\"langCode\":\"en\"}','2023-03-09 20:49:35',NULL),(846,'https://dev.maxdigi.co/samuraisec1.0/core/jwt.inc.php','{\"xAction\":\"mxGenerateJwtToken\"}','2023-03-09 22:52:57',NULL),(847,'https://dev.maxdigi.co/samuraisec1.0/xadmin/core-admin/ajax.inc.php','{\"userName\":\"xadmin\",\"userPass\":\"MXCMS#21\",\"redirect\":\"\\/\",\"xAction\":\"xLogin\",\"modName\":\"\",\"pageType\":\"\",\"langCode\":\"en\"}','2023-03-09 22:52:57',NULL),(848,'https://dev.maxdigi.co/samuraisec1.0/core/jwt.inc.php','{\"xAction\":\"mxGenerateJwtToken\"}','2023-03-09 23:22:50',NULL),(849,'https://dev.maxdigi.co/samuraisec1.0/xadmin/core-admin/ajax.inc.php','{\"userName\":\"Admin\",\"userPass\":\"admin\",\"redirect\":\"\\/\",\"xAction\":\"xLogin\",\"modName\":\"\",\"pageType\":\"\",\"langCode\":\"en\"}','2023-03-09 23:22:50',NULL),(850,'https://dev.maxdigi.co/samuraisec1.0/xadmin/core-admin/ajax.inc.php','{\"userName\":\"Admin\",\"userPass\":\"admin\",\"redirect\":\"\\/\",\"xAction\":\"xLogin\",\"modName\":\"\",\"pageType\":\"\",\"langCode\":\"en\"}','2023-03-09 23:22:55',NULL),(851,'https://dev.maxdigi.co/samuraisec1.0/xadmin/core-admin/ajax.inc.php','{\"userName\":\"Admin\",\"userPass\":\"admin123\",\"redirect\":\"\\/\",\"xAction\":\"xLogin\",\"modName\":\"\",\"pageType\":\"\",\"langCode\":\"en\"}','2023-03-09 23:23:04',NULL),(852,'https://dev.maxdigi.co/samuraisec1.0/core/jwt.inc.php','{\"xAction\":\"mxGenerateJwtToken\"}','2023-03-10 08:45:45',NULL),(853,'https://dev.maxdigi.co/samuraisec1.0/xadmin/core-admin/ajax.inc.php','{\"userName\":\"xadmin\",\"userPass\":\"MXCMS#21\",\"redirect\":\"\\/\",\"xAction\":\"xLogin\",\"modName\":\"\",\"pageType\":\"\",\"langCode\":\"en\"}','2023-03-10 08:45:46',NULL),(854,'https://dev.maxdigi.co/samuraisec1.0/xadmin/core-admin/mod/setting/x-setting.inc.php','{\"xAction\":\"restoreSettings\"}','2023-03-10 08:48:35',NULL);
/*!40000 ALTER TABLE `mx_x_log_request` ENABLE KEYS */;
UNLOCK TABLES;

--
-- Table structure for table `mx_x_menu`
--

DROP TABLE IF EXISTS `mx_x_menu`;
/*!40101 SET @saved_cs_client     = @@character_set_client */;
/*!40101 SET character_set_client = utf8 */;
CREATE TABLE `mx_x_menu` (
  `menuID` int(11) NOT NULL AUTO_INCREMENT,
  `langCode` varchar(4) DEFAULT NULL,
  `langChild` varchar(150) DEFAULT NULL,
  `parentLID` int(11) NOT NULL DEFAULT 0,
  `parentID` int(11) DEFAULT 0,
  `menuTitle` varchar(255) DEFAULT NULL,
  `seoUri` varchar(350) DEFAULT NULL,
  `menuImage` varchar(200) DEFAULT NULL,
  `menuType` varchar(50) DEFAULT NULL,
  `templateID` int(3) NOT NULL DEFAULT 0,
  `menuClass` varchar(50) DEFAULT NULL,
  `menuTarget` tinyint(1) NOT NULL DEFAULT 0,
  `xOrder` int(3) DEFAULT 0,
  `status` tinyint(1) NOT NULL DEFAULT 1,
  PRIMARY KEY (`menuID`)
) ENGINE=InnoDB AUTO_INCREMENT=10 DEFAULT CHARSET=utf8 COLLATE=utf8_unicode_ci;
/*!40101 SET character_set_client = @saved_cs_client */;

--
-- Dumping data for table `mx_x_menu`
--

LOCK TABLES `mx_x_menu` WRITE;
/*!40000 ALTER TABLE `mx_x_menu` DISABLE KEYS */;
INSERT INTO `mx_x_menu` VALUES (1,'en',NULL,0,0,'Header','home',NULL,'dynamic',0,NULL,0,1,1),(2,'en',NULL,0,1,'Home',NULL,NULL,'exlink',4,NULL,0,2,1),(3,'en',NULL,0,1,'About','about-us',NULL,'dynamic',5,NULL,0,3,1),(4,'en',NULL,0,1,'Motors','motor',NULL,'dynamic',7,NULL,0,4,1),(5,'en',NULL,0,1,'Automation','automation',NULL,'dynamic',6,NULL,0,6,0),(6,'en',NULL,0,1,'Pumps','pump',NULL,'dynamic',8,NULL,0,5,0),(7,'en',NULL,0,1,'Contact us','contact-us',NULL,'dynamic',5,NULL,0,7,1),(8,'en',NULL,0,1,'Knowledge Center','knowledge-center',NULL,'static',9,NULL,0,8,1),(9,NULL,NULL,0,1,'Pumps','pump',NULL,'page',0,NULL,0,5,1);
/*!40000 ALTER TABLE `mx_x_menu` ENABLE KEYS */;
UNLOCK TABLES;

--
-- Table structure for table `mx_x_meta`
--

DROP TABLE IF EXISTS `mx_x_meta`;
/*!40101 SET @saved_cs_client     = @@character_set_client */;
/*!40101 SET character_set_client = utf8 */;
CREATE TABLE `mx_x_meta` (
  `metaID` bigint(22) NOT NULL AUTO_INCREMENT,
  `metaKey` varchar(100) DEFAULT NULL,
  `metaValue` int(11) DEFAULT 0,
  `metaType` tinyint(1) NOT NULL DEFAULT 0,
  `metaTitle` varchar(255) DEFAULT NULL,
  `metaKeyword` text DEFAULT NULL,
  `metaDesc` text DEFAULT NULL,
  `status` tinyint(1) NOT NULL DEFAULT 1,
  PRIMARY KEY (`metaID`)
) ENGINE=InnoDB AUTO_INCREMENT=3 DEFAULT CHARSET=utf8 COLLATE=utf8_unicode_ci;
/*!40101 SET character_set_client = @saved_cs_client */;

--
-- Dumping data for table `mx_x_meta`
--

LOCK TABLES `mx_x_meta` WRITE;
/*!40000 ALTER TABLE `mx_x_meta` DISABLE KEYS */;
INSERT INTO `mx_x_meta` VALUES (1,'mod/knowledge-center',0,0,'Knowledge Center',NULL,NULL,1),(2,'page',2,0,'Company Profile','Bombay Engineering Syndicate, BES, CG Power authorized channel partner, Crompton Greaves distributor, electric motors supplier India, industrial motors dealer, flameproof motors, hazardous area motors, IE3 motors, IE4 motors, AC drives, VFD supplier, industrial pumps and motors, rotating machine people, electric motor stockist Mumbai, electric motor supplier Ahmedabad, industrial motion solutions India','Bombay Engineering Syndicate (BES), authorized channel partner of CG Power &amp; Crompton since 1957. Trusted experts in electric motors, industrial drives &amp; energy-efficient solutions.',1);
/*!40000 ALTER TABLE `mx_x_meta` ENABLE KEYS */;
UNLOCK TABLES;

--
-- Table structure for table `mx_x_setting`
--

DROP TABLE IF EXISTS `mx_x_setting`;
/*!40101 SET @saved_cs_client     = @@character_set_client */;
/*!40101 SET character_set_client = utf8 */;
CREATE TABLE `mx_x_setting` (
  `settingID` int(11) NOT NULL AUTO_INCREMENT,
  `settingKey` varchar(100) DEFAULT NULL,
  `settingVal` text DEFAULT NULL,
  `settingDefault` text DEFAULT NULL,
  `allowJs` tinyint(1) NOT NULL DEFAULT 0,
  `status` tinyint(1) NOT NULL DEFAULT 1,
  PRIMARY KEY (`settingID`)
) ENGINE=InnoDB AUTO_INCREMENT=44 DEFAULT CHARSET=utf8 COLLATE=utf8_unicode_ci;
/*!40101 SET character_set_client = @saved_cs_client */;

--
-- Dumping data for table `mx_x_setting`
--

LOCK TABLES `mx_x_setting` WRITE;
/*!40000 ALTER TABLE `mx_x_setting` DISABLE KEYS */;
INSERT INTO `mx_x_setting` VALUES (1,'PAGETITLE','Padel Park','MaxDigi Solutions',0,1),(2,'FAVICON','favicon.png','favicon.png',0,1),(3,'LOGOLIGHT','lightlogo.png','lightlogo.png',1,1),(4,'DEFAULTPAGE','dashboard','dashboard',0,1),(5,'MAXFILES','1','1',1,1),(6,'MAXSIZE','15','15',1,1),(11,'FILEIMAGE','jpg|jpeg|png|png|gif|webp','jpg|jpeg|png|png|gif',1,1),(12,'FONT','small','small',1,1),(13,'THEME','light','light',1,1),(16,'LOGODARK','darklogo.png','darklogo.png',1,1),(17,'LOGOMODERATE','moderatelogo.png','moderatelogo.png',1,1),(18,'LOADERIMAGE','logo-m.png','logo-m.png',1,1),(19,'DATEFORMAT','yyyy-mm-dd','yyyy-mm-dd',0,1),(20,'TIMEFORMAT','H:i:s','H:i:s',0,1),(21,'TIMEZONE','Asia/Kolkata','Asia/Kolkata',0,1),(22,'JSKEY','2yrzt53k','0',0,1),(23,'MULTILINGUAL','0','0',1,1),(24,'LANGDEFAULT','en','en',0,1),(25,'ROBOTSD','User-agent: *\r\nDisallow: /','User-agent: *\r\nDisallow: /',0,1),(26,'ROBOTSL','User-agent: *\nAllow: /\nDisallow: /xadmin/\nDisallow: /admin/\nDisallow: /core/\nDisallow: /config/\nDisallow: /uploads/temp/\nDisallow: /?offset=\n\nUser-agent: Googlebot\nAllow: /\nDisallow: /xadmin/\nDisallow: /admin/\n\nUser-agent: Bingbot\nAllow: /\nDisallow: /xadmin/\nDisallow: /admin/\n\nSitemap: https://www.bombayengg.net/xsite/sitemap.xml\nSitemap: https://www.bombayengg.net/sitemap_index.xml\n\nCrawl-delay: 1\nRequest-rate: 1/1s','User-agent: *\r\nDisallow: /xadmin/\r\nDisallow: /core/\r\nDisallow: /css/\r\nDisallow: /inc/\r\nDisallow: /lib/\r\nDisallow: /mod/\r\nDisallow: /uploads/',0,1),(27,'TOKENID','UID','UID',0,1),(28,'TOKENSECRET','MAXDIGI','MAXDIGI',0,1),(29,'SAAS','0','0',0,1),(30,'MXLOGINKEY','userID','userID',0,1),(31,'TOKENAGE','6000','6000',0,1),(32,'COLORLIGHT','0a58ca','e64446',1,1),(33,'COLORMODERATE','61b5ff ','e64446',1,1),(34,'COLORDARK','61b5ff ','e64446',1,1),(35,'LOGREQUESTDAYS','0','0',0,1),(36,'LOGACTIONDAYS','0','0',0,1),(38,'LOGUPDATEACTION','0','0',0,1),(39,'LOGIGNORETBL',NULL,NULL,0,1),(40,'LANGTYPE','0','1',0,1),(41,'MULTIORG','0','0',0,1),(42,'ORGPARENTMOD',NULL,NULL,0,1),(43,'ORGCHILDMOD',NULL,NULL,0,1);
/*!40000 ALTER TABLE `mx_x_setting` ENABLE KEYS */;
UNLOCK TABLES;

--
-- Table structure for table `mx_x_template`
--

DROP TABLE IF EXISTS `mx_x_template`;
/*!40101 SET @saved_cs_client     = @@character_set_client */;
/*!40101 SET character_set_client = utf8 */;
CREATE TABLE `mx_x_template` (
  `templateID` int(5) NOT NULL AUTO_INCREMENT,
  `seoUri` varchar(300) DEFAULT NULL,
  `modType` int(5) DEFAULT 0,
  `modDir` varchar(50) DEFAULT NULL,
  `tblMaster` varchar(50) DEFAULT NULL,
  `pkMaster` varchar(50) DEFAULT NULL,
  `titleMaster` varchar(50) DEFAULT NULL,
  `tplFileCol` varchar(50) DEFAULT NULL,
  `metaKey` varchar(200) DEFAULT NULL,
  `tblDetail` varchar(50) DEFAULT NULL,
  `pkDetail` varchar(50) DEFAULT NULL,
  `titleDetail` varchar(100) DEFAULT NULL,
  `metaKeyD` varchar(100) DEFAULT NULL,
  `xOrder` tinyint(3) NOT NULL DEFAULT 0,
  `status` tinyint(1) NOT NULL DEFAULT 1,
  PRIMARY KEY (`templateID`)
) ENGINE=InnoDB AUTO_INCREMENT=11 DEFAULT CHARSET=utf8 COLLATE=utf8_unicode_ci;
/*!40101 SET character_set_client = @saved_cs_client */;

--
-- Dumping data for table `mx_x_template`
--

LOCK TABLES `mx_x_template` WRITE;
/*!40000 ALTER TABLE `mx_x_template` DISABLE KEYS */;
INSERT INTO `mx_x_template` VALUES (4,'home',1,'mod',NULL,NULL,NULL,NULL,NULL,NULL,NULL,NULL,NULL,0,1),(5,'page',0,'mod','page','pageID','pageTitle','templateFile','mod/page',NULL,NULL,NULL,NULL,0,1),(6,'automations',0,'mod','automation_category','categoryAID','categoryTitle',NULL,'mod/automations','automation','automationID','automationTitle','automation',0,1),(7,'motors',0,'mod','motor_category','categoryMID','categoryTitle',NULL,'mod/motors','motor','motorID','motorTitle','motor',0,1),(8,'pumps',0,'mod','pump_category','categoryPID','categoryTitle',NULL,'mod/pumps','pump','pumpID','pumpTitle','pump',0,1),(9,'knowledge-center',1,'mod',NULL,NULL,NULL,NULL,'mod/knowledge-center',NULL,NULL,NULL,NULL,0,1),(10,'pump',0,'mod','pump_category','categoryPID','categoryTitle','','mod/pump','pump','pumpID','pumpTitle','pump',0,1);
/*!40000 ALTER TABLE `mx_x_template` ENABLE KEYS */;
UNLOCK TABLES;
/*!40103 SET TIME_ZONE=@OLD_TIME_ZONE */;

/*!40101 SET SQL_MODE=@OLD_SQL_MODE */;
/*!40014 SET FOREIGN_KEY_CHECKS=@OLD_FOREIGN_KEY_CHECKS */;
/*!40014 SET UNIQUE_CHECKS=@OLD_UNIQUE_CHECKS */;
/*!40101 SET CHARACTER_SET_CLIENT=@OLD_CHARACTER_SET_CLIENT */;
/*!40101 SET CHARACTER_SET_RESULTS=@OLD_CHARACTER_SET_RESULTS */;
/*!40101 SET COLLATION_CONNECTION=@OLD_COLLATION_CONNECTION */;
/*!40111 SET SQL_NOTES=@OLD_SQL_NOTES */;

-- Dump completed on 2026-01-20 13:16:06
